Get:1 http://ports.ubuntu.com/ubuntu-ports noble InRelease [256 kB]
Get:2 http://ports.ubuntu.com/ubuntu-ports noble-updates InRelease [126 kB]
Get:3 http://ports.ubuntu.com/ubuntu-ports noble-backports InRelease [126 kB]
Get:4 http://ports.ubuntu.com/ubuntu-ports noble-security InRelease [126 kB]
Get:5 http://ports.ubuntu.com/ubuntu-ports noble/main arm64 Packages [1776 kB]
Get:6 http://ports.ubuntu.com/ubuntu-ports noble/universe arm64 Packages [19.0 MB]
Get:7 http://ports.ubuntu.com/ubuntu-ports noble/multiverse arm64 Packages [274 kB]
Get:8 http://ports.ubuntu.com/ubuntu-ports noble/restricted arm64 Packages [113 kB]
Get:9 http://ports.ubuntu.com/ubuntu-ports noble-updates/multiverse arm64 Packages [90.2 kB]
Get:10 http://ports.ubuntu.com/ubuntu-ports noble-updates/universe arm64 Packages [2176 kB]
Get:11 http://ports.ubuntu.com/ubuntu-ports noble-updates/main arm64 Packages [1519 kB]
Get:12 http://ports.ubuntu.com/ubuntu-ports noble-updates/restricted arm64 Packages [2586 kB]
Get:13 http://ports.ubuntu.com/ubuntu-ports noble-backports/main arm64 Packages [48.9 kB]
Get:14 http://ports.ubuntu.com/ubuntu-ports noble-backports/multiverse arm64 Packages [671 B]
Get:15 http://ports.ubuntu.com/ubuntu-ports noble-backports/universe arm64 Packages [36.3 kB]
Get:16 http://ports.ubuntu.com/ubuntu-ports noble-security/restricted arm64 Packages [2441 kB]
Get:17 http://ports.ubuntu.com/ubuntu-ports noble-security/universe arm64 Packages [1592 kB]
Get:18 http://ports.ubuntu.com/ubuntu-ports noble-security/main arm64 Packages [1195 kB]
Get:19 http://ports.ubuntu.com/ubuntu-ports noble-security/multiverse arm64 Packages [83.8 kB]
Fetched 33.6 MB in 6s (5636 kB/s)
Reading package lists...
Reading package lists...
Building dependency tree...
Reading state information...
The following additional packages will be installed:
  adduser autotools-dev binutils binutils-aarch64-linux-gnu binutils-common
  binutils-riscv64-linux-gnu bzip2 ca-certificates clang-18 cmake-data cpp
  cpp-13 cpp-13-aarch64-linux-gnu cpp-13-riscv64-linux-gnu
  cpp-aarch64-linux-gnu cpp-riscv64-linux-gnu dbus dbus-bin dbus-daemon
  dbus-session-bus-common dbus-system-bus-common dirmngr dmsetup dpkg-dev
  fakeroot fontconfig-config fonts-dejavu-core fonts-dejavu-mono g++ g++-13
  g++-13-aarch64-linux-gnu g++-aarch64-linux-gnu gcc gcc-13
  gcc-13-aarch64-linux-gnu gcc-13-base gcc-13-cross-base
  gcc-13-riscv64-linux-gnu gcc-13-riscv64-linux-gnu-base gcc-14-cross-base
  gcc-aarch64-linux-gnu gir1.2-girepository-2.0 gir1.2-glib-2.0 git-man gnupg
  gnupg-l10n gnupg-utils gpg gpg-agent gpg-wks-client gpgconf gpgsm
  icu-devtools keyboxd krb5-locales less libalgorithm-diff-perl
  libalgorithm-diff-xs-perl libalgorithm-merge-perl libaom3 libapparmor1
  libarchive13t64 libargon2-1 libasan8 libasan8-riscv64-cross libatomic1
  libatomic1-riscv64-cross libbinutils libbrotli1 libbsd0 libc-dev-bin
  libc-devtools libc6-dev libc6-dev-riscv64-cross libc6-riscv64-cross
  libcbor0.10 libcc1-0 libclang-18-dev libclang-common-18-dev libclang-cpp18
  libclang-rt-18-dev libclang1-18 libcrypt-dev libcryptsetup12 libctf-nobfd0
  libctf0 libcurl3t64-gnutls libcurl4t64 libdbus-1-3 libdeflate0
  libdevmapper1.02.1 libdpkg-perl libedit2 liberror-perl libexpat1 libfakeroot
  libfdisk1 libffi-dev libfido2-1 libfile-fcntllock-perl libfontconfig1
  libfreetype6 libgc1 libgcc-13-dev libgcc-13-dev-riscv64-cross
  libgcc-s1-riscv64-cross libgd3 libgdbm-compat4t64 libgdbm6t64
  libgirepository-1.0-1 libglib2.0-0t64 libglib2.0-data libgomp1
  libgomp1-riscv64-cross libgpm2 libgprofng0 libgssapi-krb5-2
  libheif-plugin-aomdec libheif-plugin-aomenc libheif1 libhwasan0 libicu-dev
  libicu74 libisl23 libitm1 libitm1-riscv64-cross libjansson4 libjbig0
  libjpeg-turbo8 libjpeg8 libjq1 libjson-c5 libjsoncpp25 libk5crypto3
  libkeyutils1 libkmod2 libkrb5-3 libkrb5support0 libksba8 libldap-common
  libldap2 liblerc4 libllvm18 liblocale-gettext-perl liblsan0 libltdl-dev
  libltdl7 libmagic-mgc libmagic1t64 libmpc3 libmpfr6 libncurses-dev
  libncurses6 libnghttp2-14 libobjc-13-dev libobjc4 libonig5 libperl5.38t64
  libpfm4 libpkgconf3 libpng16-16t64 libpopt0 libpsl5t64 libpython3-stdlib
  libpython3.12-minimal libpython3.12-stdlib libreadline8t64 librhash0
  librtmp1 libsasl2-2 libsasl2-modules libsasl2-modules-db libsframe1
  libsharpyuv0 libsqlite3-0 libssh-4 libstdc++-13-dev libstdc++6-riscv64-cross
  libsystemd-shared libsystemd0 libtiff6 libtsan2 libubsan1
  libubsan1-riscv64-cross libudev1 libuv1t64 libwebp7 libx11-6 libx11-data
  libxau6 libxcb1 libxdmcp6 libxext6 libxml2 libxml2-dev libxmuu1 libxpm4
  libyaml-0-2 libz3-4 libz3-dev linux-libc-dev linux-libc-dev-riscv64-cross
  llvm llvm-18 llvm-18-dev llvm-18-linker-tools llvm-18-runtime llvm-18-tools
  llvm-runtime lto-disabled-list m4 make manpages manpages-dev media-types
  netbase networkd-dispatcher openssh-client openssl patch perl
  perl-modules-5.38 pinentry-curses pkgconf pkgconf-bin publicsuffix
  python3-dbus python3-gi python3-minimal python3-pkg-resources
  python3-pygments python3-yaml python3.12 python3.12-minimal qemu-user-binfmt
  readline-common rpcsvc-proto shared-mime-info systemd systemd-dev
  systemd-resolved systemd-timesyncd tzdata xauth xdg-user-dirs xz-utils
Suggested packages:
  cron quota ecryptfs-utils autoconf-archive gnu-standards autoconf-doc
  gettext binutils-doc gprofng-gui bzip2-doc clang-18-doc wasi-libc cmake-doc
  cmake-format elpa-cmake-mode ninja-build cpp-doc gcc-13-locales cpp-13-doc
  default-dbus-session-bus | dbus-session-bus dbus-user-session libpam-systemd
  pinentry-gnome3 tor debian-keyring gcc-13-doc gcc-multilib flex bison gdb
  gcc-doc gdb-aarch64-linux-gnu gdb-riscv64-linux-gnu gettext-base
  git-daemon-run | git-daemon-sysvinit git-doc git-email git-gui gitk gitweb
  git-cvs git-mediawiki git-svn parcimonie xloadimage gpg-wks-server scdaemon
  lrzip glibc-doc bzr libgd-tools gdbm-l10n low-memory-monitor gpm krb5-doc
  krb5-user libheif-plugin-libde265 libheif-plugin-x265
  libheif-plugin-ffmpegdec libheif-plugin-jpegdec libheif-plugin-jpegenc
  libheif-plugin-j2kdec libheif-plugin-j2kenc libheif-plugin-rav1e
  libheif-plugin-svtenc icu-doc libtool-doc ncurses-doc
  libsasl2-modules-gssapi-mit | libsasl2-modules-gssapi-heimdal
  libsasl2-modules-ldap libsasl2-modules-otp libsasl2-modules-sql
  libstdc++-13-doc gfortran | fortran95-compiler gcj-jdk llvm-18-doc m4-doc
  make-doc man-browser iw | wireless-tools keychain libpam-ssh monkeysphere
  ssh-askpass ed diffutils-doc perl-doc libterm-readline-gnu-perl
  | libterm-readline-perl-perl libtap-harness-archive-perl pinentry-doc
  python3-doc python3-tk python3-venv python-dbus-doc python3-setuptools
  python-pygments-doc ttf-bitstream-vera python3.12-venv python3.12-doc
  binfmt-support readline-doc openssh-server python3-braceexpand
  systemd-container systemd-homed systemd-userdbd systemd-boot libip4tc2
  libqrencode4 libtss2-esys-3.0.2-0 libtss2-mu-4.0.1-0 libtss2-rc0
  libtss2-tcti-device0 polkitd
The following NEW packages will be installed:
  adduser autoconf automake autotools-dev binutils binutils-aarch64-linux-gnu
  binutils-common binutils-riscv64-linux-gnu build-essential bzip2
  ca-certificates clang clang-18 cmake cmake-data cpp cpp-13
  cpp-13-aarch64-linux-gnu cpp-13-riscv64-linux-gnu cpp-aarch64-linux-gnu
  cpp-riscv64-linux-gnu curl dbus dbus-bin dbus-daemon dbus-session-bus-common
  dbus-system-bus-common dirmngr dmsetup dpkg-dev fakeroot file
  fontconfig-config fonts-dejavu-core fonts-dejavu-mono g++ g++-13
  g++-13-aarch64-linux-gnu g++-aarch64-linux-gnu gcc gcc-13
  gcc-13-aarch64-linux-gnu gcc-13-base gcc-13-cross-base
  gcc-13-riscv64-linux-gnu gcc-13-riscv64-linux-gnu-base gcc-14-cross-base
  gcc-aarch64-linux-gnu gcc-riscv64-linux-gnu gir1.2-girepository-2.0
  gir1.2-glib-2.0 git git-man gnupg gnupg-l10n gnupg-utils gpg gpg-agent
  gpg-wks-client gpgconf gpgsm icu-devtools jq keyboxd krb5-locales less
  libalgorithm-diff-perl libalgorithm-diff-xs-perl libalgorithm-merge-perl
  libaom3 libapparmor1 libarchive13t64 libargon2-1 libasan8
  libasan8-riscv64-cross libatomic1 libatomic1-riscv64-cross libbinutils
  libbrotli1 libbsd0 libc-dev-bin libc-devtools libc6-dev
  libc6-dev-riscv64-cross libc6-riscv64-cross libcbor0.10 libcc1-0
  libclang-18-dev libclang-common-18-dev libclang-cpp18 libclang-dev
  libclang-rt-18-dev libclang1-18 libcrypt-dev libcryptsetup12 libctf-nobfd0
  libctf0 libcurl3t64-gnutls libcurl4t64 libdbus-1-3 libdeflate0
  libdevmapper1.02.1 libdpkg-perl libedit2 liberror-perl libexpat1 libfakeroot
  libfdisk1 libffi-dev libfido2-1 libfile-fcntllock-perl libfontconfig1
  libfreetype6 libgc1 libgcc-13-dev libgcc-13-dev-riscv64-cross
  libgcc-s1-riscv64-cross libgd3 libgdbm-compat4t64 libgdbm6t64
  libgirepository-1.0-1 libglib2.0-0t64 libglib2.0-data libgomp1
  libgomp1-riscv64-cross libgpm2 libgprofng0 libgssapi-krb5-2
  libheif-plugin-aomdec libheif-plugin-aomenc libheif1 libhwasan0 libicu-dev
  libicu74 libisl23 libitm1 libitm1-riscv64-cross libjansson4 libjbig0
  libjpeg-turbo8 libjpeg8 libjq1 libjson-c5 libjsoncpp25 libk5crypto3
  libkeyutils1 libkmod2 libkrb5-3 libkrb5support0 libksba8 libldap-common
  libldap2 liblerc4 libllvm18 liblocale-gettext-perl liblsan0 libltdl-dev
  libltdl7 libmagic-mgc libmagic1t64 libmpc3 libmpfr6 libncurses-dev
  libncurses6 libnghttp2-14 libobjc-13-dev libobjc4 libonig5 libperl5.38t64
  libpfm4 libpkgconf3 libpng16-16t64 libpopt0 libpsl5t64 libpython3-stdlib
  libpython3.12-minimal libpython3.12-stdlib libreadline8t64 librhash0
  librtmp1 libsasl2-2 libsasl2-modules libsasl2-modules-db libsframe1
  libsharpyuv0 libsqlite3-0 libssh-4 libstdc++-13-dev libstdc++6-riscv64-cross
  libsystemd-shared libtiff6 libtool libtsan2 libubsan1
  libubsan1-riscv64-cross libuv1t64 libwebp7 libx11-6 libx11-data libxau6
  libxcb1 libxdmcp6 libxext6 libxml2 libxml2-dev libxmuu1 libxpm4 libyaml-0-2
  libz3-4 libz3-dev linux-libc-dev linux-libc-dev-riscv64-cross llvm llvm-18
  llvm-18-dev llvm-18-linker-tools llvm-18-runtime llvm-18-tools llvm-dev
  llvm-runtime lto-disabled-list m4 make manpages manpages-dev media-types
  netbase networkd-dispatcher openssh-client openssl patch perl
  perl-modules-5.38 pinentry-curses pkg-config pkgconf pkgconf-bin
  publicsuffix python3 python3-dbus python3-gi python3-minimal
  python3-pkg-resources python3-pygments python3-yaml python3.12
  python3.12-minimal qemu-user qemu-user-binfmt readline-common rpcsvc-proto
  rsync shared-mime-info systemd systemd-dev systemd-resolved
  systemd-timesyncd tzdata xauth xdg-user-dirs xz-utils
The following packages will be upgraded:
  libsystemd0 libudev1
2 upgraded, 261 newly installed, 0 to remove and 0 not upgraded.
Need to get 362 MB of archives.
After this operation, 1869 MB of additional disk space will be used.
Get:1 http://ports.ubuntu.com/ubuntu-ports noble/main arm64 liblocale-gettext-perl arm64 1.07-6ubuntu5 [15.3 kB]
Get:2 http://ports.ubuntu.com/ubuntu-ports noble-updates/main arm64 libpython3.12-minimal arm64 3.12.3-1ubuntu0.15 [835 kB]
Get:3 http://ports.ubuntu.com/ubuntu-ports noble-updates/main arm64 libexpat1 arm64 2.6.1-2ubuntu0.4 [77.5 kB]
Get:4 http://ports.ubuntu.com/ubuntu-ports noble-updates/main arm64 python3.12-minimal arm64 3.12.3-1ubuntu0.15 [2253 kB]
Get:5 http://ports.ubuntu.com/ubuntu-ports noble-updates/main arm64 python3-minimal arm64 3.12.3-0ubuntu2.1 [27.4 kB]
Get:6 http://ports.ubuntu.com/ubuntu-ports noble/main arm64 media-types all 10.1.0 [27.5 kB]
Get:7 http://ports.ubuntu.com/ubuntu-ports noble/main arm64 netbase all 6.4 [13.1 kB]
Get:8 http://ports.ubuntu.com/ubuntu-ports noble-updates/main arm64 tzdata all 2026c-0ubuntu0.24.04.1 [280 kB]
Get:9 http://ports.ubuntu.com/ubuntu-ports noble/main arm64 readline-common all 8.2-4build1 [56.5 kB]
Get:10 http://ports.ubuntu.com/ubuntu-ports noble/main arm64 libreadline8t64 arm64 8.2-4build1 [153 kB]
Get:11 http://ports.ubuntu.com/ubuntu-ports noble-updates/main arm64 libsqlite3-0 arm64 3.45.1-1ubuntu2.7 [705 kB]
Get:12 http://ports.ubuntu.com/ubuntu-ports noble-updates/main arm64 libpython3.12-stdlib arm64 3.12.3-1ubuntu0.15 [2040 kB]
Get:13 http://ports.ubuntu.com/ubuntu-ports noble-updates/main arm64 python3.12 arm64 3.12.3-1ubuntu0.15 [651 kB]
Get:14 http://ports.ubuntu.com/ubuntu-ports noble-updates/main arm64 libpython3-stdlib arm64 3.12.3-0ubuntu2.1 [10.1 kB]
Get:15 http://ports.ubuntu.com/ubuntu-ports noble-updates/main arm64 python3 arm64 3.12.3-0ubuntu2.1 [23.0 kB]
Get:16 http://ports.ubuntu.com/ubuntu-ports noble-updates/main arm64 libapparmor1 arm64 4.0.1really4.0.1-0ubuntu0.24.04.7 [51.8 kB]
Get:17 http://ports.ubuntu.com/ubuntu-ports noble/main arm64 libargon2-1 arm64 0~20190702+dfsg-4build1 [20.5 kB]
Get:18 http://ports.ubuntu.com/ubuntu-ports noble-updates/main arm64 libudev1 arm64 255.4-1ubuntu8.17 [176 kB]
Get:19 http://ports.ubuntu.com/ubuntu-ports noble-updates/main arm64 libdevmapper1.02.1 arm64 2:1.02.185-3ubuntu3.2 [128 kB]
Get:20 http://ports.ubuntu.com/ubuntu-ports noble/main arm64 libjson-c5 arm64 0.17-1build1 [36.4 kB]
Get:21 http://ports.ubuntu.com/ubuntu-ports noble-updates/main arm64 libcryptsetup12 arm64 2:2.7.0-1ubuntu4.2 [261 kB]
Get:22 http://ports.ubuntu.com/ubuntu-ports noble-updates/main arm64 libfdisk1 arm64 2.39.3-9ubuntu6.5 [142 kB]
Get:23 http://ports.ubuntu.com/ubuntu-ports noble-security/main arm64 libkmod2 arm64 31+20240202-2ubuntu7.2 [52.0 kB]
Get:24 http://ports.ubuntu.com/ubuntu-ports noble-updates/main arm64 libsystemd-shared arm64 255.4-1ubuntu8.17 [2021 kB]
Get:25 http://ports.ubuntu.com/ubuntu-ports noble-updates/main arm64 libsystemd0 arm64 255.4-1ubuntu8.17 [428 kB]
Get:26 http://ports.ubuntu.com/ubuntu-ports noble-updates/main arm64 systemd-dev all 255.4-1ubuntu8.17 [107 kB]
Get:27 http://ports.ubuntu.com/ubuntu-ports noble-updates/main arm64 systemd arm64 255.4-1ubuntu8.17 [3407 kB]
Get:28 http://ports.ubuntu.com/ubuntu-ports noble/main arm64 libpopt0 arm64 1.19+dfsg-1build1 [28.4 kB]
Get:29 http://ports.ubuntu.com/ubuntu-ports noble-updates/main arm64 rsync arm64 3.2.7-1ubuntu1.5 [437 kB]
Get:30 http://ports.ubuntu.com/ubuntu-ports noble-updates/main arm64 perl-modules-5.38 all 5.38.2-3.2ubuntu0.3 [3110 kB]
Get:31 http://ports.ubuntu.com/ubuntu-ports noble/main arm64 libgdbm6t64 arm64 1.23-5.1build1 [34.4 kB]
Get:32 http://ports.ubuntu.com/ubuntu-ports noble/main arm64 libgdbm-compat4t64 arm64 1.23-5.1build1 [6578 B]
Get:33 http://ports.ubuntu.com/ubuntu-ports noble-updates/main arm64 libperl5.38t64 arm64 5.38.2-3.2ubuntu0.3 [4779 kB]
Get:34 http://ports.ubuntu.com/ubuntu-ports noble-updates/main arm64 perl arm64 5.38.2-3.2ubuntu0.3 [231 kB]
Get:35 http://ports.ubuntu.com/ubuntu-ports noble/main arm64 adduser all 3.137ubuntu1 [101 kB]
Get:36 http://ports.ubuntu.com/ubuntu-ports noble-updates/main arm64 openssl arm64 3.0.13-0ubuntu3.12 [985 kB]
Get:37 http://ports.ubuntu.com/ubuntu-ports noble-updates/main arm64 ca-certificates all 20260601~24.04.1 [139 kB]
Get:38 http://ports.ubuntu.com/ubuntu-ports noble-updates/main arm64 libdbus-1-3 arm64 1.14.10-4ubuntu4.1 [210 kB]
Get:39 http://ports.ubuntu.com/ubuntu-ports noble-updates/main arm64 dbus-bin arm64 1.14.10-4ubuntu4.1 [38.8 kB]
Get:40 http://ports.ubuntu.com/ubuntu-ports noble-updates/main arm64 dbus-session-bus-common all 1.14.10-4ubuntu4.1 [80.5 kB]
Get:41 http://ports.ubuntu.com/ubuntu-ports noble-updates/main arm64 dbus-daemon arm64 1.14.10-4ubuntu4.1 [115 kB]
Get:42 http://ports.ubuntu.com/ubuntu-ports noble-updates/main arm64 dbus-system-bus-common all 1.14.10-4ubuntu4.1 [81.6 kB]
Get:43 http://ports.ubuntu.com/ubuntu-ports noble-updates/main arm64 dbus arm64 1.14.10-4ubuntu4.1 [23.9 kB]
Get:44 http://ports.ubuntu.com/ubuntu-ports noble-updates/main arm64 dmsetup arm64 2:1.02.185-3ubuntu3.2 [74.7 kB]
Get:45 http://ports.ubuntu.com/ubuntu-ports noble-updates/main arm64 libglib2.0-0t64 arm64 2.80.0-6ubuntu3.8 [1532 kB]
Get:46 http://ports.ubuntu.com/ubuntu-ports noble-updates/main arm64 gir1.2-glib-2.0 arm64 2.80.0-6ubuntu3.8 [182 kB]
Get:47 http://ports.ubuntu.com/ubuntu-ports noble/main arm64 libgirepository-1.0-1 arm64 1.80.1-1 [81.2 kB]
Get:48 http://ports.ubuntu.com/ubuntu-ports noble/main arm64 gir1.2-girepository-2.0 arm64 1.80.1-1 [24.5 kB]
Get:49 http://ports.ubuntu.com/ubuntu-ports noble-updates/main arm64 krb5-locales all 1.20.1-6ubuntu2.7 [14.9 kB]
Get:50 http://ports.ubuntu.com/ubuntu-ports noble-updates/main arm64 less arm64 590-2ubuntu2.1 [142 kB]
Get:51 http://ports.ubuntu.com/ubuntu-ports noble-updates/main arm64 libbsd0 arm64 0.12.1-1build1.1 [41.0 kB]
Get:52 http://ports.ubuntu.com/ubuntu-ports noble-updates/main arm64 libglib2.0-data all 2.80.0-6ubuntu3.8 [49.6 kB]
Get:53 http://ports.ubuntu.com/ubuntu-ports noble-updates/main arm64 libkrb5support0 arm64 1.20.1-6ubuntu2.7 [35.0 kB]
Get:54 http://ports.ubuntu.com/ubuntu-ports noble-updates/main arm64 libk5crypto3 arm64 1.20.1-6ubuntu2.7 [85.8 kB]
Get:55 http://ports.ubuntu.com/ubuntu-ports noble/main arm64 libkeyutils1 arm64 1.6.3-3build1 [9654 B]
Get:56 http://ports.ubuntu.com/ubuntu-ports noble-updates/main arm64 libkrb5-3 arm64 1.20.1-6ubuntu2.7 [349 kB]
Get:57 http://ports.ubuntu.com/ubuntu-ports noble-updates/main arm64 libgssapi-krb5-2 arm64 1.20.1-6ubuntu2.7 [142 kB]
Get:58 http://ports.ubuntu.com/ubuntu-ports noble-updates/main arm64 libicu74 arm64 74.2-1ubuntu3.1 [10.8 MB]
Get:59 http://ports.ubuntu.com/ubuntu-ports noble-updates/main arm64 libxml2 arm64 2.9.14+dfsg-1.3ubuntu3.8 [736 kB]
Get:60 http://ports.ubuntu.com/ubuntu-ports noble/main arm64 libyaml-0-2 arm64 0.2.5-1build1 [51.5 kB]
Get:61 http://ports.ubuntu.com/ubuntu-ports noble/main arm64 python3-dbus arm64 1.3.2-5build3 [99.5 kB]
Get:62 http://ports.ubuntu.com/ubuntu-ports noble/main arm64 python3-gi arm64 3.48.2-1 [233 kB]
Get:63 http://ports.ubuntu.com/ubuntu-ports noble/main arm64 networkd-dispatcher all 2.2.4-1 [15.5 kB]
Get:64 http://ports.ubuntu.com/ubuntu-ports noble-updates/main arm64 python3-pkg-resources all 68.1.2-2ubuntu1.2 [168 kB]
Get:65 http://ports.ubuntu.com/ubuntu-ports noble/main arm64 python3-pygments all 2.17.2+dfsg-1 [819 kB]
Get:66 http://ports.ubuntu.com/ubuntu-ports noble/main arm64 python3-yaml arm64 6.0.1-2build2 [113 kB]
Get:67 http://ports.ubuntu.com/ubuntu-ports noble/main arm64 shared-mime-info arm64 2.4-4 [472 kB]
Get:68 http://ports.ubuntu.com/ubuntu-ports noble-updates/main arm64 systemd-resolved arm64 255.4-1ubuntu8.17 [291 kB]
Get:69 http://ports.ubuntu.com/ubuntu-ports noble-updates/main arm64 systemd-timesyncd arm64 255.4-1ubuntu8.17 [34.8 kB]
Get:70 http://ports.ubuntu.com/ubuntu-ports noble/main arm64 xdg-user-dirs arm64 0.18-1build1 [18.4 kB]
Get:71 http://ports.ubuntu.com/ubuntu-ports noble/main arm64 libmagic-mgc arm64 1:5.45-3build1 [307 kB]
Get:72 http://ports.ubuntu.com/ubuntu-ports noble/main arm64 libmagic1t64 arm64 1:5.45-3build1 [85.7 kB]
Get:73 http://ports.ubuntu.com/ubuntu-ports noble/main arm64 file arm64 1:5.45-3build1 [22.0 kB]
Get:74 http://ports.ubuntu.com/ubuntu-ports noble/main arm64 libcbor0.10 arm64 0.10.2-1.2ubuntu2 [26.0 kB]
Get:75 http://ports.ubuntu.com/ubuntu-ports noble/main arm64 libedit2 arm64 3.1-20230828-1build1 [97.5 kB]
Get:76 http://ports.ubuntu.com/ubuntu-ports noble/main arm64 libfido2-1 arm64 1.14.0-1build3 [82.5 kB]
Get:77 http://ports.ubuntu.com/ubuntu-ports noble/main arm64 libgpm2 arm64 1.20.7-11 [14.7 kB]
Get:78 http://ports.ubuntu.com/ubuntu-ports noble/main arm64 libjansson4 arm64 2.14-2build2 [34.4 kB]
Get:79 http://ports.ubuntu.com/ubuntu-ports noble-updates/main arm64 libncurses6 arm64 6.4+20240113-1ubuntu2.1 [110 kB]
Get:80 http://ports.ubuntu.com/ubuntu-ports noble-updates/main arm64 libnghttp2-14 arm64 1.59.0-1ubuntu0.4 [74.8 kB]
Get:81 http://ports.ubuntu.com/ubuntu-ports noble-updates/main arm64 libpng16-16t64 arm64 1.6.43-5ubuntu0.6 [187 kB]
Get:82 http://ports.ubuntu.com/ubuntu-ports noble/main arm64 libpsl5t64 arm64 0.21.2-1.1build1 [57.4 kB]
Get:83 http://ports.ubuntu.com/ubuntu-ports noble/main arm64 libuv1t64 arm64 1.48.0-1.1build1 [95.3 kB]
Get:84 http://ports.ubuntu.com/ubuntu-ports noble/main arm64 libxau6 arm64 1:1.0.9-1build6 [7264 B]
Get:85 http://ports.ubuntu.com/ubuntu-ports noble/main arm64 libxdmcp6 arm64 1:1.1.3-0ubuntu6 [10.4 kB]
Get:86 http://ports.ubuntu.com/ubuntu-ports noble/main arm64 libxcb1 arm64 1.15-1ubuntu2 [49.4 kB]
Get:87 http://ports.ubuntu.com/ubuntu-ports noble/main arm64 libx11-data all 2:1.8.7-1build1 [115 kB]
Get:88 http://ports.ubuntu.com/ubuntu-ports noble/main arm64 libx11-6 arm64 2:1.8.7-1build1 [649 kB]
Get:89 http://ports.ubuntu.com/ubuntu-ports noble/main arm64 libxext6 arm64 2:1.3.4-1build2 [30.4 kB]
Get:90 http://ports.ubuntu.com/ubuntu-ports noble/main arm64 libxmuu1 arm64 2:1.1.3-3build2 [9140 B]
Get:91 http://ports.ubuntu.com/ubuntu-ports noble/main arm64 manpages all 6.7-2 [1384 kB]
Get:92 http://ports.ubuntu.com/ubuntu-ports noble-updates/main arm64 openssh-client arm64 1:9.6p1-3ubuntu13.18 [887 kB]
Get:93 http://ports.ubuntu.com/ubuntu-ports noble/main arm64 publicsuffix all 20231001.0357-0.1 [129 kB]
Get:94 http://ports.ubuntu.com/ubuntu-ports noble/main arm64 xauth arm64 1:1.1.2-1build1 [25.3 kB]
Get:95 http://ports.ubuntu.com/ubuntu-ports noble-updates/main arm64 xz-utils arm64 5.6.1+really5.4.5-1ubuntu0.3 [268 kB]
Get:96 http://ports.ubuntu.com/ubuntu-ports noble/main arm64 m4 arm64 1.4.19-4build1 [240 kB]
Get:97 http://ports.ubuntu.com/ubuntu-ports noble/main arm64 autoconf all 2.71-3 [339 kB]
Get:98 http://ports.ubuntu.com/ubuntu-ports noble/main arm64 autotools-dev all 20220109.1 [44.9 kB]
Get:99 http://ports.ubuntu.com/ubuntu-ports noble/main arm64 automake all 1:1.16.5-1.3ubuntu1 [558 kB]
Get:100 http://ports.ubuntu.com/ubuntu-ports noble-updates/main arm64 binutils-common arm64 2.42-4ubuntu2.10 [240 kB]
Get:101 http://ports.ubuntu.com/ubuntu-ports noble-updates/main arm64 libsframe1 arm64 2.42-4ubuntu2.10 [15.4 kB]
Get:102 http://ports.ubuntu.com/ubuntu-ports noble-updates/main arm64 libbinutils arm64 2.42-4ubuntu2.10 [766 kB]
Get:103 http://ports.ubuntu.com/ubuntu-ports noble-updates/main arm64 libctf-nobfd0 arm64 2.42-4ubuntu2.10 [101 kB]
Get:104 http://ports.ubuntu.com/ubuntu-ports noble-updates/main arm64 libctf0 arm64 2.42-4ubuntu2.10 [95.7 kB]
Get:105 http://ports.ubuntu.com/ubuntu-ports noble-updates/main arm64 libgprofng0 arm64 2.42-4ubuntu2.10 [776 kB]
Get:106 http://ports.ubuntu.com/ubuntu-ports noble-updates/main arm64 binutils-aarch64-linux-gnu arm64 2.42-4ubuntu2.10 [3304 kB]
Get:107 http://ports.ubuntu.com/ubuntu-ports noble-updates/main arm64 binutils arm64 2.42-4ubuntu2.10 [18.1 kB]
Get:108 http://ports.ubuntu.com/ubuntu-ports noble-updates/main arm64 binutils-riscv64-linux-gnu arm64 2.42-4ubuntu2.10 [1382 kB]
Get:109 http://ports.ubuntu.com/ubuntu-ports noble-updates/main arm64 libc-dev-bin arm64 2.39-0ubuntu8.8 [19.7 kB]
Get:110 http://ports.ubuntu.com/ubuntu-ports noble-updates/main arm64 linux-libc-dev arm64 6.8.0-137.137 [1496 kB]
Get:111 http://ports.ubuntu.com/ubuntu-ports noble/main arm64 libcrypt-dev arm64 1:4.4.36-4build1 [118 kB]
Get:112 http://ports.ubuntu.com/ubuntu-ports noble/main arm64 rpcsvc-proto arm64 1.4.2-0ubuntu7 [64.8 kB]
Get:113 http://ports.ubuntu.com/ubuntu-ports noble-updates/main arm64 libc6-dev arm64 2.39-0ubuntu8.8 [1596 kB]
Get:114 http://ports.ubuntu.com/ubuntu-ports noble-updates/main arm64 gcc-13-base arm64 13.3.0-6ubuntu2~24.04.1 [51.6 kB]
Get:115 http://ports.ubuntu.com/ubuntu-ports noble-updates/main arm64 libisl23 arm64 0.26-3build1.1 [669 kB]
Get:116 http://ports.ubuntu.com/ubuntu-ports noble-updates/main arm64 libmpfr6 arm64 4.2.1-1build1.1 [329 kB]
Get:117 http://ports.ubuntu.com/ubuntu-ports noble-updates/main arm64 libmpc3 arm64 1.3.1-1build1.1 [56.4 kB]
Get:118 http://ports.ubuntu.com/ubuntu-ports noble-updates/main arm64 cpp-13-aarch64-linux-gnu arm64 13.3.0-6ubuntu2~24.04.1 [9560 kB]
Get:119 http://ports.ubuntu.com/ubuntu-ports noble-updates/main arm64 cpp-13 arm64 13.3.0-6ubuntu2~24.04.1 [1038 B]
Get:120 http://ports.ubuntu.com/ubuntu-ports noble/main arm64 cpp-aarch64-linux-gnu arm64 4:13.2.0-7ubuntu1 [5316 B]
Get:121 http://ports.ubuntu.com/ubuntu-ports noble/main arm64 cpp arm64 4:13.2.0-7ubuntu1 [22.4 kB]
Get:122 http://ports.ubuntu.com/ubuntu-ports noble-updates/main arm64 libcc1-0 arm64 14.2.0-4ubuntu2~24.04.1 [49.7 kB]
Get:123 http://ports.ubuntu.com/ubuntu-ports noble-updates/main arm64 libgomp1 arm64 14.2.0-4ubuntu2~24.04.1 [145 kB]
Get:124 http://ports.ubuntu.com/ubuntu-ports noble-updates/main arm64 libitm1 arm64 14.2.0-4ubuntu2~24.04.1 [28.2 kB]
Get:125 http://ports.ubuntu.com/ubuntu-ports noble-updates/main arm64 libatomic1 arm64 14.2.0-4ubuntu2~24.04.1 [11.6 kB]
Get:126 http://ports.ubuntu.com/ubuntu-ports noble-updates/main arm64 libasan8 arm64 14.2.0-4ubuntu2~24.04.1 [2928 kB]
Get:127 http://ports.ubuntu.com/ubuntu-ports noble-updates/main arm64 liblsan0 arm64 14.2.0-4ubuntu2~24.04.1 [1289 kB]
Get:128 http://ports.ubuntu.com/ubuntu-ports noble-updates/main arm64 libtsan2 arm64 14.2.0-4ubuntu2~24.04.1 [2697 kB]
Get:129 http://ports.ubuntu.com/ubuntu-ports noble-updates/main arm64 libubsan1 arm64 14.2.0-4ubuntu2~24.04.1 [1157 kB]
Get:130 http://ports.ubuntu.com/ubuntu-ports noble-updates/main arm64 libhwasan0 arm64 14.2.0-4ubuntu2~24.04.1 [1605 kB]
Get:131 http://ports.ubuntu.com/ubuntu-ports noble-updates/main arm64 libgcc-13-dev arm64 13.3.0-6ubuntu2~24.04.1 [2473 kB]
Get:132 http://ports.ubuntu.com/ubuntu-ports noble-updates/main arm64 gcc-13-aarch64-linux-gnu arm64 13.3.0-6ubuntu2~24.04.1 [18.7 MB]
Get:133 http://ports.ubuntu.com/ubuntu-ports noble-updates/main arm64 gcc-13 arm64 13.3.0-6ubuntu2~24.04.1 [484 kB]
Get:134 http://ports.ubuntu.com/ubuntu-ports noble/main arm64 gcc-aarch64-linux-gnu arm64 4:13.2.0-7ubuntu1 [1198 B]
Get:135 http://ports.ubuntu.com/ubuntu-ports noble/main arm64 gcc arm64 4:13.2.0-7ubuntu1 [5018 B]
Get:136 http://ports.ubuntu.com/ubuntu-ports noble-updates/main arm64 libstdc++-13-dev arm64 13.3.0-6ubuntu2~24.04.1 [2397 kB]
Get:137 http://ports.ubuntu.com/ubuntu-ports noble-updates/main arm64 g++-13-aarch64-linux-gnu arm64 13.3.0-6ubuntu2~24.04.1 [10.9 MB]
Get:138 http://ports.ubuntu.com/ubuntu-ports noble-updates/main arm64 g++-13 arm64 13.3.0-6ubuntu2~24.04.1 [16.0 kB]
Get:139 http://ports.ubuntu.com/ubuntu-ports noble/main arm64 g++-aarch64-linux-gnu arm64 4:13.2.0-7ubuntu1 [962 B]
Get:140 http://ports.ubuntu.com/ubuntu-ports noble/main arm64 g++ arm64 4:13.2.0-7ubuntu1 [1082 B]
Get:141 http://ports.ubuntu.com/ubuntu-ports noble/main arm64 make arm64 4.3-4.1build2 [178 kB]
Get:142 http://ports.ubuntu.com/ubuntu-ports noble-updates/main arm64 libdpkg-perl all 1.22.6ubuntu6.6 [268 kB]
Get:143 http://ports.ubuntu.com/ubuntu-ports noble-updates/main arm64 bzip2 arm64 1.0.8-5.1build0.1 [34.0 kB]
Get:144 http://ports.ubuntu.com/ubuntu-ports noble/main arm64 patch arm64 2.7.6-7build3 [101 kB]
Get:145 http://ports.ubuntu.com/ubuntu-ports noble/main arm64 lto-disabled-list all 47 [12.4 kB]
Get:146 http://ports.ubuntu.com/ubuntu-ports noble-updates/main arm64 dpkg-dev all 1.22.6ubuntu6.6 [1074 kB]
Get:147 http://ports.ubuntu.com/ubuntu-ports noble/main arm64 build-essential arm64 12.10ubuntu1 [4932 B]
Get:148 http://ports.ubuntu.com/ubuntu-ports noble-updates/main arm64 libllvm18 arm64 1:18.1.3-1ubuntu1 [26.3 MB]
Get:149 http://ports.ubuntu.com/ubuntu-ports noble-updates/main arm64 libclang-cpp18 arm64 1:18.1.3-1ubuntu1 [13.2 MB]
Get:150 http://ports.ubuntu.com/ubuntu-ports noble/main arm64 libgc1 arm64 1:8.2.6-1build1 [89.1 kB]
Get:151 http://ports.ubuntu.com/ubuntu-ports noble-updates/universe arm64 libobjc4 arm64 14.2.0-4ubuntu2~24.04.1 [45.5 kB]
Get:152 http://ports.ubuntu.com/ubuntu-ports noble-updates/universe arm64 libobjc-13-dev arm64 13.3.0-6ubuntu2~24.04.1 [190 kB]
Get:153 http://ports.ubuntu.com/ubuntu-ports noble-updates/universe arm64 libclang-common-18-dev arm64 1:18.1.3-1ubuntu1 [736 kB]
Get:154 http://ports.ubuntu.com/ubuntu-ports noble-updates/universe arm64 llvm-18-linker-tools arm64 1:18.1.3-1ubuntu1 [1234 kB]
Get:155 http://ports.ubuntu.com/ubuntu-ports noble-updates/main arm64 libclang1-18 arm64 1:18.1.3-1ubuntu1 [7533 kB]
Get:156 http://ports.ubuntu.com/ubuntu-ports noble-updates/universe arm64 clang-18 arm64 1:18.1.3-1ubuntu1 [78.4 kB]
Get:157 http://ports.ubuntu.com/ubuntu-ports noble/universe arm64 clang arm64 1:18.0-59~exp2 [5854 B]
Get:158 http://ports.ubuntu.com/ubuntu-ports noble-updates/main arm64 libarchive13t64 arm64 3.7.2-2ubuntu0.8 [378 kB]
Get:159 http://ports.ubuntu.com/ubuntu-ports noble/main arm64 libbrotli1 arm64 1.1.0-2build2 [339 kB]
Get:160 http://ports.ubuntu.com/ubuntu-ports noble-updates/main arm64 libsasl2-modules-db arm64 2.1.28+dfsg1-5ubuntu3.1 [21.6 kB]
Get:161 http://ports.ubuntu.com/ubuntu-ports noble-updates/main arm64 libsasl2-2 arm64 2.1.28+dfsg1-5ubuntu3.1 [54.7 kB]
Get:162 http://ports.ubuntu.com/ubuntu-ports noble-updates/main arm64 libldap2 arm64 2.6.10+dfsg-0ubuntu0.24.04.1 [196 kB]
Get:163 http://ports.ubuntu.com/ubuntu-ports noble/main arm64 librtmp1 arm64 2.4+20151223.gitfa8646d.1-2build7 [57.8 kB]
Get:164 http://ports.ubuntu.com/ubuntu-ports noble-updates/main arm64 libssh-4 arm64 0.10.6-2ubuntu0.4 [191 kB]
Get:165 http://ports.ubuntu.com/ubuntu-ports noble-updates/main arm64 libcurl4t64 arm64 8.5.0-2ubuntu10.11 [335 kB]
Get:166 http://ports.ubuntu.com/ubuntu-ports noble/main arm64 libjsoncpp25 arm64 1.9.5-6build1 [78.2 kB]
Get:167 http://ports.ubuntu.com/ubuntu-ports noble/main arm64 librhash0 arm64 1.4.3-3build1 [126 kB]
Get:168 http://ports.ubuntu.com/ubuntu-ports noble/main arm64 cmake-data all 3.28.3-1build7 [2155 kB]
Get:169 http://ports.ubuntu.com/ubuntu-ports noble/main arm64 cmake arm64 3.28.3-1build7 [10.3 MB]
Get:170 http://ports.ubuntu.com/ubuntu-ports noble-updates/main arm64 gcc-13-riscv64-linux-gnu-base arm64 13.3.0-6ubuntu2~24.04.1cross1 [51.8 kB]
Get:171 http://ports.ubuntu.com/ubuntu-ports noble-updates/main arm64 cpp-13-riscv64-linux-gnu arm64 13.3.0-6ubuntu2~24.04.1cross1 [9793 kB]
Get:172 http://ports.ubuntu.com/ubuntu-ports noble/main arm64 cpp-riscv64-linux-gnu arm64 4:13.2.0-7ubuntu1 [5328 B]
Get:173 http://ports.ubuntu.com/ubuntu-ports noble-updates/main arm64 curl arm64 8.5.0-2ubuntu10.11 [222 kB]
Get:174 http://ports.ubuntu.com/ubuntu-ports noble-updates/main arm64 gpgconf arm64 2.4.4-2ubuntu17.4 [103 kB]
Get:175 http://ports.ubuntu.com/ubuntu-ports noble/main arm64 libksba8 arm64 1.6.6-1build1 [119 kB]
Get:176 http://ports.ubuntu.com/ubuntu-ports noble-updates/main arm64 dirmngr arm64 2.4.4-2ubuntu17.4 [316 kB]
Get:177 http://ports.ubuntu.com/ubuntu-ports noble/main arm64 libfakeroot arm64 1.33-1 [32.5 kB]
Get:178 http://ports.ubuntu.com/ubuntu-ports noble/main arm64 fakeroot arm64 1.33-1 [66.9 kB]
Get:179 http://ports.ubuntu.com/ubuntu-ports noble/main arm64 fonts-dejavu-mono all 2.37-8 [502 kB]
Get:180 http://ports.ubuntu.com/ubuntu-ports noble/main arm64 fonts-dejavu-core all 2.37-8 [835 kB]
Get:181 http://ports.ubuntu.com/ubuntu-ports noble/main arm64 fontconfig-config arm64 2.15.0-1.1ubuntu2 [37.4 kB]
Get:182 http://ports.ubuntu.com/ubuntu-ports noble-updates/main arm64 gcc-13-cross-base all 13.3.0-6ubuntu2~24.04.1cross1 [46.5 kB]
Get:183 http://ports.ubuntu.com/ubuntu-ports noble-updates/main arm64 gcc-14-cross-base all 14.2.0-4ubuntu2~24.04.1cross1 [46.1 kB]
Get:184 http://ports.ubuntu.com/ubuntu-ports noble/main arm64 libc6-riscv64-cross all 2.39-0ubuntu8cross1 [1244 kB]
Get:185 http://ports.ubuntu.com/ubuntu-ports noble-updates/main arm64 libgcc-s1-riscv64-cross all 14.2.0-4ubuntu2~24.04.1cross1 [63.0 kB]
Get:186 http://ports.ubuntu.com/ubuntu-ports noble-updates/main arm64 libgomp1-riscv64-cross all 14.2.0-4ubuntu2~24.04.1cross1 [114 kB]
Get:187 http://ports.ubuntu.com/ubuntu-ports noble-updates/main arm64 libitm1-riscv64-cross all 14.2.0-4ubuntu2~24.04.1cross1 [32.5 kB]
Get:188 http://ports.ubuntu.com/ubuntu-ports noble-updates/main arm64 libatomic1-riscv64-cross all 14.2.0-4ubuntu2~24.04.1cross1 [9606 B]
Get:189 http://ports.ubuntu.com/ubuntu-ports noble-updates/main arm64 libasan8-riscv64-cross all 14.2.0-4ubuntu2~24.04.1cross1 [568 kB]
Get:190 http://ports.ubuntu.com/ubuntu-ports noble-updates/main arm64 libstdc++6-riscv64-cross all 14.2.0-4ubuntu2~24.04.1cross1 [751 kB]
Get:191 http://ports.ubuntu.com/ubuntu-ports noble-updates/main arm64 libubsan1-riscv64-cross all 14.2.0-4ubuntu2~24.04.1cross1 [229 kB]
Get:192 http://ports.ubuntu.com/ubuntu-ports noble-updates/main arm64 libgcc-13-dev-riscv64-cross all 13.3.0-6ubuntu2~24.04.1cross1 [1712 kB]
Get:193 http://ports.ubuntu.com/ubuntu-ports noble-updates/main arm64 gcc-13-riscv64-linux-gnu arm64 13.3.0-6ubuntu2~24.04.1cross1 [18.7 MB]
Get:194 http://ports.ubuntu.com/ubuntu-ports noble/main arm64 gcc-riscv64-linux-gnu arm64 4:13.2.0-7ubuntu1 [1210 B]
Get:195 http://ports.ubuntu.com/ubuntu-ports noble-updates/main arm64 libcurl3t64-gnutls arm64 8.5.0-2ubuntu10.11 [329 kB]
Get:196 http://ports.ubuntu.com/ubuntu-ports noble/main arm64 liberror-perl all 0.17029-2 [25.6 kB]
Get:197 http://ports.ubuntu.com/ubuntu-ports noble-updates/main arm64 git-man all 1:2.43.0-1ubuntu7.3 [1100 kB]
Get:198 http://ports.ubuntu.com/ubuntu-ports noble-updates/main arm64 git arm64 1:2.43.0-1ubuntu7.3 [3774 kB]
Get:199 http://ports.ubuntu.com/ubuntu-ports noble-updates/main arm64 gnupg-utils arm64 2.4.4-2ubuntu17.4 [106 kB]
Get:200 http://ports.ubuntu.com/ubuntu-ports noble-updates/main arm64 gpg arm64 2.4.4-2ubuntu17.4 [549 kB]
Get:201 http://ports.ubuntu.com/ubuntu-ports noble/main arm64 pinentry-curses arm64 1.2.1-3ubuntu5 [34.3 kB]
Get:202 http://ports.ubuntu.com/ubuntu-ports noble-updates/main arm64 gpg-agent arm64 2.4.4-2ubuntu17.4 [221 kB]
Get:203 http://ports.ubuntu.com/ubuntu-ports noble-updates/main arm64 gpgsm arm64 2.4.4-2ubuntu17.4 [225 kB]
Get:204 http://ports.ubuntu.com/ubuntu-ports noble-updates/main arm64 keyboxd arm64 2.4.4-2ubuntu17.4 [75.9 kB]
Get:205 http://ports.ubuntu.com/ubuntu-ports noble-updates/main arm64 gnupg all 2.4.4-2ubuntu17.4 [359 kB]
Get:206 http://ports.ubuntu.com/ubuntu-ports noble-updates/main arm64 gnupg-l10n all 2.4.4-2ubuntu17.4 [66.4 kB]
Get:207 http://ports.ubuntu.com/ubuntu-ports noble-updates/main arm64 gpg-wks-client arm64 2.4.4-2ubuntu17.4 [69.7 kB]
Get:208 http://ports.ubuntu.com/ubuntu-ports noble-updates/main arm64 icu-devtools arm64 74.2-1ubuntu3.1 [209 kB]
Get:209 http://ports.ubuntu.com/ubuntu-ports noble/main arm64 libonig5 arm64 6.9.9-1build1 [172 kB]
Get:210 http://ports.ubuntu.com/ubuntu-ports noble-updates/main arm64 libjq1 arm64 1.7.1-3ubuntu0.24.04.2 [135 kB]
Get:211 http://ports.ubuntu.com/ubuntu-ports noble-updates/main arm64 jq arm64 1.7.1-3ubuntu0.24.04.2 [64.6 kB]
Get:212 http://ports.ubuntu.com/ubuntu-ports noble/main arm64 libalgorithm-diff-perl all 1.201-1 [41.8 kB]
Get:213 http://ports.ubuntu.com/ubuntu-ports noble/main arm64 libalgorithm-diff-xs-perl arm64 0.04-8build3 [10.9 kB]
Get:214 http://ports.ubuntu.com/ubuntu-ports noble/main arm64 libalgorithm-merge-perl all 0.08-5 [11.4 kB]
Get:215 http://ports.ubuntu.com/ubuntu-ports noble-updates/main arm64 libaom3 arm64 3.8.2-2ubuntu0.1 [1617 kB]
Get:216 http://ports.ubuntu.com/ubuntu-ports noble-updates/main arm64 libfreetype6 arm64 2.13.2+dfsg-1ubuntu0.1 [394 kB]
Get:217 http://ports.ubuntu.com/ubuntu-ports noble/main arm64 libfontconfig1 arm64 2.15.0-1.1ubuntu2 [142 kB]
Get:218 http://ports.ubuntu.com/ubuntu-ports noble/main arm64 libsharpyuv0 arm64 1.3.2-0.4build3 [14.5 kB]
Get:219 http://ports.ubuntu.com/ubuntu-ports noble-updates/main arm64 libheif-plugin-aomdec arm64 1.17.6-1ubuntu4.6 [11.1 kB]
Get:220 http://ports.ubuntu.com/ubuntu-ports noble-updates/main arm64 libheif1 arm64 1.17.6-1ubuntu4.6 [260 kB]
Get:221 http://ports.ubuntu.com/ubuntu-ports noble/main arm64 libjpeg-turbo8 arm64 2.1.5-2ubuntu2 [163 kB]
Get:222 http://ports.ubuntu.com/ubuntu-ports noble/main arm64 libjpeg8 arm64 8c-2ubuntu11 [2148 B]
Get:223 http://ports.ubuntu.com/ubuntu-ports noble-updates/main arm64 libdeflate0 arm64 1.19-1build1.1 [43.5 kB]
Get:224 http://ports.ubuntu.com/ubuntu-ports noble/main arm64 libjbig0 arm64 2.1-6.1ubuntu2 [29.3 kB]
Get:225 http://ports.ubuntu.com/ubuntu-ports noble/main arm64 liblerc4 arm64 4.0.0+ds-4ubuntu2 [154 kB]
Get:226 http://ports.ubuntu.com/ubuntu-ports noble/main arm64 libwebp7 arm64 1.3.2-0.4build3 [191 kB]
Get:227 http://ports.ubuntu.com/ubuntu-ports noble-updates/main arm64 libtiff6 arm64 4.5.1+git230720-4ubuntu2.5 [192 kB]
Get:228 http://ports.ubuntu.com/ubuntu-ports noble-updates/main arm64 libxpm4 arm64 1:3.5.17-1ubuntu0.24.04.1 [35.3 kB]
Get:229 http://ports.ubuntu.com/ubuntu-ports noble/main arm64 libgd3 arm64 2.3.3-9ubuntu5 [122 kB]
Get:230 http://ports.ubuntu.com/ubuntu-ports noble-updates/main arm64 libc-devtools arm64 2.39-0ubuntu8.8 [27.8 kB]
Get:231 http://ports.ubuntu.com/ubuntu-ports noble-updates/universe arm64 libclang-18-dev arm64 1:18.1.3-1ubuntu1 [29.4 MB]
Get:232 http://ports.ubuntu.com/ubuntu-ports noble/universe arm64 libclang-dev arm64 1:18.0-59~exp2 [5424 B]
Get:233 http://ports.ubuntu.com/ubuntu-ports noble-updates/universe arm64 libclang-rt-18-dev arm64 1:18.1.3-1ubuntu1 [2108 kB]
Get:234 http://ports.ubuntu.com/ubuntu-ports noble/main arm64 libfile-fcntllock-perl arm64 0.22-4ubuntu5 [30.6 kB]
Get:235 http://ports.ubuntu.com/ubuntu-ports noble-updates/main arm64 libheif-plugin-aomenc arm64 1.17.6-1ubuntu4.6 [13.7 kB]
Get:236 http://ports.ubuntu.com/ubuntu-ports noble-updates/main arm64 libicu-dev arm64 74.2-1ubuntu3.1 [11.9 MB]
Get:237 http://ports.ubuntu.com/ubuntu-ports noble-updates/main arm64 libldap-common all 2.6.10+dfsg-0ubuntu0.24.04.1 [32.9 kB]
Get:238 http://ports.ubuntu.com/ubuntu-ports noble/main arm64 libltdl7 arm64 2.4.7-7build1 [40.4 kB]
Get:239 http://ports.ubuntu.com/ubuntu-ports noble/main arm64 libltdl-dev arm64 2.4.7-7build1 [170 kB]
Get:240 http://ports.ubuntu.com/ubuntu-ports noble-updates/main arm64 libncurses-dev arm64 6.4+20240113-1ubuntu2.1 [385 kB]
Get:241 http://ports.ubuntu.com/ubuntu-ports noble/main arm64 libpkgconf3 arm64 1.8.1-2build1 [31.2 kB]
Get:242 http://ports.ubuntu.com/ubuntu-ports noble-updates/main arm64 libsasl2-modules arm64 2.1.28+dfsg1-5ubuntu3.1 [69.6 kB]
Get:243 http://ports.ubuntu.com/ubuntu-ports noble/main arm64 libtool all 2.4.7-7build1 [166 kB]
Get:244 http://ports.ubuntu.com/ubuntu-ports noble-updates/main arm64 libxml2-dev arm64 2.9.14+dfsg-1.3ubuntu3.8 [800 kB]
Get:245 http://ports.ubuntu.com/ubuntu-ports noble-updates/universe arm64 llvm-18-runtime arm64 1:18.1.3-1ubuntu1 [521 kB]
Get:246 http://ports.ubuntu.com/ubuntu-ports noble/universe arm64 llvm-runtime arm64 1:18.0-59~exp2 [5498 B]
Get:247 http://ports.ubuntu.com/ubuntu-ports noble/universe arm64 libpfm4 arm64 4.13.0+git32-g0d4ed0e-1 [59.6 kB]
Get:248 http://ports.ubuntu.com/ubuntu-ports noble-updates/universe arm64 llvm-18 arm64 1:18.1.3-1ubuntu1 [24.3 MB]
Get:249 http://ports.ubuntu.com/ubuntu-ports noble/universe arm64 llvm arm64 1:18.0-59~exp2 [4150 B]
Get:250 http://ports.ubuntu.com/ubuntu-ports noble/main arm64 libffi-dev arm64 3.4.6-1build1 [59.5 kB]
Get:251 http://ports.ubuntu.com/ubuntu-ports noble-updates/universe arm64 llvm-18-tools arm64 1:18.1.3-1ubuntu1 [532 kB]
Get:252 http://ports.ubuntu.com/ubuntu-ports noble/universe arm64 libz3-4 arm64 4.8.12-3.1build1 [5492 kB]
Get:253 http://ports.ubuntu.com/ubuntu-ports noble/universe arm64 libz3-dev arm64 4.8.12-3.1build1 [72.2 kB]
Get:254 http://ports.ubuntu.com/ubuntu-ports noble-updates/universe arm64 llvm-18-dev arm64 1:18.1.3-1ubuntu1 [42.2 MB]
Get:255 http://ports.ubuntu.com/ubuntu-ports noble/universe arm64 llvm-dev arm64 1:18.0-59~exp2 [1926 B]
Get:256 http://ports.ubuntu.com/ubuntu-ports noble/main arm64 manpages-dev all 6.7-2 [2013 kB]
Get:257 http://ports.ubuntu.com/ubuntu-ports noble/main arm64 pkgconf-bin arm64 1.8.1-2build1 [20.5 kB]
Get:258 http://ports.ubuntu.com/ubuntu-ports noble/main arm64 pkgconf arm64 1.8.1-2build1 [16.8 kB]
Get:259 http://ports.ubuntu.com/ubuntu-ports noble/main arm64 pkg-config arm64 1.8.1-2build1 [7264 B]
Get:260 http://ports.ubuntu.com/ubuntu-ports noble-updates/universe arm64 qemu-user arm64 1:8.2.2+ds-0ubuntu1.18 [11.9 MB]
Get:261 http://ports.ubuntu.com/ubuntu-ports noble-updates/universe arm64 qemu-user-binfmt arm64 1:8.2.2+ds-0ubuntu1.18 [3670 B]
Get:262 http://ports.ubuntu.com/ubuntu-ports noble/main arm64 linux-libc-dev-riscv64-cross all 6.8.0-25.25cross1 [1370 kB]
Get:263 http://ports.ubuntu.com/ubuntu-ports noble/main arm64 libc6-dev-riscv64-cross all 2.39-0ubuntu8cross1 [3501 kB]
debconf: delaying package configuration, since apt-utils is not installed
Fetched 362 MB in 1min 9s (5213 kB/s)
Selecting previously unselected package liblocale-gettext-perl.
(Reading database ... (Reading database ... 5%(Reading database ... 10%(Reading database ... 15%(Reading database ... 20%(Reading database ... 25%(Reading database ... 30%(Reading database ... 35%(Reading database ... 40%(Reading database ... 45%(Reading database ... 50%(Reading database ... 55%(Reading database ... 60%(Reading database ... 65%(Reading database ... 70%(Reading database ... 75%(Reading database ... 80%(Reading database ... 85%(Reading database ... 90%(Reading database ... 95%(Reading database ... 100%(Reading database ... 4376 files and directories currently installed.)
Preparing to unpack .../liblocale-gettext-perl_1.07-6ubuntu5_arm64.deb ...
Unpacking liblocale-gettext-perl (1.07-6ubuntu5) ...
Selecting previously unselected package libpython3.12-minimal:arm64.
Preparing to unpack .../libpython3.12-minimal_3.12.3-1ubuntu0.15_arm64.deb ...
Unpacking libpython3.12-minimal:arm64 (3.12.3-1ubuntu0.15) ...
Selecting previously unselected package libexpat1:arm64.
Preparing to unpack .../libexpat1_2.6.1-2ubuntu0.4_arm64.deb ...
Unpacking libexpat1:arm64 (2.6.1-2ubuntu0.4) ...
Selecting previously unselected package python3.12-minimal.
Preparing to unpack .../python3.12-minimal_3.12.3-1ubuntu0.15_arm64.deb ...
Unpacking python3.12-minimal (3.12.3-1ubuntu0.15) ...
Setting up libpython3.12-minimal:arm64 (3.12.3-1ubuntu0.15) ...
Setting up libexpat1:arm64 (2.6.1-2ubuntu0.4) ...
Setting up python3.12-minimal (3.12.3-1ubuntu0.15) ...
Selecting previously unselected package python3-minimal.
(Reading database ... (Reading database ... 5%(Reading database ... 10%(Reading database ... 15%(Reading database ... 20%(Reading database ... 25%(Reading database ... 30%(Reading database ... 35%(Reading database ... 40%(Reading database ... 45%(Reading database ... 50%(Reading database ... 55%(Reading database ... 60%(Reading database ... 65%(Reading database ... 70%(Reading database ... 75%(Reading database ... 80%(Reading database ... 85%(Reading database ... 90%(Reading database ... 95%(Reading database ... 100%(Reading database ... 4709 files and directories currently installed.)
Preparing to unpack .../0-python3-minimal_3.12.3-0ubuntu2.1_arm64.deb ...
Unpacking python3-minimal (3.12.3-0ubuntu2.1) ...
Selecting previously unselected package media-types.
Preparing to unpack .../1-media-types_10.1.0_all.deb ...
Unpacking media-types (10.1.0) ...
Selecting previously unselected package netbase.
Preparing to unpack .../2-netbase_6.4_all.deb ...
Unpacking netbase (6.4) ...
Selecting previously unselected package tzdata.
Preparing to unpack .../3-tzdata_2026c-0ubuntu0.24.04.1_all.deb ...
Unpacking tzdata (2026c-0ubuntu0.24.04.1) ...
Selecting previously unselected package readline-common.
Preparing to unpack .../4-readline-common_8.2-4build1_all.deb ...
Unpacking readline-common (8.2-4build1) ...
Selecting previously unselected package libreadline8t64:arm64.
Preparing to unpack .../5-libreadline8t64_8.2-4build1_arm64.deb ...
Adding 'diversion of /lib/aarch64-linux-gnu/libhistory.so.8 to /lib/aarch64-linux-gnu/libhistory.so.8.usr-is-merged by libreadline8t64'
Adding 'diversion of /lib/aarch64-linux-gnu/libhistory.so.8.2 to /lib/aarch64-linux-gnu/libhistory.so.8.2.usr-is-merged by libreadline8t64'
Adding 'diversion of /lib/aarch64-linux-gnu/libreadline.so.8 to /lib/aarch64-linux-gnu/libreadline.so.8.usr-is-merged by libreadline8t64'
Adding 'diversion of /lib/aarch64-linux-gnu/libreadline.so.8.2 to /lib/aarch64-linux-gnu/libreadline.so.8.2.usr-is-merged by libreadline8t64'
Unpacking libreadline8t64:arm64 (8.2-4build1) ...
Selecting previously unselected package libsqlite3-0:arm64.
Preparing to unpack .../6-libsqlite3-0_3.45.1-1ubuntu2.7_arm64.deb ...
Unpacking libsqlite3-0:arm64 (3.45.1-1ubuntu2.7) ...
Selecting previously unselected package libpython3.12-stdlib:arm64.
Preparing to unpack .../7-libpython3.12-stdlib_3.12.3-1ubuntu0.15_arm64.deb ...
Unpacking libpython3.12-stdlib:arm64 (3.12.3-1ubuntu0.15) ...
Selecting previously unselected package python3.12.
Preparing to unpack .../8-python3.12_3.12.3-1ubuntu0.15_arm64.deb ...
Unpacking python3.12 (3.12.3-1ubuntu0.15) ...
Selecting previously unselected package libpython3-stdlib:arm64.
Preparing to unpack .../9-libpython3-stdlib_3.12.3-0ubuntu2.1_arm64.deb ...
Unpacking libpython3-stdlib:arm64 (3.12.3-0ubuntu2.1) ...
Setting up python3-minimal (3.12.3-0ubuntu2.1) ...
Selecting previously unselected package python3.
(Reading database ... (Reading database ... 5%(Reading database ... 10%(Reading database ... 15%(Reading database ... 20%(Reading database ... 25%(Reading database ... 30%(Reading database ... 35%(Reading database ... 40%(Reading database ... 45%(Reading database ... 50%(Reading database ... 55%(Reading database ... 60%(Reading database ... 65%(Reading database ... 70%(Reading database ... 75%(Reading database ... 80%(Reading database ... 85%(Reading database ... 90%(Reading database ... 95%(Reading database ... 100%(Reading database ... 5715 files and directories currently installed.)
Preparing to unpack .../python3_3.12.3-0ubuntu2.1_arm64.deb ...
Unpacking python3 (3.12.3-0ubuntu2.1) ...
Selecting previously unselected package libapparmor1:arm64.
Preparing to unpack .../libapparmor1_4.0.1really4.0.1-0ubuntu0.24.04.7_arm64.deb ...
Unpacking libapparmor1:arm64 (4.0.1really4.0.1-0ubuntu0.24.04.7) ...
Selecting previously unselected package libargon2-1:arm64.
Preparing to unpack .../libargon2-1_0~20190702+dfsg-4build1_arm64.deb ...
Unpacking libargon2-1:arm64 (0~20190702+dfsg-4build1) ...
Preparing to unpack .../libudev1_255.4-1ubuntu8.17_arm64.deb ...
Unpacking libudev1:arm64 (255.4-1ubuntu8.17) over (255.4-1ubuntu8.16) ...
Setting up libudev1:arm64 (255.4-1ubuntu8.17) ...
Selecting previously unselected package libdevmapper1.02.1:arm64.
(Reading database ... (Reading database ... 5%(Reading database ... 10%(Reading database ... 15%(Reading database ... 20%(Reading database ... 25%(Reading database ... 30%(Reading database ... 35%(Reading database ... 40%(Reading database ... 45%(Reading database ... 50%(Reading database ... 55%(Reading database ... 60%(Reading database ... 65%(Reading database ... 70%(Reading database ... 75%(Reading database ... 80%(Reading database ... 85%(Reading database ... 90%(Reading database ... 95%(Reading database ... 100%(Reading database ... 5745 files and directories currently installed.)
Preparing to unpack .../0-libdevmapper1.02.1_2%3a1.02.185-3ubuntu3.2_arm64.deb ...
Unpacking libdevmapper1.02.1:arm64 (2:1.02.185-3ubuntu3.2) ...
Selecting previously unselected package libjson-c5:arm64.
Preparing to unpack .../1-libjson-c5_0.17-1build1_arm64.deb ...
Unpacking libjson-c5:arm64 (0.17-1build1) ...
Selecting previously unselected package libcryptsetup12:arm64.
Preparing to unpack .../2-libcryptsetup12_2%3a2.7.0-1ubuntu4.2_arm64.deb ...
Unpacking libcryptsetup12:arm64 (2:2.7.0-1ubuntu4.2) ...
Selecting previously unselected package libfdisk1:arm64.
Preparing to unpack .../3-libfdisk1_2.39.3-9ubuntu6.5_arm64.deb ...
Unpacking libfdisk1:arm64 (2.39.3-9ubuntu6.5) ...
Selecting previously unselected package libkmod2:arm64.
Preparing to unpack .../4-libkmod2_31+20240202-2ubuntu7.2_arm64.deb ...
Unpacking libkmod2:arm64 (31+20240202-2ubuntu7.2) ...
Selecting previously unselected package libsystemd-shared:arm64.
Preparing to unpack .../5-libsystemd-shared_255.4-1ubuntu8.17_arm64.deb ...
Unpacking libsystemd-shared:arm64 (255.4-1ubuntu8.17) ...
Preparing to unpack .../6-libsystemd0_255.4-1ubuntu8.17_arm64.deb ...
Unpacking libsystemd0:arm64 (255.4-1ubuntu8.17) over (255.4-1ubuntu8.16) ...
Setting up libsystemd0:arm64 (255.4-1ubuntu8.17) ...
Selecting previously unselected package systemd-dev.
(Reading database ... (Reading database ... 5%(Reading database ... 10%(Reading database ... 15%(Reading database ... 20%(Reading database ... 25%(Reading database ... 30%(Reading database ... 35%(Reading database ... 40%(Reading database ... 45%(Reading database ... 50%(Reading database ... 55%(Reading database ... 60%(Reading database ... 65%(Reading database ... 70%(Reading database ... 75%(Reading database ... 80%(Reading database ... 85%(Reading database ... 90%(Reading database ... 95%(Reading database ... 100%(Reading database ... 5784 files and directories currently installed.)
Preparing to unpack .../0-systemd-dev_255.4-1ubuntu8.17_all.deb ...
Unpacking systemd-dev (255.4-1ubuntu8.17) ...
Selecting previously unselected package systemd.
Preparing to unpack .../1-systemd_255.4-1ubuntu8.17_arm64.deb ...
Unpacking systemd (255.4-1ubuntu8.17) ...
Selecting previously unselected package libpopt0:arm64.
Preparing to unpack .../2-libpopt0_1.19+dfsg-1build1_arm64.deb ...
Unpacking libpopt0:arm64 (1.19+dfsg-1build1) ...
Selecting previously unselected package rsync.
Preparing to unpack .../3-rsync_3.2.7-1ubuntu1.5_arm64.deb ...
Unpacking rsync (3.2.7-1ubuntu1.5) ...
Selecting previously unselected package perl-modules-5.38.
Preparing to unpack .../4-perl-modules-5.38_5.38.2-3.2ubuntu0.3_all.deb ...
Unpacking perl-modules-5.38 (5.38.2-3.2ubuntu0.3) ...
Selecting previously unselected package libgdbm6t64:arm64.
Preparing to unpack .../5-libgdbm6t64_1.23-5.1build1_arm64.deb ...
Unpacking libgdbm6t64:arm64 (1.23-5.1build1) ...
Selecting previously unselected package libgdbm-compat4t64:arm64.
Preparing to unpack .../6-libgdbm-compat4t64_1.23-5.1build1_arm64.deb ...
Unpacking libgdbm-compat4t64:arm64 (1.23-5.1build1) ...
Selecting previously unselected package libperl5.38t64:arm64.
Preparing to unpack .../7-libperl5.38t64_5.38.2-3.2ubuntu0.3_arm64.deb ...
Unpacking libperl5.38t64:arm64 (5.38.2-3.2ubuntu0.3) ...
Selecting previously unselected package perl.
Preparing to unpack .../8-perl_5.38.2-3.2ubuntu0.3_arm64.deb ...
Unpacking perl (5.38.2-3.2ubuntu0.3) ...
Selecting previously unselected package adduser.
Preparing to unpack .../9-adduser_3.137ubuntu1_all.deb ...
Unpacking adduser (3.137ubuntu1) ...
Setting up adduser (3.137ubuntu1) ...
Selecting previously unselected package openssl.
(Reading database ... (Reading database ... 5%(Reading database ... 10%(Reading database ... 15%(Reading database ... 20%(Reading database ... 25%(Reading database ... 30%(Reading database ... 35%(Reading database ... 40%(Reading database ... 45%(Reading database ... 50%(Reading database ... 55%(Reading database ... 60%(Reading database ... 65%(Reading database ... 70%(Reading database ... 75%(Reading database ... 80%(Reading database ... 85%(Reading database ... 90%(Reading database ... 95%(Reading database ... 100%(Reading database ... 8872 files and directories currently installed.)
Preparing to unpack .../000-openssl_3.0.13-0ubuntu3.12_arm64.deb ...
Unpacking openssl (3.0.13-0ubuntu3.12) ...
Selecting previously unselected package ca-certificates.
Preparing to unpack .../001-ca-certificates_20260601~24.04.1_all.deb ...
Unpacking ca-certificates (20260601~24.04.1) ...
Selecting previously unselected package libdbus-1-3:arm64.
Preparing to unpack .../002-libdbus-1-3_1.14.10-4ubuntu4.1_arm64.deb ...
Unpacking libdbus-1-3:arm64 (1.14.10-4ubuntu4.1) ...
Selecting previously unselected package dbus-bin.
Preparing to unpack .../003-dbus-bin_1.14.10-4ubuntu4.1_arm64.deb ...
Unpacking dbus-bin (1.14.10-4ubuntu4.1) ...
Selecting previously unselected package dbus-session-bus-common.
Preparing to unpack .../004-dbus-session-bus-common_1.14.10-4ubuntu4.1_all.deb ...
Unpacking dbus-session-bus-common (1.14.10-4ubuntu4.1) ...
Selecting previously unselected package dbus-daemon.
Preparing to unpack .../005-dbus-daemon_1.14.10-4ubuntu4.1_arm64.deb ...
Unpacking dbus-daemon (1.14.10-4ubuntu4.1) ...
Selecting previously unselected package dbus-system-bus-common.
Preparing to unpack .../006-dbus-system-bus-common_1.14.10-4ubuntu4.1_all.deb ...
Unpacking dbus-system-bus-common (1.14.10-4ubuntu4.1) ...
Selecting previously unselected package dbus.
Preparing to unpack .../007-dbus_1.14.10-4ubuntu4.1_arm64.deb ...
Unpacking dbus (1.14.10-4ubuntu4.1) ...
Selecting previously unselected package dmsetup.
Preparing to unpack .../008-dmsetup_2%3a1.02.185-3ubuntu3.2_arm64.deb ...
Unpacking dmsetup (2:1.02.185-3ubuntu3.2) ...
Selecting previously unselected package libglib2.0-0t64:arm64.
Preparing to unpack .../009-libglib2.0-0t64_2.80.0-6ubuntu3.8_arm64.deb ...
Unpacking libglib2.0-0t64:arm64 (2.80.0-6ubuntu3.8) ...
Selecting previously unselected package gir1.2-glib-2.0:arm64.
Preparing to unpack .../010-gir1.2-glib-2.0_2.80.0-6ubuntu3.8_arm64.deb ...
Unpacking gir1.2-glib-2.0:arm64 (2.80.0-6ubuntu3.8) ...
Selecting previously unselected package libgirepository-1.0-1:arm64.
Preparing to unpack .../011-libgirepository-1.0-1_1.80.1-1_arm64.deb ...
Unpacking libgirepository-1.0-1:arm64 (1.80.1-1) ...
Selecting previously unselected package gir1.2-girepository-2.0:arm64.
Preparing to unpack .../012-gir1.2-girepository-2.0_1.80.1-1_arm64.deb ...
Unpacking gir1.2-girepository-2.0:arm64 (1.80.1-1) ...
Selecting previously unselected package krb5-locales.
Preparing to unpack .../013-krb5-locales_1.20.1-6ubuntu2.7_all.deb ...
Unpacking krb5-locales (1.20.1-6ubuntu2.7) ...
Selecting previously unselected package less.
Preparing to unpack .../014-less_590-2ubuntu2.1_arm64.deb ...
Unpacking less (590-2ubuntu2.1) ...
Selecting previously unselected package libbsd0:arm64.
Preparing to unpack .../015-libbsd0_0.12.1-1build1.1_arm64.deb ...
Unpacking libbsd0:arm64 (0.12.1-1build1.1) ...
Selecting previously unselected package libglib2.0-data.
Preparing to unpack .../016-libglib2.0-data_2.80.0-6ubuntu3.8_all.deb ...
Unpacking libglib2.0-data (2.80.0-6ubuntu3.8) ...
Selecting previously unselected package libkrb5support0:arm64.
Preparing to unpack .../017-libkrb5support0_1.20.1-6ubuntu2.7_arm64.deb ...
Unpacking libkrb5support0:arm64 (1.20.1-6ubuntu2.7) ...
Selecting previously unselected package libk5crypto3:arm64.
Preparing to unpack .../018-libk5crypto3_1.20.1-6ubuntu2.7_arm64.deb ...
Unpacking libk5crypto3:arm64 (1.20.1-6ubuntu2.7) ...
Selecting previously unselected package libkeyutils1:arm64.
Preparing to unpack .../019-libkeyutils1_1.6.3-3build1_arm64.deb ...
Unpacking libkeyutils1:arm64 (1.6.3-3build1) ...
Selecting previously unselected package libkrb5-3:arm64.
Preparing to unpack .../020-libkrb5-3_1.20.1-6ubuntu2.7_arm64.deb ...
Unpacking libkrb5-3:arm64 (1.20.1-6ubuntu2.7) ...
Selecting previously unselected package libgssapi-krb5-2:arm64.
Preparing to unpack .../021-libgssapi-krb5-2_1.20.1-6ubuntu2.7_arm64.deb ...
Unpacking libgssapi-krb5-2:arm64 (1.20.1-6ubuntu2.7) ...
Selecting previously unselected package libicu74:arm64.
Preparing to unpack .../022-libicu74_74.2-1ubuntu3.1_arm64.deb ...
Unpacking libicu74:arm64 (74.2-1ubuntu3.1) ...
Selecting previously unselected package libxml2:arm64.
Preparing to unpack .../023-libxml2_2.9.14+dfsg-1.3ubuntu3.8_arm64.deb ...
Unpacking libxml2:arm64 (2.9.14+dfsg-1.3ubuntu3.8) ...
Selecting previously unselected package libyaml-0-2:arm64.
Preparing to unpack .../024-libyaml-0-2_0.2.5-1build1_arm64.deb ...
Unpacking libyaml-0-2:arm64 (0.2.5-1build1) ...
Selecting previously unselected package python3-dbus.
Preparing to unpack .../025-python3-dbus_1.3.2-5build3_arm64.deb ...
Unpacking python3-dbus (1.3.2-5build3) ...
Selecting previously unselected package python3-gi.
Preparing to unpack .../026-python3-gi_3.48.2-1_arm64.deb ...
Unpacking python3-gi (3.48.2-1) ...
Selecting previously unselected package networkd-dispatcher.
Preparing to unpack .../027-networkd-dispatcher_2.2.4-1_all.deb ...
Unpacking networkd-dispatcher (2.2.4-1) ...
Selecting previously unselected package python3-pkg-resources.
Preparing to unpack .../028-python3-pkg-resources_68.1.2-2ubuntu1.2_all.deb ...
Unpacking python3-pkg-resources (68.1.2-2ubuntu1.2) ...
Selecting previously unselected package python3-pygments.
Preparing to unpack .../029-python3-pygments_2.17.2+dfsg-1_all.deb ...
Unpacking python3-pygments (2.17.2+dfsg-1) ...
Selecting previously unselected package python3-yaml.
Preparing to unpack .../030-python3-yaml_6.0.1-2build2_arm64.deb ...
Unpacking python3-yaml (6.0.1-2build2) ...
Selecting previously unselected package shared-mime-info.
Preparing to unpack .../031-shared-mime-info_2.4-4_arm64.deb ...
Unpacking shared-mime-info (2.4-4) ...
Selecting previously unselected package systemd-resolved.
Preparing to unpack .../032-systemd-resolved_255.4-1ubuntu8.17_arm64.deb ...
Unpacking systemd-resolved (255.4-1ubuntu8.17) ...
Selecting previously unselected package systemd-timesyncd.
Preparing to unpack .../033-systemd-timesyncd_255.4-1ubuntu8.17_arm64.deb ...
Unpacking systemd-timesyncd (255.4-1ubuntu8.17) ...
Selecting previously unselected package xdg-user-dirs.
Preparing to unpack .../034-xdg-user-dirs_0.18-1build1_arm64.deb ...
Unpacking xdg-user-dirs (0.18-1build1) ...
Selecting previously unselected package libmagic-mgc.
Preparing to unpack .../035-libmagic-mgc_1%3a5.45-3build1_arm64.deb ...
Unpacking libmagic-mgc (1:5.45-3build1) ...
Selecting previously unselected package libmagic1t64:arm64.
Preparing to unpack .../036-libmagic1t64_1%3a5.45-3build1_arm64.deb ...
Unpacking libmagic1t64:arm64 (1:5.45-3build1) ...
Selecting previously unselected package file.
Preparing to unpack .../037-file_1%3a5.45-3build1_arm64.deb ...
Unpacking file (1:5.45-3build1) ...
Selecting previously unselected package libcbor0.10:arm64.
Preparing to unpack .../038-libcbor0.10_0.10.2-1.2ubuntu2_arm64.deb ...
Unpacking libcbor0.10:arm64 (0.10.2-1.2ubuntu2) ...
Selecting previously unselected package libedit2:arm64.
Preparing to unpack .../039-libedit2_3.1-20230828-1build1_arm64.deb ...
Unpacking libedit2:arm64 (3.1-20230828-1build1) ...
Selecting previously unselected package libfido2-1:arm64.
Preparing to unpack .../040-libfido2-1_1.14.0-1build3_arm64.deb ...
Unpacking libfido2-1:arm64 (1.14.0-1build3) ...
Selecting previously unselected package libgpm2:arm64.
Preparing to unpack .../041-libgpm2_1.20.7-11_arm64.deb ...
Unpacking libgpm2:arm64 (1.20.7-11) ...
Selecting previously unselected package libjansson4:arm64.
Preparing to unpack .../042-libjansson4_2.14-2build2_arm64.deb ...
Unpacking libjansson4:arm64 (2.14-2build2) ...
Selecting previously unselected package libncurses6:arm64.
Preparing to unpack .../043-libncurses6_6.4+20240113-1ubuntu2.1_arm64.deb ...
Unpacking libncurses6:arm64 (6.4+20240113-1ubuntu2.1) ...
Selecting previously unselected package libnghttp2-14:arm64.
Preparing to unpack .../044-libnghttp2-14_1.59.0-1ubuntu0.4_arm64.deb ...
Unpacking libnghttp2-14:arm64 (1.59.0-1ubuntu0.4) ...
Selecting previously unselected package libpng16-16t64:arm64.
Preparing to unpack .../045-libpng16-16t64_1.6.43-5ubuntu0.6_arm64.deb ...
Unpacking libpng16-16t64:arm64 (1.6.43-5ubuntu0.6) ...
Selecting previously unselected package libpsl5t64:arm64.
Preparing to unpack .../046-libpsl5t64_0.21.2-1.1build1_arm64.deb ...
Unpacking libpsl5t64:arm64 (0.21.2-1.1build1) ...
Selecting previously unselected package libuv1t64:arm64.
Preparing to unpack .../047-libuv1t64_1.48.0-1.1build1_arm64.deb ...
Unpacking libuv1t64:arm64 (1.48.0-1.1build1) ...
Selecting previously unselected package libxau6:arm64.
Preparing to unpack .../048-libxau6_1%3a1.0.9-1build6_arm64.deb ...
Unpacking libxau6:arm64 (1:1.0.9-1build6) ...
Selecting previously unselected package libxdmcp6:arm64.
Preparing to unpack .../049-libxdmcp6_1%3a1.1.3-0ubuntu6_arm64.deb ...
Unpacking libxdmcp6:arm64 (1:1.1.3-0ubuntu6) ...
Selecting previously unselected package libxcb1:arm64.
Preparing to unpack .../050-libxcb1_1.15-1ubuntu2_arm64.deb ...
Unpacking libxcb1:arm64 (1.15-1ubuntu2) ...
Selecting previously unselected package libx11-data.
Preparing to unpack .../051-libx11-data_2%3a1.8.7-1build1_all.deb ...
Unpacking libx11-data (2:1.8.7-1build1) ...
Selecting previously unselected package libx11-6:arm64.
Preparing to unpack .../052-libx11-6_2%3a1.8.7-1build1_arm64.deb ...
Unpacking libx11-6:arm64 (2:1.8.7-1build1) ...
Selecting previously unselected package libxext6:arm64.
Preparing to unpack .../053-libxext6_2%3a1.3.4-1build2_arm64.deb ...
Unpacking libxext6:arm64 (2:1.3.4-1build2) ...
Selecting previously unselected package libxmuu1:arm64.
Preparing to unpack .../054-libxmuu1_2%3a1.1.3-3build2_arm64.deb ...
Unpacking libxmuu1:arm64 (2:1.1.3-3build2) ...
Selecting previously unselected package manpages.
Preparing to unpack .../055-manpages_6.7-2_all.deb ...
Unpacking manpages (6.7-2) ...
Selecting previously unselected package openssh-client.
Preparing to unpack .../056-openssh-client_1%3a9.6p1-3ubuntu13.18_arm64.deb ...
Unpacking openssh-client (1:9.6p1-3ubuntu13.18) ...
Selecting previously unselected package publicsuffix.
Preparing to unpack .../057-publicsuffix_20231001.0357-0.1_all.deb ...
Unpacking publicsuffix (20231001.0357-0.1) ...
Selecting previously unselected package xauth.
Preparing to unpack .../058-xauth_1%3a1.1.2-1build1_arm64.deb ...
Unpacking xauth (1:1.1.2-1build1) ...
Selecting previously unselected package xz-utils.
Preparing to unpack .../059-xz-utils_5.6.1+really5.4.5-1ubuntu0.3_arm64.deb ...
Unpacking xz-utils (5.6.1+really5.4.5-1ubuntu0.3) ...
Selecting previously unselected package m4.
Preparing to unpack .../060-m4_1.4.19-4build1_arm64.deb ...
Unpacking m4 (1.4.19-4build1) ...
Selecting previously unselected package autoconf.
Preparing to unpack .../061-autoconf_2.71-3_all.deb ...
Unpacking autoconf (2.71-3) ...
Selecting previously unselected package autotools-dev.
Preparing to unpack .../062-autotools-dev_20220109.1_all.deb ...
Unpacking autotools-dev (20220109.1) ...
Selecting previously unselected package automake.
Preparing to unpack .../063-automake_1%3a1.16.5-1.3ubuntu1_all.deb ...
Unpacking automake (1:1.16.5-1.3ubuntu1) ...
Selecting previously unselected package binutils-common:arm64.
Preparing to unpack .../064-binutils-common_2.42-4ubuntu2.10_arm64.deb ...
Unpacking binutils-common:arm64 (2.42-4ubuntu2.10) ...
Selecting previously unselected package libsframe1:arm64.
Preparing to unpack .../065-libsframe1_2.42-4ubuntu2.10_arm64.deb ...
Unpacking libsframe1:arm64 (2.42-4ubuntu2.10) ...
Selecting previously unselected package libbinutils:arm64.
Preparing to unpack .../066-libbinutils_2.42-4ubuntu2.10_arm64.deb ...
Unpacking libbinutils:arm64 (2.42-4ubuntu2.10) ...
Selecting previously unselected package libctf-nobfd0:arm64.
Preparing to unpack .../067-libctf-nobfd0_2.42-4ubuntu2.10_arm64.deb ...
Unpacking libctf-nobfd0:arm64 (2.42-4ubuntu2.10) ...
Selecting previously unselected package libctf0:arm64.
Preparing to unpack .../068-libctf0_2.42-4ubuntu2.10_arm64.deb ...
Unpacking libctf0:arm64 (2.42-4ubuntu2.10) ...
Selecting previously unselected package libgprofng0:arm64.
Preparing to unpack .../069-libgprofng0_2.42-4ubuntu2.10_arm64.deb ...
Unpacking libgprofng0:arm64 (2.42-4ubuntu2.10) ...
Selecting previously unselected package binutils-aarch64-linux-gnu.
Preparing to unpack .../070-binutils-aarch64-linux-gnu_2.42-4ubuntu2.10_arm64.deb ...
Unpacking binutils-aarch64-linux-gnu (2.42-4ubuntu2.10) ...
Selecting previously unselected package binutils.
Preparing to unpack .../071-binutils_2.42-4ubuntu2.10_arm64.deb ...
Unpacking binutils (2.42-4ubuntu2.10) ...
Selecting previously unselected package binutils-riscv64-linux-gnu.
Preparing to unpack .../072-binutils-riscv64-linux-gnu_2.42-4ubuntu2.10_arm64.deb ...
Unpacking binutils-riscv64-linux-gnu (2.42-4ubuntu2.10) ...
Selecting previously unselected package libc-dev-bin.
Preparing to unpack .../073-libc-dev-bin_2.39-0ubuntu8.8_arm64.deb ...
Unpacking libc-dev-bin (2.39-0ubuntu8.8) ...
Selecting previously unselected package linux-libc-dev:arm64.
Preparing to unpack .../074-linux-libc-dev_6.8.0-137.137_arm64.deb ...
Unpacking linux-libc-dev:arm64 (6.8.0-137.137) ...
Selecting previously unselected package libcrypt-dev:arm64.
Preparing to unpack .../075-libcrypt-dev_1%3a4.4.36-4build1_arm64.deb ...
Unpacking libcrypt-dev:arm64 (1:4.4.36-4build1) ...
Selecting previously unselected package rpcsvc-proto.
Preparing to unpack .../076-rpcsvc-proto_1.4.2-0ubuntu7_arm64.deb ...
Unpacking rpcsvc-proto (1.4.2-0ubuntu7) ...
Selecting previously unselected package libc6-dev:arm64.
Preparing to unpack .../077-libc6-dev_2.39-0ubuntu8.8_arm64.deb ...
Unpacking libc6-dev:arm64 (2.39-0ubuntu8.8) ...
Selecting previously unselected package gcc-13-base:arm64.
Preparing to unpack .../078-gcc-13-base_13.3.0-6ubuntu2~24.04.1_arm64.deb ...
Unpacking gcc-13-base:arm64 (13.3.0-6ubuntu2~24.04.1) ...
Selecting previously unselected package libisl23:arm64.
Preparing to unpack .../079-libisl23_0.26-3build1.1_arm64.deb ...
Unpacking libisl23:arm64 (0.26-3build1.1) ...
Selecting previously unselected package libmpfr6:arm64.
Preparing to unpack .../080-libmpfr6_4.2.1-1build1.1_arm64.deb ...
Unpacking libmpfr6:arm64 (4.2.1-1build1.1) ...
Selecting previously unselected package libmpc3:arm64.
Preparing to unpack .../081-libmpc3_1.3.1-1build1.1_arm64.deb ...
Unpacking libmpc3:arm64 (1.3.1-1build1.1) ...
Selecting previously unselected package cpp-13-aarch64-linux-gnu.
Preparing to unpack .../082-cpp-13-aarch64-linux-gnu_13.3.0-6ubuntu2~24.04.1_arm64.deb ...
Unpacking cpp-13-aarch64-linux-gnu (13.3.0-6ubuntu2~24.04.1) ...
Selecting previously unselected package cpp-13.
Preparing to unpack .../083-cpp-13_13.3.0-6ubuntu2~24.04.1_arm64.deb ...
Unpacking cpp-13 (13.3.0-6ubuntu2~24.04.1) ...
Selecting previously unselected package cpp-aarch64-linux-gnu.
Preparing to unpack .../084-cpp-aarch64-linux-gnu_4%3a13.2.0-7ubuntu1_arm64.deb ...
Unpacking cpp-aarch64-linux-gnu (4:13.2.0-7ubuntu1) ...
Selecting previously unselected package cpp.
Preparing to unpack .../085-cpp_4%3a13.2.0-7ubuntu1_arm64.deb ...
Unpacking cpp (4:13.2.0-7ubuntu1) ...
Selecting previously unselected package libcc1-0:arm64.
Preparing to unpack .../086-libcc1-0_14.2.0-4ubuntu2~24.04.1_arm64.deb ...
Unpacking libcc1-0:arm64 (14.2.0-4ubuntu2~24.04.1) ...
Selecting previously unselected package libgomp1:arm64.
Preparing to unpack .../087-libgomp1_14.2.0-4ubuntu2~24.04.1_arm64.deb ...
Unpacking libgomp1:arm64 (14.2.0-4ubuntu2~24.04.1) ...
Selecting previously unselected package libitm1:arm64.
Preparing to unpack .../088-libitm1_14.2.0-4ubuntu2~24.04.1_arm64.deb ...
Unpacking libitm1:arm64 (14.2.0-4ubuntu2~24.04.1) ...
Selecting previously unselected package libatomic1:arm64.
Preparing to unpack .../089-libatomic1_14.2.0-4ubuntu2~24.04.1_arm64.deb ...
Unpacking libatomic1:arm64 (14.2.0-4ubuntu2~24.04.1) ...
Selecting previously unselected package libasan8:arm64.
Preparing to unpack .../090-libasan8_14.2.0-4ubuntu2~24.04.1_arm64.deb ...
Unpacking libasan8:arm64 (14.2.0-4ubuntu2~24.04.1) ...
Selecting previously unselected package liblsan0:arm64.
Preparing to unpack .../091-liblsan0_14.2.0-4ubuntu2~24.04.1_arm64.deb ...
Unpacking liblsan0:arm64 (14.2.0-4ubuntu2~24.04.1) ...
Selecting previously unselected package libtsan2:arm64.
Preparing to unpack .../092-libtsan2_14.2.0-4ubuntu2~24.04.1_arm64.deb ...
Unpacking libtsan2:arm64 (14.2.0-4ubuntu2~24.04.1) ...
Selecting previously unselected package libubsan1:arm64.
Preparing to unpack .../093-libubsan1_14.2.0-4ubuntu2~24.04.1_arm64.deb ...
Unpacking libubsan1:arm64 (14.2.0-4ubuntu2~24.04.1) ...
Selecting previously unselected package libhwasan0:arm64.
Preparing to unpack .../094-libhwasan0_14.2.0-4ubuntu2~24.04.1_arm64.deb ...
Unpacking libhwasan0:arm64 (14.2.0-4ubuntu2~24.04.1) ...
Selecting previously unselected package libgcc-13-dev:arm64.
Preparing to unpack .../095-libgcc-13-dev_13.3.0-6ubuntu2~24.04.1_arm64.deb ...
Unpacking libgcc-13-dev:arm64 (13.3.0-6ubuntu2~24.04.1) ...
Selecting previously unselected package gcc-13-aarch64-linux-gnu.
Preparing to unpack .../096-gcc-13-aarch64-linux-gnu_13.3.0-6ubuntu2~24.04.1_arm64.deb ...
Unpacking gcc-13-aarch64-linux-gnu (13.3.0-6ubuntu2~24.04.1) ...
Selecting previously unselected package gcc-13.
Preparing to unpack .../097-gcc-13_13.3.0-6ubuntu2~24.04.1_arm64.deb ...
Unpacking gcc-13 (13.3.0-6ubuntu2~24.04.1) ...
Selecting previously unselected package gcc-aarch64-linux-gnu.
Preparing to unpack .../098-gcc-aarch64-linux-gnu_4%3a13.2.0-7ubuntu1_arm64.deb ...
Unpacking gcc-aarch64-linux-gnu (4:13.2.0-7ubuntu1) ...
Selecting previously unselected package gcc.
Preparing to unpack .../099-gcc_4%3a13.2.0-7ubuntu1_arm64.deb ...
Unpacking gcc (4:13.2.0-7ubuntu1) ...
Selecting previously unselected package libstdc++-13-dev:arm64.
Preparing to unpack .../100-libstdc++-13-dev_13.3.0-6ubuntu2~24.04.1_arm64.deb ...
Unpacking libstdc++-13-dev:arm64 (13.3.0-6ubuntu2~24.04.1) ...
Selecting previously unselected package g++-13-aarch64-linux-gnu.
Preparing to unpack .../101-g++-13-aarch64-linux-gnu_13.3.0-6ubuntu2~24.04.1_arm64.deb ...
Unpacking g++-13-aarch64-linux-gnu (13.3.0-6ubuntu2~24.04.1) ...
Selecting previously unselected package g++-13.
Preparing to unpack .../102-g++-13_13.3.0-6ubuntu2~24.04.1_arm64.deb ...
Unpacking g++-13 (13.3.0-6ubuntu2~24.04.1) ...
Selecting previously unselected package g++-aarch64-linux-gnu.
Preparing to unpack .../103-g++-aarch64-linux-gnu_4%3a13.2.0-7ubuntu1_arm64.deb ...
Unpacking g++-aarch64-linux-gnu (4:13.2.0-7ubuntu1) ...
Selecting previously unselected package g++.
Preparing to unpack .../104-g++_4%3a13.2.0-7ubuntu1_arm64.deb ...
Unpacking g++ (4:13.2.0-7ubuntu1) ...
Selecting previously unselected package make.
Preparing to unpack .../105-make_4.3-4.1build2_arm64.deb ...
Unpacking make (4.3-4.1build2) ...
Selecting previously unselected package libdpkg-perl.
Preparing to unpack .../106-libdpkg-perl_1.22.6ubuntu6.6_all.deb ...
Unpacking libdpkg-perl (1.22.6ubuntu6.6) ...
Selecting previously unselected package bzip2.
Preparing to unpack .../107-bzip2_1.0.8-5.1build0.1_arm64.deb ...
Unpacking bzip2 (1.0.8-5.1build0.1) ...
Selecting previously unselected package patch.
Preparing to unpack .../108-patch_2.7.6-7build3_arm64.deb ...
Unpacking patch (2.7.6-7build3) ...
Selecting previously unselected package lto-disabled-list.
Preparing to unpack .../109-lto-disabled-list_47_all.deb ...
Unpacking lto-disabled-list (47) ...
Selecting previously unselected package dpkg-dev.
Preparing to unpack .../110-dpkg-dev_1.22.6ubuntu6.6_all.deb ...
Unpacking dpkg-dev (1.22.6ubuntu6.6) ...
Selecting previously unselected package build-essential.
Preparing to unpack .../111-build-essential_12.10ubuntu1_arm64.deb ...
Unpacking build-essential (12.10ubuntu1) ...
Selecting previously unselected package libllvm18:arm64.
Preparing to unpack .../112-libllvm18_1%3a18.1.3-1ubuntu1_arm64.deb ...
Unpacking libllvm18:arm64 (1:18.1.3-1ubuntu1) ...
Selecting previously unselected package libclang-cpp18.
Preparing to unpack .../113-libclang-cpp18_1%3a18.1.3-1ubuntu1_arm64.deb ...
Unpacking libclang-cpp18 (1:18.1.3-1ubuntu1) ...
Selecting previously unselected package libgc1:arm64.
Preparing to unpack .../114-libgc1_1%3a8.2.6-1build1_arm64.deb ...
Unpacking libgc1:arm64 (1:8.2.6-1build1) ...
Selecting previously unselected package libobjc4:arm64.
Preparing to unpack .../115-libobjc4_14.2.0-4ubuntu2~24.04.1_arm64.deb ...
Unpacking libobjc4:arm64 (14.2.0-4ubuntu2~24.04.1) ...
Selecting previously unselected package libobjc-13-dev:arm64.
Preparing to unpack .../116-libobjc-13-dev_13.3.0-6ubuntu2~24.04.1_arm64.deb ...
Unpacking libobjc-13-dev:arm64 (13.3.0-6ubuntu2~24.04.1) ...
Selecting previously unselected package libclang-common-18-dev:arm64.
Preparing to unpack .../117-libclang-common-18-dev_1%3a18.1.3-1ubuntu1_arm64.deb ...
Unpacking libclang-common-18-dev:arm64 (1:18.1.3-1ubuntu1) ...
Selecting previously unselected package llvm-18-linker-tools.
Preparing to unpack .../118-llvm-18-linker-tools_1%3a18.1.3-1ubuntu1_arm64.deb ...
Unpacking llvm-18-linker-tools (1:18.1.3-1ubuntu1) ...
Selecting previously unselected package libclang1-18.
Preparing to unpack .../119-libclang1-18_1%3a18.1.3-1ubuntu1_arm64.deb ...
Unpacking libclang1-18 (1:18.1.3-1ubuntu1) ...
Selecting previously unselected package clang-18.
Preparing to unpack .../120-clang-18_1%3a18.1.3-1ubuntu1_arm64.deb ...
Unpacking clang-18 (1:18.1.3-1ubuntu1) ...
Selecting previously unselected package clang.
Preparing to unpack .../121-clang_1%3a18.0-59~exp2_arm64.deb ...
Unpacking clang (1:18.0-59~exp2) ...
Selecting previously unselected package libarchive13t64:arm64.
Preparing to unpack .../122-libarchive13t64_3.7.2-2ubuntu0.8_arm64.deb ...
Unpacking libarchive13t64:arm64 (3.7.2-2ubuntu0.8) ...
Selecting previously unselected package libbrotli1:arm64.
Preparing to unpack .../123-libbrotli1_1.1.0-2build2_arm64.deb ...
Unpacking libbrotli1:arm64 (1.1.0-2build2) ...
Selecting previously unselected package libsasl2-modules-db:arm64.
Preparing to unpack .../124-libsasl2-modules-db_2.1.28+dfsg1-5ubuntu3.1_arm64.deb ...
Unpacking libsasl2-modules-db:arm64 (2.1.28+dfsg1-5ubuntu3.1) ...
Selecting previously unselected package libsasl2-2:arm64.
Preparing to unpack .../125-libsasl2-2_2.1.28+dfsg1-5ubuntu3.1_arm64.deb ...
Unpacking libsasl2-2:arm64 (2.1.28+dfsg1-5ubuntu3.1) ...
Selecting previously unselected package libldap2:arm64.
Preparing to unpack .../126-libldap2_2.6.10+dfsg-0ubuntu0.24.04.1_arm64.deb ...
Unpacking libldap2:arm64 (2.6.10+dfsg-0ubuntu0.24.04.1) ...
Selecting previously unselected package librtmp1:arm64.
Preparing to unpack .../127-librtmp1_2.4+20151223.gitfa8646d.1-2build7_arm64.deb ...
Unpacking librtmp1:arm64 (2.4+20151223.gitfa8646d.1-2build7) ...
Selecting previously unselected package libssh-4:arm64.
Preparing to unpack .../128-libssh-4_0.10.6-2ubuntu0.4_arm64.deb ...
Unpacking libssh-4:arm64 (0.10.6-2ubuntu0.4) ...
Selecting previously unselected package libcurl4t64:arm64.
Preparing to unpack .../129-libcurl4t64_8.5.0-2ubuntu10.11_arm64.deb ...
Unpacking libcurl4t64:arm64 (8.5.0-2ubuntu10.11) ...
Selecting previously unselected package libjsoncpp25:arm64.
Preparing to unpack .../130-libjsoncpp25_1.9.5-6build1_arm64.deb ...
Unpacking libjsoncpp25:arm64 (1.9.5-6build1) ...
Selecting previously unselected package librhash0:arm64.
Preparing to unpack .../131-librhash0_1.4.3-3build1_arm64.deb ...
Unpacking librhash0:arm64 (1.4.3-3build1) ...
Selecting previously unselected package cmake-data.
Preparing to unpack .../132-cmake-data_3.28.3-1build7_all.deb ...
Unpacking cmake-data (3.28.3-1build7) ...
Selecting previously unselected package cmake.
Preparing to unpack .../133-cmake_3.28.3-1build7_arm64.deb ...
Unpacking cmake (3.28.3-1build7) ...
Selecting previously unselected package gcc-13-riscv64-linux-gnu-base:arm64.
Preparing to unpack .../134-gcc-13-riscv64-linux-gnu-base_13.3.0-6ubuntu2~24.04.1cross1_arm64.deb ...
Unpacking gcc-13-riscv64-linux-gnu-base:arm64 (13.3.0-6ubuntu2~24.04.1cross1) ...
Selecting previously unselected package cpp-13-riscv64-linux-gnu.
Preparing to unpack .../135-cpp-13-riscv64-linux-gnu_13.3.0-6ubuntu2~24.04.1cross1_arm64.deb ...
Unpacking cpp-13-riscv64-linux-gnu (13.3.0-6ubuntu2~24.04.1cross1) ...
Selecting previously unselected package cpp-riscv64-linux-gnu.
Preparing to unpack .../136-cpp-riscv64-linux-gnu_4%3a13.2.0-7ubuntu1_arm64.deb ...
Unpacking cpp-riscv64-linux-gnu (4:13.2.0-7ubuntu1) ...
Selecting previously unselected package curl.
Preparing to unpack .../137-curl_8.5.0-2ubuntu10.11_arm64.deb ...
Unpacking curl (8.5.0-2ubuntu10.11) ...
Selecting previously unselected package gpgconf.
Preparing to unpack .../138-gpgconf_2.4.4-2ubuntu17.4_arm64.deb ...
Unpacking gpgconf (2.4.4-2ubuntu17.4) ...
Selecting previously unselected package libksba8:arm64.
Preparing to unpack .../139-libksba8_1.6.6-1build1_arm64.deb ...
Unpacking libksba8:arm64 (1.6.6-1build1) ...
Selecting previously unselected package dirmngr.
Preparing to unpack .../140-dirmngr_2.4.4-2ubuntu17.4_arm64.deb ...
Unpacking dirmngr (2.4.4-2ubuntu17.4) ...
Selecting previously unselected package libfakeroot:arm64.
Preparing to unpack .../141-libfakeroot_1.33-1_arm64.deb ...
Unpacking libfakeroot:arm64 (1.33-1) ...
Selecting previously unselected package fakeroot.
Preparing to unpack .../142-fakeroot_1.33-1_arm64.deb ...
Unpacking fakeroot (1.33-1) ...
Selecting previously unselected package fonts-dejavu-mono.
Preparing to unpack .../143-fonts-dejavu-mono_2.37-8_all.deb ...
Unpacking fonts-dejavu-mono (2.37-8) ...
Selecting previously unselected package fonts-dejavu-core.
Preparing to unpack .../144-fonts-dejavu-core_2.37-8_all.deb ...
Unpacking fonts-dejavu-core (2.37-8) ...
Selecting previously unselected package fontconfig-config.
Preparing to unpack .../145-fontconfig-config_2.15.0-1.1ubuntu2_arm64.deb ...
Unpacking fontconfig-config (2.15.0-1.1ubuntu2) ...
Selecting previously unselected package gcc-13-cross-base.
Preparing to unpack .../146-gcc-13-cross-base_13.3.0-6ubuntu2~24.04.1cross1_all.deb ...
Unpacking gcc-13-cross-base (13.3.0-6ubuntu2~24.04.1cross1) ...
Selecting previously unselected package gcc-14-cross-base.
Preparing to unpack .../147-gcc-14-cross-base_14.2.0-4ubuntu2~24.04.1cross1_all.deb ...
Unpacking gcc-14-cross-base (14.2.0-4ubuntu2~24.04.1cross1) ...
Selecting previously unselected package libc6-riscv64-cross.
Preparing to unpack .../148-libc6-riscv64-cross_2.39-0ubuntu8cross1_all.deb ...
Unpacking libc6-riscv64-cross (2.39-0ubuntu8cross1) ...
Selecting previously unselected package libgcc-s1-riscv64-cross.
Preparing to unpack .../149-libgcc-s1-riscv64-cross_14.2.0-4ubuntu2~24.04.1cross1_all.deb ...
Unpacking libgcc-s1-riscv64-cross (14.2.0-4ubuntu2~24.04.1cross1) ...
Selecting previously unselected package libgomp1-riscv64-cross.
Preparing to unpack .../150-libgomp1-riscv64-cross_14.2.0-4ubuntu2~24.04.1cross1_all.deb ...
Unpacking libgomp1-riscv64-cross (14.2.0-4ubuntu2~24.04.1cross1) ...
Selecting previously unselected package libitm1-riscv64-cross.
Preparing to unpack .../151-libitm1-riscv64-cross_14.2.0-4ubuntu2~24.04.1cross1_all.deb ...
Unpacking libitm1-riscv64-cross (14.2.0-4ubuntu2~24.04.1cross1) ...
Selecting previously unselected package libatomic1-riscv64-cross.
Preparing to unpack .../152-libatomic1-riscv64-cross_14.2.0-4ubuntu2~24.04.1cross1_all.deb ...
Unpacking libatomic1-riscv64-cross (14.2.0-4ubuntu2~24.04.1cross1) ...
Selecting previously unselected package libasan8-riscv64-cross.
Preparing to unpack .../153-libasan8-riscv64-cross_14.2.0-4ubuntu2~24.04.1cross1_all.deb ...
Unpacking libasan8-riscv64-cross (14.2.0-4ubuntu2~24.04.1cross1) ...
Selecting previously unselected package libstdc++6-riscv64-cross.
Preparing to unpack .../154-libstdc++6-riscv64-cross_14.2.0-4ubuntu2~24.04.1cross1_all.deb ...
Unpacking libstdc++6-riscv64-cross (14.2.0-4ubuntu2~24.04.1cross1) ...
Selecting previously unselected package libubsan1-riscv64-cross.
Preparing to unpack .../155-libubsan1-riscv64-cross_14.2.0-4ubuntu2~24.04.1cross1_all.deb ...
Unpacking libubsan1-riscv64-cross (14.2.0-4ubuntu2~24.04.1cross1) ...
Selecting previously unselected package libgcc-13-dev-riscv64-cross.
Preparing to unpack .../156-libgcc-13-dev-riscv64-cross_13.3.0-6ubuntu2~24.04.1cross1_all.deb ...
Unpacking libgcc-13-dev-riscv64-cross (13.3.0-6ubuntu2~24.04.1cross1) ...
Selecting previously unselected package gcc-13-riscv64-linux-gnu.
Preparing to unpack .../157-gcc-13-riscv64-linux-gnu_13.3.0-6ubuntu2~24.04.1cross1_arm64.deb ...
Unpacking gcc-13-riscv64-linux-gnu (13.3.0-6ubuntu2~24.04.1cross1) ...
Selecting previously unselected package gcc-riscv64-linux-gnu.
Preparing to unpack .../158-gcc-riscv64-linux-gnu_4%3a13.2.0-7ubuntu1_arm64.deb ...
Unpacking gcc-riscv64-linux-gnu (4:13.2.0-7ubuntu1) ...
Selecting previously unselected package libcurl3t64-gnutls:arm64.
Preparing to unpack .../159-libcurl3t64-gnutls_8.5.0-2ubuntu10.11_arm64.deb ...
Unpacking libcurl3t64-gnutls:arm64 (8.5.0-2ubuntu10.11) ...
Selecting previously unselected package liberror-perl.
Preparing to unpack .../160-liberror-perl_0.17029-2_all.deb ...
Unpacking liberror-perl (0.17029-2) ...
Selecting previously unselected package git-man.
Preparing to unpack .../161-git-man_1%3a2.43.0-1ubuntu7.3_all.deb ...
Unpacking git-man (1:2.43.0-1ubuntu7.3) ...
Selecting previously unselected package git.
Preparing to unpack .../162-git_1%3a2.43.0-1ubuntu7.3_arm64.deb ...
Unpacking git (1:2.43.0-1ubuntu7.3) ...
Selecting previously unselected package gnupg-utils.
Preparing to unpack .../163-gnupg-utils_2.4.4-2ubuntu17.4_arm64.deb ...
Unpacking gnupg-utils (2.4.4-2ubuntu17.4) ...
Selecting previously unselected package gpg.
Preparing to unpack .../164-gpg_2.4.4-2ubuntu17.4_arm64.deb ...
Unpacking gpg (2.4.4-2ubuntu17.4) ...
Selecting previously unselected package pinentry-curses.
Preparing to unpack .../165-pinentry-curses_1.2.1-3ubuntu5_arm64.deb ...
Unpacking pinentry-curses (1.2.1-3ubuntu5) ...
Selecting previously unselected package gpg-agent.
Preparing to unpack .../166-gpg-agent_2.4.4-2ubuntu17.4_arm64.deb ...
Unpacking gpg-agent (2.4.4-2ubuntu17.4) ...
Selecting previously unselected package gpgsm.
Preparing to unpack .../167-gpgsm_2.4.4-2ubuntu17.4_arm64.deb ...
Unpacking gpgsm (2.4.4-2ubuntu17.4) ...
Selecting previously unselected package keyboxd.
Preparing to unpack .../168-keyboxd_2.4.4-2ubuntu17.4_arm64.deb ...
Unpacking keyboxd (2.4.4-2ubuntu17.4) ...
Selecting previously unselected package gnupg.
Preparing to unpack .../169-gnupg_2.4.4-2ubuntu17.4_all.deb ...
Unpacking gnupg (2.4.4-2ubuntu17.4) ...
Selecting previously unselected package gnupg-l10n.
Preparing to unpack .../170-gnupg-l10n_2.4.4-2ubuntu17.4_all.deb ...
Unpacking gnupg-l10n (2.4.4-2ubuntu17.4) ...
Selecting previously unselected package gpg-wks-client.
Preparing to unpack .../171-gpg-wks-client_2.4.4-2ubuntu17.4_arm64.deb ...
Unpacking gpg-wks-client (2.4.4-2ubuntu17.4) ...
Selecting previously unselected package icu-devtools.
Preparing to unpack .../172-icu-devtools_74.2-1ubuntu3.1_arm64.deb ...
Unpacking icu-devtools (74.2-1ubuntu3.1) ...
Selecting previously unselected package libonig5:arm64.
Preparing to unpack .../173-libonig5_6.9.9-1build1_arm64.deb ...
Unpacking libonig5:arm64 (6.9.9-1build1) ...
Selecting previously unselected package libjq1:arm64.
Preparing to unpack .../174-libjq1_1.7.1-3ubuntu0.24.04.2_arm64.deb ...
Unpacking libjq1:arm64 (1.7.1-3ubuntu0.24.04.2) ...
Selecting previously unselected package jq.
Preparing to unpack .../175-jq_1.7.1-3ubuntu0.24.04.2_arm64.deb ...
Unpacking jq (1.7.1-3ubuntu0.24.04.2) ...
Selecting previously unselected package libalgorithm-diff-perl.
Preparing to unpack .../176-libalgorithm-diff-perl_1.201-1_all.deb ...
Unpacking libalgorithm-diff-perl (1.201-1) ...
Selecting previously unselected package libalgorithm-diff-xs-perl:arm64.
Preparing to unpack .../177-libalgorithm-diff-xs-perl_0.04-8build3_arm64.deb ...
Unpacking libalgorithm-diff-xs-perl:arm64 (0.04-8build3) ...
Selecting previously unselected package libalgorithm-merge-perl.
Preparing to unpack .../178-libalgorithm-merge-perl_0.08-5_all.deb ...
Unpacking libalgorithm-merge-perl (0.08-5) ...
Selecting previously unselected package libaom3:arm64.
Preparing to unpack .../179-libaom3_3.8.2-2ubuntu0.1_arm64.deb ...
Unpacking libaom3:arm64 (3.8.2-2ubuntu0.1) ...
Selecting previously unselected package libfreetype6:arm64.
Preparing to unpack .../180-libfreetype6_2.13.2+dfsg-1ubuntu0.1_arm64.deb ...
Unpacking libfreetype6:arm64 (2.13.2+dfsg-1ubuntu0.1) ...
Selecting previously unselected package libfontconfig1:arm64.
Preparing to unpack .../181-libfontconfig1_2.15.0-1.1ubuntu2_arm64.deb ...
Unpacking libfontconfig1:arm64 (2.15.0-1.1ubuntu2) ...
Selecting previously unselected package libsharpyuv0:arm64.
Preparing to unpack .../182-libsharpyuv0_1.3.2-0.4build3_arm64.deb ...
Unpacking libsharpyuv0:arm64 (1.3.2-0.4build3) ...
Selecting previously unselected package libheif-plugin-aomdec:arm64.
Preparing to unpack .../183-libheif-plugin-aomdec_1.17.6-1ubuntu4.6_arm64.deb ...
Unpacking libheif-plugin-aomdec:arm64 (1.17.6-1ubuntu4.6) ...
Selecting previously unselected package libheif1:arm64.
Preparing to unpack .../184-libheif1_1.17.6-1ubuntu4.6_arm64.deb ...
Unpacking libheif1:arm64 (1.17.6-1ubuntu4.6) ...
Selecting previously unselected package libjpeg-turbo8:arm64.
Preparing to unpack .../185-libjpeg-turbo8_2.1.5-2ubuntu2_arm64.deb ...
Unpacking libjpeg-turbo8:arm64 (2.1.5-2ubuntu2) ...
Selecting previously unselected package libjpeg8:arm64.
Preparing to unpack .../186-libjpeg8_8c-2ubuntu11_arm64.deb ...
Unpacking libjpeg8:arm64 (8c-2ubuntu11) ...
Selecting previously unselected package libdeflate0:arm64.
Preparing to unpack .../187-libdeflate0_1.19-1build1.1_arm64.deb ...
Unpacking libdeflate0:arm64 (1.19-1build1.1) ...
Selecting previously unselected package libjbig0:arm64.
Preparing to unpack .../188-libjbig0_2.1-6.1ubuntu2_arm64.deb ...
Unpacking libjbig0:arm64 (2.1-6.1ubuntu2) ...
Selecting previously unselected package liblerc4:arm64.
Preparing to unpack .../189-liblerc4_4.0.0+ds-4ubuntu2_arm64.deb ...
Unpacking liblerc4:arm64 (4.0.0+ds-4ubuntu2) ...
Selecting previously unselected package libwebp7:arm64.
Preparing to unpack .../190-libwebp7_1.3.2-0.4build3_arm64.deb ...
Unpacking libwebp7:arm64 (1.3.2-0.4build3) ...
Selecting previously unselected package libtiff6:arm64.
Preparing to unpack .../191-libtiff6_4.5.1+git230720-4ubuntu2.5_arm64.deb ...
Unpacking libtiff6:arm64 (4.5.1+git230720-4ubuntu2.5) ...
Selecting previously unselected package libxpm4:arm64.
Preparing to unpack .../192-libxpm4_1%3a3.5.17-1ubuntu0.24.04.1_arm64.deb ...
Unpacking libxpm4:arm64 (1:3.5.17-1ubuntu0.24.04.1) ...
Selecting previously unselected package libgd3:arm64.
Preparing to unpack .../193-libgd3_2.3.3-9ubuntu5_arm64.deb ...
Unpacking libgd3:arm64 (2.3.3-9ubuntu5) ...
Selecting previously unselected package libc-devtools.
Preparing to unpack .../194-libc-devtools_2.39-0ubuntu8.8_arm64.deb ...
Unpacking libc-devtools (2.39-0ubuntu8.8) ...
Selecting previously unselected package libclang-18-dev.
Preparing to unpack .../195-libclang-18-dev_1%3a18.1.3-1ubuntu1_arm64.deb ...
Unpacking libclang-18-dev (1:18.1.3-1ubuntu1) ...
Selecting previously unselected package libclang-dev.
Preparing to unpack .../196-libclang-dev_1%3a18.0-59~exp2_arm64.deb ...
Unpacking libclang-dev (1:18.0-59~exp2) ...
Selecting previously unselected package libclang-rt-18-dev:arm64.
Preparing to unpack .../197-libclang-rt-18-dev_1%3a18.1.3-1ubuntu1_arm64.deb ...
Unpacking libclang-rt-18-dev:arm64 (1:18.1.3-1ubuntu1) ...
Selecting previously unselected package libfile-fcntllock-perl.
Preparing to unpack .../198-libfile-fcntllock-perl_0.22-4ubuntu5_arm64.deb ...
Unpacking libfile-fcntllock-perl (0.22-4ubuntu5) ...
Selecting previously unselected package libheif-plugin-aomenc:arm64.
Preparing to unpack .../199-libheif-plugin-aomenc_1.17.6-1ubuntu4.6_arm64.deb ...
Unpacking libheif-plugin-aomenc:arm64 (1.17.6-1ubuntu4.6) ...
Selecting previously unselected package libicu-dev:arm64.
Preparing to unpack .../200-libicu-dev_74.2-1ubuntu3.1_arm64.deb ...
Unpacking libicu-dev:arm64 (74.2-1ubuntu3.1) ...
Selecting previously unselected package libldap-common.
Preparing to unpack .../201-libldap-common_2.6.10+dfsg-0ubuntu0.24.04.1_all.deb ...
Unpacking libldap-common (2.6.10+dfsg-0ubuntu0.24.04.1) ...
Selecting previously unselected package libltdl7:arm64.
Preparing to unpack .../202-libltdl7_2.4.7-7build1_arm64.deb ...
Unpacking libltdl7:arm64 (2.4.7-7build1) ...
Selecting previously unselected package libltdl-dev:arm64.
Preparing to unpack .../203-libltdl-dev_2.4.7-7build1_arm64.deb ...
Unpacking libltdl-dev:arm64 (2.4.7-7build1) ...
Selecting previously unselected package libncurses-dev:arm64.
Preparing to unpack .../204-libncurses-dev_6.4+20240113-1ubuntu2.1_arm64.deb ...
Unpacking libncurses-dev:arm64 (6.4+20240113-1ubuntu2.1) ...
Selecting previously unselected package libpkgconf3:arm64.
Preparing to unpack .../205-libpkgconf3_1.8.1-2build1_arm64.deb ...
Unpacking libpkgconf3:arm64 (1.8.1-2build1) ...
Selecting previously unselected package libsasl2-modules:arm64.
Preparing to unpack .../206-libsasl2-modules_2.1.28+dfsg1-5ubuntu3.1_arm64.deb ...
Unpacking libsasl2-modules:arm64 (2.1.28+dfsg1-5ubuntu3.1) ...
Selecting previously unselected package libtool.
Preparing to unpack .../207-libtool_2.4.7-7build1_all.deb ...
Unpacking libtool (2.4.7-7build1) ...
Selecting previously unselected package libxml2-dev:arm64.
Preparing to unpack .../208-libxml2-dev_2.9.14+dfsg-1.3ubuntu3.8_arm64.deb ...
Unpacking libxml2-dev:arm64 (2.9.14+dfsg-1.3ubuntu3.8) ...
Selecting previously unselected package llvm-18-runtime.
Preparing to unpack .../209-llvm-18-runtime_1%3a18.1.3-1ubuntu1_arm64.deb ...
Unpacking llvm-18-runtime (1:18.1.3-1ubuntu1) ...
Selecting previously unselected package llvm-runtime:arm64.
Preparing to unpack .../210-llvm-runtime_1%3a18.0-59~exp2_arm64.deb ...
Unpacking llvm-runtime:arm64 (1:18.0-59~exp2) ...
Selecting previously unselected package libpfm4:arm64.
Preparing to unpack .../211-libpfm4_4.13.0+git32-g0d4ed0e-1_arm64.deb ...
Unpacking libpfm4:arm64 (4.13.0+git32-g0d4ed0e-1) ...
Selecting previously unselected package llvm-18.
Preparing to unpack .../212-llvm-18_1%3a18.1.3-1ubuntu1_arm64.deb ...
Unpacking llvm-18 (1:18.1.3-1ubuntu1) ...
Selecting previously unselected package llvm.
Preparing to unpack .../213-llvm_1%3a18.0-59~exp2_arm64.deb ...
Unpacking llvm (1:18.0-59~exp2) ...
Selecting previously unselected package libffi-dev:arm64.
Preparing to unpack .../214-libffi-dev_3.4.6-1build1_arm64.deb ...
Unpacking libffi-dev:arm64 (3.4.6-1build1) ...
Selecting previously unselected package llvm-18-tools.
Preparing to unpack .../215-llvm-18-tools_1%3a18.1.3-1ubuntu1_arm64.deb ...
Unpacking llvm-18-tools (1:18.1.3-1ubuntu1) ...
Selecting previously unselected package libz3-4:arm64.
Preparing to unpack .../216-libz3-4_4.8.12-3.1build1_arm64.deb ...
Unpacking libz3-4:arm64 (4.8.12-3.1build1) ...
Selecting previously unselected package libz3-dev:arm64.
Preparing to unpack .../217-libz3-dev_4.8.12-3.1build1_arm64.deb ...
Unpacking libz3-dev:arm64 (4.8.12-3.1build1) ...
Selecting previously unselected package llvm-18-dev.
Preparing to unpack .../218-llvm-18-dev_1%3a18.1.3-1ubuntu1_arm64.deb ...
Unpacking llvm-18-dev (1:18.1.3-1ubuntu1) ...
Selecting previously unselected package llvm-dev.
Preparing to unpack .../219-llvm-dev_1%3a18.0-59~exp2_arm64.deb ...
Unpacking llvm-dev (1:18.0-59~exp2) ...
Selecting previously unselected package manpages-dev.
Preparing to unpack .../220-manpages-dev_6.7-2_all.deb ...
Unpacking manpages-dev (6.7-2) ...
Selecting previously unselected package pkgconf-bin.
Preparing to unpack .../221-pkgconf-bin_1.8.1-2build1_arm64.deb ...
Unpacking pkgconf-bin (1.8.1-2build1) ...
Selecting previously unselected package pkgconf:arm64.
Preparing to unpack .../222-pkgconf_1.8.1-2build1_arm64.deb ...
Unpacking pkgconf:arm64 (1.8.1-2build1) ...
Selecting previously unselected package pkg-config:arm64.
Preparing to unpack .../223-pkg-config_1.8.1-2build1_arm64.deb ...
Unpacking pkg-config:arm64 (1.8.1-2build1) ...
Selecting previously unselected package qemu-user.
Preparing to unpack .../224-qemu-user_1%3a8.2.2+ds-0ubuntu1.18_arm64.deb ...
Unpacking qemu-user (1:8.2.2+ds-0ubuntu1.18) ...
Selecting previously unselected package qemu-user-binfmt.
Preparing to unpack .../225-qemu-user-binfmt_1%3a8.2.2+ds-0ubuntu1.18_arm64.deb ...
Unpacking qemu-user-binfmt (1:8.2.2+ds-0ubuntu1.18) ...
Selecting previously unselected package linux-libc-dev-riscv64-cross.
Preparing to unpack .../226-linux-libc-dev-riscv64-cross_6.8.0-25.25cross1_all.deb ...
Unpacking linux-libc-dev-riscv64-cross (6.8.0-25.25cross1) ...
Selecting previously unselected package libc6-dev-riscv64-cross.
Preparing to unpack .../227-libc6-dev-riscv64-cross_2.39-0ubuntu8cross1_all.deb ...
Unpacking libc6-dev-riscv64-cross (2.39-0ubuntu8cross1) ...
Setting up libksba8:arm64 (1.6.6-1build1) ...
Setting up pinentry-curses (1.2.1-3ubuntu5) ...
Setting up media-types (10.1.0) ...
Setting up libsharpyuv0:arm64 (1.3.2-0.4build3) ...
Setting up libaom3:arm64 (3.8.2-2ubuntu0.1) ...
Setting up libxau6:arm64 (1:1.0.9-1build6) ...
Setting up libkeyutils1:arm64 (1.6.3-3build1) ...
Setting up lto-disabled-list (47) ...
Setting up libapparmor1:arm64 (4.0.1really4.0.1-0ubuntu0.24.04.7) ...
Setting up libgpm2:arm64 (1.20.7-11) ...
Setting up liblerc4:arm64 (4.0.0+ds-4ubuntu2) ...
Setting up libgdbm6t64:arm64 (1.23-5.1build1) ...
Setting up libgdbm-compat4t64:arm64 (1.23-5.1build1) ...
Setting up xdg-user-dirs (0.18-1build1) ...
Setting up gcc-13-riscv64-linux-gnu-base:arm64 (13.3.0-6ubuntu2~24.04.1cross1) ...
Setting up libmagic-mgc (1:5.45-3build1) ...
Setting up libcbor0.10:arm64 (0.10.2-1.2ubuntu2) ...
Setting up libyaml-0-2:arm64 (0.2.5-1build1) ...
Setting up manpages (6.7-2) ...
Setting up libargon2-1:arm64 (0~20190702+dfsg-4build1) ...
Setting up libbrotli1:arm64 (1.1.0-2build2) ...
Setting up libsqlite3-0:arm64 (3.45.1-1ubuntu2.7) ...
Setting up libsasl2-modules:arm64 (2.1.28+dfsg1-5ubuntu3.1) ...
Setting up libuv1t64:arm64 (1.48.0-1.1build1) ...
Setting up libmagic1t64:arm64 (1:5.45-3build1) ...
Setting up binutils-common:arm64 (2.42-4ubuntu2.10) ...
Setting up libpsl5t64:arm64 (0.21.2-1.1build1) ...
Setting up libnghttp2-14:arm64 (1.59.0-1ubuntu0.4) ...
Setting up libdeflate0:arm64 (1.19-1build1.1) ...
Setting up less (590-2ubuntu2.1) ...
Setting up linux-libc-dev:arm64 (6.8.0-137.137) ...
Setting up libctf-nobfd0:arm64 (2.42-4ubuntu2.10) ...
Setting up m4 (1.4.19-4build1) ...
Setting up systemd-dev (255.4-1ubuntu8.17) ...
Setting up krb5-locales (1.20.1-6ubuntu2.7) ...
Setting up gcc-14-cross-base (14.2.0-4ubuntu2~24.04.1cross1) ...
Setting up file (1:5.45-3build1) ...
Setting up libgomp1:arm64 (14.2.0-4ubuntu2~24.04.1) ...
Setting up bzip2 (1.0.8-5.1build0.1) ...
Setting up libffi-dev:arm64 (3.4.6-1build1) ...
Setting up libldap-common (2.6.10+dfsg-0ubuntu0.24.04.1) ...
Setting up libjbig0:arm64 (2.1-6.1ubuntu2) ...
Setting up libsframe1:arm64 (2.42-4ubuntu2.10) ...
Setting up libfakeroot:arm64 (1.33-1) ...
Setting up libjansson4:arm64 (2.14-2build2) ...
Setting up libkrb5support0:arm64 (1.20.1-6ubuntu2.7) ...
Setting up libsasl2-modules-db:arm64 (2.1.28+dfsg1-5ubuntu3.1) ...
Setting up tzdata (2026c-0ubuntu0.24.04.1) ...

Current default time zone: 'Etc/UTC'
Local time is now:      Wed Aug 12 05:36:34 UTC 2026.
Universal Time is now:  Wed Aug 12 05:36:34 UTC 2026.
Run 'dpkg-reconfigure tzdata' if you wish to change it.

Setting up fakeroot (1.33-1) ...
update-alternatives: using /usr/bin/fakeroot-sysv to provide /usr/bin/fakeroot (fakeroot) in auto mode
update-alternatives: warning: skip creation of /usr/share/man/man1/fakeroot.1.gz because associated file /usr/share/man/man1/fakeroot-sysv.1.gz (of link group fakeroot) doesn't exist
update-alternatives: warning: skip creation of /usr/share/man/man1/faked.1.gz because associated file /usr/share/man/man1/faked-sysv.1.gz (of link group fakeroot) doesn't exist
update-alternatives: warning: skip creation of /usr/share/man/es/man1/fakeroot.1.gz because associated file /usr/share/man/es/man1/fakeroot-sysv.1.gz (of link group fakeroot) doesn't exist
update-alternatives: warning: skip creation of /usr/share/man/es/man1/faked.1.gz because associated file /usr/share/man/es/man1/faked-sysv.1.gz (of link group fakeroot) doesn't exist
update-alternatives: warning: skip creation of /usr/share/man/fr/man1/fakeroot.1.gz because associated file /usr/share/man/fr/man1/fakeroot-sysv.1.gz (of link group fakeroot) doesn't exist
update-alternatives: warning: skip creation of /usr/share/man/fr/man1/faked.1.gz because associated file /usr/share/man/fr/man1/faked-sysv.1.gz (of link group fakeroot) doesn't exist
update-alternatives: warning: skip creation of /usr/share/man/sv/man1/fakeroot.1.gz because associated file /usr/share/man/sv/man1/fakeroot-sysv.1.gz (of link group fakeroot) doesn't exist
update-alternatives: warning: skip creation of /usr/share/man/sv/man1/faked.1.gz because associated file /usr/share/man/sv/man1/faked-sysv.1.gz (of link group fakeroot) doesn't exist
Setting up autotools-dev (20220109.1) ...
Setting up libz3-4:arm64 (4.8.12-3.1build1) ...
Setting up libglib2.0-0t64:arm64 (2.80.0-6ubuntu3.8) ...
No schema files found: doing nothing.
Setting up libglib2.0-data (2.80.0-6ubuntu3.8) ...
Setting up libpkgconf3:arm64 (1.8.1-2build1) ...
Setting up libpfm4:arm64 (4.13.0+git32-g0d4ed0e-1) ...
Setting up rpcsvc-proto (1.4.2-0ubuntu7) ...
Setting up gcc-13-base:arm64 (13.3.0-6ubuntu2~24.04.1) ...
Setting up libx11-data (2:1.8.7-1build1) ...
Setting up make (4.3-4.1build2) ...
Setting up libmpfr6:arm64 (4.2.1-1build1.1) ...
Setting up gnupg-l10n (2.4.4-2ubuntu17.4) ...
Setting up librtmp1:arm64 (2.4+20151223.gitfa8646d.1-2build7) ...
Setting up qemu-user (1:8.2.2+ds-0ubuntu1.18) ...
Setting up libncurses6:arm64 (6.4+20240113-1ubuntu2.1) ...
Setting up gcc-13-cross-base (13.3.0-6ubuntu2~24.04.1cross1) ...
Setting up libdbus-1-3:arm64 (1.14.10-4ubuntu4.1) ...
Setting up xz-utils (5.6.1+really5.4.5-1ubuntu0.3) ...
update-alternatives: using /usr/bin/xz to provide /usr/bin/lzma (lzma) in auto mode
update-alternatives: warning: skip creation of /usr/share/man/man1/lzma.1.gz because associated file /usr/share/man/man1/xz.1.gz (of link group lzma) doesn't exist
update-alternatives: warning: skip creation of /usr/share/man/man1/unlzma.1.gz because associated file /usr/share/man/man1/unxz.1.gz (of link group lzma) doesn't exist
update-alternatives: warning: skip creation of /usr/share/man/man1/lzcat.1.gz because associated file /usr/share/man/man1/xzcat.1.gz (of link group lzma) doesn't exist
update-alternatives: warning: skip creation of /usr/share/man/man1/lzmore.1.gz because associated file /usr/share/man/man1/xzmore.1.gz (of link group lzma) doesn't exist
update-alternatives: warning: skip creation of /usr/share/man/man1/lzless.1.gz because associated file /usr/share/man/man1/xzless.1.gz (of link group lzma) doesn't exist
update-alternatives: warning: skip creation of /usr/share/man/man1/lzdiff.1.gz because associated file /usr/share/man/man1/xzdiff.1.gz (of link group lzma) doesn't exist
update-alternatives: warning: skip creation of /usr/share/man/man1/lzcmp.1.gz because associated file /usr/share/man/man1/xzcmp.1.gz (of link group lzma) doesn't exist
update-alternatives: warning: skip creation of /usr/share/man/man1/lzgrep.1.gz because associated file /usr/share/man/man1/xzgrep.1.gz (of link group lzma) doesn't exist
update-alternatives: warning: skip creation of /usr/share/man/man1/lzegrep.1.gz because associated file /usr/share/man/man1/xzegrep.1.gz (of link group lzma) doesn't exist
update-alternatives: warning: skip creation of /usr/share/man/man1/lzfgrep.1.gz because associated file /usr/share/man/man1/xzfgrep.1.gz (of link group lzma) doesn't exist
Setting up perl-modules-5.38 (5.38.2-3.2ubuntu0.3) ...
Setting up fonts-dejavu-mono (2.37-8) ...
Setting up libpng16-16t64:arm64 (1.6.43-5ubuntu0.6) ...
Setting up libmpc3:arm64 (1.3.1-1build1.1) ...
Setting up libatomic1:arm64 (14.2.0-4ubuntu2~24.04.1) ...
Setting up patch (2.7.6-7build3) ...
Setting up libjsoncpp25:arm64 (1.9.5-6build1) ...
Setting up fonts-dejavu-core (2.37-8) ...
Setting up pkgconf-bin (1.8.1-2build1) ...
Setting up gir1.2-glib-2.0:arm64 (2.80.0-6ubuntu3.8) ...
Setting up libclang-common-18-dev:arm64 (1:18.1.3-1ubuntu1) ...
Setting up libk5crypto3:arm64 (1.20.1-6ubuntu2.7) ...
Setting up libjpeg-turbo8:arm64 (2.1.5-2ubuntu2) ...
Setting up libgc1:arm64 (1:8.2.6-1build1) ...
Setting up libltdl7:arm64 (2.4.7-7build1) ...
Setting up libsasl2-2:arm64 (2.1.28+dfsg1-5ubuntu3.1) ...
Setting up libwebp7:arm64 (1.3.2-0.4build3) ...
Setting up libfdisk1:arm64 (2.39.3-9ubuntu6.5) ...
Setting up libubsan1:arm64 (14.2.0-4ubuntu2~24.04.1) ...
Setting up libicu74:arm64 (74.2-1ubuntu3.1) ...
Setting up libdevmapper1.02.1:arm64 (2:1.02.185-3ubuntu3.2) ...
Setting up dmsetup (2:1.02.185-3ubuntu3.2) ...
Setting up libhwasan0:arm64 (14.2.0-4ubuntu2~24.04.1) ...
Setting up librhash0:arm64 (1.4.3-3build1) ...
Setting up libcrypt-dev:arm64 (1:4.4.36-4build1) ...
Setting up dbus-session-bus-common (1.14.10-4ubuntu4.1) ...
Setting up libasan8:arm64 (14.2.0-4ubuntu2~24.04.1) ...
Setting up linux-libc-dev-riscv64-cross (6.8.0-25.25cross1) ...
Setting up git-man (1:2.43.0-1ubuntu7.3) ...
Setting up libgirepository-1.0-1:arm64 (1.80.1-1) ...
Setting up netbase (6.4) ...
Setting up libc6-riscv64-cross (2.39-0ubuntu8cross1) ...
Setting up cmake-data (3.28.3-1build7) ...
Setting up libkrb5-3:arm64 (1.20.1-6ubuntu2.7) ...
Setting up libgomp1-riscv64-cross (14.2.0-4ubuntu2~24.04.1cross1) ...
Setting up libperl5.38t64:arm64 (5.38.2-3.2ubuntu0.3) ...
Setting up libtsan2:arm64 (14.2.0-4ubuntu2~24.04.1) ...
Setting up libbinutils:arm64 (2.42-4ubuntu2.10) ...
Setting up dbus-system-bus-common (1.14.10-4ubuntu4.1) ...
Setting up libfido2-1:arm64 (1.14.0-1build3) ...
Setting up libisl23:arm64 (0.26-3build1.1) ...
Setting up libatomic1-riscv64-cross (14.2.0-4ubuntu2~24.04.1cross1) ...
Setting up libc-dev-bin (2.39-0ubuntu8.8) ...
Setting up openssl (3.0.13-0ubuntu3.12) ...
Setting up libbsd0:arm64 (0.12.1-1build1.1) ...
Setting up qemu-user-binfmt (1:8.2.2+ds-0ubuntu1.18) ...
Setting up libjson-c5:arm64 (0.17-1build1) ...
Setting up readline-common (8.2-4build1) ...
Setting up publicsuffix (20231001.0357-0.1) ...
Setting up libxml2:arm64 (2.9.14+dfsg-1.3ubuntu3.8) ...
Setting up libclang-rt-18-dev:arm64 (1:18.1.3-1ubuntu1) ...
Setting up libcc1-0:arm64 (14.2.0-4ubuntu2~24.04.1) ...
Setting up libldap2:arm64 (2.6.10+dfsg-0ubuntu0.24.04.1) ...
Setting up dbus-bin (1.14.10-4ubuntu4.1) ...
Setting up libonig5:arm64 (6.9.9-1build1) ...
Setting up liblocale-gettext-perl (1.07-6ubuntu5) ...
Setting up liblsan0:arm64 (14.2.0-4ubuntu2~24.04.1) ...
Setting up libitm1:arm64 (14.2.0-4ubuntu2~24.04.1) ...
Setting up libkmod2:arm64 (31+20240202-2ubuntu7.2) ...
Setting up libpopt0:arm64 (1.19+dfsg-1build1) ...
Setting up gnupg-utils (2.4.4-2ubuntu17.4) ...
Setting up libctf0:arm64 (2.42-4ubuntu2.10) ...
Setting up libjpeg8:arm64 (8c-2ubuntu11) ...
Setting up libz3-dev:arm64 (4.8.12-3.1build1) ...
Setting up manpages-dev (6.7-2) ...
Setting up libxdmcp6:arm64 (1:1.1.3-0ubuntu6) ...
Setting up libxcb1:arm64 (1.15-1ubuntu2) ...
Setting up cpp-13-aarch64-linux-gnu (13.3.0-6ubuntu2~24.04.1) ...
Setting up cpp-13-riscv64-linux-gnu (13.3.0-6ubuntu2~24.04.1cross1) ...
Setting up libjq1:arm64 (1.7.1-3ubuntu0.24.04.2) ...
Setting up fontconfig-config (2.15.0-1.1ubuntu2) ...
Setting up libedit2:arm64 (3.1-20230828-1build1) ...
Setting up libitm1-riscv64-cross (14.2.0-4ubuntu2~24.04.1cross1) ...
Setting up binutils-riscv64-linux-gnu (2.42-4ubuntu2.10) ...
Setting up libobjc4:arm64 (14.2.0-4ubuntu2~24.04.1) ...
Setting up dbus-daemon (1.14.10-4ubuntu4.1) ...
Setting up pkgconf:arm64 (1.8.1-2build1) ...
Setting up ca-certificates (20260601~24.04.1) ...
Updating certificates in /etc/ssl/certs...
121 added, 0 removed; done.
Setting up perl (5.38.2-3.2ubuntu0.3) ...
Setting up cpp-aarch64-linux-gnu (4:13.2.0-7ubuntu1) ...
Setting up libgprofng0:arm64 (2.42-4ubuntu2.10) ...
Setting up libfreetype6:arm64 (2.13.2+dfsg-1ubuntu0.1) ...
Setting up libgcc-s1-riscv64-cross (14.2.0-4ubuntu2~24.04.1cross1) ...
Setting up gir1.2-girepository-2.0:arm64 (1.80.1-1) ...
Setting up dbus (1.14.10-4ubuntu4.1) ...
Setting up shared-mime-info (2.4-4) ...
Setting up libgssapi-krb5-2:arm64 (1.20.1-6ubuntu2.7) ...
Setting up libsystemd-shared:arm64 (255.4-1ubuntu8.17) ...
Setting up icu-devtools (74.2-1ubuntu3.1) ...
Setting up pkg-config:arm64 (1.8.1-2build1) ...
Setting up libdpkg-perl (1.22.6ubuntu6.6) ...
Setting up libssh-4:arm64 (0.10.6-2ubuntu0.4) ...
Setting up autoconf (2.71-3) ...
Setting up libreadline8t64:arm64 (8.2-4build1) ...
Setting up libgcc-13-dev:arm64 (13.3.0-6ubuntu2~24.04.1) ...
Setting up libtiff6:arm64 (4.5.1+git230720-4ubuntu2.5) ...
Setting up libc6-dev-riscv64-cross (2.39-0ubuntu8cross1) ...
Setting up jq (1.7.1-3ubuntu0.24.04.2) ...
Setting up gpgconf (2.4.4-2ubuntu17.4) ...
Setting up libasan8-riscv64-cross (14.2.0-4ubuntu2~24.04.1cross1) ...
Setting up libc6-dev:arm64 (2.39-0ubuntu8.8) ...
Setting up libx11-6:arm64 (2:1.8.7-1build1) ...
Setting up libcryptsetup12:arm64 (2:2.7.0-1ubuntu4.2) ...
Setting up libfontconfig1:arm64 (2.15.0-1.1ubuntu2) ...
Setting up cpp-riscv64-linux-gnu (4:13.2.0-7ubuntu1) ...
Setting up libarchive13t64:arm64 (3.7.2-2ubuntu0.8) ...
Setting up libicu-dev:arm64 (74.2-1ubuntu3.1) ...
Setting up libxmuu1:arm64 (2:1.1.3-3build2) ...
Setting up gpg (2.4.4-2ubuntu17.4) ...
Setting up libobjc-13-dev:arm64 (13.3.0-6ubuntu2~24.04.1) ...
Setting up rsync (3.2.7-1ubuntu1.5) ...
invoke-rc.d: could not determine current runlevel
invoke-rc.d: policy-rc.d denied execution of start.
Setting up libstdc++-13-dev:arm64 (13.3.0-6ubuntu2~24.04.1) ...
Setting up libllvm18:arm64 (1:18.1.3-1ubuntu1) ...
Setting up automake (1:1.16.5-1.3ubuntu1) ...
update-alternatives: using /usr/bin/automake-1.16 to provide /usr/bin/automake (automake) in auto mode
update-alternatives: warning: skip creation of /usr/share/man/man1/automake.1.gz because associated file /usr/share/man/man1/automake-1.16.1.gz (of link group automake) doesn't exist
update-alternatives: warning: skip creation of /usr/share/man/man1/aclocal.1.gz because associated file /usr/share/man/man1/aclocal-1.16.1.gz (of link group automake) doesn't exist
Setting up libstdc++6-riscv64-cross (14.2.0-4ubuntu2~24.04.1cross1) ...
Setting up libclang1-18 (1:18.1.3-1ubuntu1) ...
Setting up libncurses-dev:arm64 (6.4+20240113-1ubuntu2.1) ...
Setting up gpg-agent (2.4.4-2ubuntu17.4) ...
Created symlink /etc/systemd/user/sockets.target.wants/gpg-agent.socket → /usr/lib/systemd/user/gpg-agent.socket.
Created symlink /etc/systemd/user/sockets.target.wants/gpg-agent-ssh.socket → /usr/lib/systemd/user/gpg-agent-ssh.socket.
Created symlink /etc/systemd/user/sockets.target.wants/gpg-agent-extra.socket → /usr/lib/systemd/user/gpg-agent-extra.socket.
Created symlink /etc/systemd/user/sockets.target.wants/gpg-agent-browser.socket → /usr/lib/systemd/user/gpg-agent-browser.socket.
Setting up libpython3.12-stdlib:arm64 (3.12.3-1ubuntu0.15) ...
Setting up libxpm4:arm64 (1:3.5.17-1ubuntu0.24.04.1) ...
Setting up cpp-13 (13.3.0-6ubuntu2~24.04.1) ...
Setting up libcurl4t64:arm64 (8.5.0-2ubuntu10.11) ...
Setting up libfile-fcntllock-perl (0.22-4ubuntu5) ...
Setting up libalgorithm-diff-perl (1.201-1) ...
Setting up libubsan1-riscv64-cross (14.2.0-4ubuntu2~24.04.1cross1) ...
Setting up openssh-client (1:9.6p1-3ubuntu13.18) ...
Setting up python3.12 (3.12.3-1ubuntu0.15) ...
Setting up gpgsm (2.4.4-2ubuntu17.4) ...
Setting up libcurl3t64-gnutls:arm64 (8.5.0-2ubuntu10.11) ...
Setting up libxext6:arm64 (2:1.3.4-1build2) ...
Setting up binutils-aarch64-linux-gnu (2.42-4ubuntu2.10) ...
Setting up systemd (255.4-1ubuntu8.17) ...
Created symlink /etc/systemd/system/getty.target.wants/getty@tty1.service → /usr/lib/systemd/system/getty@.service.
Created symlink /etc/systemd/system/multi-user.target.wants/remote-fs.target → /usr/lib/systemd/system/remote-fs.target.
Created symlink /etc/systemd/system/sysinit.target.wants/systemd-pstore.service → /usr/lib/systemd/system/systemd-pstore.service.
Initializing machine ID from D-Bus machine ID.
/usr/lib/tmpfiles.d/systemd-network.conf:10: Failed to resolve user 'systemd-network': No such process
/usr/lib/tmpfiles.d/systemd-network.conf:11: Failed to resolve user 'systemd-network': No such process
/usr/lib/tmpfiles.d/systemd-network.conf:12: Failed to resolve user 'systemd-network': No such process
/usr/lib/tmpfiles.d/systemd-network.conf:13: Failed to resolve user 'systemd-network': No such process
/usr/lib/tmpfiles.d/systemd.conf:22: Failed to resolve group 'systemd-journal': No such process
/usr/lib/tmpfiles.d/systemd.conf:23: Failed to resolve group 'systemd-journal': No such process
/usr/lib/tmpfiles.d/systemd.conf:28: Failed to resolve group 'systemd-journal': No such process
/usr/lib/tmpfiles.d/systemd.conf:29: Failed to resolve group 'systemd-journal': No such process
/usr/lib/tmpfiles.d/systemd.conf:30: Failed to resolve group 'systemd-journal': No such process
Creating group 'systemd-journal' with GID 999.
Creating group 'systemd-network' with GID 998.
Creating user 'systemd-network' (systemd Network Management) with UID 998 and GID 998.
Setting up binutils (2.42-4ubuntu2.10) ...
Setting up gcc-13-aarch64-linux-gnu (13.3.0-6ubuntu2~24.04.1) ...
Setting up dpkg-dev (1.22.6ubuntu6.6) ...
Setting up liberror-perl (0.17029-2) ...
Setting up dirmngr (2.4.4-2ubuntu17.4) ...
Created symlink /etc/systemd/user/sockets.target.wants/dirmngr.socket → /usr/lib/systemd/user/dirmngr.socket.
Setting up libltdl-dev:arm64 (2.4.7-7build1) ...
Setting up libclang-18-dev (1:18.1.3-1ubuntu1) ...
Setting up libxml2-dev:arm64 (2.9.14+dfsg-1.3ubuntu3.8) ...
Setting up gcc-13 (13.3.0-6ubuntu2~24.04.1) ...
Setting up systemd-timesyncd (255.4-1ubuntu8.17) ...
Creating group 'systemd-timesync' with GID 997.
Creating user 'systemd-timesync' (systemd Time Synchronization) with UID 997 and GID 997.
Created symlink /etc/systemd/system/dbus-org.freedesktop.timesync1.service → /usr/lib/systemd/system/systemd-timesyncd.service.
Created symlink /etc/systemd/system/sysinit.target.wants/systemd-timesyncd.service → /usr/lib/systemd/system/systemd-timesyncd.service.
Setting up keyboxd (2.4.4-2ubuntu17.4) ...
Created symlink /etc/systemd/user/sockets.target.wants/keyboxd.socket → /usr/lib/systemd/user/keyboxd.socket.
Setting up git (1:2.43.0-1ubuntu7.3) ...
Setting up llvm-18-linker-tools (1:18.1.3-1ubuntu1) ...
Setting up xauth (1:1.1.2-1build1) ...
Setting up cpp (4:13.2.0-7ubuntu1) ...
Setting up gnupg (2.4.4-2ubuntu17.4) ...
Setting up cmake (3.28.3-1build7) ...
Setting up curl (8.5.0-2ubuntu10.11) ...
Setting up llvm-18-runtime (1:18.1.3-1ubuntu1) ...
Setting up libclang-cpp18 (1:18.1.3-1ubuntu1) ...
Setting up libalgorithm-diff-xs-perl:arm64 (0.04-8build3) ...
Setting up libgcc-13-dev-riscv64-cross (13.3.0-6ubuntu2~24.04.1cross1) ...
Setting up libpython3-stdlib:arm64 (3.12.3-0ubuntu2.1) ...
Setting up libalgorithm-merge-perl (0.08-5) ...
Setting up systemd-resolved (255.4-1ubuntu8.17) ...
Converting /etc/resolv.conf to a symlink to /run/systemd/resolve/stub-resolv.conf...
mv: cannot move '/etc/resolv.conf' to '/etc/.resolv.conf.systemd-resolved.bak': Device or resource busy
Cannot take a backup of /etc/resolv.conf.
ln: failed to create symbolic link '/etc/resolv.conf': Device or resource busy
Cannot install symlink from /etc/resolv.conf to ../run/systemd/resolve/stub-resolv.conf
Creating group 'systemd-resolve' with GID 996.
Creating user 'systemd-resolve' (systemd Resolver) with UID 996 and GID 996.
Created symlink /etc/systemd/system/dbus-org.freedesktop.resolve1.service → /usr/lib/systemd/system/systemd-resolved.service.
Created symlink /etc/systemd/system/sysinit.target.wants/systemd-resolved.service → /usr/lib/systemd/system/systemd-resolved.service.
Setting up g++-13-aarch64-linux-gnu (13.3.0-6ubuntu2~24.04.1) ...
Setting up gcc-aarch64-linux-gnu (4:13.2.0-7ubuntu1) ...
Setting up g++-13 (13.3.0-6ubuntu2~24.04.1) ...
Setting up libclang-dev (1:18.0-59~exp2) ...
Setting up gpg-wks-client (2.4.4-2ubuntu17.4) ...
Setting up libtool (2.4.7-7build1) ...
Setting up gcc-13-riscv64-linux-gnu (13.3.0-6ubuntu2~24.04.1cross1) ...
Setting up clang-18 (1:18.1.3-1ubuntu1) ...
Setting up python3 (3.12.3-0ubuntu2.1) ...
Setting up gcc (4:13.2.0-7ubuntu1) ...
Setting up gcc-riscv64-linux-gnu (4:13.2.0-7ubuntu1) ...
Setting up clang (1:18.0-59~exp2) ...
Setting up llvm-runtime:arm64 (1:18.0-59~exp2) ...
Setting up python3-gi (3.48.2-1) ...
Setting up llvm-18 (1:18.1.3-1ubuntu1) ...
Setting up g++-aarch64-linux-gnu (4:13.2.0-7ubuntu1) ...
Setting up python3-pkg-resources (68.1.2-2ubuntu1.2) ...
Setting up python3-dbus (1.3.2-5build3) ...
Setting up python3-yaml (6.0.1-2build2) ...
Setting up python3-pygments (2.17.2+dfsg-1) ...
Setting up llvm (1:18.0-59~exp2) ...
Setting up g++ (4:13.2.0-7ubuntu1) ...
update-alternatives: using /usr/bin/g++ to provide /usr/bin/c++ (c++) in auto mode
update-alternatives: warning: skip creation of /usr/share/man/man1/c++.1.gz because associated file /usr/share/man/man1/g++.1.gz (of link group c++) doesn't exist
Setting up build-essential (12.10ubuntu1) ...
Setting up networkd-dispatcher (2.2.4-1) ...
Created symlink /etc/systemd/system/multi-user.target.wants/networkd-dispatcher.service → /usr/lib/systemd/system/networkd-dispatcher.service.
Setting up llvm-18-tools (1:18.1.3-1ubuntu1) ...
Setting up llvm-18-dev (1:18.1.3-1ubuntu1) ...
Setting up llvm-dev (1:18.0-59~exp2) ...
Setting up libheif-plugin-aomdec:arm64 (1.17.6-1ubuntu4.6) ...
Setting up libheif1:arm64 (1.17.6-1ubuntu4.6) ...
Setting up libgd3:arm64 (2.3.3-9ubuntu5) ...
Setting up libc-devtools (2.39-0ubuntu8.8) ...
Setting up libheif-plugin-aomenc:arm64 (1.17.6-1ubuntu4.6) ...
Processing triggers for libc-bin (2.39-0ubuntu8.8) ...
Processing triggers for ca-certificates (20260601~24.04.1) ...
Updating certificates in /etc/ssl/certs...
0 added, 0 removed; done.
Running hooks in /etc/ca-certificates/update.d...
done.
Cloning into '/src'...
HEAD is now at 893bd63 minor fixes
893bd63 minor fixes
1f3108f test
8e43bdf start on cleanup
25ac199 fix compile
23efc98 initial c2rust
a647fd7 setup some miri testing
debconf: delaying package configuration, since apt-utils is not installed
Selecting previously unselected package liblocale-gettext-perl.
(Reading database ... (Reading database ... 5%(Reading database ... 10%(Reading database ... 15%(Reading database ... 20%(Reading database ... 25%(Reading database ... 30%(Reading database ... 35%(Reading database ... 40%(Reading database ... 45%(Reading database ... 50%(Reading database ... 55%(Reading database ... 60%(Reading database ... 65%(Reading database ... 70%(Reading database ... 75%(Reading database ... 80%(Reading database ... 85%(Reading database ... 90%(Reading database ... 95%(Reading database ... 100%(Reading database ... 4376 files and directories currently installed.)
Preparing to unpack .../liblocale-gettext-perl_1.07-6ubuntu5_arm64.deb ...
Unpacking liblocale-gettext-perl (1.07-6ubuntu5) ...
Selecting previously unselected package libpython3.12-minimal:arm64.
Preparing to unpack .../libpython3.12-minimal_3.12.3-1ubuntu0.15_arm64.deb ...
Unpacking libpython3.12-minimal:arm64 (3.12.3-1ubuntu0.15) ...
Selecting previously unselected package libexpat1:arm64.
Preparing to unpack .../libexpat1_2.6.1-2ubuntu0.4_arm64.deb ...
Unpacking libexpat1:arm64 (2.6.1-2ubuntu0.4) ...
Selecting previously unselected package python3.12-minimal.
Preparing to unpack .../python3.12-minimal_3.12.3-1ubuntu0.15_arm64.deb ...
Unpacking python3.12-minimal (3.12.3-1ubuntu0.15) ...
Setting up libpython3.12-minimal:arm64 (3.12.3-1ubuntu0.15) ...
Setting up libexpat1:arm64 (2.6.1-2ubuntu0.4) ...
Setting up python3.12-minimal (3.12.3-1ubuntu0.15) ...
Selecting previously unselected package python3-minimal.
(Reading database ... (Reading database ... 5%(Reading database ... 10%(Reading database ... 15%(Reading database ... 20%(Reading database ... 25%(Reading database ... 30%(Reading database ... 35%(Reading database ... 40%(Reading database ... 45%(Reading database ... 50%(Reading database ... 55%(Reading database ... 60%(Reading database ... 65%(Reading database ... 70%(Reading database ... 75%(Reading database ... 80%(Reading database ... 85%(Reading database ... 90%(Reading database ... 95%(Reading database ... 100%(Reading database ... 4709 files and directories currently installed.)
Preparing to unpack .../0-python3-minimal_3.12.3-0ubuntu2.1_arm64.deb ...
Unpacking python3-minimal (3.12.3-0ubuntu2.1) ...
Selecting previously unselected package media-types.
Preparing to unpack .../1-media-types_10.1.0_all.deb ...
Unpacking media-types (10.1.0) ...
Selecting previously unselected package netbase.
Preparing to unpack .../2-netbase_6.4_all.deb ...
Unpacking netbase (6.4) ...
Selecting previously unselected package tzdata.
Preparing to unpack .../3-tzdata_2026c-0ubuntu0.24.04.1_all.deb ...
Unpacking tzdata (2026c-0ubuntu0.24.04.1) ...
Selecting previously unselected package readline-common.
Preparing to unpack .../4-readline-common_8.2-4build1_all.deb ...
Unpacking readline-common (8.2-4build1) ...
Selecting previously unselected package libreadline8t64:arm64.
Preparing to unpack .../5-libreadline8t64_8.2-4build1_arm64.deb ...
Adding 'diversion of /lib/aarch64-linux-gnu/libhistory.so.8 to /lib/aarch64-linux-gnu/libhistory.so.8.usr-is-merged by libreadline8t64'
Adding 'diversion of /lib/aarch64-linux-gnu/libhistory.so.8.2 to /lib/aarch64-linux-gnu/libhistory.so.8.2.usr-is-merged by libreadline8t64'
Adding 'diversion of /lib/aarch64-linux-gnu/libreadline.so.8 to /lib/aarch64-linux-gnu/libreadline.so.8.usr-is-merged by libreadline8t64'
Adding 'diversion of /lib/aarch64-linux-gnu/libreadline.so.8.2 to /lib/aarch64-linux-gnu/libreadline.so.8.2.usr-is-merged by libreadline8t64'
Unpacking libreadline8t64:arm64 (8.2-4build1) ...
Selecting previously unselected package libsqlite3-0:arm64.
Preparing to unpack .../6-libsqlite3-0_3.45.1-1ubuntu2.7_arm64.deb ...
Unpacking libsqlite3-0:arm64 (3.45.1-1ubuntu2.7) ...
Selecting previously unselected package libpython3.12-stdlib:arm64.
Preparing to unpack .../7-libpython3.12-stdlib_3.12.3-1ubuntu0.15_arm64.deb ...
Unpacking libpython3.12-stdlib:arm64 (3.12.3-1ubuntu0.15) ...
Selecting previously unselected package python3.12.
Preparing to unpack .../8-python3.12_3.12.3-1ubuntu0.15_arm64.deb ...
Unpacking python3.12 (3.12.3-1ubuntu0.15) ...
Selecting previously unselected package libpython3-stdlib:arm64.
Preparing to unpack .../9-libpython3-stdlib_3.12.3-0ubuntu2.1_arm64.deb ...
Unpacking libpython3-stdlib:arm64 (3.12.3-0ubuntu2.1) ...
Setting up python3-minimal (3.12.3-0ubuntu2.1) ...
Selecting previously unselected package python3.
(Reading database ... (Reading database ... 5%(Reading database ... 10%(Reading database ... 15%(Reading database ... 20%(Reading database ... 25%(Reading database ... 30%(Reading database ... 35%(Reading database ... 40%(Reading database ... 45%(Reading database ... 50%(Reading database ... 55%(Reading database ... 60%(Reading database ... 65%(Reading database ... 70%(Reading database ... 75%(Reading database ... 80%(Reading database ... 85%(Reading database ... 90%(Reading database ... 95%(Reading database ... 100%(Reading database ... 5715 files and directories currently installed.)
Preparing to unpack .../python3_3.12.3-0ubuntu2.1_arm64.deb ...
Unpacking python3 (3.12.3-0ubuntu2.1) ...
Selecting previously unselected package libapparmor1:arm64.
Preparing to unpack .../libapparmor1_4.0.1really4.0.1-0ubuntu0.24.04.7_arm64.deb ...
Unpacking libapparmor1:arm64 (4.0.1really4.0.1-0ubuntu0.24.04.7) ...
Selecting previously unselected package libargon2-1:arm64.
Preparing to unpack .../libargon2-1_0~20190702+dfsg-4build1_arm64.deb ...
Unpacking libargon2-1:arm64 (0~20190702+dfsg-4build1) ...
Preparing to unpack .../libudev1_255.4-1ubuntu8.17_arm64.deb ...
Unpacking libudev1:arm64 (255.4-1ubuntu8.17) over (255.4-1ubuntu8.16) ...
Setting up libudev1:arm64 (255.4-1ubuntu8.17) ...
Selecting previously unselected package libdevmapper1.02.1:arm64.
(Reading database ... (Reading database ... 5%(Reading database ... 10%(Reading database ... 15%(Reading database ... 20%(Reading database ... 25%(Reading database ... 30%(Reading database ... 35%(Reading database ... 40%(Reading database ... 45%(Reading database ... 50%(Reading database ... 55%(Reading database ... 60%(Reading database ... 65%(Reading database ... 70%(Reading database ... 75%(Reading database ... 80%(Reading database ... 85%(Reading database ... 90%(Reading database ... 95%(Reading database ... 100%(Reading database ... 5745 files and directories currently installed.)
Preparing to unpack .../0-libdevmapper1.02.1_2%3a1.02.185-3ubuntu3.2_arm64.deb ...
Unpacking libdevmapper1.02.1:arm64 (2:1.02.185-3ubuntu3.2) ...
Selecting previously unselected package libjson-c5:arm64.
Preparing to unpack .../1-libjson-c5_0.17-1build1_arm64.deb ...
Unpacking libjson-c5:arm64 (0.17-1build1) ...
Selecting previously unselected package libcryptsetup12:arm64.
Preparing to unpack .../2-libcryptsetup12_2%3a2.7.0-1ubuntu4.2_arm64.deb ...
Unpacking libcryptsetup12:arm64 (2:2.7.0-1ubuntu4.2) ...
Selecting previously unselected package libfdisk1:arm64.
Preparing to unpack .../3-libfdisk1_2.39.3-9ubuntu6.5_arm64.deb ...
Unpacking libfdisk1:arm64 (2.39.3-9ubuntu6.5) ...
Selecting previously unselected package libkmod2:arm64.
Preparing to unpack .../4-libkmod2_31+20240202-2ubuntu7.2_arm64.deb ...
Unpacking libkmod2:arm64 (31+20240202-2ubuntu7.2) ...
Selecting previously unselected package libsystemd-shared:arm64.
Preparing to unpack .../5-libsystemd-shared_255.4-1ubuntu8.17_arm64.deb ...
Unpacking libsystemd-shared:arm64 (255.4-1ubuntu8.17) ...
Preparing to unpack .../6-libsystemd0_255.4-1ubuntu8.17_arm64.deb ...
Unpacking libsystemd0:arm64 (255.4-1ubuntu8.17) over (255.4-1ubuntu8.16) ...
Setting up libsystemd0:arm64 (255.4-1ubuntu8.17) ...
Selecting previously unselected package systemd-dev.
(Reading database ... (Reading database ... 5%(Reading database ... 10%(Reading database ... 15%(Reading database ... 20%(Reading database ... 25%(Reading database ... 30%(Reading database ... 35%(Reading database ... 40%(Reading database ... 45%(Reading database ... 50%(Reading database ... 55%(Reading database ... 60%(Reading database ... 65%(Reading database ... 70%(Reading database ... 75%(Reading database ... 80%(Reading database ... 85%(Reading database ... 90%(Reading database ... 95%(Reading database ... 100%(Reading database ... 5784 files and directories currently installed.)
Preparing to unpack .../0-systemd-dev_255.4-1ubuntu8.17_all.deb ...
Unpacking systemd-dev (255.4-1ubuntu8.17) ...
Selecting previously unselected package systemd.
Preparing to unpack .../1-systemd_255.4-1ubuntu8.17_arm64.deb ...
Unpacking systemd (255.4-1ubuntu8.17) ...
Selecting previously unselected package libpopt0:arm64.
Preparing to unpack .../2-libpopt0_1.19+dfsg-1build1_arm64.deb ...
Unpacking libpopt0:arm64 (1.19+dfsg-1build1) ...
Selecting previously unselected package rsync.
Preparing to unpack .../3-rsync_3.2.7-1ubuntu1.5_arm64.deb ...
Unpacking rsync (3.2.7-1ubuntu1.5) ...
Selecting previously unselected package perl-modules-5.38.
Preparing to unpack .../4-perl-modules-5.38_5.38.2-3.2ubuntu0.3_all.deb ...
Unpacking perl-modules-5.38 (5.38.2-3.2ubuntu0.3) ...
Selecting previously unselected package libgdbm6t64:arm64.
Preparing to unpack .../5-libgdbm6t64_1.23-5.1build1_arm64.deb ...
Unpacking libgdbm6t64:arm64 (1.23-5.1build1) ...
Selecting previously unselected package libgdbm-compat4t64:arm64.
Preparing to unpack .../6-libgdbm-compat4t64_1.23-5.1build1_arm64.deb ...
Unpacking libgdbm-compat4t64:arm64 (1.23-5.1build1) ...
Selecting previously unselected package libperl5.38t64:arm64.
Preparing to unpack .../7-libperl5.38t64_5.38.2-3.2ubuntu0.3_arm64.deb ...
Unpacking libperl5.38t64:arm64 (5.38.2-3.2ubuntu0.3) ...
Selecting previously unselected package perl.
Preparing to unpack .../8-perl_5.38.2-3.2ubuntu0.3_arm64.deb ...
Unpacking perl (5.38.2-3.2ubuntu0.3) ...
Selecting previously unselected package adduser.
Preparing to unpack .../9-adduser_3.137ubuntu1_all.deb ...
Unpacking adduser (3.137ubuntu1) ...
Setting up adduser (3.137ubuntu1) ...
Selecting previously unselected package openssl.
(Reading database ... (Reading database ... 5%(Reading database ... 10%(Reading database ... 15%(Reading database ... 20%(Reading database ... 25%(Reading database ... 30%(Reading database ... 35%(Reading database ... 40%(Reading database ... 45%(Reading database ... 50%(Reading database ... 55%(Reading database ... 60%(Reading database ... 65%(Reading database ... 70%(Reading database ... 75%(Reading database ... 80%(Reading database ... 85%(Reading database ... 90%(Reading database ... 95%(Reading database ... 100%(Reading database ... 8872 files and directories currently installed.)
Preparing to unpack .../000-openssl_3.0.13-0ubuntu3.12_arm64.deb ...
Unpacking openssl (3.0.13-0ubuntu3.12) ...
Selecting previously unselected package ca-certificates.
Preparing to unpack .../001-ca-certificates_20260601~24.04.1_all.deb ...
Unpacking ca-certificates (20260601~24.04.1) ...
Selecting previously unselected package libdbus-1-3:arm64.
Preparing to unpack .../002-libdbus-1-3_1.14.10-4ubuntu4.1_arm64.deb ...
Unpacking libdbus-1-3:arm64 (1.14.10-4ubuntu4.1) ...
Selecting previously unselected package dbus-bin.
Preparing to unpack .../003-dbus-bin_1.14.10-4ubuntu4.1_arm64.deb ...
Unpacking dbus-bin (1.14.10-4ubuntu4.1) ...
Selecting previously unselected package dbus-session-bus-common.
Preparing to unpack .../004-dbus-session-bus-common_1.14.10-4ubuntu4.1_all.deb ...
Unpacking dbus-session-bus-common (1.14.10-4ubuntu4.1) ...
Selecting previously unselected package dbus-daemon.
Preparing to unpack .../005-dbus-daemon_1.14.10-4ubuntu4.1_arm64.deb ...
Unpacking dbus-daemon (1.14.10-4ubuntu4.1) ...
Selecting previously unselected package dbus-system-bus-common.
Preparing to unpack .../006-dbus-system-bus-common_1.14.10-4ubuntu4.1_all.deb ...
Unpacking dbus-system-bus-common (1.14.10-4ubuntu4.1) ...
Selecting previously unselected package dbus.
Preparing to unpack .../007-dbus_1.14.10-4ubuntu4.1_arm64.deb ...
Unpacking dbus (1.14.10-4ubuntu4.1) ...
Selecting previously unselected package dmsetup.
Preparing to unpack .../008-dmsetup_2%3a1.02.185-3ubuntu3.2_arm64.deb ...
Unpacking dmsetup (2:1.02.185-3ubuntu3.2) ...
Selecting previously unselected package libglib2.0-0t64:arm64.
Preparing to unpack .../009-libglib2.0-0t64_2.80.0-6ubuntu3.8_arm64.deb ...
Unpacking libglib2.0-0t64:arm64 (2.80.0-6ubuntu3.8) ...
Selecting previously unselected package gir1.2-glib-2.0:arm64.
Preparing to unpack .../010-gir1.2-glib-2.0_2.80.0-6ubuntu3.8_arm64.deb ...
Unpacking gir1.2-glib-2.0:arm64 (2.80.0-6ubuntu3.8) ...
Selecting previously unselected package libgirepository-1.0-1:arm64.
Preparing to unpack .../011-libgirepository-1.0-1_1.80.1-1_arm64.deb ...
Unpacking libgirepository-1.0-1:arm64 (1.80.1-1) ...
Selecting previously unselected package gir1.2-girepository-2.0:arm64.
Preparing to unpack .../012-gir1.2-girepository-2.0_1.80.1-1_arm64.deb ...
Unpacking gir1.2-girepository-2.0:arm64 (1.80.1-1) ...
Selecting previously unselected package krb5-locales.
Preparing to unpack .../013-krb5-locales_1.20.1-6ubuntu2.7_all.deb ...
Unpacking krb5-locales (1.20.1-6ubuntu2.7) ...
Selecting previously unselected package less.
Preparing to unpack .../014-less_590-2ubuntu2.1_arm64.deb ...
Unpacking less (590-2ubuntu2.1) ...
Selecting previously unselected package libbsd0:arm64.
Preparing to unpack .../015-libbsd0_0.12.1-1build1.1_arm64.deb ...
Unpacking libbsd0:arm64 (0.12.1-1build1.1) ...
Selecting previously unselected package libglib2.0-data.
Preparing to unpack .../016-libglib2.0-data_2.80.0-6ubuntu3.8_all.deb ...
Unpacking libglib2.0-data (2.80.0-6ubuntu3.8) ...
Selecting previously unselected package libkrb5support0:arm64.
Preparing to unpack .../017-libkrb5support0_1.20.1-6ubuntu2.7_arm64.deb ...
Unpacking libkrb5support0:arm64 (1.20.1-6ubuntu2.7) ...
Selecting previously unselected package libk5crypto3:arm64.
Preparing to unpack .../018-libk5crypto3_1.20.1-6ubuntu2.7_arm64.deb ...
Unpacking libk5crypto3:arm64 (1.20.1-6ubuntu2.7) ...
Selecting previously unselected package libkeyutils1:arm64.
Preparing to unpack .../019-libkeyutils1_1.6.3-3build1_arm64.deb ...
Unpacking libkeyutils1:arm64 (1.6.3-3build1) ...
Selecting previously unselected package libkrb5-3:arm64.
Preparing to unpack .../020-libkrb5-3_1.20.1-6ubuntu2.7_arm64.deb ...
Unpacking libkrb5-3:arm64 (1.20.1-6ubuntu2.7) ...
Selecting previously unselected package libgssapi-krb5-2:arm64.
Preparing to unpack .../021-libgssapi-krb5-2_1.20.1-6ubuntu2.7_arm64.deb ...
Unpacking libgssapi-krb5-2:arm64 (1.20.1-6ubuntu2.7) ...
Selecting previously unselected package libicu74:arm64.
Preparing to unpack .../022-libicu74_74.2-1ubuntu3.1_arm64.deb ...
Unpacking libicu74:arm64 (74.2-1ubuntu3.1) ...
Selecting previously unselected package libxml2:arm64.
Preparing to unpack .../023-libxml2_2.9.14+dfsg-1.3ubuntu3.8_arm64.deb ...
Unpacking libxml2:arm64 (2.9.14+dfsg-1.3ubuntu3.8) ...
Selecting previously unselected package libyaml-0-2:arm64.
Preparing to unpack .../024-libyaml-0-2_0.2.5-1build1_arm64.deb ...
Unpacking libyaml-0-2:arm64 (0.2.5-1build1) ...
Selecting previously unselected package python3-dbus.
Preparing to unpack .../025-python3-dbus_1.3.2-5build3_arm64.deb ...
Unpacking python3-dbus (1.3.2-5build3) ...
Selecting previously unselected package python3-gi.
Preparing to unpack .../026-python3-gi_3.48.2-1_arm64.deb ...
Unpacking python3-gi (3.48.2-1) ...
Selecting previously unselected package networkd-dispatcher.
Preparing to unpack .../027-networkd-dispatcher_2.2.4-1_all.deb ...
Unpacking networkd-dispatcher (2.2.4-1) ...
Selecting previously unselected package python3-pkg-resources.
Preparing to unpack .../028-python3-pkg-resources_68.1.2-2ubuntu1.2_all.deb ...
Unpacking python3-pkg-resources (68.1.2-2ubuntu1.2) ...
Selecting previously unselected package python3-pygments.
Preparing to unpack .../029-python3-pygments_2.17.2+dfsg-1_all.deb ...
Unpacking python3-pygments (2.17.2+dfsg-1) ...
Selecting previously unselected package python3-yaml.
Preparing to unpack .../030-python3-yaml_6.0.1-2build2_arm64.deb ...
Unpacking python3-yaml (6.0.1-2build2) ...
Selecting previously unselected package shared-mime-info.
Preparing to unpack .../031-shared-mime-info_2.4-4_arm64.deb ...
Unpacking shared-mime-info (2.4-4) ...
Selecting previously unselected package systemd-resolved.
Preparing to unpack .../032-systemd-resolved_255.4-1ubuntu8.17_arm64.deb ...
Unpacking systemd-resolved (255.4-1ubuntu8.17) ...
Selecting previously unselected package systemd-timesyncd.
Preparing to unpack .../033-systemd-timesyncd_255.4-1ubuntu8.17_arm64.deb ...
Unpacking systemd-timesyncd (255.4-1ubuntu8.17) ...
Selecting previously unselected package xdg-user-dirs.
Preparing to unpack .../034-xdg-user-dirs_0.18-1build1_arm64.deb ...
Unpacking xdg-user-dirs (0.18-1build1) ...
Selecting previously unselected package libmagic-mgc.
Preparing to unpack .../035-libmagic-mgc_1%3a5.45-3build1_arm64.deb ...
Unpacking libmagic-mgc (1:5.45-3build1) ...
Selecting previously unselected package libmagic1t64:arm64.
Preparing to unpack .../036-libmagic1t64_1%3a5.45-3build1_arm64.deb ...
Unpacking libmagic1t64:arm64 (1:5.45-3build1) ...
Selecting previously unselected package file.
Preparing to unpack .../037-file_1%3a5.45-3build1_arm64.deb ...
Unpacking file (1:5.45-3build1) ...
Selecting previously unselected package libcbor0.10:arm64.
Preparing to unpack .../038-libcbor0.10_0.10.2-1.2ubuntu2_arm64.deb ...
Unpacking libcbor0.10:arm64 (0.10.2-1.2ubuntu2) ...
Selecting previously unselected package libedit2:arm64.
Preparing to unpack .../039-libedit2_3.1-20230828-1build1_arm64.deb ...
Unpacking libedit2:arm64 (3.1-20230828-1build1) ...
Selecting previously unselected package libfido2-1:arm64.
Preparing to unpack .../040-libfido2-1_1.14.0-1build3_arm64.deb ...
Unpacking libfido2-1:arm64 (1.14.0-1build3) ...
Selecting previously unselected package libgpm2:arm64.
Preparing to unpack .../041-libgpm2_1.20.7-11_arm64.deb ...
Unpacking libgpm2:arm64 (1.20.7-11) ...
Selecting previously unselected package libjansson4:arm64.
Preparing to unpack .../042-libjansson4_2.14-2build2_arm64.deb ...
Unpacking libjansson4:arm64 (2.14-2build2) ...
Selecting previously unselected package libncurses6:arm64.
Preparing to unpack .../043-libncurses6_6.4+20240113-1ubuntu2.1_arm64.deb ...
Unpacking libncurses6:arm64 (6.4+20240113-1ubuntu2.1) ...
Selecting previously unselected package libnghttp2-14:arm64.
Preparing to unpack .../044-libnghttp2-14_1.59.0-1ubuntu0.4_arm64.deb ...
Unpacking libnghttp2-14:arm64 (1.59.0-1ubuntu0.4) ...
Selecting previously unselected package libpng16-16t64:arm64.
Preparing to unpack .../045-libpng16-16t64_1.6.43-5ubuntu0.6_arm64.deb ...
Unpacking libpng16-16t64:arm64 (1.6.43-5ubuntu0.6) ...
Selecting previously unselected package libpsl5t64:arm64.
Preparing to unpack .../046-libpsl5t64_0.21.2-1.1build1_arm64.deb ...
Unpacking libpsl5t64:arm64 (0.21.2-1.1build1) ...
Selecting previously unselected package libuv1t64:arm64.
Preparing to unpack .../047-libuv1t64_1.48.0-1.1build1_arm64.deb ...
Unpacking libuv1t64:arm64 (1.48.0-1.1build1) ...
Selecting previously unselected package libxau6:arm64.
Preparing to unpack .../048-libxau6_1%3a1.0.9-1build6_arm64.deb ...
Unpacking libxau6:arm64 (1:1.0.9-1build6) ...
Selecting previously unselected package libxdmcp6:arm64.
Preparing to unpack .../049-libxdmcp6_1%3a1.1.3-0ubuntu6_arm64.deb ...
Unpacking libxdmcp6:arm64 (1:1.1.3-0ubuntu6) ...
Selecting previously unselected package libxcb1:arm64.
Preparing to unpack .../050-libxcb1_1.15-1ubuntu2_arm64.deb ...
Unpacking libxcb1:arm64 (1.15-1ubuntu2) ...
Selecting previously unselected package libx11-data.
Preparing to unpack .../051-libx11-data_2%3a1.8.7-1build1_all.deb ...
Unpacking libx11-data (2:1.8.7-1build1) ...
Selecting previously unselected package libx11-6:arm64.
Preparing to unpack .../052-libx11-6_2%3a1.8.7-1build1_arm64.deb ...
Unpacking libx11-6:arm64 (2:1.8.7-1build1) ...
Selecting previously unselected package libxext6:arm64.
Preparing to unpack .../053-libxext6_2%3a1.3.4-1build2_arm64.deb ...
Unpacking libxext6:arm64 (2:1.3.4-1build2) ...
Selecting previously unselected package libxmuu1:arm64.
Preparing to unpack .../054-libxmuu1_2%3a1.1.3-3build2_arm64.deb ...
Unpacking libxmuu1:arm64 (2:1.1.3-3build2) ...
Selecting previously unselected package manpages.
Preparing to unpack .../055-manpages_6.7-2_all.deb ...
Unpacking manpages (6.7-2) ...
Selecting previously unselected package openssh-client.
Preparing to unpack .../056-openssh-client_1%3a9.6p1-3ubuntu13.18_arm64.deb ...
Unpacking openssh-client (1:9.6p1-3ubuntu13.18) ...
Selecting previously unselected package publicsuffix.
Preparing to unpack .../057-publicsuffix_20231001.0357-0.1_all.deb ...
Unpacking publicsuffix (20231001.0357-0.1) ...
Selecting previously unselected package xauth.
Preparing to unpack .../058-xauth_1%3a1.1.2-1build1_arm64.deb ...
Unpacking xauth (1:1.1.2-1build1) ...
Selecting previously unselected package xz-utils.
Preparing to unpack .../059-xz-utils_5.6.1+really5.4.5-1ubuntu0.3_arm64.deb ...
Unpacking xz-utils (5.6.1+really5.4.5-1ubuntu0.3) ...
Selecting previously unselected package m4.
Preparing to unpack .../060-m4_1.4.19-4build1_arm64.deb ...
Unpacking m4 (1.4.19-4build1) ...
Selecting previously unselected package autoconf.
Preparing to unpack .../061-autoconf_2.71-3_all.deb ...
Unpacking autoconf (2.71-3) ...
Selecting previously unselected package autotools-dev.
Preparing to unpack .../062-autotools-dev_20220109.1_all.deb ...
Unpacking autotools-dev (20220109.1) ...
Selecting previously unselected package automake.
Preparing to unpack .../063-automake_1%3a1.16.5-1.3ubuntu1_all.deb ...
Unpacking automake (1:1.16.5-1.3ubuntu1) ...
Selecting previously unselected package binutils-common:arm64.
Preparing to unpack .../064-binutils-common_2.42-4ubuntu2.10_arm64.deb ...
Unpacking binutils-common:arm64 (2.42-4ubuntu2.10) ...
Selecting previously unselected package libsframe1:arm64.
Preparing to unpack .../065-libsframe1_2.42-4ubuntu2.10_arm64.deb ...
Unpacking libsframe1:arm64 (2.42-4ubuntu2.10) ...
Selecting previously unselected package libbinutils:arm64.
Preparing to unpack .../066-libbinutils_2.42-4ubuntu2.10_arm64.deb ...
Unpacking libbinutils:arm64 (2.42-4ubuntu2.10) ...
Selecting previously unselected package libctf-nobfd0:arm64.
Preparing to unpack .../067-libctf-nobfd0_2.42-4ubuntu2.10_arm64.deb ...
Unpacking libctf-nobfd0:arm64 (2.42-4ubuntu2.10) ...
Selecting previously unselected package libctf0:arm64.
Preparing to unpack .../068-libctf0_2.42-4ubuntu2.10_arm64.deb ...
Unpacking libctf0:arm64 (2.42-4ubuntu2.10) ...
Selecting previously unselected package libgprofng0:arm64.
Preparing to unpack .../069-libgprofng0_2.42-4ubuntu2.10_arm64.deb ...
Unpacking libgprofng0:arm64 (2.42-4ubuntu2.10) ...
Selecting previously unselected package binutils-aarch64-linux-gnu.
Preparing to unpack .../070-binutils-aarch64-linux-gnu_2.42-4ubuntu2.10_arm64.deb ...
Unpacking binutils-aarch64-linux-gnu (2.42-4ubuntu2.10) ...
Selecting previously unselected package binutils.
Preparing to unpack .../071-binutils_2.42-4ubuntu2.10_arm64.deb ...
Unpacking binutils (2.42-4ubuntu2.10) ...
Selecting previously unselected package binutils-riscv64-linux-gnu.
Preparing to unpack .../072-binutils-riscv64-linux-gnu_2.42-4ubuntu2.10_arm64.deb ...
Unpacking binutils-riscv64-linux-gnu (2.42-4ubuntu2.10) ...
Selecting previously unselected package libc-dev-bin.
Preparing to unpack .../073-libc-dev-bin_2.39-0ubuntu8.8_arm64.deb ...
Unpacking libc-dev-bin (2.39-0ubuntu8.8) ...
Selecting previously unselected package linux-libc-dev:arm64.
Preparing to unpack .../074-linux-libc-dev_6.8.0-137.137_arm64.deb ...
Unpacking linux-libc-dev:arm64 (6.8.0-137.137) ...
Selecting previously unselected package libcrypt-dev:arm64.
Preparing to unpack .../075-libcrypt-dev_1%3a4.4.36-4build1_arm64.deb ...
Unpacking libcrypt-dev:arm64 (1:4.4.36-4build1) ...
Selecting previously unselected package rpcsvc-proto.
Preparing to unpack .../076-rpcsvc-proto_1.4.2-0ubuntu7_arm64.deb ...
Unpacking rpcsvc-proto (1.4.2-0ubuntu7) ...
Selecting previously unselected package libc6-dev:arm64.
Preparing to unpack .../077-libc6-dev_2.39-0ubuntu8.8_arm64.deb ...
Unpacking libc6-dev:arm64 (2.39-0ubuntu8.8) ...
Selecting previously unselected package gcc-13-base:arm64.
Preparing to unpack .../078-gcc-13-base_13.3.0-6ubuntu2~24.04.1_arm64.deb ...
Unpacking gcc-13-base:arm64 (13.3.0-6ubuntu2~24.04.1) ...
Selecting previously unselected package libisl23:arm64.
Preparing to unpack .../079-libisl23_0.26-3build1.1_arm64.deb ...
Unpacking libisl23:arm64 (0.26-3build1.1) ...
Selecting previously unselected package libmpfr6:arm64.
Preparing to unpack .../080-libmpfr6_4.2.1-1build1.1_arm64.deb ...
Unpacking libmpfr6:arm64 (4.2.1-1build1.1) ...
Selecting previously unselected package libmpc3:arm64.
Preparing to unpack .../081-libmpc3_1.3.1-1build1.1_arm64.deb ...
Unpacking libmpc3:arm64 (1.3.1-1build1.1) ...
Selecting previously unselected package cpp-13-aarch64-linux-gnu.
Preparing to unpack .../082-cpp-13-aarch64-linux-gnu_13.3.0-6ubuntu2~24.04.1_arm64.deb ...
Unpacking cpp-13-aarch64-linux-gnu (13.3.0-6ubuntu2~24.04.1) ...
Selecting previously unselected package cpp-13.
Preparing to unpack .../083-cpp-13_13.3.0-6ubuntu2~24.04.1_arm64.deb ...
Unpacking cpp-13 (13.3.0-6ubuntu2~24.04.1) ...
Selecting previously unselected package cpp-aarch64-linux-gnu.
Preparing to unpack .../084-cpp-aarch64-linux-gnu_4%3a13.2.0-7ubuntu1_arm64.deb ...
Unpacking cpp-aarch64-linux-gnu (4:13.2.0-7ubuntu1) ...
Selecting previously unselected package cpp.
Preparing to unpack .../085-cpp_4%3a13.2.0-7ubuntu1_arm64.deb ...
Unpacking cpp (4:13.2.0-7ubuntu1) ...
Selecting previously unselected package libcc1-0:arm64.
Preparing to unpack .../086-libcc1-0_14.2.0-4ubuntu2~24.04.1_arm64.deb ...
Unpacking libcc1-0:arm64 (14.2.0-4ubuntu2~24.04.1) ...
Selecting previously unselected package libgomp1:arm64.
Preparing to unpack .../087-libgomp1_14.2.0-4ubuntu2~24.04.1_arm64.deb ...
Unpacking libgomp1:arm64 (14.2.0-4ubuntu2~24.04.1) ...
Selecting previously unselected package libitm1:arm64.
Preparing to unpack .../088-libitm1_14.2.0-4ubuntu2~24.04.1_arm64.deb ...
Unpacking libitm1:arm64 (14.2.0-4ubuntu2~24.04.1) ...
Selecting previously unselected package libatomic1:arm64.
Preparing to unpack .../089-libatomic1_14.2.0-4ubuntu2~24.04.1_arm64.deb ...
Unpacking libatomic1:arm64 (14.2.0-4ubuntu2~24.04.1) ...
Selecting previously unselected package libasan8:arm64.
Preparing to unpack .../090-libasan8_14.2.0-4ubuntu2~24.04.1_arm64.deb ...
Unpacking libasan8:arm64 (14.2.0-4ubuntu2~24.04.1) ...
Selecting previously unselected package liblsan0:arm64.
Preparing to unpack .../091-liblsan0_14.2.0-4ubuntu2~24.04.1_arm64.deb ...
Unpacking liblsan0:arm64 (14.2.0-4ubuntu2~24.04.1) ...
Selecting previously unselected package libtsan2:arm64.
Preparing to unpack .../092-libtsan2_14.2.0-4ubuntu2~24.04.1_arm64.deb ...
Unpacking libtsan2:arm64 (14.2.0-4ubuntu2~24.04.1) ...
Selecting previously unselected package libubsan1:arm64.
Preparing to unpack .../093-libubsan1_14.2.0-4ubuntu2~24.04.1_arm64.deb ...
Unpacking libubsan1:arm64 (14.2.0-4ubuntu2~24.04.1) ...
Selecting previously unselected package libhwasan0:arm64.
Preparing to unpack .../094-libhwasan0_14.2.0-4ubuntu2~24.04.1_arm64.deb ...
Unpacking libhwasan0:arm64 (14.2.0-4ubuntu2~24.04.1) ...
Selecting previously unselected package libgcc-13-dev:arm64.
Preparing to unpack .../095-libgcc-13-dev_13.3.0-6ubuntu2~24.04.1_arm64.deb ...
Unpacking libgcc-13-dev:arm64 (13.3.0-6ubuntu2~24.04.1) ...
Selecting previously unselected package gcc-13-aarch64-linux-gnu.
Preparing to unpack .../096-gcc-13-aarch64-linux-gnu_13.3.0-6ubuntu2~24.04.1_arm64.deb ...
Unpacking gcc-13-aarch64-linux-gnu (13.3.0-6ubuntu2~24.04.1) ...
Selecting previously unselected package gcc-13.
Preparing to unpack .../097-gcc-13_13.3.0-6ubuntu2~24.04.1_arm64.deb ...
Unpacking gcc-13 (13.3.0-6ubuntu2~24.04.1) ...
Selecting previously unselected package gcc-aarch64-linux-gnu.
Preparing to unpack .../098-gcc-aarch64-linux-gnu_4%3a13.2.0-7ubuntu1_arm64.deb ...
Unpacking gcc-aarch64-linux-gnu (4:13.2.0-7ubuntu1) ...
Selecting previously unselected package gcc.
Preparing to unpack .../099-gcc_4%3a13.2.0-7ubuntu1_arm64.deb ...
Unpacking gcc (4:13.2.0-7ubuntu1) ...
Selecting previously unselected package libstdc++-13-dev:arm64.
Preparing to unpack .../100-libstdc++-13-dev_13.3.0-6ubuntu2~24.04.1_arm64.deb ...
Unpacking libstdc++-13-dev:arm64 (13.3.0-6ubuntu2~24.04.1) ...
Selecting previously unselected package g++-13-aarch64-linux-gnu.
Preparing to unpack .../101-g++-13-aarch64-linux-gnu_13.3.0-6ubuntu2~24.04.1_arm64.deb ...
Unpacking g++-13-aarch64-linux-gnu (13.3.0-6ubuntu2~24.04.1) ...
Selecting previously unselected package g++-13.
Preparing to unpack .../102-g++-13_13.3.0-6ubuntu2~24.04.1_arm64.deb ...
Unpacking g++-13 (13.3.0-6ubuntu2~24.04.1) ...
Selecting previously unselected package g++-aarch64-linux-gnu.
Preparing to unpack .../103-g++-aarch64-linux-gnu_4%3a13.2.0-7ubuntu1_arm64.deb ...
Unpacking g++-aarch64-linux-gnu (4:13.2.0-7ubuntu1) ...
Selecting previously unselected package g++.
Preparing to unpack .../104-g++_4%3a13.2.0-7ubuntu1_arm64.deb ...
Unpacking g++ (4:13.2.0-7ubuntu1) ...
Selecting previously unselected package make.
Preparing to unpack .../105-make_4.3-4.1build2_arm64.deb ...
Unpacking make (4.3-4.1build2) ...
Selecting previously unselected package libdpkg-perl.
Preparing to unpack .../106-libdpkg-perl_1.22.6ubuntu6.6_all.deb ...
Unpacking libdpkg-perl (1.22.6ubuntu6.6) ...
Selecting previously unselected package bzip2.
Preparing to unpack .../107-bzip2_1.0.8-5.1build0.1_arm64.deb ...
Unpacking bzip2 (1.0.8-5.1build0.1) ...
Selecting previously unselected package patch.
Preparing to unpack .../108-patch_2.7.6-7build3_arm64.deb ...
Unpacking patch (2.7.6-7build3) ...
Selecting previously unselected package lto-disabled-list.
Preparing to unpack .../109-lto-disabled-list_47_all.deb ...
Unpacking lto-disabled-list (47) ...
Selecting previously unselected package dpkg-dev.
Preparing to unpack .../110-dpkg-dev_1.22.6ubuntu6.6_all.deb ...
Unpacking dpkg-dev (1.22.6ubuntu6.6) ...
Selecting previously unselected package build-essential.
Preparing to unpack .../111-build-essential_12.10ubuntu1_arm64.deb ...
Unpacking build-essential (12.10ubuntu1) ...
Selecting previously unselected package libllvm18:arm64.
Preparing to unpack .../112-libllvm18_1%3a18.1.3-1ubuntu1_arm64.deb ...
Unpacking libllvm18:arm64 (1:18.1.3-1ubuntu1) ...
Selecting previously unselected package libclang-cpp18.
Preparing to unpack .../113-libclang-cpp18_1%3a18.1.3-1ubuntu1_arm64.deb ...
Unpacking libclang-cpp18 (1:18.1.3-1ubuntu1) ...
Selecting previously unselected package libgc1:arm64.
Preparing to unpack .../114-libgc1_1%3a8.2.6-1build1_arm64.deb ...
Unpacking libgc1:arm64 (1:8.2.6-1build1) ...
Selecting previously unselected package libobjc4:arm64.
Preparing to unpack .../115-libobjc4_14.2.0-4ubuntu2~24.04.1_arm64.deb ...
Unpacking libobjc4:arm64 (14.2.0-4ubuntu2~24.04.1) ...
Selecting previously unselected package libobjc-13-dev:arm64.
Preparing to unpack .../116-libobjc-13-dev_13.3.0-6ubuntu2~24.04.1_arm64.deb ...
Unpacking libobjc-13-dev:arm64 (13.3.0-6ubuntu2~24.04.1) ...
Selecting previously unselected package libclang-common-18-dev:arm64.
Preparing to unpack .../117-libclang-common-18-dev_1%3a18.1.3-1ubuntu1_arm64.deb ...
Unpacking libclang-common-18-dev:arm64 (1:18.1.3-1ubuntu1) ...
Selecting previously unselected package llvm-18-linker-tools.
Preparing to unpack .../118-llvm-18-linker-tools_1%3a18.1.3-1ubuntu1_arm64.deb ...
Unpacking llvm-18-linker-tools (1:18.1.3-1ubuntu1) ...
Selecting previously unselected package libclang1-18.
Preparing to unpack .../119-libclang1-18_1%3a18.1.3-1ubuntu1_arm64.deb ...
Unpacking libclang1-18 (1:18.1.3-1ubuntu1) ...
Selecting previously unselected package clang-18.
Preparing to unpack .../120-clang-18_1%3a18.1.3-1ubuntu1_arm64.deb ...
Unpacking clang-18 (1:18.1.3-1ubuntu1) ...
Selecting previously unselected package clang.
Preparing to unpack .../121-clang_1%3a18.0-59~exp2_arm64.deb ...
Unpacking clang (1:18.0-59~exp2) ...
Selecting previously unselected package libarchive13t64:arm64.
Preparing to unpack .../122-libarchive13t64_3.7.2-2ubuntu0.8_arm64.deb ...
Unpacking libarchive13t64:arm64 (3.7.2-2ubuntu0.8) ...
Selecting previously unselected package libbrotli1:arm64.
Preparing to unpack .../123-libbrotli1_1.1.0-2build2_arm64.deb ...
Unpacking libbrotli1:arm64 (1.1.0-2build2) ...
Selecting previously unselected package libsasl2-modules-db:arm64.
Preparing to unpack .../124-libsasl2-modules-db_2.1.28+dfsg1-5ubuntu3.1_arm64.deb ...
Unpacking libsasl2-modules-db:arm64 (2.1.28+dfsg1-5ubuntu3.1) ...
Selecting previously unselected package libsasl2-2:arm64.
Preparing to unpack .../125-libsasl2-2_2.1.28+dfsg1-5ubuntu3.1_arm64.deb ...
Unpacking libsasl2-2:arm64 (2.1.28+dfsg1-5ubuntu3.1) ...
Selecting previously unselected package libldap2:arm64.
Preparing to unpack .../126-libldap2_2.6.10+dfsg-0ubuntu0.24.04.1_arm64.deb ...
Unpacking libldap2:arm64 (2.6.10+dfsg-0ubuntu0.24.04.1) ...
Selecting previously unselected package librtmp1:arm64.
Preparing to unpack .../127-librtmp1_2.4+20151223.gitfa8646d.1-2build7_arm64.deb ...
Unpacking librtmp1:arm64 (2.4+20151223.gitfa8646d.1-2build7) ...
Selecting previously unselected package libssh-4:arm64.
Preparing to unpack .../128-libssh-4_0.10.6-2ubuntu0.4_arm64.deb ...
Unpacking libssh-4:arm64 (0.10.6-2ubuntu0.4) ...
Selecting previously unselected package libcurl4t64:arm64.
Preparing to unpack .../129-libcurl4t64_8.5.0-2ubuntu10.11_arm64.deb ...
Unpacking libcurl4t64:arm64 (8.5.0-2ubuntu10.11) ...
Selecting previously unselected package libjsoncpp25:arm64.
Preparing to unpack .../130-libjsoncpp25_1.9.5-6build1_arm64.deb ...
Unpacking libjsoncpp25:arm64 (1.9.5-6build1) ...
Selecting previously unselected package librhash0:arm64.
Preparing to unpack .../131-librhash0_1.4.3-3build1_arm64.deb ...
Unpacking librhash0:arm64 (1.4.3-3build1) ...
Selecting previously unselected package cmake-data.
Preparing to unpack .../132-cmake-data_3.28.3-1build7_all.deb ...
Unpacking cmake-data (3.28.3-1build7) ...
Selecting previously unselected package cmake.
Preparing to unpack .../133-cmake_3.28.3-1build7_arm64.deb ...
Unpacking cmake (3.28.3-1build7) ...
Selecting previously unselected package gcc-13-riscv64-linux-gnu-base:arm64.
Preparing to unpack .../134-gcc-13-riscv64-linux-gnu-base_13.3.0-6ubuntu2~24.04.1cross1_arm64.deb ...
Unpacking gcc-13-riscv64-linux-gnu-base:arm64 (13.3.0-6ubuntu2~24.04.1cross1) ...
Selecting previously unselected package cpp-13-riscv64-linux-gnu.
Preparing to unpack .../135-cpp-13-riscv64-linux-gnu_13.3.0-6ubuntu2~24.04.1cross1_arm64.deb ...
Unpacking cpp-13-riscv64-linux-gnu (13.3.0-6ubuntu2~24.04.1cross1) ...
Selecting previously unselected package cpp-riscv64-linux-gnu.
Preparing to unpack .../136-cpp-riscv64-linux-gnu_4%3a13.2.0-7ubuntu1_arm64.deb ...
Unpacking cpp-riscv64-linux-gnu (4:13.2.0-7ubuntu1) ...
Selecting previously unselected package curl.
Preparing to unpack .../137-curl_8.5.0-2ubuntu10.11_arm64.deb ...
Unpacking curl (8.5.0-2ubuntu10.11) ...
Selecting previously unselected package gpgconf.
Preparing to unpack .../138-gpgconf_2.4.4-2ubuntu17.4_arm64.deb ...
Unpacking gpgconf (2.4.4-2ubuntu17.4) ...
Selecting previously unselected package libksba8:arm64.
Preparing to unpack .../139-libksba8_1.6.6-1build1_arm64.deb ...
Unpacking libksba8:arm64 (1.6.6-1build1) ...
Selecting previously unselected package dirmngr.
Preparing to unpack .../140-dirmngr_2.4.4-2ubuntu17.4_arm64.deb ...
Unpacking dirmngr (2.4.4-2ubuntu17.4) ...
Selecting previously unselected package libfakeroot:arm64.
Preparing to unpack .../141-libfakeroot_1.33-1_arm64.deb ...
Unpacking libfakeroot:arm64 (1.33-1) ...
Selecting previously unselected package fakeroot.
Preparing to unpack .../142-fakeroot_1.33-1_arm64.deb ...
Unpacking fakeroot (1.33-1) ...
Selecting previously unselected package fonts-dejavu-mono.
Preparing to unpack .../143-fonts-dejavu-mono_2.37-8_all.deb ...
Unpacking fonts-dejavu-mono (2.37-8) ...
Selecting previously unselected package fonts-dejavu-core.
Preparing to unpack .../144-fonts-dejavu-core_2.37-8_all.deb ...
Unpacking fonts-dejavu-core (2.37-8) ...
Selecting previously unselected package fontconfig-config.
Preparing to unpack .../145-fontconfig-config_2.15.0-1.1ubuntu2_arm64.deb ...
Unpacking fontconfig-config (2.15.0-1.1ubuntu2) ...
Selecting previously unselected package gcc-13-cross-base.
Preparing to unpack .../146-gcc-13-cross-base_13.3.0-6ubuntu2~24.04.1cross1_all.deb ...
Unpacking gcc-13-cross-base (13.3.0-6ubuntu2~24.04.1cross1) ...
Selecting previously unselected package gcc-14-cross-base.
Preparing to unpack .../147-gcc-14-cross-base_14.2.0-4ubuntu2~24.04.1cross1_all.deb ...
Unpacking gcc-14-cross-base (14.2.0-4ubuntu2~24.04.1cross1) ...
Selecting previously unselected package libc6-riscv64-cross.
Preparing to unpack .../148-libc6-riscv64-cross_2.39-0ubuntu8cross1_all.deb ...
Unpacking libc6-riscv64-cross (2.39-0ubuntu8cross1) ...
Selecting previously unselected package libgcc-s1-riscv64-cross.
Preparing to unpack .../149-libgcc-s1-riscv64-cross_14.2.0-4ubuntu2~24.04.1cross1_all.deb ...
Unpacking libgcc-s1-riscv64-cross (14.2.0-4ubuntu2~24.04.1cross1) ...
Selecting previously unselected package libgomp1-riscv64-cross.
Preparing to unpack .../150-libgomp1-riscv64-cross_14.2.0-4ubuntu2~24.04.1cross1_all.deb ...
Unpacking libgomp1-riscv64-cross (14.2.0-4ubuntu2~24.04.1cross1) ...
Selecting previously unselected package libitm1-riscv64-cross.
Preparing to unpack .../151-libitm1-riscv64-cross_14.2.0-4ubuntu2~24.04.1cross1_all.deb ...
Unpacking libitm1-riscv64-cross (14.2.0-4ubuntu2~24.04.1cross1) ...
Selecting previously unselected package libatomic1-riscv64-cross.
Preparing to unpack .../152-libatomic1-riscv64-cross_14.2.0-4ubuntu2~24.04.1cross1_all.deb ...
Unpacking libatomic1-riscv64-cross (14.2.0-4ubuntu2~24.04.1cross1) ...
Selecting previously unselected package libasan8-riscv64-cross.
Preparing to unpack .../153-libasan8-riscv64-cross_14.2.0-4ubuntu2~24.04.1cross1_all.deb ...
Unpacking libasan8-riscv64-cross (14.2.0-4ubuntu2~24.04.1cross1) ...
Selecting previously unselected package libstdc++6-riscv64-cross.
Preparing to unpack .../154-libstdc++6-riscv64-cross_14.2.0-4ubuntu2~24.04.1cross1_all.deb ...
Unpacking libstdc++6-riscv64-cross (14.2.0-4ubuntu2~24.04.1cross1) ...
Selecting previously unselected package libubsan1-riscv64-cross.
Preparing to unpack .../155-libubsan1-riscv64-cross_14.2.0-4ubuntu2~24.04.1cross1_all.deb ...
Unpacking libubsan1-riscv64-cross (14.2.0-4ubuntu2~24.04.1cross1) ...
Selecting previously unselected package libgcc-13-dev-riscv64-cross.
Preparing to unpack .../156-libgcc-13-dev-riscv64-cross_13.3.0-6ubuntu2~24.04.1cross1_all.deb ...
Unpacking libgcc-13-dev-riscv64-cross (13.3.0-6ubuntu2~24.04.1cross1) ...
Selecting previously unselected package gcc-13-riscv64-linux-gnu.
Preparing to unpack .../157-gcc-13-riscv64-linux-gnu_13.3.0-6ubuntu2~24.04.1cross1_arm64.deb ...
Unpacking gcc-13-riscv64-linux-gnu (13.3.0-6ubuntu2~24.04.1cross1) ...
Selecting previously unselected package gcc-riscv64-linux-gnu.
Preparing to unpack .../158-gcc-riscv64-linux-gnu_4%3a13.2.0-7ubuntu1_arm64.deb ...
Unpacking gcc-riscv64-linux-gnu (4:13.2.0-7ubuntu1) ...
Selecting previously unselected package libcurl3t64-gnutls:arm64.
Preparing to unpack .../159-libcurl3t64-gnutls_8.5.0-2ubuntu10.11_arm64.deb ...
Unpacking libcurl3t64-gnutls:arm64 (8.5.0-2ubuntu10.11) ...
Selecting previously unselected package liberror-perl.
Preparing to unpack .../160-liberror-perl_0.17029-2_all.deb ...
Unpacking liberror-perl (0.17029-2) ...
Selecting previously unselected package git-man.
Preparing to unpack .../161-git-man_1%3a2.43.0-1ubuntu7.3_all.deb ...
Unpacking git-man (1:2.43.0-1ubuntu7.3) ...
Selecting previously unselected package git.
Preparing to unpack .../162-git_1%3a2.43.0-1ubuntu7.3_arm64.deb ...
Unpacking git (1:2.43.0-1ubuntu7.3) ...
Selecting previously unselected package gnupg-utils.
Preparing to unpack .../163-gnupg-utils_2.4.4-2ubuntu17.4_arm64.deb ...
Unpacking gnupg-utils (2.4.4-2ubuntu17.4) ...
Selecting previously unselected package gpg.
Preparing to unpack .../164-gpg_2.4.4-2ubuntu17.4_arm64.deb ...
Unpacking gpg (2.4.4-2ubuntu17.4) ...
Selecting previously unselected package pinentry-curses.
Preparing to unpack .../165-pinentry-curses_1.2.1-3ubuntu5_arm64.deb ...
Unpacking pinentry-curses (1.2.1-3ubuntu5) ...
Selecting previously unselected package gpg-agent.
Preparing to unpack .../166-gpg-agent_2.4.4-2ubuntu17.4_arm64.deb ...
Unpacking gpg-agent (2.4.4-2ubuntu17.4) ...
Selecting previously unselected package gpgsm.
Preparing to unpack .../167-gpgsm_2.4.4-2ubuntu17.4_arm64.deb ...
Unpacking gpgsm (2.4.4-2ubuntu17.4) ...
Selecting previously unselected package keyboxd.
Preparing to unpack .../168-keyboxd_2.4.4-2ubuntu17.4_arm64.deb ...
Unpacking keyboxd (2.4.4-2ubuntu17.4) ...
Selecting previously unselected package gnupg.
Preparing to unpack .../169-gnupg_2.4.4-2ubuntu17.4_all.deb ...
Unpacking gnupg (2.4.4-2ubuntu17.4) ...
Selecting previously unselected package gnupg-l10n.
Preparing to unpack .../170-gnupg-l10n_2.4.4-2ubuntu17.4_all.deb ...
Unpacking gnupg-l10n (2.4.4-2ubuntu17.4) ...
Selecting previously unselected package gpg-wks-client.
Preparing to unpack .../171-gpg-wks-client_2.4.4-2ubuntu17.4_arm64.deb ...
Unpacking gpg-wks-client (2.4.4-2ubuntu17.4) ...
Selecting previously unselected package icu-devtools.
Preparing to unpack .../172-icu-devtools_74.2-1ubuntu3.1_arm64.deb ...
Unpacking icu-devtools (74.2-1ubuntu3.1) ...
Selecting previously unselected package libonig5:arm64.
Preparing to unpack .../173-libonig5_6.9.9-1build1_arm64.deb ...
Unpacking libonig5:arm64 (6.9.9-1build1) ...
Selecting previously unselected package libjq1:arm64.
Preparing to unpack .../174-libjq1_1.7.1-3ubuntu0.24.04.2_arm64.deb ...
Unpacking libjq1:arm64 (1.7.1-3ubuntu0.24.04.2) ...
Selecting previously unselected package jq.
Preparing to unpack .../175-jq_1.7.1-3ubuntu0.24.04.2_arm64.deb ...
Unpacking jq (1.7.1-3ubuntu0.24.04.2) ...
Selecting previously unselected package libalgorithm-diff-perl.
Preparing to unpack .../176-libalgorithm-diff-perl_1.201-1_all.deb ...
Unpacking libalgorithm-diff-perl (1.201-1) ...
Selecting previously unselected package libalgorithm-diff-xs-perl:arm64.
Preparing to unpack .../177-libalgorithm-diff-xs-perl_0.04-8build3_arm64.deb ...
Unpacking libalgorithm-diff-xs-perl:arm64 (0.04-8build3) ...
Selecting previously unselected package libalgorithm-merge-perl.
Preparing to unpack .../178-libalgorithm-merge-perl_0.08-5_all.deb ...
Unpacking libalgorithm-merge-perl (0.08-5) ...
Selecting previously unselected package libaom3:arm64.
Preparing to unpack .../179-libaom3_3.8.2-2ubuntu0.1_arm64.deb ...
Unpacking libaom3:arm64 (3.8.2-2ubuntu0.1) ...
Selecting previously unselected package libfreetype6:arm64.
Preparing to unpack .../180-libfreetype6_2.13.2+dfsg-1ubuntu0.1_arm64.deb ...
Unpacking libfreetype6:arm64 (2.13.2+dfsg-1ubuntu0.1) ...
Selecting previously unselected package libfontconfig1:arm64.
Preparing to unpack .../181-libfontconfig1_2.15.0-1.1ubuntu2_arm64.deb ...
Unpacking libfontconfig1:arm64 (2.15.0-1.1ubuntu2) ...
Selecting previously unselected package libsharpyuv0:arm64.
Preparing to unpack .../182-libsharpyuv0_1.3.2-0.4build3_arm64.deb ...
Unpacking libsharpyuv0:arm64 (1.3.2-0.4build3) ...
Selecting previously unselected package libheif-plugin-aomdec:arm64.
Preparing to unpack .../183-libheif-plugin-aomdec_1.17.6-1ubuntu4.6_arm64.deb ...
Unpacking libheif-plugin-aomdec:arm64 (1.17.6-1ubuntu4.6) ...
Selecting previously unselected package libheif1:arm64.
Preparing to unpack .../184-libheif1_1.17.6-1ubuntu4.6_arm64.deb ...
Unpacking libheif1:arm64 (1.17.6-1ubuntu4.6) ...
Selecting previously unselected package libjpeg-turbo8:arm64.
Preparing to unpack .../185-libjpeg-turbo8_2.1.5-2ubuntu2_arm64.deb ...
Unpacking libjpeg-turbo8:arm64 (2.1.5-2ubuntu2) ...
Selecting previously unselected package libjpeg8:arm64.
Preparing to unpack .../186-libjpeg8_8c-2ubuntu11_arm64.deb ...
Unpacking libjpeg8:arm64 (8c-2ubuntu11) ...
Selecting previously unselected package libdeflate0:arm64.
Preparing to unpack .../187-libdeflate0_1.19-1build1.1_arm64.deb ...
Unpacking libdeflate0:arm64 (1.19-1build1.1) ...
Selecting previously unselected package libjbig0:arm64.
Preparing to unpack .../188-libjbig0_2.1-6.1ubuntu2_arm64.deb ...
Unpacking libjbig0:arm64 (2.1-6.1ubuntu2) ...
Selecting previously unselected package liblerc4:arm64.
Preparing to unpack .../189-liblerc4_4.0.0+ds-4ubuntu2_arm64.deb ...
Unpacking liblerc4:arm64 (4.0.0+ds-4ubuntu2) ...
Selecting previously unselected package libwebp7:arm64.
Preparing to unpack .../190-libwebp7_1.3.2-0.4build3_arm64.deb ...
Unpacking libwebp7:arm64 (1.3.2-0.4build3) ...
Selecting previously unselected package libtiff6:arm64.
Preparing to unpack .../191-libtiff6_4.5.1+git230720-4ubuntu2.5_arm64.deb ...
Unpacking libtiff6:arm64 (4.5.1+git230720-4ubuntu2.5) ...
Selecting previously unselected package libxpm4:arm64.
Preparing to unpack .../192-libxpm4_1%3a3.5.17-1ubuntu0.24.04.1_arm64.deb ...
Unpacking libxpm4:arm64 (1:3.5.17-1ubuntu0.24.04.1) ...
Selecting previously unselected package libgd3:arm64.
Preparing to unpack .../193-libgd3_2.3.3-9ubuntu5_arm64.deb ...
Unpacking libgd3:arm64 (2.3.3-9ubuntu5) ...
Selecting previously unselected package libc-devtools.
Preparing to unpack .../194-libc-devtools_2.39-0ubuntu8.8_arm64.deb ...
Unpacking libc-devtools (2.39-0ubuntu8.8) ...
Selecting previously unselected package libclang-18-dev.
Preparing to unpack .../195-libclang-18-dev_1%3a18.1.3-1ubuntu1_arm64.deb ...
Unpacking libclang-18-dev (1:18.1.3-1ubuntu1) ...
Selecting previously unselected package libclang-dev.
Preparing to unpack .../196-libclang-dev_1%3a18.0-59~exp2_arm64.deb ...
Unpacking libclang-dev (1:18.0-59~exp2) ...
Selecting previously unselected package libclang-rt-18-dev:arm64.
Preparing to unpack .../197-libclang-rt-18-dev_1%3a18.1.3-1ubuntu1_arm64.deb ...
Unpacking libclang-rt-18-dev:arm64 (1:18.1.3-1ubuntu1) ...
Selecting previously unselected package libfile-fcntllock-perl.
Preparing to unpack .../198-libfile-fcntllock-perl_0.22-4ubuntu5_arm64.deb ...
Unpacking libfile-fcntllock-perl (0.22-4ubuntu5) ...
Selecting previously unselected package libheif-plugin-aomenc:arm64.
Preparing to unpack .../199-libheif-plugin-aomenc_1.17.6-1ubuntu4.6_arm64.deb ...
Unpacking libheif-plugin-aomenc:arm64 (1.17.6-1ubuntu4.6) ...
Selecting previously unselected package libicu-dev:arm64.
Preparing to unpack .../200-libicu-dev_74.2-1ubuntu3.1_arm64.deb ...
Unpacking libicu-dev:arm64 (74.2-1ubuntu3.1) ...
Selecting previously unselected package libldap-common.
Preparing to unpack .../201-libldap-common_2.6.10+dfsg-0ubuntu0.24.04.1_all.deb ...
Unpacking libldap-common (2.6.10+dfsg-0ubuntu0.24.04.1) ...
Selecting previously unselected package libltdl7:arm64.
Preparing to unpack .../202-libltdl7_2.4.7-7build1_arm64.deb ...
Unpacking libltdl7:arm64 (2.4.7-7build1) ...
Selecting previously unselected package libltdl-dev:arm64.
Preparing to unpack .../203-libltdl-dev_2.4.7-7build1_arm64.deb ...
Unpacking libltdl-dev:arm64 (2.4.7-7build1) ...
Selecting previously unselected package libncurses-dev:arm64.
Preparing to unpack .../204-libncurses-dev_6.4+20240113-1ubuntu2.1_arm64.deb ...
Unpacking libncurses-dev:arm64 (6.4+20240113-1ubuntu2.1) ...
Selecting previously unselected package libpkgconf3:arm64.
Preparing to unpack .../205-libpkgconf3_1.8.1-2build1_arm64.deb ...
Unpacking libpkgconf3:arm64 (1.8.1-2build1) ...
Selecting previously unselected package libsasl2-modules:arm64.
Preparing to unpack .../206-libsasl2-modules_2.1.28+dfsg1-5ubuntu3.1_arm64.deb ...
Unpacking libsasl2-modules:arm64 (2.1.28+dfsg1-5ubuntu3.1) ...
Selecting previously unselected package libtool.
Preparing to unpack .../207-libtool_2.4.7-7build1_all.deb ...
Unpacking libtool (2.4.7-7build1) ...
Selecting previously unselected package libxml2-dev:arm64.
Preparing to unpack .../208-libxml2-dev_2.9.14+dfsg-1.3ubuntu3.8_arm64.deb ...
Unpacking libxml2-dev:arm64 (2.9.14+dfsg-1.3ubuntu3.8) ...
Selecting previously unselected package llvm-18-runtime.
Preparing to unpack .../209-llvm-18-runtime_1%3a18.1.3-1ubuntu1_arm64.deb ...
Unpacking llvm-18-runtime (1:18.1.3-1ubuntu1) ...
Selecting previously unselected package llvm-runtime:arm64.
Preparing to unpack .../210-llvm-runtime_1%3a18.0-59~exp2_arm64.deb ...
Unpacking llvm-runtime:arm64 (1:18.0-59~exp2) ...
Selecting previously unselected package libpfm4:arm64.
Preparing to unpack .../211-libpfm4_4.13.0+git32-g0d4ed0e-1_arm64.deb ...
Unpacking libpfm4:arm64 (4.13.0+git32-g0d4ed0e-1) ...
Selecting previously unselected package llvm-18.
Preparing to unpack .../212-llvm-18_1%3a18.1.3-1ubuntu1_arm64.deb ...
Unpacking llvm-18 (1:18.1.3-1ubuntu1) ...
Selecting previously unselected package llvm.
Preparing to unpack .../213-llvm_1%3a18.0-59~exp2_arm64.deb ...
Unpacking llvm (1:18.0-59~exp2) ...
Selecting previously unselected package libffi-dev:arm64.
Preparing to unpack .../214-libffi-dev_3.4.6-1build1_arm64.deb ...
Unpacking libffi-dev:arm64 (3.4.6-1build1) ...
Selecting previously unselected package llvm-18-tools.
Preparing to unpack .../215-llvm-18-tools_1%3a18.1.3-1ubuntu1_arm64.deb ...
Unpacking llvm-18-tools (1:18.1.3-1ubuntu1) ...
Selecting previously unselected package libz3-4:arm64.
Preparing to unpack .../216-libz3-4_4.8.12-3.1build1_arm64.deb ...
Unpacking libz3-4:arm64 (4.8.12-3.1build1) ...
Selecting previously unselected package libz3-dev:arm64.
Preparing to unpack .../217-libz3-dev_4.8.12-3.1build1_arm64.deb ...
Unpacking libz3-dev:arm64 (4.8.12-3.1build1) ...
Selecting previously unselected package llvm-18-dev.
Preparing to unpack .../218-llvm-18-dev_1%3a18.1.3-1ubuntu1_arm64.deb ...
Unpacking llvm-18-dev (1:18.1.3-1ubuntu1) ...
Selecting previously unselected package llvm-dev.
Preparing to unpack .../219-llvm-dev_1%3a18.0-59~exp2_arm64.deb ...
Unpacking llvm-dev (1:18.0-59~exp2) ...
Selecting previously unselected package manpages-dev.
Preparing to unpack .../220-manpages-dev_6.7-2_all.deb ...
Unpacking manpages-dev (6.7-2) ...
Selecting previously unselected package pkgconf-bin.
Preparing to unpack .../221-pkgconf-bin_1.8.1-2build1_arm64.deb ...
Unpacking pkgconf-bin (1.8.1-2build1) ...
Selecting previously unselected package pkgconf:arm64.
Preparing to unpack .../222-pkgconf_1.8.1-2build1_arm64.deb ...
Unpacking pkgconf:arm64 (1.8.1-2build1) ...
Selecting previously unselected package pkg-config:arm64.
Preparing to unpack .../223-pkg-config_1.8.1-2build1_arm64.deb ...
Unpacking pkg-config:arm64 (1.8.1-2build1) ...
Selecting previously unselected package qemu-user.
Preparing to unpack .../224-qemu-user_1%3a8.2.2+ds-0ubuntu1.18_arm64.deb ...
Unpacking qemu-user (1:8.2.2+ds-0ubuntu1.18) ...
Selecting previously unselected package qemu-user-binfmt.
Preparing to unpack .../225-qemu-user-binfmt_1%3a8.2.2+ds-0ubuntu1.18_arm64.deb ...
Unpacking qemu-user-binfmt (1:8.2.2+ds-0ubuntu1.18) ...
Selecting previously unselected package linux-libc-dev-riscv64-cross.
Preparing to unpack .../226-linux-libc-dev-riscv64-cross_6.8.0-25.25cross1_all.deb ...
Unpacking linux-libc-dev-riscv64-cross (6.8.0-25.25cross1) ...
Selecting previously unselected package libc6-dev-riscv64-cross.
Preparing to unpack .../227-libc6-dev-riscv64-cross_2.39-0ubuntu8cross1_all.deb ...
Unpacking libc6-dev-riscv64-cross (2.39-0ubuntu8cross1) ...
Setting up libksba8:arm64 (1.6.6-1build1) ...
Setting up pinentry-curses (1.2.1-3ubuntu5) ...
Setting up media-types (10.1.0) ...
Setting up libsharpyuv0:arm64 (1.3.2-0.4build3) ...
Setting up libaom3:arm64 (3.8.2-2ubuntu0.1) ...
Setting up libxau6:arm64 (1:1.0.9-1build6) ...
Setting up libkeyutils1:arm64 (1.6.3-3build1) ...
Setting up lto-disabled-list (47) ...
Setting up libapparmor1:arm64 (4.0.1really4.0.1-0ubuntu0.24.04.7) ...
Setting up libgpm2:arm64 (1.20.7-11) ...
Setting up liblerc4:arm64 (4.0.0+ds-4ubuntu2) ...
Setting up libgdbm6t64:arm64 (1.23-5.1build1) ...
Setting up libgdbm-compat4t64:arm64 (1.23-5.1build1) ...
Setting up xdg-user-dirs (0.18-1build1) ...
Setting up gcc-13-riscv64-linux-gnu-base:arm64 (13.3.0-6ubuntu2~24.04.1cross1) ...
Setting up libmagic-mgc (1:5.45-3build1) ...
Setting up libcbor0.10:arm64 (0.10.2-1.2ubuntu2) ...
Setting up libyaml-0-2:arm64 (0.2.5-1build1) ...
Setting up manpages (6.7-2) ...
Setting up libargon2-1:arm64 (0~20190702+dfsg-4build1) ...
Setting up libbrotli1:arm64 (1.1.0-2build2) ...
Setting up libsqlite3-0:arm64 (3.45.1-1ubuntu2.7) ...
Setting up libsasl2-modules:arm64 (2.1.28+dfsg1-5ubuntu3.1) ...
Setting up libuv1t64:arm64 (1.48.0-1.1build1) ...
Setting up libmagic1t64:arm64 (1:5.45-3build1) ...
Setting up binutils-common:arm64 (2.42-4ubuntu2.10) ...
Setting up libpsl5t64:arm64 (0.21.2-1.1build1) ...
Setting up libnghttp2-14:arm64 (1.59.0-1ubuntu0.4) ...
Setting up libdeflate0:arm64 (1.19-1build1.1) ...
Setting up less (590-2ubuntu2.1) ...
Setting up linux-libc-dev:arm64 (6.8.0-137.137) ...
Setting up libctf-nobfd0:arm64 (2.42-4ubuntu2.10) ...
Setting up m4 (1.4.19-4build1) ...
Setting up systemd-dev (255.4-1ubuntu8.17) ...
Setting up krb5-locales (1.20.1-6ubuntu2.7) ...
Setting up gcc-14-cross-base (14.2.0-4ubuntu2~24.04.1cross1) ...
Setting up file (1:5.45-3build1) ...
Setting up libgomp1:arm64 (14.2.0-4ubuntu2~24.04.1) ...
Setting up bzip2 (1.0.8-5.1build0.1) ...
Setting up libffi-dev:arm64 (3.4.6-1build1) ...
Setting up libldap-common (2.6.10+dfsg-0ubuntu0.24.04.1) ...
Setting up libjbig0:arm64 (2.1-6.1ubuntu2) ...
Setting up libsframe1:arm64 (2.42-4ubuntu2.10) ...
Setting up libfakeroot:arm64 (1.33-1) ...
Setting up libjansson4:arm64 (2.14-2build2) ...
Setting up libkrb5support0:arm64 (1.20.1-6ubuntu2.7) ...
Setting up libsasl2-modules-db:arm64 (2.1.28+dfsg1-5ubuntu3.1) ...
Setting up tzdata (2026c-0ubuntu0.24.04.1) ...

Current default time zone: 'Etc/UTC'
Local time is now:      Wed Aug 12 05:42:48 UTC 2026.
Universal Time is now:  Wed Aug 12 05:42:48 UTC 2026.
Run 'dpkg-reconfigure tzdata' if you wish to change it.

Setting up fakeroot (1.33-1) ...
update-alternatives: using /usr/bin/fakeroot-sysv to provide /usr/bin/fakeroot (fakeroot) in auto mode
update-alternatives: warning: skip creation of /usr/share/man/man1/fakeroot.1.gz because associated file /usr/share/man/man1/fakeroot-sysv.1.gz (of link group fakeroot) doesn't exist
update-alternatives: warning: skip creation of /usr/share/man/man1/faked.1.gz because associated file /usr/share/man/man1/faked-sysv.1.gz (of link group fakeroot) doesn't exist
update-alternatives: warning: skip creation of /usr/share/man/es/man1/fakeroot.1.gz because associated file /usr/share/man/es/man1/fakeroot-sysv.1.gz (of link group fakeroot) doesn't exist
update-alternatives: warning: skip creation of /usr/share/man/es/man1/faked.1.gz because associated file /usr/share/man/es/man1/faked-sysv.1.gz (of link group fakeroot) doesn't exist
update-alternatives: warning: skip creation of /usr/share/man/fr/man1/fakeroot.1.gz because associated file /usr/share/man/fr/man1/fakeroot-sysv.1.gz (of link group fakeroot) doesn't exist
update-alternatives: warning: skip creation of /usr/share/man/fr/man1/faked.1.gz because associated file /usr/share/man/fr/man1/faked-sysv.1.gz (of link group fakeroot) doesn't exist
update-alternatives: warning: skip creation of /usr/share/man/sv/man1/fakeroot.1.gz because associated file /usr/share/man/sv/man1/fakeroot-sysv.1.gz (of link group fakeroot) doesn't exist
update-alternatives: warning: skip creation of /usr/share/man/sv/man1/faked.1.gz because associated file /usr/share/man/sv/man1/faked-sysv.1.gz (of link group fakeroot) doesn't exist
Setting up autotools-dev (20220109.1) ...
Setting up libz3-4:arm64 (4.8.12-3.1build1) ...
Setting up libglib2.0-0t64:arm64 (2.80.0-6ubuntu3.8) ...
No schema files found: doing nothing.
Setting up libglib2.0-data (2.80.0-6ubuntu3.8) ...
Setting up libpkgconf3:arm64 (1.8.1-2build1) ...
Setting up libpfm4:arm64 (4.13.0+git32-g0d4ed0e-1) ...
Setting up rpcsvc-proto (1.4.2-0ubuntu7) ...
Setting up gcc-13-base:arm64 (13.3.0-6ubuntu2~24.04.1) ...
Setting up libx11-data (2:1.8.7-1build1) ...
Setting up make (4.3-4.1build2) ...
Setting up libmpfr6:arm64 (4.2.1-1build1.1) ...
Setting up gnupg-l10n (2.4.4-2ubuntu17.4) ...
Setting up librtmp1:arm64 (2.4+20151223.gitfa8646d.1-2build7) ...
Setting up qemu-user (1:8.2.2+ds-0ubuntu1.18) ...
Setting up libncurses6:arm64 (6.4+20240113-1ubuntu2.1) ...
Setting up gcc-13-cross-base (13.3.0-6ubuntu2~24.04.1cross1) ...
Setting up libdbus-1-3:arm64 (1.14.10-4ubuntu4.1) ...
Setting up xz-utils (5.6.1+really5.4.5-1ubuntu0.3) ...
update-alternatives: using /usr/bin/xz to provide /usr/bin/lzma (lzma) in auto mode
update-alternatives: warning: skip creation of /usr/share/man/man1/lzma.1.gz because associated file /usr/share/man/man1/xz.1.gz (of link group lzma) doesn't exist
update-alternatives: warning: skip creation of /usr/share/man/man1/unlzma.1.gz because associated file /usr/share/man/man1/unxz.1.gz (of link group lzma) doesn't exist
update-alternatives: warning: skip creation of /usr/share/man/man1/lzcat.1.gz because associated file /usr/share/man/man1/xzcat.1.gz (of link group lzma) doesn't exist
update-alternatives: warning: skip creation of /usr/share/man/man1/lzmore.1.gz because associated file /usr/share/man/man1/xzmore.1.gz (of link group lzma) doesn't exist
update-alternatives: warning: skip creation of /usr/share/man/man1/lzless.1.gz because associated file /usr/share/man/man1/xzless.1.gz (of link group lzma) doesn't exist
update-alternatives: warning: skip creation of /usr/share/man/man1/lzdiff.1.gz because associated file /usr/share/man/man1/xzdiff.1.gz (of link group lzma) doesn't exist
update-alternatives: warning: skip creation of /usr/share/man/man1/lzcmp.1.gz because associated file /usr/share/man/man1/xzcmp.1.gz (of link group lzma) doesn't exist
update-alternatives: warning: skip creation of /usr/share/man/man1/lzgrep.1.gz because associated file /usr/share/man/man1/xzgrep.1.gz (of link group lzma) doesn't exist
update-alternatives: warning: skip creation of /usr/share/man/man1/lzegrep.1.gz because associated file /usr/share/man/man1/xzegrep.1.gz (of link group lzma) doesn't exist
update-alternatives: warning: skip creation of /usr/share/man/man1/lzfgrep.1.gz because associated file /usr/share/man/man1/xzfgrep.1.gz (of link group lzma) doesn't exist
Setting up perl-modules-5.38 (5.38.2-3.2ubuntu0.3) ...
Setting up fonts-dejavu-mono (2.37-8) ...
Setting up libpng16-16t64:arm64 (1.6.43-5ubuntu0.6) ...
Setting up libmpc3:arm64 (1.3.1-1build1.1) ...
Setting up libatomic1:arm64 (14.2.0-4ubuntu2~24.04.1) ...
Setting up patch (2.7.6-7build3) ...
Setting up libjsoncpp25:arm64 (1.9.5-6build1) ...
Setting up fonts-dejavu-core (2.37-8) ...
Setting up pkgconf-bin (1.8.1-2build1) ...
Setting up gir1.2-glib-2.0:arm64 (2.80.0-6ubuntu3.8) ...
Setting up libclang-common-18-dev:arm64 (1:18.1.3-1ubuntu1) ...
Setting up libk5crypto3:arm64 (1.20.1-6ubuntu2.7) ...
Setting up libjpeg-turbo8:arm64 (2.1.5-2ubuntu2) ...
Setting up libgc1:arm64 (1:8.2.6-1build1) ...
Setting up libltdl7:arm64 (2.4.7-7build1) ...
Setting up libsasl2-2:arm64 (2.1.28+dfsg1-5ubuntu3.1) ...
Setting up libwebp7:arm64 (1.3.2-0.4build3) ...
Setting up libfdisk1:arm64 (2.39.3-9ubuntu6.5) ...
Setting up libubsan1:arm64 (14.2.0-4ubuntu2~24.04.1) ...
Setting up libicu74:arm64 (74.2-1ubuntu3.1) ...
Setting up libdevmapper1.02.1:arm64 (2:1.02.185-3ubuntu3.2) ...
Setting up dmsetup (2:1.02.185-3ubuntu3.2) ...
Setting up libhwasan0:arm64 (14.2.0-4ubuntu2~24.04.1) ...
Setting up librhash0:arm64 (1.4.3-3build1) ...
Setting up libcrypt-dev:arm64 (1:4.4.36-4build1) ...
Setting up dbus-session-bus-common (1.14.10-4ubuntu4.1) ...
Setting up libasan8:arm64 (14.2.0-4ubuntu2~24.04.1) ...
Setting up linux-libc-dev-riscv64-cross (6.8.0-25.25cross1) ...
Setting up git-man (1:2.43.0-1ubuntu7.3) ...
Setting up libgirepository-1.0-1:arm64 (1.80.1-1) ...
Setting up netbase (6.4) ...
Setting up libc6-riscv64-cross (2.39-0ubuntu8cross1) ...
Setting up cmake-data (3.28.3-1build7) ...
Setting up libkrb5-3:arm64 (1.20.1-6ubuntu2.7) ...
Setting up libgomp1-riscv64-cross (14.2.0-4ubuntu2~24.04.1cross1) ...
Setting up libperl5.38t64:arm64 (5.38.2-3.2ubuntu0.3) ...
Setting up libtsan2:arm64 (14.2.0-4ubuntu2~24.04.1) ...
Setting up libbinutils:arm64 (2.42-4ubuntu2.10) ...
Setting up dbus-system-bus-common (1.14.10-4ubuntu4.1) ...
Setting up libfido2-1:arm64 (1.14.0-1build3) ...
Setting up libisl23:arm64 (0.26-3build1.1) ...
Setting up libatomic1-riscv64-cross (14.2.0-4ubuntu2~24.04.1cross1) ...
Setting up libc-dev-bin (2.39-0ubuntu8.8) ...
Setting up openssl (3.0.13-0ubuntu3.12) ...
Setting up libbsd0:arm64 (0.12.1-1build1.1) ...
Setting up qemu-user-binfmt (1:8.2.2+ds-0ubuntu1.18) ...
Setting up libjson-c5:arm64 (0.17-1build1) ...
Setting up readline-common (8.2-4build1) ...
Setting up publicsuffix (20231001.0357-0.1) ...
Setting up libxml2:arm64 (2.9.14+dfsg-1.3ubuntu3.8) ...
Setting up libclang-rt-18-dev:arm64 (1:18.1.3-1ubuntu1) ...
Setting up libcc1-0:arm64 (14.2.0-4ubuntu2~24.04.1) ...
Setting up libldap2:arm64 (2.6.10+dfsg-0ubuntu0.24.04.1) ...
Setting up dbus-bin (1.14.10-4ubuntu4.1) ...
Setting up libonig5:arm64 (6.9.9-1build1) ...
Setting up liblocale-gettext-perl (1.07-6ubuntu5) ...
Setting up liblsan0:arm64 (14.2.0-4ubuntu2~24.04.1) ...
Setting up libitm1:arm64 (14.2.0-4ubuntu2~24.04.1) ...
Setting up libkmod2:arm64 (31+20240202-2ubuntu7.2) ...
Setting up libpopt0:arm64 (1.19+dfsg-1build1) ...
Setting up gnupg-utils (2.4.4-2ubuntu17.4) ...
Setting up libctf0:arm64 (2.42-4ubuntu2.10) ...
Setting up libjpeg8:arm64 (8c-2ubuntu11) ...
Setting up libz3-dev:arm64 (4.8.12-3.1build1) ...
Setting up manpages-dev (6.7-2) ...
Setting up libxdmcp6:arm64 (1:1.1.3-0ubuntu6) ...
Setting up libxcb1:arm64 (1.15-1ubuntu2) ...
Setting up cpp-13-aarch64-linux-gnu (13.3.0-6ubuntu2~24.04.1) ...
Setting up cpp-13-riscv64-linux-gnu (13.3.0-6ubuntu2~24.04.1cross1) ...
Setting up libjq1:arm64 (1.7.1-3ubuntu0.24.04.2) ...
Setting up fontconfig-config (2.15.0-1.1ubuntu2) ...
Setting up libedit2:arm64 (3.1-20230828-1build1) ...
Setting up libitm1-riscv64-cross (14.2.0-4ubuntu2~24.04.1cross1) ...
Setting up binutils-riscv64-linux-gnu (2.42-4ubuntu2.10) ...
Setting up libobjc4:arm64 (14.2.0-4ubuntu2~24.04.1) ...
Setting up dbus-daemon (1.14.10-4ubuntu4.1) ...
Setting up pkgconf:arm64 (1.8.1-2build1) ...
Setting up ca-certificates (20260601~24.04.1) ...
Updating certificates in /etc/ssl/certs...
121 added, 0 removed; done.
Setting up perl (5.38.2-3.2ubuntu0.3) ...
Setting up cpp-aarch64-linux-gnu (4:13.2.0-7ubuntu1) ...
Setting up libgprofng0:arm64 (2.42-4ubuntu2.10) ...
Setting up libfreetype6:arm64 (2.13.2+dfsg-1ubuntu0.1) ...
Setting up libgcc-s1-riscv64-cross (14.2.0-4ubuntu2~24.04.1cross1) ...
Setting up gir1.2-girepository-2.0:arm64 (1.80.1-1) ...
Setting up dbus (1.14.10-4ubuntu4.1) ...
Setting up shared-mime-info (2.4-4) ...
Setting up libgssapi-krb5-2:arm64 (1.20.1-6ubuntu2.7) ...
Setting up libsystemd-shared:arm64 (255.4-1ubuntu8.17) ...
Setting up icu-devtools (74.2-1ubuntu3.1) ...
Setting up pkg-config:arm64 (1.8.1-2build1) ...
Setting up libdpkg-perl (1.22.6ubuntu6.6) ...
Setting up libssh-4:arm64 (0.10.6-2ubuntu0.4) ...
Setting up autoconf (2.71-3) ...
Setting up libreadline8t64:arm64 (8.2-4build1) ...
Setting up libgcc-13-dev:arm64 (13.3.0-6ubuntu2~24.04.1) ...
Setting up libtiff6:arm64 (4.5.1+git230720-4ubuntu2.5) ...
Setting up libc6-dev-riscv64-cross (2.39-0ubuntu8cross1) ...
Setting up jq (1.7.1-3ubuntu0.24.04.2) ...
Setting up gpgconf (2.4.4-2ubuntu17.4) ...
Setting up libasan8-riscv64-cross (14.2.0-4ubuntu2~24.04.1cross1) ...
Setting up libc6-dev:arm64 (2.39-0ubuntu8.8) ...
Setting up libx11-6:arm64 (2:1.8.7-1build1) ...
Setting up libcryptsetup12:arm64 (2:2.7.0-1ubuntu4.2) ...
Setting up libfontconfig1:arm64 (2.15.0-1.1ubuntu2) ...
Setting up cpp-riscv64-linux-gnu (4:13.2.0-7ubuntu1) ...
Setting up libarchive13t64:arm64 (3.7.2-2ubuntu0.8) ...
Setting up libicu-dev:arm64 (74.2-1ubuntu3.1) ...
Setting up libxmuu1:arm64 (2:1.1.3-3build2) ...
Setting up gpg (2.4.4-2ubuntu17.4) ...
Setting up libobjc-13-dev:arm64 (13.3.0-6ubuntu2~24.04.1) ...
Setting up rsync (3.2.7-1ubuntu1.5) ...
invoke-rc.d: could not determine current runlevel
invoke-rc.d: policy-rc.d denied execution of start.
Setting up libstdc++-13-dev:arm64 (13.3.0-6ubuntu2~24.04.1) ...
Setting up libllvm18:arm64 (1:18.1.3-1ubuntu1) ...
Setting up automake (1:1.16.5-1.3ubuntu1) ...
update-alternatives: using /usr/bin/automake-1.16 to provide /usr/bin/automake (automake) in auto mode
update-alternatives: warning: skip creation of /usr/share/man/man1/automake.1.gz because associated file /usr/share/man/man1/automake-1.16.1.gz (of link group automake) doesn't exist
update-alternatives: warning: skip creation of /usr/share/man/man1/aclocal.1.gz because associated file /usr/share/man/man1/aclocal-1.16.1.gz (of link group automake) doesn't exist
Setting up libstdc++6-riscv64-cross (14.2.0-4ubuntu2~24.04.1cross1) ...
Setting up libclang1-18 (1:18.1.3-1ubuntu1) ...
Setting up libncurses-dev:arm64 (6.4+20240113-1ubuntu2.1) ...
Setting up gpg-agent (2.4.4-2ubuntu17.4) ...
Created symlink /etc/systemd/user/sockets.target.wants/gpg-agent.socket → /usr/lib/systemd/user/gpg-agent.socket.
Created symlink /etc/systemd/user/sockets.target.wants/gpg-agent-ssh.socket → /usr/lib/systemd/user/gpg-agent-ssh.socket.
Created symlink /etc/systemd/user/sockets.target.wants/gpg-agent-extra.socket → /usr/lib/systemd/user/gpg-agent-extra.socket.
Created symlink /etc/systemd/user/sockets.target.wants/gpg-agent-browser.socket → /usr/lib/systemd/user/gpg-agent-browser.socket.
Setting up libpython3.12-stdlib:arm64 (3.12.3-1ubuntu0.15) ...
Setting up libxpm4:arm64 (1:3.5.17-1ubuntu0.24.04.1) ...
Setting up cpp-13 (13.3.0-6ubuntu2~24.04.1) ...
Setting up libcurl4t64:arm64 (8.5.0-2ubuntu10.11) ...
Setting up libfile-fcntllock-perl (0.22-4ubuntu5) ...
Setting up libalgorithm-diff-perl (1.201-1) ...
Setting up libubsan1-riscv64-cross (14.2.0-4ubuntu2~24.04.1cross1) ...
Setting up openssh-client (1:9.6p1-3ubuntu13.18) ...
Setting up python3.12 (3.12.3-1ubuntu0.15) ...
Setting up gpgsm (2.4.4-2ubuntu17.4) ...
Setting up libcurl3t64-gnutls:arm64 (8.5.0-2ubuntu10.11) ...
Setting up libxext6:arm64 (2:1.3.4-1build2) ...
Setting up binutils-aarch64-linux-gnu (2.42-4ubuntu2.10) ...
Setting up systemd (255.4-1ubuntu8.17) ...
Created symlink /etc/systemd/system/getty.target.wants/getty@tty1.service → /usr/lib/systemd/system/getty@.service.
Created symlink /etc/systemd/system/multi-user.target.wants/remote-fs.target → /usr/lib/systemd/system/remote-fs.target.
Created symlink /etc/systemd/system/sysinit.target.wants/systemd-pstore.service → /usr/lib/systemd/system/systemd-pstore.service.
Initializing machine ID from D-Bus machine ID.
/usr/lib/tmpfiles.d/systemd-network.conf:10: Failed to resolve user 'systemd-network': No such process
/usr/lib/tmpfiles.d/systemd-network.conf:11: Failed to resolve user 'systemd-network': No such process
/usr/lib/tmpfiles.d/systemd-network.conf:12: Failed to resolve user 'systemd-network': No such process
/usr/lib/tmpfiles.d/systemd-network.conf:13: Failed to resolve user 'systemd-network': No such process
/usr/lib/tmpfiles.d/systemd.conf:22: Failed to resolve group 'systemd-journal': No such process
/usr/lib/tmpfiles.d/systemd.conf:23: Failed to resolve group 'systemd-journal': No such process
/usr/lib/tmpfiles.d/systemd.conf:28: Failed to resolve group 'systemd-journal': No such process
/usr/lib/tmpfiles.d/systemd.conf:29: Failed to resolve group 'systemd-journal': No such process
/usr/lib/tmpfiles.d/systemd.conf:30: Failed to resolve group 'systemd-journal': No such process
Creating group 'systemd-journal' with GID 999.
Creating group 'systemd-network' with GID 998.
Creating user 'systemd-network' (systemd Network Management) with UID 998 and GID 998.
Setting up binutils (2.42-4ubuntu2.10) ...
Setting up gcc-13-aarch64-linux-gnu (13.3.0-6ubuntu2~24.04.1) ...
Setting up dpkg-dev (1.22.6ubuntu6.6) ...
Setting up liberror-perl (0.17029-2) ...
Setting up dirmngr (2.4.4-2ubuntu17.4) ...
Created symlink /etc/systemd/user/sockets.target.wants/dirmngr.socket → /usr/lib/systemd/user/dirmngr.socket.
Setting up libltdl-dev:arm64 (2.4.7-7build1) ...
Setting up libclang-18-dev (1:18.1.3-1ubuntu1) ...
Setting up libxml2-dev:arm64 (2.9.14+dfsg-1.3ubuntu3.8) ...
Setting up gcc-13 (13.3.0-6ubuntu2~24.04.1) ...
Setting up systemd-timesyncd (255.4-1ubuntu8.17) ...
Creating group 'systemd-timesync' with GID 997.
Creating user 'systemd-timesync' (systemd Time Synchronization) with UID 997 and GID 997.
Created symlink /etc/systemd/system/dbus-org.freedesktop.timesync1.service → /usr/lib/systemd/system/systemd-timesyncd.service.
Created symlink /etc/systemd/system/sysinit.target.wants/systemd-timesyncd.service → /usr/lib/systemd/system/systemd-timesyncd.service.
Setting up keyboxd (2.4.4-2ubuntu17.4) ...
Created symlink /etc/systemd/user/sockets.target.wants/keyboxd.socket → /usr/lib/systemd/user/keyboxd.socket.
Setting up git (1:2.43.0-1ubuntu7.3) ...
Setting up llvm-18-linker-tools (1:18.1.3-1ubuntu1) ...
Setting up xauth (1:1.1.2-1build1) ...
Setting up cpp (4:13.2.0-7ubuntu1) ...
Setting up gnupg (2.4.4-2ubuntu17.4) ...
Setting up cmake (3.28.3-1build7) ...
Setting up curl (8.5.0-2ubuntu10.11) ...
Setting up llvm-18-runtime (1:18.1.3-1ubuntu1) ...
Setting up libclang-cpp18 (1:18.1.3-1ubuntu1) ...
Setting up libalgorithm-diff-xs-perl:arm64 (0.04-8build3) ...
Setting up libgcc-13-dev-riscv64-cross (13.3.0-6ubuntu2~24.04.1cross1) ...
Setting up libpython3-stdlib:arm64 (3.12.3-0ubuntu2.1) ...
Setting up libalgorithm-merge-perl (0.08-5) ...
Setting up systemd-resolved (255.4-1ubuntu8.17) ...
Converting /etc/resolv.conf to a symlink to /run/systemd/resolve/stub-resolv.conf...
mv: cannot move '/etc/resolv.conf' to '/etc/.resolv.conf.systemd-resolved.bak': Device or resource busy
Cannot take a backup of /etc/resolv.conf.
ln: failed to create symbolic link '/etc/resolv.conf': Device or resource busy
Cannot install symlink from /etc/resolv.conf to ../run/systemd/resolve/stub-resolv.conf
Creating group 'systemd-resolve' with GID 996.
Creating user 'systemd-resolve' (systemd Resolver) with UID 996 and GID 996.
Created symlink /etc/systemd/system/dbus-org.freedesktop.resolve1.service → /usr/lib/systemd/system/systemd-resolved.service.
Created symlink /etc/systemd/system/sysinit.target.wants/systemd-resolved.service → /usr/lib/systemd/system/systemd-resolved.service.
Setting up g++-13-aarch64-linux-gnu (13.3.0-6ubuntu2~24.04.1) ...
Setting up gcc-aarch64-linux-gnu (4:13.2.0-7ubuntu1) ...
Setting up g++-13 (13.3.0-6ubuntu2~24.04.1) ...
Setting up libclang-dev (1:18.0-59~exp2) ...
Setting up gpg-wks-client (2.4.4-2ubuntu17.4) ...
Setting up libtool (2.4.7-7build1) ...
Setting up gcc-13-riscv64-linux-gnu (13.3.0-6ubuntu2~24.04.1cross1) ...
Setting up clang-18 (1:18.1.3-1ubuntu1) ...
Setting up python3 (3.12.3-0ubuntu2.1) ...
Setting up gcc (4:13.2.0-7ubuntu1) ...
Setting up gcc-riscv64-linux-gnu (4:13.2.0-7ubuntu1) ...
Setting up clang (1:18.0-59~exp2) ...
Setting up llvm-runtime:arm64 (1:18.0-59~exp2) ...
Setting up python3-gi (3.48.2-1) ...
Setting up llvm-18 (1:18.1.3-1ubuntu1) ...
Setting up g++-aarch64-linux-gnu (4:13.2.0-7ubuntu1) ...
Setting up python3-pkg-resources (68.1.2-2ubuntu1.2) ...
Setting up python3-dbus (1.3.2-5build3) ...
Setting up python3-yaml (6.0.1-2build2) ...
Setting up python3-pygments (2.17.2+dfsg-1) ...
Setting up llvm (1:18.0-59~exp2) ...
Setting up g++ (4:13.2.0-7ubuntu1) ...
update-alternatives: using /usr/bin/g++ to provide /usr/bin/c++ (c++) in auto mode
update-alternatives: warning: skip creation of /usr/share/man/man1/c++.1.gz because associated file /usr/share/man/man1/g++.1.gz (of link group c++) doesn't exist
Setting up build-essential (12.10ubuntu1) ...
Setting up networkd-dispatcher (2.2.4-1) ...
Created symlink /etc/systemd/system/multi-user.target.wants/networkd-dispatcher.service → /usr/lib/systemd/system/networkd-dispatcher.service.
Setting up llvm-18-tools (1:18.1.3-1ubuntu1) ...
Setting up llvm-18-dev (1:18.1.3-1ubuntu1) ...
Setting up llvm-dev (1:18.0-59~exp2) ...
Setting up libheif-plugin-aomdec:arm64 (1.17.6-1ubuntu4.6) ...
Setting up libheif1:arm64 (1.17.6-1ubuntu4.6) ...
Setting up libgd3:arm64 (2.3.3-9ubuntu5) ...
Setting up libc-devtools (2.39-0ubuntu8.8) ...
Setting up libheif-plugin-aomenc:arm64 (1.17.6-1ubuntu4.6) ...
Processing triggers for libc-bin (2.39-0ubuntu8.8) ...
Processing triggers for ca-certificates (20260601~24.04.1) ...
Updating certificates in /etc/ssl/certs...
0 added, 0 removed; done.
Running hooks in /etc/ca-certificates/update.d...
done.
