
libffi_powerpc64le_musl_c2rust-5fc9142a5da78883.libffi_powerpc64le_musl_c2rust.42d0a3bcc7096624-cgu.0.rcgu.o:
0000000000000000 V DW.ref.rust_eh_personality
0000000000000000 B _RNvNtCs5JEAxUWrh7A_30libffi_powerpc64le_musl_c2rust5types22COMPLEX_FLOAT_ELEMENTS
0000000000000000 B _RNvNtCs5JEAxUWrh7A_30libffi_powerpc64le_musl_c2rust5types23COMPLEX_DOUBLE_ELEMENTS
0000000000000000 B _RNvNtCs5JEAxUWrh7A_30libffi_powerpc64le_musl_c2rust5types27COMPLEX_LONGDOUBLE_ELEMENTS
0000000000000000 T ffi_call
0000000000000000 T ffi_call_go
0000000000000000 T ffi_closure_alloc
0000000000000000 T ffi_closure_free
0000000000000000 T ffi_closure_helper_LINUX64
0000000000000000 T ffi_data_to_code_pointer
0000000000000000 T ffi_get_closure_size
0000000000000000 T ffi_get_default_abi
0000000000000000 T ffi_get_struct_offsets
0000000000000000 T ffi_get_version
0000000000000000 T ffi_get_version_number
0000000000000000 T ffi_java_ptrarray_to_raw
0000000000000000 T ffi_java_raw_call
0000000000000000 T ffi_java_raw_size
0000000000000000 T ffi_java_raw_to_ptrarray
0000000000000000 T ffi_prep_args64
0000000000000000 T ffi_prep_cif
0000000000000000 T ffi_prep_cif_core
0000000000000000 T ffi_prep_cif_linux64
0000000000000000 T ffi_prep_cif_linux64_var
0000000000000000 T ffi_prep_cif_machdep
0000000000000000 T ffi_prep_cif_machdep_var
0000000000000000 T ffi_prep_cif_var
0000000000000000 T ffi_prep_closure
0000000000000000 T ffi_prep_closure_loc
0000000000000000 T ffi_prep_closure_loc_linux64
0000000000000000 T ffi_prep_go_closure
0000000000000000 T ffi_prep_java_raw_closure
0000000000000000 T ffi_prep_java_raw_closure_loc
0000000000000000 T ffi_prep_raw_closure
0000000000000000 T ffi_prep_raw_closure_loc
0000000000000000 T ffi_prep_types
0000000000000000 T ffi_prep_types_linux64
0000000000000000 T ffi_ptrarray_to_raw
0000000000000000 T ffi_raw_call
0000000000000000 T ffi_raw_size
0000000000000000 T ffi_raw_to_ptrarray
0000000000000000 T ffi_tramp_alloc
0000000000000000 T ffi_tramp_arch
0000000000000000 T ffi_tramp_free
0000000000000000 T ffi_tramp_get_addr
0000000000000000 T ffi_tramp_is_present
0000000000000000 T ffi_tramp_is_supported
0000000000000000 T ffi_tramp_set_parms
0000000000000000 D ffi_type_complex_double
0000000000000000 D ffi_type_complex_float
0000000000000000 D ffi_type_complex_longdouble
0000000000000000 D ffi_type_double
0000000000000000 D ffi_type_float
0000000000000000 D ffi_type_longdouble
0000000000000000 D ffi_type_pointer
0000000000000000 D ffi_type_sint128
0000000000000000 D ffi_type_sint16
0000000000000000 D ffi_type_sint32
0000000000000000 D ffi_type_sint64
0000000000000000 D ffi_type_sint8
0000000000000000 D ffi_type_uint128
0000000000000000 D ffi_type_uint16
0000000000000000 D ffi_type_uint32
0000000000000000 D ffi_type_uint64
0000000000000000 D ffi_type_uint8
0000000000000000 D ffi_type_void
0000000000000000 T open_temp_exec_file

libffi_powerpc64le_musl_c2rust-5fc9142a5da78883.6b9vbmanzeba4ixgn145pda4h.rcgu.o:
0000000000000000 T _RNvCs9wFQrvczXsK_7___rustc12___rust_alloc
0000000000000000 T _RNvCs9wFQrvczXsK_7___rustc14___rust_dealloc
0000000000000000 T _RNvCs9wFQrvczXsK_7___rustc14___rust_realloc
0000000000000000 T _RNvCs9wFQrvczXsK_7___rustc19___rust_alloc_zeroed
0000000000000000 T _RNvCs9wFQrvczXsK_7___rustc35___rust_no_alloc_shim_is_unstable_v2

584d5c2970520b46-sysv.o:

584d5c2970520b46-ppc_closure.o:

584d5c2970520b46-linux64.o:
0000000000000000 T ffi_call_LINUX64

584d5c2970520b46-linux64_closure.o:
0000000000000000 T ffi_closure_LINUX64
0000000000000294 T ffi_go_closure_linux64
0000000000010000 T trampoline_code_table

std-b9f0cdabb95b9c48.std.79086684ab599654-cgu.0.rcgu.o:
0000000000000000 V DW.ref.rust_eh_personality
0000000000000000 T _RINvMs3_NtNtCsaofNzfayCjM_3std2io5errorNtB6_5Error3newNtNtNtCs4oJK16j4DDX_4core3num5error15TryFromIntErrorEBa_
0000000000000000 T _RINvMs3_NtNtCsaofNzfayCjM_3std2io5errorNtB6_5Error3newReEBa_
0000000000000000 T _RINvNtCs4oJK16j4DDX_4core9panicking13assert_failedAhj4_RShECsaofNzfayCjM_3std
0000000000000000 T _RINvNtCs4oJK16j4DDX_4core9panicking13assert_failedllECsaofNzfayCjM_3std
0000000000000000 T _RINvNtCs4oJK16j4DDX_4core9panicking13assert_failedmmECsaofNzfayCjM_3std
0000000000000000 T _RINvNtCs4oJK16j4DDX_4core9panicking13assert_failedssECsaofNzfayCjM_3std
0000000000000000 T _RINvNtCsaofNzfayCjM_3std9panicking11begin_panicReEB4_
0000000000000000 T _RINvNtNtCsaofNzfayCjM_3std3sys9backtrace26___rust_end_short_backtraceNCINvNtB6_9panicking11begin_panicReE0zEB6_
0000000000000000 T _RINvNtNtCsaofNzfayCjM_3std3sys9backtrace26___rust_end_short_backtraceNCNvNtB6_5alloc8rust_oom0zEB6_
0000000000000000 T _RINvNtNtCsaofNzfayCjM_3std3sys9backtrace26___rust_end_short_backtraceNCNvNtB6_9panicking13panic_handler0zEB6_
0000000000000000 T _RINvNtNtNtCs4oJK16j4DDX_4core5slice4sort6stable14driftsort_mainNtNtCs1ZqrNGlSRCi_9addr2line4line12LineSequenceNCINvMNtCsd1iqB5Dc9CO_5alloc5sliceSBZ_11sort_by_keyyNCINvMs_B11_NtB11_5Lines5parseINtNtNtCskksdUZsSIaI_5gimli4read12endian_slice11EndianSliceNtNtB3b_9endianity12LittleEndianEEs_0E0INtNtB1S_3vec3VecBZ_EECsaofNzfayCjM_3std
0000000000000000 T _RINvNtNtNtCs4oJK16j4DDX_4core5slice4sort6stable14driftsort_mainNtNtCs1ZqrNGlSRCi_9addr2line4unit9UnitRangeNCINvMNtCsd1iqB5Dc9CO_5alloc5sliceSBZ_11sort_by_keyyNCNvMs_B11_INtB11_8ResUnitsINtNtNtCskksdUZsSIaI_5gimli4read12endian_slice11EndianSliceNtNtB34_9endianity12LittleEndianEE5parses2_0E0INtNtB1O_3vec3VecBZ_EECsaofNzfayCjM_3std
0000000000000000 T _RINvNtNtNtCs4oJK16j4DDX_4core5slice4sort6stable14driftsort_mainNtNtCs1ZqrNGlSRCi_9addr2line8function15FunctionAddressNCINvMNtCsd1iqB5Dc9CO_5alloc5sliceSBZ_11sort_by_keyyNCNvMs0_B11_INtB11_9FunctionsINtNtNtCskksdUZsSIaI_5gimli4read12endian_slice11EndianSliceNtNtB3h_9endianity12LittleEndianEE5parses_0E0INtNtB1Z_3vec3VecBZ_EECsaofNzfayCjM_3std
0000000000000000 T _RINvNtNtNtCs4oJK16j4DDX_4core5slice4sort6stable14driftsort_mainNtNtCs1ZqrNGlSRCi_9addr2line8function22InlinedFunctionAddressNCINvMNtCsd1iqB5Dc9CO_5alloc5sliceSBZ_7sort_byNCNvMs1_B11_INtB11_8FunctionINtNtNtCskksdUZsSIaI_5gimli4read12endian_slice11EndianSliceNtNtB3h_9endianity12LittleEndianEE5parse0E0INtNtB26_3vec3VecBZ_EECsaofNzfayCjM_3std
0000000000000000 T _RINvNtNtNtCs4oJK16j4DDX_4core5slice4sort6stable14driftsort_mainTNtNtCskksdUZsSIaI_5gimli6common15DebugInfoOffsetNtB12_18DebugArangesOffsetENCINvMNtCsd1iqB5Dc9CO_5alloc5sliceSBZ_11sort_by_keyB10_NCNvMs_NtCs1ZqrNGlSRCi_9addr2line4unitINtB3d_8ResUnitsINtNtNtB14_4read12endian_slice11EndianSliceNtNtB14_9endianity12LittleEndianEE5parse0E0INtNtB2l_3vec3VecBZ_EECsaofNzfayCjM_3std
0000000000000000 T _RINvNtNtNtCs4oJK16j4DDX_4core5slice4sort8unstable7ipnsortNtNtNtNtNtCsaofNzfayCjM_3std12backtrace_rs9symbolize5gimli3elf9ParsedSymNCINvMB6_SBT_20sort_unstable_by_keyyNCNvMs_BV_NtBV_6Object5parses1_0E0EB13_
0000000000000000 T _RINvNtNtNtNtCs4oJK16j4DDX_4core5slice4sort6stable9quicksort9quicksortNtNtCs1ZqrNGlSRCi_9addr2line4line12LineSequenceNCINvMNtCsd1iqB5Dc9CO_5alloc5sliceSB15_11sort_by_keyyNCINvMs_B17_NtB17_5Lines5parseINtNtNtCskksdUZsSIaI_5gimli4read12endian_slice11EndianSliceNtNtB3i_9endianity12LittleEndianEEs_0E0ECsaofNzfayCjM_3std
0000000000000000 T _RINvNtNtNtNtCs4oJK16j4DDX_4core5slice4sort6stable9quicksort9quicksortNtNtCs1ZqrNGlSRCi_9addr2line4unit9UnitRangeNCINvMNtCsd1iqB5Dc9CO_5alloc5sliceSB15_11sort_by_keyyNCNvMs_B17_INtB17_8ResUnitsINtNtNtCskksdUZsSIaI_5gimli4read12endian_slice11EndianSliceNtNtB3b_9endianity12LittleEndianEE5parses2_0E0ECsaofNzfayCjM_3std
0000000000000000 T _RINvNtNtNtNtCs4oJK16j4DDX_4core5slice4sort6stable9quicksort9quicksortNtNtCs1ZqrNGlSRCi_9addr2line8function15FunctionAddressNCINvMNtCsd1iqB5Dc9CO_5alloc5sliceSB15_11sort_by_keyyNCNvMs0_B17_INtB17_9FunctionsINtNtNtCskksdUZsSIaI_5gimli4read12endian_slice11EndianSliceNtNtB3o_9endianity12LittleEndianEE5parses_0E0ECsaofNzfayCjM_3std
0000000000000000 T _RINvNtNtNtNtCs4oJK16j4DDX_4core5slice4sort6stable9quicksort9quicksortNtNtCs1ZqrNGlSRCi_9addr2line8function22InlinedFunctionAddressNCINvMNtCsd1iqB5Dc9CO_5alloc5sliceSB15_7sort_byNCNvMs1_B17_INtB17_8FunctionINtNtNtCskksdUZsSIaI_5gimli4read12endian_slice11EndianSliceNtNtB3o_9endianity12LittleEndianEE5parse0E0ECsaofNzfayCjM_3std
0000000000000000 T _RINvNtNtNtNtCs4oJK16j4DDX_4core5slice4sort6stable9quicksort9quicksortTNtNtCskksdUZsSIaI_5gimli6common15DebugInfoOffsetNtB18_18DebugArangesOffsetENCINvMNtCsd1iqB5Dc9CO_5alloc5sliceSB15_11sort_by_keyB16_NCNvMs_NtCs1ZqrNGlSRCi_9addr2line4unitINtB3k_8ResUnitsINtNtNtB1a_4read12endian_slice11EndianSliceNtNtB1a_9endianity12LittleEndianEE5parse0E0ECsaofNzfayCjM_3std
0000000000000000 T _RINvNtNtNtNtCs4oJK16j4DDX_4core5slice4sort8unstable8heapsort8heapsortNtNtNtNtNtCsaofNzfayCjM_3std12backtrace_rs9symbolize5gimli3elf9ParsedSymNCINvMB8_SB15_20sort_unstable_by_keyyNCNvMs_B17_NtB17_6Object5parses1_0E0EB1f_
0000000000000000 T _RNvCs9wFQrvczXsK_7___rustc10rust_panic
0000000000000000 T _RNvCs9wFQrvczXsK_7___rustc11___rdl_alloc
0000000000000000 T _RNvCs9wFQrvczXsK_7___rustc12___rust_abort
0000000000000000 T _RNvCs9wFQrvczXsK_7___rustc13___rdl_dealloc
0000000000000000 T _RNvCs9wFQrvczXsK_7___rustc13___rdl_realloc
0000000000000000 T _RNvCs9wFQrvczXsK_7___rustc17___rust_drop_panic
0000000000000000 T _RNvCs9wFQrvczXsK_7___rustc17rust_begin_unwind
0000000000000000 T _RNvCs9wFQrvczXsK_7___rustc18___rdl_alloc_zeroed
0000000000000000 T _RNvCs9wFQrvczXsK_7___rustc24___rust_foreign_exception
0000000000000000 T _RNvCs9wFQrvczXsK_7___rustc26___rust_alloc_error_handler
0000000000000000 T _RNvMNtCsaofNzfayCjM_3std4timeNtB2_7Instant11checked_add
0000000000000000 T _RNvMNtCsaofNzfayCjM_3std4timeNtB2_7Instant11checked_sub
0000000000000000 T _RNvMNtCsaofNzfayCjM_3std4timeNtB2_7Instant14duration_since
0000000000000000 T _RNvMNtCsaofNzfayCjM_3std4timeNtB2_7Instant22checked_duration_since
0000000000000000 T _RNvMNtCsaofNzfayCjM_3std4timeNtB2_7Instant25saturating_duration_since
0000000000000000 T _RNvMNtCsaofNzfayCjM_3std4timeNtB2_7Instant3now
0000000000000000 T _RNvMNtCsaofNzfayCjM_3std4timeNtB2_7Instant7elapsed
0000000000000000 T _RNvMNtNtCsaofNzfayCjM_3std3net3tcpNtB2_9TcpStream10local_addr
0000000000000000 T _RNvMNtNtCsaofNzfayCjM_3std3net3tcpNtB2_9TcpStream10set_linger
0000000000000000 T _RNvMNtNtCsaofNzfayCjM_3std3net3tcpNtB2_9TcpStream10take_error
0000000000000000 T _RNvMNtNtCsaofNzfayCjM_3std3net3tcpNtB2_9TcpStream11set_nodelay
0000000000000000 T _RNvMNtNtCsaofNzfayCjM_3std3net3tcpNtB2_9TcpStream12read_timeout
0000000000000000 T _RNvMNtNtCsaofNzfayCjM_3std3net3tcpNtB2_9TcpStream13set_keepalive
0000000000000000 T _RNvMNtNtCsaofNzfayCjM_3std3net3tcpNtB2_9TcpStream13write_timeout
0000000000000000 T _RNvMNtNtCsaofNzfayCjM_3std3net3tcpNtB2_9TcpStream15connect_timeout
0000000000000000 T _RNvMNtNtCsaofNzfayCjM_3std3net3tcpNtB2_9TcpStream15set_nonblocking
0000000000000000 T _RNvMNtNtCsaofNzfayCjM_3std3net3tcpNtB2_9TcpStream16set_read_timeout
0000000000000000 T _RNvMNtNtCsaofNzfayCjM_3std3net3tcpNtB2_9TcpStream17set_write_timeout
0000000000000000 T _RNvMNtNtCsaofNzfayCjM_3std3net3tcpNtB2_9TcpStream3ttl
0000000000000000 T _RNvMNtNtCsaofNzfayCjM_3std3net3tcpNtB2_9TcpStream4peek
0000000000000000 T _RNvMNtNtCsaofNzfayCjM_3std3net3tcpNtB2_9TcpStream6linger
0000000000000000 T _RNvMNtNtCsaofNzfayCjM_3std3net3tcpNtB2_9TcpStream7nodelay
0000000000000000 T _RNvMNtNtCsaofNzfayCjM_3std3net3tcpNtB2_9TcpStream7set_ttl
0000000000000000 T _RNvMNtNtCsaofNzfayCjM_3std3net3tcpNtB2_9TcpStream8shutdown
0000000000000000 T _RNvMNtNtCsaofNzfayCjM_3std3net3tcpNtB2_9TcpStream9keepalive
0000000000000000 T _RNvMNtNtCsaofNzfayCjM_3std3net3tcpNtB2_9TcpStream9peer_addr
0000000000000000 T _RNvMNtNtCsaofNzfayCjM_3std3net3tcpNtB2_9TcpStream9try_clone
0000000000000000 T _RNvMNtNtCsaofNzfayCjM_3std3net3udpNtB2_9UdpSocket10local_addr
0000000000000000 T _RNvMNtNtCsaofNzfayCjM_3std3net3udpNtB2_9UdpSocket10take_error
0000000000000000 T _RNvMNtNtCsaofNzfayCjM_3std3net3udpNtB2_9UdpSocket12read_timeout
0000000000000000 T _RNvMNtNtCsaofNzfayCjM_3std3net3udpNtB2_9UdpSocket13set_broadcast
0000000000000000 T _RNvMNtNtCsaofNzfayCjM_3std3net3udpNtB2_9UdpSocket13write_timeout
0000000000000000 T _RNvMNtNtCsaofNzfayCjM_3std3net3udpNtB2_9UdpSocket15set_nonblocking
0000000000000000 T _RNvMNtNtCsaofNzfayCjM_3std3net3udpNtB2_9UdpSocket16multicast_ttl_v4
0000000000000000 T _RNvMNtNtCsaofNzfayCjM_3std3net3udpNtB2_9UdpSocket16set_read_timeout
0000000000000000 T _RNvMNtNtCsaofNzfayCjM_3std3net3udpNtB2_9UdpSocket17join_multicast_v4
0000000000000000 T _RNvMNtNtCsaofNzfayCjM_3std3net3udpNtB2_9UdpSocket17join_multicast_v6
0000000000000000 T _RNvMNtNtCsaofNzfayCjM_3std3net3udpNtB2_9UdpSocket17multicast_loop_v4
0000000000000000 T _RNvMNtNtCsaofNzfayCjM_3std3net3udpNtB2_9UdpSocket17multicast_loop_v6
0000000000000000 T _RNvMNtNtCsaofNzfayCjM_3std3net3udpNtB2_9UdpSocket17set_write_timeout
0000000000000000 T _RNvMNtNtCsaofNzfayCjM_3std3net3udpNtB2_9UdpSocket18leave_multicast_v4
0000000000000000 T _RNvMNtNtCsaofNzfayCjM_3std3net3udpNtB2_9UdpSocket18leave_multicast_v6
0000000000000000 T _RNvMNtNtCsaofNzfayCjM_3std3net3udpNtB2_9UdpSocket20set_multicast_ttl_v4
0000000000000000 T _RNvMNtNtCsaofNzfayCjM_3std3net3udpNtB2_9UdpSocket21set_multicast_loop_v4
0000000000000000 T _RNvMNtNtCsaofNzfayCjM_3std3net3udpNtB2_9UdpSocket21set_multicast_loop_v6
0000000000000000 T _RNvMNtNtCsaofNzfayCjM_3std3net3udpNtB2_9UdpSocket3ttl
0000000000000000 T _RNvMNtNtCsaofNzfayCjM_3std3net3udpNtB2_9UdpSocket4peek
0000000000000000 T _RNvMNtNtCsaofNzfayCjM_3std3net3udpNtB2_9UdpSocket4recv
0000000000000000 T _RNvMNtNtCsaofNzfayCjM_3std3net3udpNtB2_9UdpSocket4send
0000000000000000 T _RNvMNtNtCsaofNzfayCjM_3std3net3udpNtB2_9UdpSocket7set_ttl
0000000000000000 T _RNvMNtNtCsaofNzfayCjM_3std3net3udpNtB2_9UdpSocket9broadcast
0000000000000000 T _RNvMNtNtCsaofNzfayCjM_3std3net3udpNtB2_9UdpSocket9peek_from
0000000000000000 T _RNvMNtNtCsaofNzfayCjM_3std3net3udpNtB2_9UdpSocket9peer_addr
0000000000000000 T _RNvMNtNtCsaofNzfayCjM_3std3net3udpNtB2_9UdpSocket9recv_from
0000000000000000 T _RNvMNtNtCsaofNzfayCjM_3std3net3udpNtB2_9UdpSocket9try_clone
0000000000000000 T _RNvMNtNtCsaofNzfayCjM_3std6thread2idNtB2_8ThreadId3new
0000000000000000 T _RNvMNtNtCsaofNzfayCjM_3std6thread6scopedNtB2_9ScopeData29decrement_num_running_threads
0000000000000000 T _RNvMNtNtCsaofNzfayCjM_3std6thread6scopedNtB2_9ScopeData29increment_num_running_threads
0000000000000000 T _RNvMNtNtCsaofNzfayCjM_3std6thread7builderNtB2_7Builder4name
0000000000000000 T _RNvMNtNtNtCsaofNzfayCjM_3std2os5linux7processNtB2_5PidFd4kill
0000000000000000 T _RNvMNtNtNtCsaofNzfayCjM_3std2os5linux7processNtB2_5PidFd4wait
0000000000000000 T _RNvMNtNtNtCsaofNzfayCjM_3std2os5linux7processNtB2_5PidFd8try_wait
0000000000000000 T _RNvMNtNtNtCsaofNzfayCjM_3std3sys2fd4unixNtB2_8FileDesc11read_buf_at
0000000000000000 T _RNvMNtNtNtCsaofNzfayCjM_3std3sys2fd4unixNtB2_8FileDesc11read_to_end
0000000000000000 T _RNvMNtNtNtCsaofNzfayCjM_3std3sys2fd4unixNtB2_8FileDesc11set_cloexec
0000000000000000 T _RNvMNtNtNtCsaofNzfayCjM_3std3sys2fd4unixNtB2_8FileDesc13read_vectored
0000000000000000 T _RNvMNtNtNtCsaofNzfayCjM_3std3sys2fd4unixNtB2_8FileDesc14write_vectored
0000000000000000 T _RNvMNtNtNtCsaofNzfayCjM_3std3sys2fd4unixNtB2_8FileDesc15set_nonblocking
0000000000000000 T _RNvMNtNtNtCsaofNzfayCjM_3std3sys2fd4unixNtB2_8FileDesc16read_vectored_at
0000000000000000 T _RNvMNtNtNtCsaofNzfayCjM_3std3sys2fd4unixNtB2_8FileDesc17write_vectored_at
0000000000000000 T _RNvMNtNtNtCsaofNzfayCjM_3std3sys2fd4unixNtB2_8FileDesc4read
0000000000000000 T _RNvMNtNtNtCsaofNzfayCjM_3std3sys2fd4unixNtB2_8FileDesc5write
0000000000000000 T _RNvMNtNtNtCsaofNzfayCjM_3std3sys2fd4unixNtB2_8FileDesc7read_at
0000000000000000 T _RNvMNtNtNtCsaofNzfayCjM_3std3sys2fd4unixNtB2_8FileDesc8read_buf
0000000000000000 T _RNvMNtNtNtCsaofNzfayCjM_3std3sys2fd4unixNtB2_8FileDesc8write_at
0000000000000000 T _RNvMNtNtNtCsaofNzfayCjM_3std4sync4mpmc7contextNtB2_7Context3new
0000000000000000 T _RNvMNtNtNtCsaofNzfayCjM_3std4sync6poison7condvarNtB2_7Condvar10notify_all
0000000000000000 T _RNvMNtNtNtCsaofNzfayCjM_3std4sync6poison7condvarNtB2_7Condvar10notify_one
0000000000000000 T _RNvMNtNtNtCsaofNzfayCjM_3std4sync9nonpoison7condvarNtB2_7Condvar10notify_all
0000000000000000 T _RNvMNtNtNtCsaofNzfayCjM_3std4sync9nonpoison7condvarNtB2_7Condvar10notify_one
0000000000000000 T _RNvMNtNtNtNtCsaofNzfayCjM_3std2io8buffered9bufreader6bufferNtB2_6Buffer9backshift
0000000000000000 T _RNvMNtNtNtNtCsaofNzfayCjM_3std2os4unix3net4addrNtB2_10SocketAddr10from_parts
0000000000000000 T _RNvMNtNtNtNtCsaofNzfayCjM_3std2os4unix3net4addrNtB2_10SocketAddr10is_unnamed
0000000000000000 T _RNvMNtNtNtNtCsaofNzfayCjM_3std2os4unix3net4addrNtB2_10SocketAddr11as_pathname
0000000000000000 T _RNvMNtNtNtNtCsaofNzfayCjM_3std3sys2fs4unix3dirNtB2_3Dir4open
0000000000000000 T _RNvMNtNtNtNtCsaofNzfayCjM_3std3sys2fs4unix3dirNtB2_3Dir9open_file
0000000000000000 T _RNvMNtNtNtNtCsaofNzfayCjM_3std3sys4sync5mutex5futexNtB2_5Mutex14lock_contended
0000000000000000 T _RNvMNtNtNtNtCsaofNzfayCjM_3std3sys4sync5mutex5futexNtB2_5Mutex4wake
0000000000000000 T _RNvMNtNtNtNtCsaofNzfayCjM_3std3sys4sync6rwlock5futexNtB2_6RwLock14read_contended
0000000000000000 T _RNvMNtNtNtNtCsaofNzfayCjM_3std3sys4sync6rwlock5futexNtB2_6RwLock15write_contended
0000000000000000 T _RNvMNtNtNtNtCsaofNzfayCjM_3std3sys4sync6rwlock5futexNtB2_6RwLock22wake_writer_or_readers
0000000000000000 T _RNvMNtNtNtNtCsaofNzfayCjM_3std3sys4sync7condvar5futexNtB2_7Condvar12wait_timeout
0000000000000000 T _RNvMNtNtNtNtCsaofNzfayCjM_3std3sys4sync7condvar5futexNtB2_7Condvar4wait
0000000000000000 T _RNvMNtNtNtNtNtCsaofNzfayCjM_3std3sys3net10connection6socket4unixNtB2_6Socket3new
0000000000000000 T _RNvMNvMs_NtNtNtCsaofNzfayCjM_3std2io8buffered9bufwriterINtB7_9BufWriterpE9flush_bufNtB2_8BufGuard9remaining
0000000000000000 T _RNvMs0_NtNtCsaofNzfayCjM_3std3ffi6os_strNtB5_8OsString17into_boxed_os_str
0000000000000000 T _RNvMs0_NtNtCsaofNzfayCjM_3std4sync4onceNtB5_4Once10wait_force
0000000000000000 T _RNvMs0_NtNtCsaofNzfayCjM_3std4sync4onceNtB5_4Once4wait
0000000000000000 T _RNvMs0_NtNtCsaofNzfayCjM_3std4sync7barrierNtB5_7Barrier4wait
0000000000000000 T _RNvMs0_NtNtNtCsaofNzfayCjM_3std2os2fd5ownedNtB5_10BorrowedFd18try_clone_to_owned
0000000000000000 T _RNvMs0_NtNtNtCsaofNzfayCjM_3std3sys6thread4unixNtB5_6Thread3new
0000000000000000 T _RNvMs0_NtNtNtCsaofNzfayCjM_3std3sys6thread4unixNtB5_6Thread4join
0000000000000000 T _RNvMs0_NtNtNtNtCsaofNzfayCjM_3std2os4unix3net6streamNtB5_10UnixStream10local_addr
0000000000000000 T _RNvMs0_NtNtNtNtCsaofNzfayCjM_3std2os4unix3net6streamNtB5_10UnixStream10take_error
0000000000000000 T _RNvMs0_NtNtNtNtCsaofNzfayCjM_3std2os4unix3net6streamNtB5_10UnixStream12connect_addr
0000000000000000 T _RNvMs0_NtNtNtNtCsaofNzfayCjM_3std2os4unix3net6streamNtB5_10UnixStream12read_timeout
0000000000000000 T _RNvMs0_NtNtNtNtCsaofNzfayCjM_3std2os4unix3net6streamNtB5_10UnixStream13write_timeout
0000000000000000 T _RNvMs0_NtNtNtNtCsaofNzfayCjM_3std2os4unix3net6streamNtB5_10UnixStream15set_nonblocking
0000000000000000 T _RNvMs0_NtNtNtNtCsaofNzfayCjM_3std2os4unix3net6streamNtB5_10UnixStream16set_read_timeout
0000000000000000 T _RNvMs0_NtNtNtNtCsaofNzfayCjM_3std2os4unix3net6streamNtB5_10UnixStream17set_write_timeout
0000000000000000 T _RNvMs0_NtNtNtNtCsaofNzfayCjM_3std2os4unix3net6streamNtB5_10UnixStream28recv_vectored_with_ancillary
0000000000000000 T _RNvMs0_NtNtNtNtCsaofNzfayCjM_3std2os4unix3net6streamNtB5_10UnixStream28send_vectored_with_ancillary
0000000000000000 T _RNvMs0_NtNtNtNtCsaofNzfayCjM_3std2os4unix3net6streamNtB5_10UnixStream4pair
0000000000000000 T _RNvMs0_NtNtNtNtCsaofNzfayCjM_3std2os4unix3net6streamNtB5_10UnixStream4peek
0000000000000000 T _RNvMs0_NtNtNtNtCsaofNzfayCjM_3std2os4unix3net6streamNtB5_10UnixStream8set_mark
0000000000000000 T _RNvMs0_NtNtNtNtCsaofNzfayCjM_3std2os4unix3net6streamNtB5_10UnixStream8shutdown
0000000000000000 T _RNvMs0_NtNtNtNtCsaofNzfayCjM_3std2os4unix3net6streamNtB5_10UnixStream9peer_addr
0000000000000000 T _RNvMs0_NtNtNtNtCsaofNzfayCjM_3std2os4unix3net6streamNtB5_10UnixStream9peer_cred
0000000000000000 T _RNvMs0_NtNtNtNtCsaofNzfayCjM_3std2os4unix3net6streamNtB5_10UnixStream9try_clone
0000000000000000 T _RNvMs0_NtNtNtNtCsaofNzfayCjM_3std2os4unix3net8datagramNtB5_12UnixDatagram10local_addr
0000000000000000 T _RNvMs0_NtNtNtNtCsaofNzfayCjM_3std2os4unix3net8datagramNtB5_12UnixDatagram10take_error
0000000000000000 T _RNvMs0_NtNtNtNtCsaofNzfayCjM_3std2os4unix3net8datagramNtB5_12UnixDatagram12connect_addr
0000000000000000 T _RNvMs0_NtNtNtNtCsaofNzfayCjM_3std2os4unix3net8datagramNtB5_12UnixDatagram12read_timeout
0000000000000000 T _RNvMs0_NtNtNtNtCsaofNzfayCjM_3std2os4unix3net8datagramNtB5_12UnixDatagram12send_to_addr
0000000000000000 T _RNvMs0_NtNtNtNtCsaofNzfayCjM_3std2os4unix3net8datagramNtB5_12UnixDatagram13write_timeout
0000000000000000 T _RNvMs0_NtNtNtNtCsaofNzfayCjM_3std2os4unix3net8datagramNtB5_12UnixDatagram15set_nonblocking
0000000000000000 T _RNvMs0_NtNtNtNtCsaofNzfayCjM_3std2os4unix3net8datagramNtB5_12UnixDatagram16set_read_timeout
0000000000000000 T _RNvMs0_NtNtNtNtCsaofNzfayCjM_3std2os4unix3net8datagramNtB5_12UnixDatagram17set_write_timeout
0000000000000000 T _RNvMs0_NtNtNtNtCsaofNzfayCjM_3std2os4unix3net8datagramNtB5_12UnixDatagram28recv_vectored_with_ancillary
0000000000000000 T _RNvMs0_NtNtNtNtCsaofNzfayCjM_3std2os4unix3net8datagramNtB5_12UnixDatagram28send_vectored_with_ancillary
0000000000000000 T _RNvMs0_NtNtNtNtCsaofNzfayCjM_3std2os4unix3net8datagramNtB5_12UnixDatagram33recv_vectored_with_ancillary_from
0000000000000000 T _RNvMs0_NtNtNtNtCsaofNzfayCjM_3std2os4unix3net8datagramNtB5_12UnixDatagram4pair
0000000000000000 T _RNvMs0_NtNtNtNtCsaofNzfayCjM_3std2os4unix3net8datagramNtB5_12UnixDatagram4peek
0000000000000000 T _RNvMs0_NtNtNtNtCsaofNzfayCjM_3std2os4unix3net8datagramNtB5_12UnixDatagram4recv
0000000000000000 T _RNvMs0_NtNtNtNtCsaofNzfayCjM_3std2os4unix3net8datagramNtB5_12UnixDatagram4send
0000000000000000 T _RNvMs0_NtNtNtNtCsaofNzfayCjM_3std2os4unix3net8datagramNtB5_12UnixDatagram7unbound
0000000000000000 T _RNvMs0_NtNtNtNtCsaofNzfayCjM_3std2os4unix3net8datagramNtB5_12UnixDatagram8set_mark
0000000000000000 T _RNvMs0_NtNtNtNtCsaofNzfayCjM_3std2os4unix3net8datagramNtB5_12UnixDatagram8shutdown
0000000000000000 T _RNvMs0_NtNtNtNtCsaofNzfayCjM_3std2os4unix3net8datagramNtB5_12UnixDatagram9bind_addr
0000000000000000 T _RNvMs0_NtNtNtNtCsaofNzfayCjM_3std2os4unix3net8datagramNtB5_12UnixDatagram9peek_from
0000000000000000 T _RNvMs0_NtNtNtNtCsaofNzfayCjM_3std2os4unix3net8datagramNtB5_12UnixDatagram9peer_addr
0000000000000000 T _RNvMs0_NtNtNtNtCsaofNzfayCjM_3std2os4unix3net8datagramNtB5_12UnixDatagram9recv_from
0000000000000000 T _RNvMs0_NtNtNtNtCsaofNzfayCjM_3std2os4unix3net8datagramNtB5_12UnixDatagram9try_clone
0000000000000000 T _RNvMs0_NtNtNtNtCsaofNzfayCjM_3std3sys4sync4once5futexNtB5_4Once4call
0000000000000000 T _RNvMs16_NtCsaofNzfayCjM_3std4pathNtB6_4Path10__ends_with
0000000000000000 T _RNvMs16_NtCsaofNzfayCjM_3std4pathNtB6_4Path10components
0000000000000000 T _RNvMs16_NtCsaofNzfayCjM_3std4pathNtB6_4Path10is_symlink
0000000000000000 T _RNvMs16_NtCsaofNzfayCjM_3std4pathNtB6_4Path11file_prefix
0000000000000000 T _RNvMs16_NtCsaofNzfayCjM_3std4pathNtB6_4Path11is_absolute
0000000000000000 T _RNvMs16_NtCsaofNzfayCjM_3std4pathNtB6_4Path11to_path_buf
0000000000000000 T _RNvMs16_NtCsaofNzfayCjM_3std4pathNtB6_4Path12__starts_with
0000000000000000 T _RNvMs16_NtCsaofNzfayCjM_3std4pathNtB6_4Path13__strip_prefix
0000000000000000 T _RNvMs16_NtCsaofNzfayCjM_3std4pathNtB6_4Path13into_path_buf
0000000000000000 T _RNvMs16_NtCsaofNzfayCjM_3std4pathNtB6_4Path15__with_extension
0000000000000000 T _RNvMs16_NtCsaofNzfayCjM_3std4pathNtB6_4Path15__with_file_name
0000000000000000 T _RNvMs16_NtCsaofNzfayCjM_3std4pathNtB6_4Path19normalize_lexically
0000000000000000 T _RNvMs16_NtCsaofNzfayCjM_3std4pathNtB6_4Path5__join
0000000000000000 T _RNvMs16_NtCsaofNzfayCjM_3std4pathNtB6_4Path6is_dir
0000000000000000 T _RNvMs16_NtCsaofNzfayCjM_3std4pathNtB6_4Path6parent
0000000000000000 T _RNvMs16_NtCsaofNzfayCjM_3std4pathNtB6_4Path7is_file
0000000000000000 T _RNvMs16_NtCsaofNzfayCjM_3std4pathNtB6_4Path9extension
0000000000000000 T _RNvMs16_NtCsaofNzfayCjM_3std4pathNtB6_4Path9file_name
0000000000000000 T _RNvMs16_NtCsaofNzfayCjM_3std4pathNtB6_4Path9file_stem
0000000000000000 T _RNvMs1_NtNtCsaofNzfayCjM_3std2io5stdioNtB5_5Stdin4lock
0000000000000000 T _RNvMs1_NtNtCsaofNzfayCjM_3std2io5stdioNtB5_5Stdin5lines
0000000000000000 T _RNvMs1_NtNtCsaofNzfayCjM_3std2io5stdioNtB5_5Stdin9read_line
0000000000000000 T _RNvMs2_NtCsaofNzfayCjM_3std2fsNtB5_4File11lock_shared
0000000000000000 T _RNvMs2_NtCsaofNzfayCjM_3std2fsNtB5_4File15set_permissions
0000000000000000 T _RNvMs2_NtCsaofNzfayCjM_3std2fsNtB5_4File15try_lock_shared
0000000000000000 T _RNvMs2_NtCsaofNzfayCjM_3std2fsNtB5_4File4lock
0000000000000000 T _RNvMs2_NtCsaofNzfayCjM_3std2fsNtB5_4File6unlock
0000000000000000 T _RNvMs2_NtCsaofNzfayCjM_3std2fsNtB5_4File7set_len
0000000000000000 T _RNvMs2_NtCsaofNzfayCjM_3std2fsNtB5_4File8metadata
0000000000000000 T _RNvMs2_NtCsaofNzfayCjM_3std2fsNtB5_4File8sync_all
0000000000000000 T _RNvMs2_NtCsaofNzfayCjM_3std2fsNtB5_4File8try_lock
0000000000000000 T _RNvMs2_NtCsaofNzfayCjM_3std2fsNtB5_4File9set_times
0000000000000000 T _RNvMs2_NtCsaofNzfayCjM_3std2fsNtB5_4File9sync_data
0000000000000000 T _RNvMs2_NtCsaofNzfayCjM_3std2fsNtB5_4File9try_clone
0000000000000000 T _RNvMs2_NtCsaofNzfayCjM_3std2ioNtB5_10IoSliceMut10into_slice
0000000000000000 T _RNvMs2_NtCsaofNzfayCjM_3std9backtraceNtB5_9Backtrace13force_capture
0000000000000000 T _RNvMs2_NtCsaofNzfayCjM_3std9backtraceNtB5_9Backtrace7capture
0000000000000000 T _RNvMs2_NtNtCsaofNzfayCjM_3std2io4pipeNtB5_10PipeReader9try_clone
0000000000000000 T _RNvMs3_NtCsaofNzfayCjM_3std9backtraceNtB5_9Backtrace6frames
0000000000000000 T _RNvMs3_NtCsd1iqB5Dc9CO_5alloc7raw_vecINtB5_6RawVecINtNtB7_3vec3VechEE8grow_oneCsaofNzfayCjM_3std
0000000000000000 T _RNvMs3_NtCsd1iqB5Dc9CO_5alloc7raw_vecINtB5_6RawVecINtNtB7_5boxed3BoxDINtNtNtCs4oJK16j4DDX_4core3ops8function5FnMutuEp6OutputINtNtB1c_6result6ResultuNtNtNtCsaofNzfayCjM_3std2io5error5ErrorENtNtB1c_6marker4SyncNtB32_4SendEL_EE8grow_oneB2s_
0000000000000000 T _RNvMs3_NtCsd1iqB5Dc9CO_5alloc7raw_vecINtB5_6RawVecINtNtCs1ZqrNGlSRCi_9addr2line4unit7ResUnitINtNtNtCskksdUZsSIaI_5gimli4read12endian_slice11EndianSliceNtNtB1z_9endianity12LittleEndianEEE8grow_oneCsaofNzfayCjM_3std
0000000000000000 T _RNvMs3_NtCsd1iqB5Dc9CO_5alloc7raw_vecINtB5_6RawVecINtNtCs1ZqrNGlSRCi_9addr2line4unit7SupUnitINtNtNtCskksdUZsSIaI_5gimli4read12endian_slice11EndianSliceNtNtB1z_9endianity12LittleEndianEEE8grow_oneCsaofNzfayCjM_3std
0000000000000000 T _RNvMs3_NtCsd1iqB5Dc9CO_5alloc7raw_vecINtB5_6RawVecINtNtCs1ZqrNGlSRCi_9addr2line8function12LazyFunctionINtNtNtCskksdUZsSIaI_5gimli4read12endian_slice11EndianSliceNtNtB1J_9endianity12LittleEndianEEE8grow_oneCsaofNzfayCjM_3std
0000000000000000 T _RNvMs3_NtCsd1iqB5Dc9CO_5alloc7raw_vecINtB5_6RawVecINtNtCs1ZqrNGlSRCi_9addr2line8function15InlinedFunctionINtNtNtCskksdUZsSIaI_5gimli4read12endian_slice11EndianSliceNtNtB1M_9endianity12LittleEndianEEE8grow_oneCsaofNzfayCjM_3std
0000000000000000 T _RNvMs3_NtCsd1iqB5Dc9CO_5alloc7raw_vecINtB5_6RawVecINtNtNtCskksdUZsSIaI_5gimli4read4line9FileEntryINtNtBR_12endian_slice11EndianSliceNtNtBT_9endianity12LittleEndianEjEE8grow_oneCsaofNzfayCjM_3std
0000000000000000 T _RNvMs3_NtCsd1iqB5Dc9CO_5alloc7raw_vecINtB5_6RawVecINtNtNtCskksdUZsSIaI_5gimli4read4unit14AttributeValueINtNtBR_12endian_slice11EndianSliceNtNtBT_9endianity12LittleEndianEjEE8grow_oneCsaofNzfayCjM_3std
0000000000000000 T _RNvMs3_NtCsd1iqB5Dc9CO_5alloc7raw_vecINtB5_6RawVecNtNtB7_6string6StringE8grow_oneCsaofNzfayCjM_3std
0000000000000000 T _RNvMs3_NtCsd1iqB5Dc9CO_5alloc7raw_vecINtB5_6RawVecNtNtCs1ZqrNGlSRCi_9addr2line4line12LineSequenceE8grow_oneCsaofNzfayCjM_3std
0000000000000000 T _RNvMs3_NtCsd1iqB5Dc9CO_5alloc7raw_vecINtB5_6RawVecNtNtCs1ZqrNGlSRCi_9addr2line4line7LineRowE8grow_oneCsaofNzfayCjM_3std
0000000000000000 T _RNvMs3_NtCsd1iqB5Dc9CO_5alloc7raw_vecINtB5_6RawVecNtNtCs1ZqrNGlSRCi_9addr2line4unit9UnitRangeE8grow_oneCsaofNzfayCjM_3std
0000000000000000 T _RNvMs3_NtCsd1iqB5Dc9CO_5alloc7raw_vecINtB5_6RawVecNtNtCs1ZqrNGlSRCi_9addr2line8function15FunctionAddressE8grow_oneCsaofNzfayCjM_3std
0000000000000000 T _RNvMs3_NtCsd1iqB5Dc9CO_5alloc7raw_vecINtB5_6RawVecNtNtCs1ZqrNGlSRCi_9addr2line8function22InlinedFunctionAddressE8grow_oneCsaofNzfayCjM_3std
0000000000000000 T _RNvMs3_NtCsd1iqB5Dc9CO_5alloc7raw_vecINtB5_6RawVecNtNtCsaofNzfayCjM_3std9backtrace14BacktraceFrameE8grow_oneBQ_
0000000000000000 T _RNvMs3_NtCsd1iqB5Dc9CO_5alloc7raw_vecINtB5_6RawVecNtNtCsaofNzfayCjM_3std9backtrace15BacktraceSymbolE8grow_oneBQ_
0000000000000000 T _RNvMs3_NtCsd1iqB5Dc9CO_5alloc7raw_vecINtB5_6RawVecNtNtNtCsaofNzfayCjM_3std3ffi6os_str8OsStringE8grow_oneBS_
0000000000000000 T _RNvMs3_NtCsd1iqB5Dc9CO_5alloc7raw_vecINtB5_6RawVecNtNtNtCskksdUZsSIaI_5gimli4read4line15FileEntryFormatE8grow_oneCsaofNzfayCjM_3std
0000000000000000 T _RNvMs3_NtCsd1iqB5Dc9CO_5alloc7raw_vecINtB5_6RawVecNtNtNtNtCsaofNzfayCjM_3std12backtrace_rs9symbolize5gimli7LibraryE8grow_oneBU_
0000000000000000 T _RNvMs3_NtCsd1iqB5Dc9CO_5alloc7raw_vecINtB5_6RawVecNtNtNtNtNtCsaofNzfayCjM_3std12backtrace_rs9symbolize5gimli19parse_running_mmaps9MapsEntryE8grow_oneBW_
0000000000000000 T _RNvMs3_NtCsd1iqB5Dc9CO_5alloc7raw_vecINtB5_6RawVecNtNtNtNtNtCsaofNzfayCjM_3std12backtrace_rs9symbolize5gimli4mmap4MmapE8grow_oneBW_
0000000000000000 T _RNvMs3_NtCsd1iqB5Dc9CO_5alloc7raw_vecINtB5_6RawVecPhE8grow_oneCsaofNzfayCjM_3std
0000000000000000 T _RNvMs3_NtCsd1iqB5Dc9CO_5alloc7raw_vecINtB5_6RawVecRINtNtCs1ZqrNGlSRCi_9addr2line8function15InlinedFunctionINtNtNtCskksdUZsSIaI_5gimli4read12endian_slice11EndianSliceNtNtB1N_9endianity12LittleEndianEEE8grow_oneCsaofNzfayCjM_3std
0000000000000000 T _RNvMs3_NtCsd1iqB5Dc9CO_5alloc7raw_vecINtB5_6RawVecTNtNtCskksdUZsSIaI_5gimli6common15DebugInfoOffsetNtBP_18DebugArangesOffsetEE8grow_oneCsaofNzfayCjM_3std
0000000000000000 T _RNvMs3_NtCsd1iqB5Dc9CO_5alloc7raw_vecINtB5_6RawVecTNtNtNtCsaofNzfayCjM_3std3ffi6os_str8OsStringBN_EE8grow_oneBT_
0000000000000000 T _RNvMs3_NtCsd1iqB5Dc9CO_5alloc7raw_vecINtB5_6RawVecTOhFUKCBN_EuENtNtCsaofNzfayCjM_3std5alloc6SystemE8grow_oneB13_
0000000000000000 T _RNvMs3_NtNtCsaofNzfayCjM_3std2io4pipeNtB5_10PipeWriter9try_clone
0000000000000000 T _RNvMs3_NtNtCsaofNzfayCjM_3std2io5errorNtB5_5Error4__new
0000000000000000 T _RNvMs5_NtCsaofNzfayCjM_3std4timeNtB5_10SystemTime11checked_add
0000000000000000 T _RNvMs5_NtCsaofNzfayCjM_3std4timeNtB5_10SystemTime11checked_sub
0000000000000000 T _RNvMs5_NtCsaofNzfayCjM_3std4timeNtB5_10SystemTime14duration_since
0000000000000000 T _RNvMs5_NtCsaofNzfayCjM_3std4timeNtB5_10SystemTime14saturating_add
0000000000000000 T _RNvMs5_NtCsaofNzfayCjM_3std4timeNtB5_10SystemTime14saturating_sub
0000000000000000 T _RNvMs5_NtCsaofNzfayCjM_3std4timeNtB5_10SystemTime25saturating_duration_since
0000000000000000 T _RNvMs5_NtCsaofNzfayCjM_3std4timeNtB5_10SystemTime3now
0000000000000000 T _RNvMs5_NtCsaofNzfayCjM_3std4timeNtB5_10SystemTime7elapsed
0000000000000000 T _RNvMs5_NtNtNtNtCsaofNzfayCjM_3std2os4unix3net9ancillaryNtB5_15SocketAncillary7add_fds
0000000000000000 T _RNvMs5_NtNtNtNtCsaofNzfayCjM_3std2os4unix3net9ancillaryNtB5_15SocketAncillary8messages
0000000000000000 T _RNvMs5_NtNtNtNtCsaofNzfayCjM_3std2os4unix3net9ancillaryNtB5_15SocketAncillary9add_creds
0000000000000000 T _RNvMs7_NtNtCsaofNzfayCjM_3std3net3tcpNtB5_11TcpListener10local_addr
0000000000000000 T _RNvMs7_NtNtCsaofNzfayCjM_3std3net3tcpNtB5_11TcpListener10take_error
0000000000000000 T _RNvMs7_NtNtCsaofNzfayCjM_3std3net3tcpNtB5_11TcpListener11set_only_v6
0000000000000000 T _RNvMs7_NtNtCsaofNzfayCjM_3std3net3tcpNtB5_11TcpListener15set_nonblocking
0000000000000000 T _RNvMs7_NtNtCsaofNzfayCjM_3std3net3tcpNtB5_11TcpListener3ttl
0000000000000000 T _RNvMs7_NtNtCsaofNzfayCjM_3std3net3tcpNtB5_11TcpListener6accept
0000000000000000 T _RNvMs7_NtNtCsaofNzfayCjM_3std3net3tcpNtB5_11TcpListener7only_v6
0000000000000000 T _RNvMs7_NtNtCsaofNzfayCjM_3std3net3tcpNtB5_11TcpListener7set_ttl
0000000000000000 T _RNvMs7_NtNtCsaofNzfayCjM_3std3net3tcpNtB5_11TcpListener9try_clone
0000000000000000 T _RNvMs8_NtCsaofNzfayCjM_3std2ioNtB5_7IoSlice8as_slice
0000000000000000 T _RNvMs8_NtCsaofNzfayCjM_3std4pathNtB5_10Components7as_path
0000000000000000 T _RNvMsA_NtCsaofNzfayCjM_3std2fsNtB5_8DirEntry4path
0000000000000000 T _RNvMsA_NtCsaofNzfayCjM_3std2fsNtB5_8DirEntry8metadata
0000000000000000 T _RNvMsA_NtCsaofNzfayCjM_3std2fsNtB5_8DirEntry9file_name
0000000000000000 T _RNvMsA_NtCsaofNzfayCjM_3std2fsNtB5_8DirEntry9file_type
0000000000000000 T _RNvMsD_NtCsaofNzfayCjM_3std2fsNtB5_10DirBuilder7__create
0000000000000000 T _RNvMsN_NtCsaofNzfayCjM_3std7processNtB5_15ExitStatusError12code_nonzero
0000000000000000 T _RNvMsN_NtCsaofNzfayCjM_3std7processNtB5_15ExitStatusError4code
0000000000000000 T _RNvMsS_NtCsaofNzfayCjM_3std7processNtB5_8ExitCode12exit_process
0000000000000000 T _RNvMsY_NtCsaofNzfayCjM_3std7processNtB5_5Child16wait_with_output
0000000000000000 T _RNvMsY_NtCsaofNzfayCjM_3std7processNtB5_5Child4kill
0000000000000000 T _RNvMsY_NtCsaofNzfayCjM_3std7processNtB5_5Child4wait
0000000000000000 T _RNvMsY_NtCsaofNzfayCjM_3std7processNtB5_5Child8try_wait
0000000000000000 T _RNvMs_NtNtCsaofNzfayCjM_3std12backtrace_rs9symbolizeNtB4_6Symbol12filename_raw
0000000000000000 T _RNvMs_NtNtCsaofNzfayCjM_3std12backtrace_rs9symbolizeNtB4_6Symbol4name
0000000000000000 T _RNvMs_NtNtCsaofNzfayCjM_3std6thread6threadNtB4_6Thread12park_timeout
0000000000000000 T _RNvMs_NtNtCsaofNzfayCjM_3std6thread6threadNtB4_6Thread3new
0000000000000000 T _RNvMs_NtNtCsaofNzfayCjM_3std6thread6threadNtB4_6Thread4name
0000000000000000 T _RNvMs_NtNtCsaofNzfayCjM_3std6thread6threadNtB4_6Thread4park
0000000000000000 T _RNvMs_NtNtCsaofNzfayCjM_3std6thread6threadNtB4_6Thread8from_raw
0000000000000000 T _RNvMs_NtNtCsaofNzfayCjM_3std6thread9spawnhookNtB4_15ChildSpawnHooks3run
0000000000000000 T _RNvMs_NtNtNtCsaofNzfayCjM_3std2io8buffered9bufwriterINtB4_9BufWriterNtNtB8_5stdio9StdoutRawE10write_coldBa_
0000000000000000 T _RNvMs_NtNtNtCsaofNzfayCjM_3std2io8buffered9bufwriterINtB4_9BufWriterNtNtB8_5stdio9StdoutRawE14write_all_coldBa_
0000000000000000 T _RNvMs_NtNtNtCsaofNzfayCjM_3std2os2fd5ownedNtB4_7OwnedFd9try_clone
0000000000000000 T _RNvMs_NtNtNtCsaofNzfayCjM_3std3sys7process3envNtB4_10CommandEnv3set
0000000000000000 T _RNvMs_NtNtNtCsaofNzfayCjM_3std3sys7process3envNtB4_10CommandEnv6remove
0000000000000000 T _RNvMs_NtNtNtNtCsaofNzfayCjM_3std2os4unix3net8listenerNtB4_12UnixListener10local_addr
0000000000000000 T _RNvMs_NtNtNtNtCsaofNzfayCjM_3std2os4unix3net8listenerNtB4_12UnixListener10take_error
0000000000000000 T _RNvMs_NtNtNtNtCsaofNzfayCjM_3std2os4unix3net8listenerNtB4_12UnixListener15set_nonblocking
0000000000000000 T _RNvMs_NtNtNtNtCsaofNzfayCjM_3std2os4unix3net8listenerNtB4_12UnixListener6accept
0000000000000000 T _RNvMs_NtNtNtNtCsaofNzfayCjM_3std2os4unix3net8listenerNtB4_12UnixListener9bind_addr
0000000000000000 T _RNvMs_NtNtNtNtCsaofNzfayCjM_3std2os4unix3net8listenerNtB4_12UnixListener9try_clone
0000000000000000 T _RNvMs_NtNtNtNtCsaofNzfayCjM_3std3sys7process4unix6commonNtB4_7Command3arg
0000000000000000 T _RNvMs_NtNtNtNtCsaofNzfayCjM_3std3sys7process4unix6commonNtB4_7Command3cwd
0000000000000000 T _RNvMs_NtNtNtNtCsaofNzfayCjM_3std3sys7process4unix6commonNtB4_7Command3new
0000000000000000 T _RNvMs_NtNtNtNtCsaofNzfayCjM_3std3sys7process4unix6commonNtB4_7Command5stdin
0000000000000000 T _RNvMs_NtNtNtNtCsaofNzfayCjM_3std3sys7process4unix6commonNtB4_7Command6chroot
0000000000000000 T _RNvMs_NtNtNtNtCsaofNzfayCjM_3std3sys7process4unix6commonNtB4_7Command6stderr
0000000000000000 T _RNvMs_NtNtNtNtCsaofNzfayCjM_3std3sys7process4unix6commonNtB4_7Command6stdout
0000000000000000 T _RNvMs_NtNtNtNtCsaofNzfayCjM_3std3sys7process4unix6commonNtB4_7Command8pre_exec
0000000000000000 T _RNvMs_NtNtNtNtCsaofNzfayCjM_3std3sys7process4unix6commonNtB4_7Command9set_arg_0
0000000000000000 T _RNvMsa_NtNtCsaofNzfayCjM_3std2io5stdioNtB5_6Stdout4lock
0000000000000000 T _RNvMsa_NtNtNtNtCsaofNzfayCjM_3std3sys3net10connection6socketNtB5_9UdpSocket7send_to
0000000000000000 T _RNvMsi_NtNtNtCsaofNzfayCjM_3std3sys2fs4unixNtB5_4File13read_vectored
0000000000000000 T _RNvMsi_NtNtNtCsaofNzfayCjM_3std3sys2fs4unixNtB5_4File4read
0000000000000000 T _RNvMsi_NtNtNtCsaofNzfayCjM_3std3sys2fs4unixNtB5_4File8read_buf
0000000000000000 T _RNvMsj_NtCsaofNzfayCjM_3std2fsNtB5_11OpenOptions5__open
0000000000000000 T _RNvMsk_NtCsaofNzfayCjM_3std7processNtB5_7Command11get_program
0000000000000000 T _RNvMsk_NtCsaofNzfayCjM_3std7processNtB5_7Command15get_current_dir
0000000000000000 T _RNvMsk_NtCsaofNzfayCjM_3std7processNtB5_7Command17get_resolved_envs
0000000000000000 T _RNvMsk_NtCsaofNzfayCjM_3std7processNtB5_7Command5spawn
0000000000000000 T _RNvMsk_NtCsaofNzfayCjM_3std7processNtB5_7Command6output
0000000000000000 T _RNvMsk_NtCsaofNzfayCjM_3std7processNtB5_7Command6status
0000000000000000 T _RNvMsk_NtCsaofNzfayCjM_3std7processNtB5_7Command8get_args
0000000000000000 T _RNvMsk_NtCsaofNzfayCjM_3std7processNtB5_7Command9env_clear
0000000000000000 T _RNvMsk_NtNtCsaofNzfayCjM_3std2io5stdioNtB5_6Stderr4lock
0000000000000000 T _RNvMsl_NtNtCsaofNzfayCjM_3std3ffi6os_strNtB5_5OsStr14into_os_string
0000000000000000 T _RNvMsl_NtNtCsaofNzfayCjM_3std3ffi6os_strNtB5_5OsStr16split_at_checked
0000000000000000 T _RNvMsl_NtNtCsaofNzfayCjM_3std3ffi6os_strNtB5_5OsStr18to_ascii_lowercase
0000000000000000 T _RNvMsl_NtNtCsaofNzfayCjM_3std3ffi6os_strNtB5_5OsStr18to_ascii_uppercase
0000000000000000 T _RNvMsl_NtNtCsaofNzfayCjM_3std3ffi6os_strNtB5_5OsStr8split_at
0000000000000000 T _RNvMsm_NtCsaofNzfayCjM_3std2fsNtB5_8Metadata7created
0000000000000000 T _RNvMsm_NtCsaofNzfayCjM_3std2fsNtB5_8Metadata8accessed
0000000000000000 T _RNvMsm_NtCsaofNzfayCjM_3std2fsNtB5_8Metadata8modified
0000000000000000 T _RNvMsn_NtCsd1iqB5Dc9CO_5alloc4syncINtB5_3ArcINtNtNtCskksdUZsSIaI_5gimli4read5dwarf5DwarfINtNtBL_12endian_slice11EndianSliceNtNtBN_9endianity12LittleEndianEEE9drop_slowCsaofNzfayCjM_3std
0000000000000000 T _RNvMsn_NtCsd1iqB5Dc9CO_5alloc4syncINtB5_3ArcINtNtNtNtCsaofNzfayCjM_3std4sync6poison5mutex5MutexINtNtB7_3vec3VechEEE9drop_slowBP_
0000000000000000 T _RNvMsn_NtCsd1iqB5Dc9CO_5alloc4syncINtB5_3ArcNtNtNtCsaofNzfayCjM_3std6thread6thread5InnerNtNtBM_5alloc6SystemE9drop_slowBM_
0000000000000000 T _RNvMsn_NtCsd1iqB5Dc9CO_5alloc4syncINtB5_3ArcNtNtNtCsaofNzfayCjM_3std6thread9spawnhook9SpawnHookE9drop_slowBM_
0000000000000000 T _RNvMsn_NtCsd1iqB5Dc9CO_5alloc4syncINtB5_3ArcNtNtNtCskksdUZsSIaI_5gimli4read6abbrev13AbbreviationsE9drop_slowCsaofNzfayCjM_3std
0000000000000000 T _RNvMsn_NtCsd1iqB5Dc9CO_5alloc4syncINtB5_3ArcNtNtNtNtCsaofNzfayCjM_3std3sys2fs4unix12InnerReadDirE9drop_slowBO_
0000000000000000 T _RNvMsr_NtCsaofNzfayCjM_3std4pathNtB5_7PathBuf11into_string
0000000000000000 T _RNvMsr_NtCsaofNzfayCjM_3std4pathNtB5_7PathBuf14__add_extension
0000000000000000 T _RNvMsr_NtCsaofNzfayCjM_3std4pathNtB5_7PathBuf14__set_extension
0000000000000000 T _RNvMsr_NtCsaofNzfayCjM_3std4pathNtB5_7PathBuf14__set_file_name
0000000000000000 T _RNvMsr_NtCsaofNzfayCjM_3std4pathNtB5_7PathBuf16pop_trailing_sep
0000000000000000 T _RNvMsr_NtCsaofNzfayCjM_3std4pathNtB5_7PathBuf16set_trailing_sep
0000000000000000 T _RNvMsr_NtCsaofNzfayCjM_3std4pathNtB5_7PathBuf17push_trailing_sep
0000000000000000 T _RNvMsr_NtCsaofNzfayCjM_3std4pathNtB5_7PathBuf3pop
0000000000000000 T _RNvMsr_NtCsaofNzfayCjM_3std4pathNtB5_7PathBuf5__push
0000000000000000 T _RNvMst_NtCsaofNzfayCjM_3std7processNtB5_6Output7exit_ok
0000000000000000 B _RNvNCNKNvNtNtCsaofNzfayCjM_3std6thread9spawnhook11SPAWN_HOOKS0023___RUST_STD_INTERNAL_VAL
0000000000000000 B _RNvNCNKNvNvMNtNtCsaofNzfayCjM_3std4hash6randomNtBa_11RandomState3new4KEYS0s_023___RUST_STD_INTERNAL_VAL
0000000000000000 B _RNvNCNKNvNvMNtNtNtCsaofNzfayCjM_3std4sync4mpmc7contextNtBa_7Context4with7CONTEXT0023___RUST_STD_INTERNAL_VAL
0000000000000000 D _RNvNCNKNvNvNtNtNtCsaofNzfayCjM_3std4sync4mpmc5waker17current_thread_id5DUMMY0s_023___RUST_STD_INTERNAL_VAL
0000000000000000 B _RNvNCNvNtNtCsaofNzfayCjM_3std6thread9lifecycle15spawn_unchecked03MIN
0000000000000000 T _RNvNtCsaofNzfayCjM_3std2rt19lang_start_internal
0000000000000000 T _RNvNtCsaofNzfayCjM_3std3env11current_dir
0000000000000000 T _RNvNtCsaofNzfayCjM_3std3env11current_exe
0000000000000000 T _RNvNtCsaofNzfayCjM_3std3env4__var
0000000000000000 T _RNvNtCsaofNzfayCjM_3std3env4args
0000000000000000 T _RNvNtCsaofNzfayCjM_3std3env4vars
0000000000000000 T _RNvNtCsaofNzfayCjM_3std3env7__var_os
0000000000000000 T _RNvNtCsaofNzfayCjM_3std3env7args_os
0000000000000000 T _RNvNtCsaofNzfayCjM_3std3env7vars_os
0000000000000000 T _RNvNtCsaofNzfayCjM_3std3env8home_dir
0000000000000000 T _RNvNtCsaofNzfayCjM_3std3env8temp_dir
0000000000000000 T _RNvNtCsaofNzfayCjM_3std4path18compare_components
0000000000000000 T _RNvNtCsaofNzfayCjM_3std5alloc20set_alloc_error_hook
0000000000000000 T _RNvNtCsaofNzfayCjM_3std5alloc24default_alloc_error_hook
0000000000000000 B _RNvNtCsaofNzfayCjM_3std5alloc4HOOK
0000000000000000 T _RNvNtCsaofNzfayCjM_3std5alloc8rust_oom
0000000000000000 T _RNvNtCsaofNzfayCjM_3std5panic13resume_unwind
0000000000000000 T _RNvNtCsaofNzfayCjM_3std5panic19get_backtrace_style
0000000000000000 T _RNvNtCsaofNzfayCjM_3std5panic19set_backtrace_style
0000000000000000 T _RNvNtCsaofNzfayCjM_3std7process2id
0000000000000000 T _RNvNtCsaofNzfayCjM_3std7process4exit
0000000000000000 T _RNvNtCsaofNzfayCjM_3std7process5abort
0000000000000000 D _RNvNtCsaofNzfayCjM_3std9panicking11EMPTY_PANIC
0000000000000000 T _RNvNtCsaofNzfayCjM_3std9panicking12default_hook
0000000000000000 T _RNvNtCsaofNzfayCjM_3std9panicking14payload_as_str
0000000000000000 T _RNvNtCsaofNzfayCjM_3std9panicking15panic_with_hook
0000000000000000 B _RNvNtCsaofNzfayCjM_3std9panicking4HOOK
0000000000000000 T _RNvNtCsaofNzfayCjM_3std9panicking8set_hook
0000000000000000 T _RNvNtCsaofNzfayCjM_3std9panicking9take_hook
0000000000000000 T _RNvNtNtCsaofNzfayCjM_3std2io5stdio18set_output_capture
0000000000000000 T _RNvNtNtCsaofNzfayCjM_3std2io5stdio22try_set_output_capture
0000000000000000 T _RNvNtNtCsaofNzfayCjM_3std2io5stdio23attempt_print_to_stderr
0000000000000000 T _RNvNtNtCsaofNzfayCjM_3std2io5stdio5stdin
0000000000000000 T _RNvNtNtCsaofNzfayCjM_3std2io5stdio6__print
0000000000000000 T _RNvNtNtCsaofNzfayCjM_3std2io5stdio6stdout
0000000000000000 T _RNvNtNtCsaofNzfayCjM_3std2io5stdio7__eprint
0000000000000000 T _RNvNtNtCsaofNzfayCjM_3std3net8hostname8hostname
0000000000000000 T _RNvNtNtCsaofNzfayCjM_3std3sys2fs10remove_dir
0000000000000000 T _RNvNtNtCsaofNzfayCjM_3std3sys2fs11remove_file
0000000000000000 T _RNvNtNtCsaofNzfayCjM_3std3sys2fs12canonicalize
0000000000000000 T _RNvNtNtCsaofNzfayCjM_3std3sys2fs14remove_dir_all
0000000000000000 T _RNvNtNtCsaofNzfayCjM_3std3sys2fs15set_permissions
0000000000000000 T _RNvNtNtCsaofNzfayCjM_3std3sys2fs16symlink_metadata
0000000000000000 T _RNvNtNtCsaofNzfayCjM_3std3sys2fs18set_times_nofollow
0000000000000000 T _RNvNtNtCsaofNzfayCjM_3std3sys2fs24set_permissions_nofollow
0000000000000000 T _RNvNtNtCsaofNzfayCjM_3std3sys2fs4copy
0000000000000000 T _RNvNtNtCsaofNzfayCjM_3std3sys2fs6exists
0000000000000000 T _RNvNtNtCsaofNzfayCjM_3std3sys2fs6rename
0000000000000000 T _RNvNtNtCsaofNzfayCjM_3std3sys2fs7symlink
0000000000000000 T _RNvNtNtCsaofNzfayCjM_3std3sys2fs8metadata
0000000000000000 T _RNvNtNtCsaofNzfayCjM_3std3sys2fs8read_dir
0000000000000000 T _RNvNtNtCsaofNzfayCjM_3std3sys2fs9hard_link
0000000000000000 T _RNvNtNtCsaofNzfayCjM_3std3sys2fs9read_link
0000000000000000 T _RNvNtNtCsaofNzfayCjM_3std3sys2fs9set_times
0000000000000000 T _RNvNtNtCsaofNzfayCjM_3std3sys5alloc16realloc_fallback
0000000000000000 T _RNvNtNtCsaofNzfayCjM_3std3sys9backtrace4lock
0000000000000000 T _RNvNtNtCsaofNzfayCjM_3std4sync9lazy_lock14panic_poisoned
0000000000000000 T _RNvNtNtCsaofNzfayCjM_3std6thread5local18panic_access_error
0000000000000000 T _RNvNtNtCsaofNzfayCjM_3std6thread7current18current_or_unnamed
0000000000000000 B _RNvNtNtCsaofNzfayCjM_3std6thread7current7CURRENT
0000000000000000 T _RNvNtNtCsaofNzfayCjM_3std6thread7current7current
0000000000000000 T _RNvNtNtCsaofNzfayCjM_3std6thread9functions11sleep_until
0000000000000000 T _RNvNtNtCsaofNzfayCjM_3std6thread9functions12park_timeout
0000000000000000 T _RNvNtNtCsaofNzfayCjM_3std6thread9functions15park_timeout_ms
0000000000000000 T _RNvNtNtCsaofNzfayCjM_3std6thread9functions21available_parallelism
0000000000000000 T _RNvNtNtCsaofNzfayCjM_3std6thread9functions4park
0000000000000000 T _RNvNtNtCsaofNzfayCjM_3std6thread9functions5sleep
0000000000000000 T _RNvNtNtCsaofNzfayCjM_3std6thread9functions8sleep_ms
0000000000000000 T _RNvNtNtCsaofNzfayCjM_3std6thread9functions9yield_now
0000000000000000 T _RNvNtNtCsaofNzfayCjM_3std6thread9spawnhook15run_spawn_hooks
0000000000000000 T _RNvNtNtCsaofNzfayCjM_3std9panicking11panic_count17is_zero_slow_path
0000000000000000 B _RNvNtNtCsaofNzfayCjM_3std9panicking11panic_count18GLOBAL_PANIC_COUNT
0000000000000000 T _RNvNtNtCsaofNzfayCjM_3std9panicking11panic_count19finished_panic_hook
0000000000000000 T _RNvNtNtCsaofNzfayCjM_3std9panicking11panic_count8decrease
0000000000000000 T _RNvNtNtCsaofNzfayCjM_3std9panicking11panic_count8increase
0000000000000000 T _RNvNtNtCsaofNzfayCjM_3std9panicking11panic_count9get_count
0000000000000000 T _RNvNtNtNtCsaofNzfayCjM_3std12backtrace_rs9symbolize5gimli7resolve
0000000000000000 T _RNvNtNtNtCsaofNzfayCjM_3std2os4unix2io16replace_stdio_fd
0000000000000000 T _RNvNtNtNtCsaofNzfayCjM_3std2os4unix7process9parent_id
0000000000000000 T _RNvNtNtNtCsaofNzfayCjM_3std3sys2fs4unix5chown
0000000000000000 T _RNvNtNtNtCsaofNzfayCjM_3std3sys2fs4unix6chroot
0000000000000000 T _RNvNtNtNtCsaofNzfayCjM_3std3sys2fs4unix6fchown
0000000000000000 T _RNvNtNtNtCsaofNzfayCjM_3std3sys2fs4unix6lchown
0000000000000000 T _RNvNtNtNtCsaofNzfayCjM_3std3sys2fs4unix6mkfifo
0000000000000000 T _RNvNtNtNtCsaofNzfayCjM_3std3sys3env4unix6setenv
0000000000000000 T _RNvNtNtNtCsaofNzfayCjM_3std3sys3env4unix8unsetenv
0000000000000000 T _RNvNtNtNtCsaofNzfayCjM_3std3sys4path4unix8absolute
0000000000000000 T _RNvNtNtNtCsaofNzfayCjM_3std3sys4pipe4unix4pipe
0000000000000000 T _RNvNtNtNtCsaofNzfayCjM_3std3sys5paths4unix5chdir
0000000000000000 T _RNvNtNtNtCsaofNzfayCjM_3std3sys6random5linux19hashmap_random_keys
0000000000000000 B _RNvNtNtNtCsaofNzfayCjM_3std6thread7current2id2ID
0000000000000000 T _RNvNtNtNtNtCsaofNzfayCjM_3std2os4unix3net4addr11sockaddr_un
0000000000000000 T _RNvNtNtNtNtCsaofNzfayCjM_3std2os4unix3net9ancillary31send_vectored_with_ancillary_to
0000000000000000 T _RNvNtNtNtNtCsaofNzfayCjM_3std3sys12thread_local11destructors10linux_like8register
0000000000000000 T _RNvNtNtNtNtCsaofNzfayCjM_3std3sys2io11kernel_copy5linux15sendfile_splice
0000000000000000 T _RNvNtNtNtNtCsaofNzfayCjM_3std3sys2io11kernel_copy5linux18copy_regular_files
0000000000000000 T _RNvNtNtNtNtCsaofNzfayCjM_3std3sys3pal4unix5futex10futex_wake
0000000000000000 T _RNvNtNtNtNtCsaofNzfayCjM_3std3sys3pal4unix5futex14futex_wake_all
0000000000000000 T _RNvNvMs3_NtNtNtNtCsaofNzfayCjM_3std3sys3net10connection6socketNtB7_9TcpStream7connect5inner
0000000000000000 T _RNvNvMs7_NtNtNtCsaofNzfayCjM_3std3sys6os_str5bytesNtB7_5Slice25try_check_public_boundary9slow_path
0000000000000000 T _RNvNvMs7_NtNtNtNtCsaofNzfayCjM_3std3sys3net10connection6socketNtB7_11TcpListener4bind5inner
0000000000000000 T _RNvNvMsa_NtNtNtNtCsaofNzfayCjM_3std3sys3net10connection6socketNtB7_9UdpSocket4bind5inner
0000000000000000 T _RNvNvMsa_NtNtNtNtCsaofNzfayCjM_3std3sys3net10connection6socketNtB7_9UdpSocket7connect5inner
0000000000000000 T _RNvNvNtCsaofNzfayCjM_3std2fs14read_to_string5inner
0000000000000000 T _RNvNvNtCsaofNzfayCjM_3std2fs4read5inner
0000000000000000 T _RNvNvNtCsaofNzfayCjM_3std2fs5write5inner
0000000000000000 T _RNvNvNtCsaofNzfayCjM_3std9panicking12catch_unwind7cleanup
0000000000000000 B _RNvNvNtNtCsaofNzfayCjM_3std2io5stdio6stderr8INSTANCE
0000000000000000 T _RNvNvNtNtNtCsaofNzfayCjM_3std3sys5paths4unix11split_paths12into_pathbuf
0000000000000000 T _RNvXNtCsaofNzfayCjM_3std2ioNtB2_5GuardNtNtNtCs4oJK16j4DDX_4core3ops4drop4Drop4drop
0000000000000000 T _RNvXNtCsaofNzfayCjM_3std3envNtB2_4VarsNtNtNtNtCs4oJK16j4DDX_4core4iter6traits8iterator8Iterator4next
0000000000000000 T _RNvXNtCsaofNzfayCjM_3std3envNtB2_4VarsNtNtNtNtCs4oJK16j4DDX_4core4iter6traits8iterator8Iterator9size_hint
0000000000000000 T _RNvXNtCsaofNzfayCjM_3std6randomNtB2_19DefaultRandomSourceNtNtCs4oJK16j4DDX_4core6random12RandomSource10fill_bytes
0000000000000000 T _RNvXNtCsaofNzfayCjM_3std9backtraceNtB2_9BacktraceNtNtCs4oJK16j4DDX_4core3fmt5Debug3fmt
0000000000000000 T _RNvXNtNtCsaofNzfayCjM_3std2io5errorNtB2_5ErrorNtNtCs4oJK16j4DDX_4core3fmt5Debug3fmt
0000000000000000 T _RNvXNtNtCsaofNzfayCjM_3std2io5stdioNtB2_8StdinRawNtB4_4Read10read_exact
0000000000000000 T _RNvXNtNtCsaofNzfayCjM_3std2io5stdioNtB2_8StdinRawNtB4_4Read11read_to_end
0000000000000000 T _RNvXNtNtCsaofNzfayCjM_3std2io5stdioNtB2_8StdinRawNtB4_4Read13read_vectored
0000000000000000 T _RNvXNtNtCsaofNzfayCjM_3std2io5stdioNtB2_8StdinRawNtB4_4Read14read_buf_exact
0000000000000000 T _RNvXNtNtCsaofNzfayCjM_3std2io5stdioNtB2_8StdinRawNtB4_4Read14read_to_string
0000000000000000 T _RNvXNtNtCsaofNzfayCjM_3std2io5stdioNtB2_8StdinRawNtB4_4Read4read
0000000000000000 T _RNvXNtNtCsaofNzfayCjM_3std2io5stdioNtB2_8StdinRawNtB4_4Read8read_buf
0000000000000000 T _RNvXNtNtCsaofNzfayCjM_3std4sync9nonpoisonNtB2_10WouldBlockNtNtCs4oJK16j4DDX_4core3fmt5Debug3fmt
0000000000000000 T _RNvXNtNtCsaofNzfayCjM_3std6thread9functionsNtB2_10PanicGuardNtNtNtCs4oJK16j4DDX_4core3ops4drop4Drop4drop
0000000000000000 T _RNvXNtNtCsaofNzfayCjM_3std6thread9spawnhookNtB2_10SpawnHooksNtNtNtCs4oJK16j4DDX_4core3ops4drop4Drop4drop
0000000000000000 T _RNvXNtNtNtCsaofNzfayCjM_3std2os4unix2fsNtNtB8_2fs4FileNtB2_7FileExt11read_buf_at
0000000000000000 T _RNvXNtNtNtCsaofNzfayCjM_3std2os4unix2fsNtNtB8_2fs4FileNtB2_7FileExt16read_vectored_at
0000000000000000 T _RNvXNtNtNtCsaofNzfayCjM_3std2os4unix2fsNtNtB8_2fs4FileNtB2_7FileExt17write_vectored_at
0000000000000000 T _RNvXNtNtNtCsaofNzfayCjM_3std2os4unix2fsNtNtB8_2fs4FileNtB2_7FileExt7read_at
0000000000000000 T _RNvXNtNtNtCsaofNzfayCjM_3std2os4unix2fsNtNtB8_2fs4FileNtB2_7FileExt8write_at
0000000000000000 T _RNvXNtNtNtCsaofNzfayCjM_3std2os4unix2ioNtNtNtB8_2io5stdio6StdoutNtB2_8StdioExt7take_fd
0000000000000000 T _RNvXNtNtNtCsaofNzfayCjM_3std2os4unix7processNtNtB8_7process7CommandNtB2_10CommandExt4exec
0000000000000000 T _RNvXNtNtNtCsaofNzfayCjM_3std2os4unix7processNtNtB8_7process7CommandNtB2_10CommandExt6groups
0000000000000000 T _RNvXNtNtNtCsaofNzfayCjM_3std3sys5paths4unixNtB2_14JoinPathsErrorNtNtCs4oJK16j4DDX_4core3fmt7Display3fmt
0000000000000000 T _RNvXNtNtNtCsaofNzfayCjM_3std3sys7process3envNtB2_10CommandEnvNtNtCs4oJK16j4DDX_4core3fmt5Debug3fmt
0000000000000000 T _RNvXNtNtNtCsaofNzfayCjM_3std6thread6thread18thread_name_stringNtB2_16ThreadNameStringINtNtCs4oJK16j4DDX_4core7convert4FromNtNtCsd1iqB5Dc9CO_5alloc6string6StringE4from
0000000000000000 T _RNvXNtNtNtNtCsaofNzfayCjM_3std2os3net9linux_ext6socketNtNtNtNtB8_4unix3net8datagram12UnixDatagramNtB2_13UnixSocketExt12set_passcred
0000000000000000 T _RNvXNtNtNtNtCsaofNzfayCjM_3std2os3net9linux_ext6socketNtNtNtNtB8_4unix3net8datagram12UnixDatagramNtB2_13UnixSocketExt8passcred
0000000000000000 T _RNvXNtNtNtNtCsaofNzfayCjM_3std2os4unix3net8listenerNtB2_12UnixListenerNtNtCs4oJK16j4DDX_4core3fmt5Debug3fmt
0000000000000000 T _RNvXNtNtNtNtCsaofNzfayCjM_3std3sys2fs4unix3cfmNtB2_18CachedFileMetadataNtNtBa_2io4Read11read_to_end
0000000000000000 T _RNvXNtNtNtNtCsaofNzfayCjM_3std3sys2fs4unix3cfmNtB2_18CachedFileMetadataNtNtBa_2io4Read13read_vectored
0000000000000000 T _RNvXNtNtNtNtCsaofNzfayCjM_3std3sys2fs4unix3cfmNtB2_18CachedFileMetadataNtNtBa_2io4Read14read_to_string
0000000000000000 T _RNvXNtNtNtNtCsaofNzfayCjM_3std3sys2fs4unix3cfmNtB2_18CachedFileMetadataNtNtBa_2io4Read4read
0000000000000000 T _RNvXNtNtNtNtCsaofNzfayCjM_3std3sys2fs4unix3cfmNtB2_18CachedFileMetadataNtNtBa_2io4Read8read_buf
0000000000000000 T _RNvXNtNtNtNtNtCsaofNzfayCjM_3std3sys3pal4unix14stack_overflow11thread_infoNtB2_12UnlockOnDropNtNtNtCs4oJK16j4DDX_4core3ops4drop4Drop4drop
0000000000000000 T _RNvXNtNtNtNtNtCsaofNzfayCjM_3std3sys7process4unix4unix15linux_child_extNtNtBc_7process5ChildNtNtNtNtBc_2os5linux7process8ChildExt10into_pidfd
0000000000000000 T _RNvXNtNtNtNtNtCsaofNzfayCjM_3std3sys7process4unix4unix15linux_child_extNtNtBc_7process5ChildNtNtNtNtBc_2os5linux7process8ChildExt5pidfd
0000000000000000 T _RNvXNvMNtNtCsaofNzfayCjM_3std3sys9backtraceNtB5_13BacktraceLock5printNtB2_16DisplayBacktraceNtNtCs4oJK16j4DDX_4core3fmt7Display3fmt
0000000000000000 T _RNvXNvMNtNtNtNtCsaofNzfayCjM_3std3sys7process4unix4unixNtNtB7_6common7Command11posix_spawnNtB2_21PosixSpawnFileActionsNtNtNtCs4oJK16j4DDX_4core3ops4drop4Drop4drop
0000000000000000 T _RNvXNvNtCsaofNzfayCjM_3std9panicking13resume_unwindNtB2_9RewrapBoxNtNtCs4oJK16j4DDX_4core5panic12PanicPayload8take_box
0000000000000000 T _RNvXNvXs7_NtCsaofNzfayCjM_3std4pathNtB8_10ComponentsNtNtCs4oJK16j4DDX_4core3fmt5Debug3fmtNtB2_11DebugHelperBO_3fmt
0000000000000000 T _RNvXNvXsb_NtCsaofNzfayCjM_3std4pathNtB8_4IterNtNtCs4oJK16j4DDX_4core3fmt5Debug3fmtNtB2_11DebugHelperBH_3fmt
0000000000000000 T _RNvXs0_NtCsaofNzfayCjM_3std2fsNtB5_12TryLockErrorNtNtCs4oJK16j4DDX_4core3fmt7Display3fmt
0000000000000000 T _RNvXs0_NtCsaofNzfayCjM_3std3envNtB5_6VarsOsNtNtNtNtCs4oJK16j4DDX_4core4iter6traits8iterator8Iterator4next
0000000000000000 T _RNvXs0_NtCsaofNzfayCjM_3std3envNtB5_6VarsOsNtNtNtNtCs4oJK16j4DDX_4core4iter6traits8iterator8Iterator9size_hint
0000000000000000 T _RNvXs0_NtCsaofNzfayCjM_3std4timeNtB5_7InstantINtNtNtCs4oJK16j4DDX_4core3ops5arith9AddAssignNtNtBO_4time8DurationE10add_assign
0000000000000000 T _RNvXs0_NtCsaofNzfayCjM_3std9backtraceNtB5_15BacktraceSymbolNtNtCs4oJK16j4DDX_4core3fmt5Debug3fmt
0000000000000000 T _RNvXs0_NtNtCsaofNzfayCjM_3std12backtrace_rs9symbolizeNtB5_6SymbolNtNtCs4oJK16j4DDX_4core3fmt5Debug3fmt
0000000000000000 T _RNvXs0_NtNtCsaofNzfayCjM_3std2io5errorNtB5_5ErrorINtNtCs4oJK16j4DDX_4core7convert4FromNtNtNtCsd1iqB5Dc9CO_5alloc3ffi5c_str8NulErrorE4from
0000000000000000 T _RNvXs0_NtNtCsaofNzfayCjM_3std2io5stdioNtB5_9StderrRawNtB7_5Write14write_vectored
0000000000000000 T _RNvXs0_NtNtCsaofNzfayCjM_3std2io5stdioNtB5_9StderrRawNtB7_5Write18write_all_vectored
0000000000000000 T _RNvXs0_NtNtCsaofNzfayCjM_3std2io5stdioNtB5_9StderrRawNtB7_5Write5flush
0000000000000000 T _RNvXs0_NtNtCsaofNzfayCjM_3std2io5stdioNtB5_9StderrRawNtB7_5Write5write
0000000000000000 T _RNvXs0_NtNtCsaofNzfayCjM_3std2io5stdioNtB5_9StderrRawNtB7_5Write9write_all
0000000000000000 T _RNvXs0_NtNtCsaofNzfayCjM_3std2io5stdioNtB5_9StderrRawNtB7_5Write9write_fmt
0000000000000000 T _RNvXs0_NtNtCsaofNzfayCjM_3std3net3tcpNtB5_9TcpStreamNtNtB9_2io5Write14write_vectored
0000000000000000 T _RNvXs0_NtNtCsaofNzfayCjM_3std3net3tcpNtB5_9TcpStreamNtNtB9_2io5Write5write
0000000000000000 T _RNvXs0_NtNtCsaofNzfayCjM_3std6thread5localNtB5_11AccessErrorNtNtCs4oJK16j4DDX_4core3fmt7Display3fmt
0000000000000000 T _RNvXs0_NtNtCsaofNzfayCjM_3std6thread6threadNtB5_6ThreadNtNtCs4oJK16j4DDX_4core3fmt5Debug3fmt
0000000000000000 T _RNvXs0_NtNtNtCsaofNzfayCjM_3std2os4unix2ioNtNtNtBb_2io5stdio5StdinNtB5_8StdioExt7take_fd
0000000000000000 T _RNvXs0_NtNtNtCsaofNzfayCjM_3std2os4unix7processNtNtBb_7process15ExitStatusErrorNtB5_13ExitStatusExt8from_raw
0000000000000000 T _RNvXs0_NtNtNtCsaofNzfayCjM_3std3sys7process3envNtB5_11CommandEnvsNtNtNtNtCs4oJK16j4DDX_4core4iter6traits8iterator8Iterator4next
0000000000000000 T _RNvXs0_NtNtNtNtCsaofNzfayCjM_3std12backtrace_rs9symbolize5gimli4mmapNtB5_4MmapNtNtNtCs4oJK16j4DDX_4core3ops4drop4Drop4drop
0000000000000000 T _RNvXs0_NtNtNtNtCsaofNzfayCjM_3std2os4unix3net4addrNtB5_10SocketAddrNtNtNtNtBb_3net9linux_ext4addr13SocketAddrExt16as_abstract_name
0000000000000000 T _RNvXs0_NtNtNtNtCsaofNzfayCjM_3std3sys7process4unix4unixNtB5_10ExitStatusNtNtCs4oJK16j4DDX_4core3fmt5Debug3fmt
0000000000000000 T _RNvXs0_NtNtNtNtNtCsaofNzfayCjM_3std3sys7process4unix6common13cstring_arrayNtB5_12CStringArrayNtNtCs4oJK16j4DDX_4core3fmt5Debug3fmt
0000000000000000 T _RNvXs0_NvNtCsaofNzfayCjM_3std9panicking13panic_handlerNtB5_19FormatStringPayloadNtNtCs4oJK16j4DDX_4core3fmt7Display3fmt
0000000000000000 T _RNvXs19_NtCsaofNzfayCjM_3std4pathNtB6_4PathNtNtCs4oJK16j4DDX_4core3fmt5Debug3fmt
0000000000000000 T _RNvXs1_NtCsaofNzfayCjM_3std2ioNtB5_10IoSliceMutNtNtCs4oJK16j4DDX_4core3fmt5Debug3fmt
0000000000000000 T _RNvXs1_NtCsaofNzfayCjM_3std3envNtB5_6VarsOsNtNtCs4oJK16j4DDX_4core3fmt5Debug3fmt
0000000000000000 T _RNvXs1_NtCsaofNzfayCjM_3std4timeNtB5_7InstantINtNtNtCs4oJK16j4DDX_4core3ops5arith3SubNtNtBO_4time8DurationE3sub
0000000000000000 T _RNvXs1_NtCsaofNzfayCjM_3std7processNtB5_5ChildINtNtB7_3sys9IntoInnerNtNtNtNtBL_7process4unix4unix7ProcessE10into_inner
0000000000000000 T _RNvXs1_NtCsaofNzfayCjM_3std9backtraceNtB5_11BytesOrWideNtNtCs4oJK16j4DDX_4core3fmt5Debug3fmt
0000000000000000 T _RNvXs1_NtNtCsaofNzfayCjM_3std3net3tcpRNtB5_9TcpStreamNtNtB9_2io4Read13read_vectored
0000000000000000 T _RNvXs1_NtNtCsaofNzfayCjM_3std3net3tcpRNtB5_9TcpStreamNtNtB9_2io4Read4read
0000000000000000 T _RNvXs1_NtNtCsaofNzfayCjM_3std3net3tcpRNtB5_9TcpStreamNtNtB9_2io4Read8read_buf
0000000000000000 T _RNvXs1_NtNtCsaofNzfayCjM_3std4sync4onceNtB5_4OnceNtNtCs4oJK16j4DDX_4core3fmt5Debug3fmt
0000000000000000 T _RNvXs1_NtNtCsaofNzfayCjM_3std4sync7barrierNtB5_17BarrierWaitResultNtNtCs4oJK16j4DDX_4core3fmt5Debug3fmt
0000000000000000 T _RNvXs1_NtNtNtCsaofNzfayCjM_3std12backtrace_rs9backtrace9libunwindNtB5_5FrameNtNtCs4oJK16j4DDX_4core5clone5Clone5clone
0000000000000000 T _RNvXs1_NtNtNtCsaofNzfayCjM_3std2os4unix2ioNtNtNtBb_2io5stdio9StdinLockNtB5_8StdioExt7take_fd
0000000000000000 T _RNvXs1_NtNtNtCsaofNzfayCjM_3std2os4unix7processNtNtBb_7process5ChildNtB5_8ChildExt11send_signal
0000000000000000 T _RNvXs1_NtNtNtCsaofNzfayCjM_3std2os4unix7processNtNtBb_7process5ChildNtB5_8ChildExt18kill_process_group
0000000000000000 T _RNvXs1_NtNtNtCsaofNzfayCjM_3std2os4unix7processNtNtBb_7process5ChildNtB5_8ChildExt25send_process_group_signal
0000000000000000 T _RNvXs1_NtNtNtCsaofNzfayCjM_3std3sys4args6commonNtB5_4ArgsNtNtCs4oJK16j4DDX_4core3fmt5Debug3fmt
0000000000000000 T _RNvXs1_NtNtNtCsaofNzfayCjM_3std3sys5stdio4unixNtB5_6StdoutNtNtBb_2io5Write14write_vectored
0000000000000000 T _RNvXs1_NtNtNtCsaofNzfayCjM_3std3sys5stdio4unixNtB5_6StdoutNtNtBb_2io5Write5write
0000000000000000 T _RNvXs1_NtNtNtCsaofNzfayCjM_3std3sys6os_str5bytesNtB5_3BufNtNtCs4oJK16j4DDX_4core3fmt5Debug3fmt
0000000000000000 T _RNvXs1_NtNtNtCsaofNzfayCjM_3std3sys6thread4unixNtB5_6ThreadNtNtNtCs4oJK16j4DDX_4core3ops4drop4Drop4drop
0000000000000000 T _RNvXs1_NtNtNtNtCsaofNzfayCjM_3std2os4unix3net4addrNtB5_10SocketAddrNtNtCs4oJK16j4DDX_4core3fmt5Debug3fmt
0000000000000000 T _RNvXs1_NtNtNtNtCsaofNzfayCjM_3std2os4unix3net6streamNtB5_10UnixStreamNtNtBd_2io4Read13read_vectored
0000000000000000 T _RNvXs1_NtNtNtNtCsaofNzfayCjM_3std2os4unix3net6streamNtB5_10UnixStreamNtNtBd_2io4Read4read
0000000000000000 T _RNvXs1_NtNtNtNtCsaofNzfayCjM_3std2os4unix3net6streamNtB5_10UnixStreamNtNtBd_2io4Read8read_buf
0000000000000000 T _RNvXs1_NtNtNtNtCsaofNzfayCjM_3std2os4unix3net9ancillaryNtB5_9ScmRightsNtNtNtNtCs4oJK16j4DDX_4core4iter6traits8iterator8Iterator4next
0000000000000000 T _RNvXs1_NvNtCsaofNzfayCjM_3std9panicking13panic_handlerNtB5_16StaticStrPayloadNtNtCs4oJK16j4DDX_4core5panic12PanicPayload8take_box
0000000000000000 T _RNvXs1a_NtCsaofNzfayCjM_3std4pathNtB6_7DisplayNtNtCs4oJK16j4DDX_4core3fmt5Debug3fmt
0000000000000000 T _RNvXs1b_NtCsaofNzfayCjM_3std4pathNtB6_7DisplayNtNtCs4oJK16j4DDX_4core3fmt7Display3fmt
0000000000000000 T _RNvXs1u_NtCsaofNzfayCjM_3std4pathNtB6_16StripPrefixErrorNtNtCs4oJK16j4DDX_4core3fmt7Display3fmt
0000000000000000 T _RNvXs1w_NtCsaofNzfayCjM_3std4pathNtB6_14NormalizeErrorNtNtCs4oJK16j4DDX_4core3fmt7Display3fmt
0000000000000000 T _RNvXs2_NtCsaofNzfayCjM_3std3envNtB5_8VarErrorNtNtCs4oJK16j4DDX_4core3fmt7Display3fmt
0000000000000000 T _RNvXs2_NtCsaofNzfayCjM_3std4timeNtB5_7InstantINtNtNtCs4oJK16j4DDX_4core3ops5arith9SubAssignNtNtBO_4time8DurationE10sub_assign
0000000000000000 T _RNvXs2_NtCsaofNzfayCjM_3std7processNtB5_5ChildNtNtCs4oJK16j4DDX_4core3fmt5Debug3fmt
0000000000000000 T _RNvXs2_NtNtCsaofNzfayCjM_3std12backtrace_rs9symbolizeNtB5_10SymbolNameNtNtCs4oJK16j4DDX_4core3fmt7Display3fmt
0000000000000000 T _RNvXs2_NtNtCsaofNzfayCjM_3std2io5stdioNtB5_5StdinNtNtCs4oJK16j4DDX_4core3fmt5Debug3fmt
0000000000000000 T _RNvXs2_NtNtCsaofNzfayCjM_3std3net3tcpRNtB5_9TcpStreamNtNtB9_2io5Write14write_vectored
0000000000000000 T _RNvXs2_NtNtCsaofNzfayCjM_3std3net3tcpRNtB5_9TcpStreamNtNtB9_2io5Write5write
0000000000000000 T _RNvXs2_NtNtCsaofNzfayCjM_3std3net3udpNtB5_9UdpSocketNtNtCs4oJK16j4DDX_4core3fmt5Debug3fmt
0000000000000000 T _RNvXs2_NtNtCsaofNzfayCjM_3std6thread6scopedNtB5_5ScopeNtNtCs4oJK16j4DDX_4core3fmt5Debug3fmt
0000000000000000 T _RNvXs2_NtNtNtCsaofNzfayCjM_3std12backtrace_rs9backtrace9libunwindNtB5_4BombNtNtNtCs4oJK16j4DDX_4core3ops4drop4Drop4drop
0000000000000000 T _RNvXs2_NtNtNtCsaofNzfayCjM_3std2io8buffered9bufwriterNtB5_14WriterPanickedNtNtCs4oJK16j4DDX_4core3fmt7Display3fmt
0000000000000000 T _RNvXs2_NtNtNtCsaofNzfayCjM_3std2os4unix2ioNtNtNtBb_2io5stdio6StderrNtB5_8StdioExt7take_fd
0000000000000000 T _RNvXs2_NtNtNtCsaofNzfayCjM_3std3sys3env6commonNtB5_3EnvNtNtNtNtCs4oJK16j4DDX_4core4iter6traits8iterator8Iterator4next
0000000000000000 T _RNvXs2_NtNtNtCsaofNzfayCjM_3std3sys3env6commonNtB5_3EnvNtNtNtNtCs4oJK16j4DDX_4core4iter6traits8iterator8Iterator9size_hint
0000000000000000 T _RNvXs2_NtNtNtCsaofNzfayCjM_3std3sys4time4unixNtB5_7InstantNtNtCs4oJK16j4DDX_4core3fmt5Debug3fmt
0000000000000000 T _RNvXs2_NtNtNtCsaofNzfayCjM_3std3sys6os_str5bytesNtB5_3BufNtNtCs4oJK16j4DDX_4core3fmt7Display3fmt
0000000000000000 T _RNvXs2_NtNtNtNtCsaofNzfayCjM_3std2os4unix3net6streamRNtB5_10UnixStreamNtNtBd_2io4Read13read_vectored
0000000000000000 T _RNvXs2_NtNtNtNtCsaofNzfayCjM_3std2os4unix3net6streamRNtB5_10UnixStreamNtNtBd_2io4Read4read
0000000000000000 T _RNvXs2_NtNtNtNtCsaofNzfayCjM_3std2os4unix3net6streamRNtB5_10UnixStreamNtNtBd_2io4Read8read_buf
0000000000000000 T _RNvXs2_NtNtNtNtCsaofNzfayCjM_3std2os4unix3net9ancillaryNtB5_14ScmCredentialsNtNtNtNtCs4oJK16j4DDX_4core4iter6traits8iterator8Iterator4next
0000000000000000 T _RNvXs2_NtNtNtNtCsaofNzfayCjM_3std3sys2fs4unix3dirNtNtBd_2fs3DirNtNtNtNtBd_2os2fd3raw9FromRawFd11from_raw_fd
0000000000000000 T _RNvXs2_NtNtNtNtCsaofNzfayCjM_3std3sys3net10connection6socketNtB5_10LookupHostNtNtNtCs4oJK16j4DDX_4core3ops4drop4Drop4drop
0000000000000000 T _RNvXs2_NtNtNtNtNtCsaofNzfayCjM_3std3sys3net10connection6socket4unixNtB5_6SocketNtNtNtNtBf_2os2fd5owned4AsFd5as_fd
0000000000000000 T _RNvXs2_NtNtNtNtNtCsaofNzfayCjM_3std3sys3pal4unix5linux5pidfdNtB5_5PidFdNtNtNtNtBf_2os2fd3raw9FromRawFd11from_raw_fd
0000000000000000 T _RNvXs2_NvNtCsaofNzfayCjM_3std9panicking13panic_handlerNtB5_16StaticStrPayloadNtNtCs4oJK16j4DDX_4core3fmt7Display3fmt
0000000000000000 T _RNvXs3_NtCsaofNzfayCjM_3std4timeNtB5_7InstantNtNtNtCs4oJK16j4DDX_4core3ops5arith3Sub3sub
0000000000000000 T _RNvXs3_NtCsaofNzfayCjM_3std7processNtB5_10ChildStdinNtNtB7_2io5Write14write_vectored
0000000000000000 T _RNvXs3_NtCsaofNzfayCjM_3std7processNtB5_10ChildStdinNtNtB7_2io5Write5write
0000000000000000 T _RNvXs3_NtNtCsaofNzfayCjM_3std12backtrace_rs9symbolizeNtB5_10SymbolNameNtNtCs4oJK16j4DDX_4core3fmt5Debug3fmt
0000000000000000 T _RNvXs3_NtNtCsaofNzfayCjM_3std2io5stdioNtB5_5StdinNtB7_4Read10read_exact
0000000000000000 T _RNvXs3_NtNtCsaofNzfayCjM_3std2io5stdioNtB5_5StdinNtB7_4Read11read_to_end
0000000000000000 T _RNvXs3_NtNtCsaofNzfayCjM_3std2io5stdioNtB5_5StdinNtB7_4Read13read_vectored
0000000000000000 T _RNvXs3_NtNtCsaofNzfayCjM_3std2io5stdioNtB5_5StdinNtB7_4Read14read_buf_exact
0000000000000000 T _RNvXs3_NtNtCsaofNzfayCjM_3std2io5stdioNtB5_5StdinNtB7_4Read14read_to_string
0000000000000000 T _RNvXs3_NtNtCsaofNzfayCjM_3std2io5stdioNtB5_5StdinNtB7_4Read4read
0000000000000000 T _RNvXs3_NtNtCsaofNzfayCjM_3std2io5stdioNtB5_5StdinNtB7_4Read8read_buf
0000000000000000 T _RNvXs3_NtNtCsaofNzfayCjM_3std4sync4onceNtB5_9OnceStateNtNtCs4oJK16j4DDX_4core3fmt5Debug3fmt
0000000000000000 T _RNvXs3_NtNtNtCsaofNzfayCjM_3std2io8buffered9bufwriterNtB5_14WriterPanickedNtNtCs4oJK16j4DDX_4core3fmt5Debug3fmt
0000000000000000 T _RNvXs3_NtNtNtCsaofNzfayCjM_3std2os4unix2ioNtNtNtBb_2io5stdio10StderrLockNtB5_8StdioExt7take_fd
0000000000000000 T _RNvXs3_NtNtNtCsaofNzfayCjM_3std2os5linux7processNtB5_5PidFdNtNtNtB9_2fd3raw9FromRawFd11from_raw_fd
0000000000000000 T _RNvXs3_NtNtNtCsaofNzfayCjM_3std3sys2fd4unixNtB5_8FileDescNtNtNtNtBb_2os2fd5owned4AsFd5as_fd
0000000000000000 T _RNvXs3_NtNtNtCsaofNzfayCjM_3std3sys5stdio4unixNtB5_6StderrNtNtBb_2io5Write14write_vectored
0000000000000000 T _RNvXs3_NtNtNtCsaofNzfayCjM_3std3sys5stdio4unixNtB5_6StderrNtNtBb_2io5Write5write
0000000000000000 T _RNvXs3_NtNtNtCsaofNzfayCjM_3std3sys6os_str5bytesNtB5_5SliceNtNtCs4oJK16j4DDX_4core3fmt5Debug3fmt
0000000000000000 T _RNvXs3_NtNtNtCsaofNzfayCjM_3std3sys7process3envNtB5_19CommandResolvedEnvsNtNtNtNtCs4oJK16j4DDX_4core4iter6traits8iterator8Iterator4next
0000000000000000 T _RNvXs3_NtNtNtNtCsaofNzfayCjM_3std2os4unix3net6streamNtB5_10UnixStreamNtNtBd_2io5Write14write_vectored
0000000000000000 T _RNvXs3_NtNtNtNtCsaofNzfayCjM_3std2os4unix3net6streamNtB5_10UnixStreamNtNtBd_2io5Write5write
0000000000000000 T _RNvXs3_NtNtNtNtCsaofNzfayCjM_3std3sys2fs4unix3dirNtNtBd_2fs3DirNtNtNtNtBd_2os2fd5owned4AsFd5as_fd
0000000000000000 T _RNvXs3_NtNtNtNtCsaofNzfayCjM_3std3sys2io11kernel_copy5linuxNtNtBd_2fs4FileNtB5_8CopyRead10properties
0000000000000000 T _RNvXs3_NtNtNtNtCsaofNzfayCjM_3std3sys7process4unix4unixNtB5_10ExitStatusNtNtCs4oJK16j4DDX_4core3fmt7Display3fmt
0000000000000000 T _RNvXs3_NtNtNtNtNtCsaofNzfayCjM_3std3sys7process4unix6common13cstring_arrayNtB5_12CStringArrayNtNtNtCs4oJK16j4DDX_4core3ops4drop4Drop4drop
0000000000000000 T _RNvXs4_NtCsaofNzfayCjM_3std3envNtB5_10SplitPathsNtNtNtNtCs4oJK16j4DDX_4core4iter6traits8iterator8Iterator4next
0000000000000000 T _RNvXs4_NtCsaofNzfayCjM_3std4timeNtB5_7InstantNtNtCs4oJK16j4DDX_4core3fmt5Debug3fmt
0000000000000000 T _RNvXs4_NtCsaofNzfayCjM_3std7processRNtB5_10ChildStdinNtNtB7_2io5Write14write_vectored
0000000000000000 T _RNvXs4_NtCsaofNzfayCjM_3std7processRNtB5_10ChildStdinNtNtB7_2io5Write5write
0000000000000000 T _RNvXs4_NtCsaofNzfayCjM_3std9backtraceNtB5_9BacktraceNtNtCs4oJK16j4DDX_4core3fmt7Display3fmt
0000000000000000 T _RNvXs4_NtNtCsaofNzfayCjM_3std2io4copyINtNtCsd1iqB5Dc9CO_5alloc3vec3VechENtB5_18BufferedWriterSpec11buffer_size
0000000000000000 T _RNvXs4_NtNtCsaofNzfayCjM_3std2io4pipeRNtB5_10PipeReaderNtB7_4Read11read_to_end
0000000000000000 T _RNvXs4_NtNtCsaofNzfayCjM_3std2io4pipeRNtB5_10PipeReaderNtB7_4Read13read_vectored
0000000000000000 T _RNvXs4_NtNtCsaofNzfayCjM_3std2io4pipeRNtB5_10PipeReaderNtB7_4Read4read
0000000000000000 T _RNvXs4_NtNtCsaofNzfayCjM_3std2io4pipeRNtB5_10PipeReaderNtB7_4Read8read_buf
0000000000000000 T _RNvXs4_NtNtCsaofNzfayCjM_3std2io5errorNtNtB5_14repr_bitpacked4ReprNtNtCs4oJK16j4DDX_4core3fmt5Debug3fmt
0000000000000000 T _RNvXs4_NtNtCsaofNzfayCjM_3std2io5stdioRNtB5_5StdinNtB7_4Read10read_exact
0000000000000000 T _RNvXs4_NtNtCsaofNzfayCjM_3std2io5stdioRNtB5_5StdinNtB7_4Read11read_to_end
0000000000000000 T _RNvXs4_NtNtCsaofNzfayCjM_3std2io5stdioRNtB5_5StdinNtB7_4Read13read_vectored
0000000000000000 T _RNvXs4_NtNtCsaofNzfayCjM_3std2io5stdioRNtB5_5StdinNtB7_4Read14read_buf_exact
0000000000000000 T _RNvXs4_NtNtCsaofNzfayCjM_3std2io5stdioRNtB5_5StdinNtB7_4Read14read_to_string
0000000000000000 T _RNvXs4_NtNtCsaofNzfayCjM_3std2io5stdioRNtB5_5StdinNtB7_4Read4read
0000000000000000 T _RNvXs4_NtNtCsaofNzfayCjM_3std2io5stdioRNtB5_5StdinNtB7_4Read8read_buf
0000000000000000 T _RNvXs4_NtNtCsaofNzfayCjM_3std3net11socket_addrTRetENtB5_13ToSocketAddrs15to_socket_addrs
0000000000000000 T _RNvXs4_NtNtCsaofNzfayCjM_3std4hash6randomNtB5_11RandomStateNtNtCs4oJK16j4DDX_4core3fmt5Debug3fmt
0000000000000000 T _RNvXs4_NtNtNtCsaofNzfayCjM_3std3sys6os_str5bytesNtB5_5SliceNtNtCs4oJK16j4DDX_4core3fmt7Display3fmt
0000000000000000 T _RNvXs4_NtNtNtNtCsaofNzfayCjM_3std2os4unix3net6streamRNtB5_10UnixStreamNtNtBd_2io5Write14write_vectored
0000000000000000 T _RNvXs4_NtNtNtNtCsaofNzfayCjM_3std2os4unix3net6streamRNtB5_10UnixStreamNtNtBd_2io5Write5write
0000000000000000 T _RNvXs4_NtNtNtNtCsaofNzfayCjM_3std2os4unix3net9ancillaryNtB5_8MessagesNtNtNtNtCs4oJK16j4DDX_4core4iter6traits8iterator8Iterator4next
0000000000000000 T _RNvXs4_NtNtNtNtCsaofNzfayCjM_3std3sys2io11kernel_copy5linuxRNtNtBd_2fs4FileNtB5_8CopyRead10properties
0000000000000000 T _RNvXs4_NtNtNtNtNtCsaofNzfayCjM_3std3sys7process4unix6common13cstring_arrayNtB5_11CStringIterNtNtNtNtCs4oJK16j4DDX_4core4iter6traits8iterator8Iterator4next
0000000000000000 T _RNvXs4_NtNtNtNtNtCsaofNzfayCjM_3std3sys7process4unix6common13cstring_arrayNtB5_11CStringIterNtNtNtNtCs4oJK16j4DDX_4core4iter6traits8iterator8Iterator9size_hint
0000000000000000 T _RNvXs5_NtCsaofNzfayCjM_3std3envNtB5_10SplitPathsNtNtCs4oJK16j4DDX_4core3fmt5Debug3fmt
0000000000000000 T _RNvXs5_NtNtCsaofNzfayCjM_3std2io4pipeNtB5_10PipeReaderNtB7_4Read11read_to_end
0000000000000000 T _RNvXs5_NtNtCsaofNzfayCjM_3std2io4pipeNtB5_10PipeReaderNtB7_4Read13read_vectored
0000000000000000 T _RNvXs5_NtNtCsaofNzfayCjM_3std2io4pipeNtB5_10PipeReaderNtB7_4Read4read
0000000000000000 T _RNvXs5_NtNtCsaofNzfayCjM_3std2io4pipeNtB5_10PipeReaderNtB7_4Read8read_buf
0000000000000000 T _RNvXs5_NtNtCsaofNzfayCjM_3std2io5errorNtB5_5ErrorNtNtCs4oJK16j4DDX_4core3fmt7Display3fmt
0000000000000000 T _RNvXs5_NtNtCsaofNzfayCjM_3std3net11socket_addrTNtNtCsd1iqB5Dc9CO_5alloc6string6StringtENtB5_13ToSocketAddrs15to_socket_addrs
0000000000000000 T _RNvXs5_NtNtNtCsaofNzfayCjM_3std2os4unix2fsNtNtBb_2fs8DirEntryNtB5_12DirEntryExt213file_name_ref
0000000000000000 T _RNvXs5_NtNtNtCsaofNzfayCjM_3std2os5linux7processNtB5_5PidFdNtNtNtB9_2fd5owned4AsFd5as_fd
0000000000000000 T _RNvXs5_NtNtNtNtCsaofNzfayCjM_3std3sys2io11kernel_copy5linuxNtNtBd_2fs4FileNtB5_9CopyWrite10properties
0000000000000000 T _RNvXs5_NtNtNtNtCsaofNzfayCjM_3std3sys7process4unix4unixNtB5_15ExitStatusErrorNtNtCs4oJK16j4DDX_4core3fmt5Debug3fmt
0000000000000000 T _RNvXs5_NtNtNtNtNtCsaofNzfayCjM_3std3sys3net10connection6socket4unixNtB5_6SocketNtNtNtNtBf_2os2fd3raw9FromRawFd11from_raw_fd
0000000000000000 T _RNvXs5_NtNtNtNtNtCsaofNzfayCjM_3std3sys7process4unix6common13cstring_arrayNtB5_11CStringIterNtNtNtNtCs4oJK16j4DDX_4core4iter6traits10exact_size17ExactSizeIterator3len
0000000000000000 T _RNvXs6_NtCsaofNzfayCjM_3std2fsNtB5_4FileNtNtCs4oJK16j4DDX_4core3fmt5Debug3fmt
0000000000000000 T _RNvXs6_NtCsaofNzfayCjM_3std3envNtB5_14JoinPathsErrorNtNtCs4oJK16j4DDX_4core3fmt7Display3fmt
0000000000000000 T _RNvXs6_NtCsaofNzfayCjM_3std4timeNtB5_10SystemTimeINtNtNtCs4oJK16j4DDX_4core3ops5arith3AddNtNtBS_4time8DurationE3add
0000000000000000 T _RNvXs6_NtNtCsaofNzfayCjM_3std2io4pipeRNtB5_10PipeWriterNtB7_5Write14write_vectored
0000000000000000 T _RNvXs6_NtNtCsaofNzfayCjM_3std2io4pipeRNtB5_10PipeWriterNtB7_5Write5write
0000000000000000 T _RNvXs6_NtNtCsaofNzfayCjM_3std2io5errorNtB5_5ErrorNtNtCs4oJK16j4DDX_4core5error5Error5cause
0000000000000000 T _RNvXs6_NtNtCsaofNzfayCjM_3std2io5errorNtB5_5ErrorNtNtCs4oJK16j4DDX_4core5error5Error6source
0000000000000000 T _RNvXs6_NtNtCsaofNzfayCjM_3std2io5stdioNtB5_9StdinLockNtB7_4Read10read_exact
0000000000000000 T _RNvXs6_NtNtCsaofNzfayCjM_3std2io5stdioNtB5_9StdinLockNtB7_4Read11read_to_end
0000000000000000 T _RNvXs6_NtNtCsaofNzfayCjM_3std2io5stdioNtB5_9StdinLockNtB7_4Read13read_vectored
0000000000000000 T _RNvXs6_NtNtCsaofNzfayCjM_3std2io5stdioNtB5_9StdinLockNtB7_4Read14read_buf_exact
0000000000000000 T _RNvXs6_NtNtCsaofNzfayCjM_3std2io5stdioNtB5_9StdinLockNtB7_4Read14read_to_string
0000000000000000 T _RNvXs6_NtNtCsaofNzfayCjM_3std2io5stdioNtB5_9StdinLockNtB7_4Read4read
0000000000000000 T _RNvXs6_NtNtCsaofNzfayCjM_3std2io5stdioNtB5_9StdinLockNtB7_4Read8read_buf
0000000000000000 T _RNvXs6_NtNtCsaofNzfayCjM_3std3net11socket_addreNtB5_13ToSocketAddrs15to_socket_addrs
0000000000000000 T _RNvXs6_NtNtCsaofNzfayCjM_3std3net3tcpNtB5_9TcpStreamNtNtCs4oJK16j4DDX_4core3fmt5Debug3fmt
0000000000000000 T _RNvXs6_NtNtNtCsaofNzfayCjM_3std2os2fd5ownedNtB5_10BorrowedFdNtNtCs4oJK16j4DDX_4core3fmt5Debug3fmt
0000000000000000 T _RNvXs6_NtNtNtCsaofNzfayCjM_3std3sys2fd4unixNtB5_8FileDescNtNtNtNtBb_2os2fd3raw9FromRawFd11from_raw_fd
0000000000000000 T _RNvXs6_NtNtNtNtCsaofNzfayCjM_3std3sys2io11kernel_copy5linuxRNtNtBd_2fs4FileNtB5_9CopyWrite10properties
0000000000000000 T _RNvXs6_NtNtNtNtCsaofNzfayCjM_3std3sys3net10connection6socketNtB5_9TcpStreamNtNtCs4oJK16j4DDX_4core3fmt5Debug3fmt
0000000000000000 T _RNvXs6_NtNtNtNtCsaofNzfayCjM_3std3sys7process4unix6commonNtB5_7CommandNtNtCs4oJK16j4DDX_4core3fmt5Debug3fmt
0000000000000000 T _RNvXs7_NtCsaofNzfayCjM_3std2fsRNtB5_4FileNtNtB7_2io4Read11read_to_end
0000000000000000 T _RNvXs7_NtCsaofNzfayCjM_3std2fsRNtB5_4FileNtNtB7_2io4Read14read_to_string
0000000000000000 T _RNvXs7_NtCsaofNzfayCjM_3std2ioNtB5_7IoSliceNtNtCs4oJK16j4DDX_4core3fmt5Debug3fmt
0000000000000000 T _RNvXs7_NtCsaofNzfayCjM_3std4pathNtB5_10ComponentsNtNtCs4oJK16j4DDX_4core3fmt5Debug3fmt
0000000000000000 T _RNvXs7_NtCsaofNzfayCjM_3std4timeNtB5_10SystemTimeINtNtNtCs4oJK16j4DDX_4core3ops5arith9AddAssignNtNtBS_4time8DurationE10add_assign
0000000000000000 T _RNvXs7_NtNtCsaofNzfayCjM_3std2io4pipeNtB5_10PipeWriterNtB7_5Write14write_vectored
0000000000000000 T _RNvXs7_NtNtCsaofNzfayCjM_3std2io4pipeNtB5_10PipeWriterNtB7_5Write5write
0000000000000000 T _RNvXs7_NtNtNtCsaofNzfayCjM_3std2os2fd5ownedNtB5_7OwnedFdNtNtCs4oJK16j4DDX_4core3fmt5Debug3fmt
0000000000000000 T _RNvXs7_NtNtNtCsaofNzfayCjM_3std3sys2fs4unixNtB5_8FileTypeNtNtCs4oJK16j4DDX_4core3fmt5Debug3fmt
0000000000000000 T _RNvXs7_NtNtNtNtCsaofNzfayCjM_3std2os4unix3net8listenerNtB5_8IncomingNtNtNtNtCs4oJK16j4DDX_4core4iter6traits8iterator8Iterator4next
0000000000000000 T _RNvXs7_NtNtNtNtCsaofNzfayCjM_3std3sys7process4unix6commonNtB5_8ExitCodeNtNtCs4oJK16j4DDX_4core3fmt5Debug3fmt
0000000000000000 T _RNvXs8_NtCsaofNzfayCjM_3std2fsRNtB5_4FileNtNtB7_2io5Write14write_vectored
0000000000000000 T _RNvXs8_NtCsaofNzfayCjM_3std2fsRNtB5_4FileNtNtB7_2io5Write5write
0000000000000000 T _RNvXs8_NtCsaofNzfayCjM_3std4timeNtB5_10SystemTimeINtNtNtCs4oJK16j4DDX_4core3ops5arith3SubNtNtBS_4time8DurationE3sub
0000000000000000 T _RNvXs8_NtCsaofNzfayCjM_3std7processNtB5_10ChildStdinNtNtCs4oJK16j4DDX_4core3fmt5Debug3fmt
0000000000000000 T _RNvXs8_NtNtCsaofNzfayCjM_3std2io5stdioNtB5_9StdinLockNtB7_7BufRead10read_until
0000000000000000 T _RNvXs8_NtNtCsaofNzfayCjM_3std2io5stdioNtB5_9StdinLockNtB7_7BufRead7consume
0000000000000000 T _RNvXs8_NtNtCsaofNzfayCjM_3std2io5stdioNtB5_9StdinLockNtB7_7BufRead8fill_buf
0000000000000000 T _RNvXs8_NtNtCsaofNzfayCjM_3std2io5stdioNtB5_9StdinLockNtB7_7BufRead9read_line
0000000000000000 T _RNvXs8_NtNtCsaofNzfayCjM_3std3net3tcpNtB5_8IncomingNtNtNtNtCs4oJK16j4DDX_4core4iter6traits8iterator8Iterator4next
0000000000000000 T _RNvXs9_NtCsaofNzfayCjM_3std2fsRNtB5_4FileNtNtB7_2io4Seek10stream_len
0000000000000000 T _RNvXs9_NtCsaofNzfayCjM_3std2fsRNtB5_4FileNtNtB7_2io4Seek15stream_position
0000000000000000 T _RNvXs9_NtCsaofNzfayCjM_3std2fsRNtB5_4FileNtNtB7_2io4Seek4seek
0000000000000000 T _RNvXs9_NtCsaofNzfayCjM_3std4timeNtB5_10SystemTimeINtNtNtCs4oJK16j4DDX_4core3ops5arith9SubAssignNtNtBS_4time8DurationE10sub_assign
0000000000000000 T _RNvXs9_NtCsaofNzfayCjM_3std7processNtB5_11ChildStdoutNtNtB7_2io4Read11read_to_end
0000000000000000 T _RNvXs9_NtCsaofNzfayCjM_3std7processNtB5_11ChildStdoutNtNtB7_2io4Read13read_vectored
0000000000000000 T _RNvXs9_NtCsaofNzfayCjM_3std7processNtB5_11ChildStdoutNtNtB7_2io4Read4read
0000000000000000 T _RNvXs9_NtCsaofNzfayCjM_3std7processNtB5_11ChildStdoutNtNtB7_2io4Read8read_buf
0000000000000000 T _RNvXs9_NtNtCsaofNzfayCjM_3std2io5stdioNtB5_9StdinLockNtNtCs4oJK16j4DDX_4core3fmt5Debug3fmt
0000000000000000 T _RNvXs9_NtNtCsaofNzfayCjM_3std3ffi6os_strNtB5_8OsStringNtNtCs4oJK16j4DDX_4core3fmt5Debug3fmt
0000000000000000 T _RNvXs9_NtNtCsaofNzfayCjM_3std3net11socket_addrNtNtCsd1iqB5Dc9CO_5alloc6string6StringNtB5_13ToSocketAddrs15to_socket_addrs
0000000000000000 T _RNvXs9_NtNtNtCsaofNzfayCjM_3std3sys2fs4unixNtB5_15FilePermissionsNtNtCs4oJK16j4DDX_4core3fmt5Debug3fmt
0000000000000000 T _RNvXs9_NtNtNtNtCsaofNzfayCjM_3std3sys3net10connection6socketNtB5_11TcpListenerNtNtCs4oJK16j4DDX_4core3fmt5Debug3fmt
0000000000000000 T _RNvXsA_NtNtNtCsaofNzfayCjM_3std2os2fd5ownedNtNtNtBb_2io4pipe10PipeWriterNtB5_4AsFd5as_fd
0000000000000000 T _RNvXsB_NtCsaofNzfayCjM_3std2fsNtB5_8DirEntryNtNtCs4oJK16j4DDX_4core3fmt5Debug3fmt
0000000000000000 T _RNvXsD_NtNtCsaofNzfayCjM_3std3ffi6os_strReINtNtCs4oJK16j4DDX_4core7convert7TryFromRNtB5_5OsStrE8try_from
0000000000000000 T _RNvXsG_NtCsaofNzfayCjM_3std4pathNtB5_7PathBufNtNtCs4oJK16j4DDX_4core3fmt5Debug3fmt
0000000000000000 T _RNvXsL_NtCsaofNzfayCjM_3std7processNtB5_10ExitStatusNtNtCs4oJK16j4DDX_4core3fmt7Display3fmt
0000000000000000 T _RNvXsO_NtNtCsaofNzfayCjM_3std3ffi6os_strNtB5_5OsStrNtNtCs4oJK16j4DDX_4core3fmt5Debug3fmt
0000000000000000 T _RNvXsP_NtCsaofNzfayCjM_3std7processNtB5_15ExitStatusErrorNtNtCs4oJK16j4DDX_4core3fmt7Display3fmt
0000000000000000 T _RNvXsP_NtNtCsaofNzfayCjM_3std3ffi6os_strNtB5_7DisplayNtNtCs4oJK16j4DDX_4core3fmt5Debug3fmt
0000000000000000 T _RNvXsQ_NtNtCsaofNzfayCjM_3std3ffi6os_strNtB5_7DisplayNtNtCs4oJK16j4DDX_4core3fmt7Display3fmt
0000000000000000 T _RNvXs_NtCsaofNzfayCjM_3std2fsNtB4_12TryLockErrorNtNtCs4oJK16j4DDX_4core3fmt5Debug3fmt
0000000000000000 T _RNvXs_NtCsaofNzfayCjM_3std3envNtB4_4VarsNtNtCs4oJK16j4DDX_4core3fmt5Debug3fmt
0000000000000000 T _RNvXs_NtCsaofNzfayCjM_3std4timeNtB4_7InstantINtNtNtCs4oJK16j4DDX_4core3ops5arith3AddNtNtBN_4time8DurationE3add
0000000000000000 T _RNvXs_NtCsaofNzfayCjM_3std5panicNtB4_13PanicHookInfoNtNtCs4oJK16j4DDX_4core3fmt7Display3fmt
0000000000000000 T _RNvXs_NtCsaofNzfayCjM_3std9backtraceNtB4_14BacktraceFrameNtNtCs4oJK16j4DDX_4core3fmt5Debug3fmt
0000000000000000 T _RNvXs_NtNtCsaofNzfayCjM_3std12backtrace_rs9backtraceNtB4_5FrameNtNtCs4oJK16j4DDX_4core3fmt5Debug3fmt
0000000000000000 T _RNvXs_NtNtCsaofNzfayCjM_3std2io5stdioNtB4_9StdoutRawNtB6_5Write14write_vectored
0000000000000000 T _RNvXs_NtNtCsaofNzfayCjM_3std2io5stdioNtB4_9StdoutRawNtB6_5Write18write_all_vectored
0000000000000000 T _RNvXs_NtNtCsaofNzfayCjM_3std2io5stdioNtB4_9StdoutRawNtB6_5Write5flush
0000000000000000 T _RNvXs_NtNtCsaofNzfayCjM_3std2io5stdioNtB4_9StdoutRawNtB6_5Write5write
0000000000000000 T _RNvXs_NtNtCsaofNzfayCjM_3std2io5stdioNtB4_9StdoutRawNtB6_5Write9write_all
0000000000000000 T _RNvXs_NtNtCsaofNzfayCjM_3std2io5stdioNtB4_9StdoutRawNtB6_5Write9write_fmt
0000000000000000 T _RNvXs_NtNtCsaofNzfayCjM_3std3net3tcpNtB4_9TcpStreamNtNtB8_2io4Read13read_vectored
0000000000000000 T _RNvXs_NtNtCsaofNzfayCjM_3std3net3tcpNtB4_9TcpStreamNtNtB8_2io4Read4read
0000000000000000 T _RNvXs_NtNtCsaofNzfayCjM_3std3net3tcpNtB4_9TcpStreamNtNtB8_2io4Read8read_buf
0000000000000000 T _RNvXs_NtNtCsaofNzfayCjM_3std4sync7barrierNtB4_7BarrierNtNtCs4oJK16j4DDX_4core3fmt5Debug3fmt
0000000000000000 T _RNvXs_NtNtCsaofNzfayCjM_3std4sync9nonpoisonNtB4_10WouldBlockNtNtCs4oJK16j4DDX_4core3fmt7Display3fmt
0000000000000000 T _RNvXs_NtNtCsaofNzfayCjM_3std6thread5localNtB4_11AccessErrorNtNtCs4oJK16j4DDX_4core3fmt5Debug3fmt
0000000000000000 T _RNvXs_NtNtNtCsaofNzfayCjM_3std2os4unix2ioNtNtNtBa_2io5stdio10StdoutLockNtB4_8StdioExt7take_fd
0000000000000000 T _RNvXs_NtNtNtCsaofNzfayCjM_3std3sys2fd4unixRNtB4_8FileDescNtNtBa_2io4Read13read_vectored
0000000000000000 T _RNvXs_NtNtNtCsaofNzfayCjM_3std3sys2fd4unixRNtB4_8FileDescNtNtBa_2io4Read4read
0000000000000000 T _RNvXs_NtNtNtCsaofNzfayCjM_3std3sys2fd4unixRNtB4_8FileDescNtNtBa_2io4Read8read_buf
0000000000000000 T _RNvXs_NtNtNtCsaofNzfayCjM_3std3sys2fs6commonNtB4_3DirNtNtCs4oJK16j4DDX_4core3fmt5Debug3fmt
0000000000000000 T _RNvXs_NtNtNtCsaofNzfayCjM_3std3sys3env6commonNtB4_3EnvNtNtCs4oJK16j4DDX_4core3fmt5Debug3fmt
0000000000000000 T _RNvXs_NtNtNtCsaofNzfayCjM_3std3sys4time4unixNtB4_10SystemTimeNtNtCs4oJK16j4DDX_4core3fmt5Debug3fmt
0000000000000000 T _RNvXs_NtNtNtCsaofNzfayCjM_3std3sys5stdio4unixNtB4_5StdinNtNtBa_2io4Read13read_vectored
0000000000000000 T _RNvXs_NtNtNtCsaofNzfayCjM_3std3sys5stdio4unixNtB4_5StdinNtNtBa_2io4Read4read
0000000000000000 T _RNvXs_NtNtNtCsaofNzfayCjM_3std3sys5stdio4unixNtB4_5StdinNtNtBa_2io4Read8read_buf
0000000000000000 T _RNvXs_NtNtNtCsaofNzfayCjM_3std3sys7helpers4wstrNtB4_9WStrUnitsNtNtNtNtCs4oJK16j4DDX_4core4iter6traits8iterator8Iterator4next
0000000000000000 T _RNvXs_NtNtNtCsaofNzfayCjM_3std4sync4mpmc4zeroNtB4_9ZeroTokenNtNtCs4oJK16j4DDX_4core3fmt5Debug3fmt
0000000000000000 T _RNvXs_NtNtNtCsaofNzfayCjM_3std4sync6poison7condvarNtB4_7CondvarNtNtCs4oJK16j4DDX_4core3fmt5Debug3fmt
0000000000000000 T _RNvXs_NtNtNtCsaofNzfayCjM_3std4sync9nonpoison7condvarNtB4_7CondvarNtNtCs4oJK16j4DDX_4core3fmt5Debug3fmt
0000000000000000 T _RNvXs_NtNtNtNtCsaofNzfayCjM_3std12backtrace_rs9symbolize5gimli19parse_running_mmapsNtB4_9MapsEntryNtNtNtCs4oJK16j4DDX_4core3str6traits7FromStr8from_str
0000000000000000 T _RNvXs_NtNtNtNtCsaofNzfayCjM_3std12backtrace_rs9symbolize5gimli4mmapNtB4_4MmapNtNtNtCs4oJK16j4DDX_4core3ops5deref5Deref5deref
0000000000000000 T _RNvXs_NtNtNtNtCsaofNzfayCjM_3std2os3net9linux_ext3tcpNtNtNtBc_3net3tcp9TcpStreamNtB4_12TcpStreamExt11deferaccept
0000000000000000 T _RNvXs_NtNtNtNtCsaofNzfayCjM_3std2os3net9linux_ext3tcpNtNtNtBc_3net3tcp9TcpStreamNtB4_12TcpStreamExt12set_quickack
0000000000000000 T _RNvXs_NtNtNtNtCsaofNzfayCjM_3std2os3net9linux_ext3tcpNtNtNtBc_3net3tcp9TcpStreamNtB4_12TcpStreamExt15set_deferaccept
0000000000000000 T _RNvXs_NtNtNtNtCsaofNzfayCjM_3std2os3net9linux_ext3tcpNtNtNtBc_3net3tcp9TcpStreamNtB4_12TcpStreamExt8quickack
0000000000000000 T _RNvXs_NtNtNtNtCsaofNzfayCjM_3std2os3net9linux_ext6socketNtNtNtNtBa_4unix3net6stream10UnixStreamNtB4_13UnixSocketExt12set_passcred
0000000000000000 T _RNvXs_NtNtNtNtCsaofNzfayCjM_3std2os3net9linux_ext6socketNtNtNtNtBa_4unix3net6stream10UnixStreamNtB4_13UnixSocketExt8passcred
0000000000000000 T _RNvXs_NtNtNtNtCsaofNzfayCjM_3std2os4unix3net6streamNtB4_10UnixStreamNtNtCs4oJK16j4DDX_4core3fmt5Debug3fmt
0000000000000000 T _RNvXs_NtNtNtNtCsaofNzfayCjM_3std2os4unix3net8datagramNtB4_12UnixDatagramNtNtCs4oJK16j4DDX_4core3fmt5Debug3fmt
0000000000000000 T _RNvXs_NtNtNtNtCsaofNzfayCjM_3std3sys2fs4unix3cfmNtB4_18CachedFileMetadataNtNtBc_2io5Write14write_vectored
0000000000000000 T _RNvXs_NtNtNtNtCsaofNzfayCjM_3std3sys2fs4unix3cfmNtB4_18CachedFileMetadataNtNtBc_2io5Write5write
0000000000000000 T _RNvXs_NtNtNtNtCsaofNzfayCjM_3std3sys2fs4unix3dirNtB4_3DirNtNtCs4oJK16j4DDX_4core3fmt5Debug3fmt
0000000000000000 T _RNvXs_NtNtNtNtCsaofNzfayCjM_3std3sys3net10connection6socketNtB4_10LookupHostNtNtNtNtCs4oJK16j4DDX_4core4iter6traits8iterator8Iterator4next
0000000000000000 T _RNvXs_NtNtNtNtCsaofNzfayCjM_3std3sys3pal4unix14stack_overflowNtB4_7HandlerNtNtNtCs4oJK16j4DDX_4core3ops4drop4Drop4drop
0000000000000000 T _RNvXs_NtNtNtNtCsaofNzfayCjM_3std3sys4sync4once5futexNtB4_15CompletionGuardNtNtNtCs4oJK16j4DDX_4core3ops4drop4Drop4drop
0000000000000000 T _RNvXs_NtNtNtNtNtCsaofNzfayCjM_3std3sys7process4unix6common13cstring_arrayNtB4_12CStringArrayINtNtNtCs4oJK16j4DDX_4core3ops5index5IndexjE5index
0000000000000000 T _RNvXs_NvMNtNtNtNtCsaofNzfayCjM_3std3sys7process4unix4unixNtNtB9_6common7Command11posix_spawnNtB4_14PosixSpawnattrNtNtNtCs4oJK16j4DDX_4core3ops4drop4Drop4drop
0000000000000000 T _RNvXs_NvMs_NtNtNtCsaofNzfayCjM_3std2io8buffered9bufwriterINtB9_9BufWriterpE9flush_bufNtB4_8BufGuardNtNtNtCs4oJK16j4DDX_4core3ops4drop4Drop4drop
0000000000000000 T _RNvXs_NvNtCsaofNzfayCjM_3std9panicking13panic_handlerNtB4_19FormatStringPayloadNtNtCs4oJK16j4DDX_4core5panic12PanicPayload3get
0000000000000000 T _RNvXs_NvNtCsaofNzfayCjM_3std9panicking13panic_handlerNtB4_19FormatStringPayloadNtNtCs4oJK16j4DDX_4core5panic12PanicPayload8take_box
0000000000000000 T _RNvXs_NvNtCsaofNzfayCjM_3std9panicking13resume_unwindNtB4_9RewrapBoxNtNtCs4oJK16j4DDX_4core3fmt7Display3fmt
0000000000000000 T _RNvXsa_NtCsaofNzfayCjM_3std2fsNtB5_4FileNtNtB7_2io4Read11read_to_end
0000000000000000 T _RNvXsa_NtCsaofNzfayCjM_3std2fsNtB5_4FileNtNtB7_2io4Read13read_vectored
0000000000000000 T _RNvXsa_NtCsaofNzfayCjM_3std2fsNtB5_4FileNtNtB7_2io4Read14read_to_string
0000000000000000 T _RNvXsa_NtCsaofNzfayCjM_3std2fsNtB5_4FileNtNtB7_2io4Read4read
0000000000000000 T _RNvXsa_NtCsaofNzfayCjM_3std2fsNtB5_4FileNtNtB7_2io4Read8read_buf
0000000000000000 T _RNvXsa_NtCsaofNzfayCjM_3std3envNtB5_4ArgsNtNtNtNtCs4oJK16j4DDX_4core4iter6traits8iterator8Iterator4next
0000000000000000 T _RNvXsa_NtCsaofNzfayCjM_3std4timeNtB5_10SystemTimeNtNtCs4oJK16j4DDX_4core3fmt5Debug3fmt
0000000000000000 T _RNvXsa_NtNtCsaofNzfayCjM_3std3net3tcpNtB5_12IntoIncomingNtNtNtNtCs4oJK16j4DDX_4core4iter6traits8iterator8Iterator4next
0000000000000000 T _RNvXsa_NtNtNtCsaofNzfayCjM_3std3sys2fs4unixNtB5_7ReadDirNtNtCs4oJK16j4DDX_4core3fmt5Debug3fmt
0000000000000000 T _RNvXsa_NtNtNtNtCsaofNzfayCjM_3std3sys7process4unix6commonNtB5_11CommandArgsNtNtNtNtCs4oJK16j4DDX_4core4iter6traits8iterator8Iterator4next
0000000000000000 T _RNvXsa_NtNtNtNtCsaofNzfayCjM_3std3sys7process4unix6commonNtB5_11CommandArgsNtNtNtNtCs4oJK16j4DDX_4core4iter6traits8iterator8Iterator9size_hint
0000000000000000 T _RNvXsb_NtCsaofNzfayCjM_3std2fsNtB5_4FileNtNtB7_2io5Write14write_vectored
0000000000000000 T _RNvXsb_NtCsaofNzfayCjM_3std2fsNtB5_4FileNtNtB7_2io5Write5write
0000000000000000 T _RNvXsb_NtCsaofNzfayCjM_3std4pathNtB5_4IterNtNtCs4oJK16j4DDX_4core3fmt5Debug3fmt
0000000000000000 T _RNvXsb_NtNtNtCsaofNzfayCjM_3std3sys2fs4unixNtB5_7ReadDirNtNtNtNtCs4oJK16j4DDX_4core4iter6traits8iterator8Iterator4next
0000000000000000 T _RNvXsb_NtNtNtNtCsaofNzfayCjM_3std3sys7process4unix6commonNtB5_11CommandArgsNtNtNtNtCs4oJK16j4DDX_4core4iter6traits10exact_size17ExactSizeIterator3len
0000000000000000 T _RNvXsc_NtCsaofNzfayCjM_3std2fsNtB5_4FileNtNtB7_2io4Seek10stream_len
0000000000000000 T _RNvXsc_NtCsaofNzfayCjM_3std2fsNtB5_4FileNtNtB7_2io4Seek15stream_position
0000000000000000 T _RNvXsc_NtCsaofNzfayCjM_3std2fsNtB5_4FileNtNtB7_2io4Seek4seek
0000000000000000 T _RNvXsc_NtCsaofNzfayCjM_3std3envNtB5_4ArgsNtNtNtNtCs4oJK16j4DDX_4core4iter6traits12double_ended19DoubleEndedIterator9next_back
0000000000000000 T _RNvXsc_NtNtNtCsaofNzfayCjM_3std3sys2fs4unixNtB5_9DirStreamNtNtNtCs4oJK16j4DDX_4core3ops4drop4Drop4drop
0000000000000000 T _RNvXsc_NtNtNtNtCsaofNzfayCjM_3std3sys3net10connection6socketNtB5_9UdpSocketNtNtCs4oJK16j4DDX_4core3fmt5Debug3fmt
0000000000000000 T _RNvXsc_NtNtNtNtCsaofNzfayCjM_3std3sys7process4unix6commonNtB5_11CommandArgsNtNtCs4oJK16j4DDX_4core3fmt5Debug3fmt
0000000000000000 T _RNvXsd_NtCsaofNzfayCjM_3std3envNtB5_4ArgsNtNtCs4oJK16j4DDX_4core3fmt5Debug3fmt
0000000000000000 T _RNvXsd_NtCsaofNzfayCjM_3std4timeNtB5_15SystemTimeErrorNtNtCs4oJK16j4DDX_4core3fmt7Display3fmt
0000000000000000 T _RNvXsd_NtCsaofNzfayCjM_3std7processNtB5_11ChildStdoutNtNtCs4oJK16j4DDX_4core3fmt5Debug3fmt
0000000000000000 T _RNvXsd_NtNtCsaofNzfayCjM_3std2io5stdioNtB5_6StdoutNtNtCs4oJK16j4DDX_4core3fmt5Debug3fmt
0000000000000000 T _RNvXse_NtCsaofNzfayCjM_3std7processNtB5_11ChildStderrNtNtB7_2io4Read11read_to_end
0000000000000000 T _RNvXse_NtCsaofNzfayCjM_3std7processNtB5_11ChildStderrNtNtB7_2io4Read13read_vectored
0000000000000000 T _RNvXse_NtCsaofNzfayCjM_3std7processNtB5_11ChildStderrNtNtB7_2io4Read4read
0000000000000000 T _RNvXse_NtCsaofNzfayCjM_3std7processNtB5_11ChildStderrNtNtB7_2io4Read8read_buf
0000000000000000 T _RNvXse_NtNtCsaofNzfayCjM_3std2io5stdioNtB5_6StdoutNtB7_5Write14write_vectored
0000000000000000 T _RNvXse_NtNtCsaofNzfayCjM_3std2io5stdioNtB5_6StdoutNtB7_5Write18write_all_vectored
0000000000000000 T _RNvXse_NtNtCsaofNzfayCjM_3std2io5stdioNtB5_6StdoutNtB7_5Write5flush
0000000000000000 T _RNvXse_NtNtCsaofNzfayCjM_3std2io5stdioNtB5_6StdoutNtB7_5Write5write
0000000000000000 T _RNvXse_NtNtCsaofNzfayCjM_3std2io5stdioNtB5_6StdoutNtB7_5Write9write_all
0000000000000000 T _RNvXse_NtNtCsaofNzfayCjM_3std2io5stdioNtB5_6StdoutNtB7_5Write9write_fmt
0000000000000000 T _RNvXsf_NtNtCsaofNzfayCjM_3std2io5stdioRNtB5_6StdoutNtB7_5Write14write_vectored
0000000000000000 T _RNvXsf_NtNtCsaofNzfayCjM_3std2io5stdioRNtB5_6StdoutNtB7_5Write18write_all_vectored
0000000000000000 T _RNvXsf_NtNtCsaofNzfayCjM_3std2io5stdioRNtB5_6StdoutNtB7_5Write5flush
0000000000000000 T _RNvXsf_NtNtCsaofNzfayCjM_3std2io5stdioRNtB5_6StdoutNtB7_5Write5write
0000000000000000 T _RNvXsf_NtNtCsaofNzfayCjM_3std2io5stdioRNtB5_6StdoutNtB7_5Write9write_all
0000000000000000 T _RNvXsf_NtNtCsaofNzfayCjM_3std2io5stdioRNtB5_6StdoutNtB7_5Write9write_fmt
0000000000000000 T _RNvXsf_NtNtCsaofNzfayCjM_3std3net3tcpNtB5_11TcpListenerNtNtCs4oJK16j4DDX_4core3fmt5Debug3fmt
0000000000000000 T _RNvXsf_NtNtNtCsaofNzfayCjM_3std2os2fd3rawNtNtNtBb_2io4pipe10PipeReaderNtB5_9FromRawFd11from_raw_fd
0000000000000000 T _RNvXsh_NtNtNtCsaofNzfayCjM_3std3sys2fs4unixNtB5_11OpenOptionsNtNtCs4oJK16j4DDX_4core3fmt5Debug3fmt
0000000000000000 T _RNvXsi_NtCsaofNzfayCjM_3std2fsNtB5_3DirNtNtCs4oJK16j4DDX_4core3fmt5Debug3fmt
0000000000000000 T _RNvXsi_NtCsaofNzfayCjM_3std4pathNtB5_10ComponentsNtNtNtNtCs4oJK16j4DDX_4core4iter6traits8iterator8Iterator4next
0000000000000000 T _RNvXsi_NtCsaofNzfayCjM_3std7processNtB5_11ChildStderrNtNtCs4oJK16j4DDX_4core3fmt5Debug3fmt
0000000000000000 T _RNvXsi_NtNtCsaofNzfayCjM_3std2io5stdioNtB5_10StdoutLockNtB7_5Write14write_vectored
0000000000000000 T _RNvXsi_NtNtCsaofNzfayCjM_3std2io5stdioNtB5_10StdoutLockNtB7_5Write18write_all_vectored
0000000000000000 T _RNvXsi_NtNtCsaofNzfayCjM_3std2io5stdioNtB5_10StdoutLockNtB7_5Write5flush
0000000000000000 T _RNvXsi_NtNtCsaofNzfayCjM_3std2io5stdioNtB5_10StdoutLockNtB7_5Write5write
0000000000000000 T _RNvXsi_NtNtCsaofNzfayCjM_3std2io5stdioNtB5_10StdoutLockNtB7_5Write9write_all
0000000000000000 T _RNvXsi_NtNtNtCsaofNzfayCjM_3std2os2fd3rawNtNtNtBb_2io4pipe10PipeWriterNtB5_9FromRawFd11from_raw_fd
0000000000000000 T _RNvXsj_NtCsaofNzfayCjM_3std3envNtB5_6ArgsOsNtNtCs4oJK16j4DDX_4core3fmt5Debug3fmt
0000000000000000 T _RNvXsj_NtCsaofNzfayCjM_3std4pathNtB5_10ComponentsNtNtNtNtCs4oJK16j4DDX_4core4iter6traits12double_ended19DoubleEndedIterator9next_back
0000000000000000 T _RNvXsj_NtNtCsaofNzfayCjM_3std2io5stdioNtB5_10StdoutLockNtNtCs4oJK16j4DDX_4core3fmt5Debug3fmt
0000000000000000 T _RNvXsk_NtNtCsaofNzfayCjM_3std3ffi6os_strNtB5_8OsStringNtNtCs4oJK16j4DDX_4core3fmt5Write9write_str
0000000000000000 T _RNvXsk_NtNtNtCsaofNzfayCjM_3std3sys2fs4unixNtB5_10DirBuilderNtNtCs4oJK16j4DDX_4core3fmt5Debug3fmt
0000000000000000 T _RNvXsl_NtCsaofNzfayCjM_3std7processNtB5_7CommandNtNtCs4oJK16j4DDX_4core3fmt5Debug3fmt
0000000000000000 T _RNvXsm_NtNtNtNtCsaofNzfayCjM_3std3sys2io11kernel_copy5linuxNtNtNtBd_2io5stdio9StdinLockNtB5_8CopyRead10properties
0000000000000000 T _RNvXsn_NtCsaofNzfayCjM_3std2fsNtB5_8MetadataNtNtCs4oJK16j4DDX_4core3fmt5Debug3fmt
0000000000000000 T _RNvXsn_NtNtCsaofNzfayCjM_3std2io5stdioNtB5_6StderrNtNtCs4oJK16j4DDX_4core3fmt5Debug3fmt
0000000000000000 T _RNvXsn_NtNtCsaofNzfayCjM_3std4sync4mpscNtB5_9RecvErrorNtNtCs4oJK16j4DDX_4core3fmt7Display3fmt
0000000000000000 T _RNvXsn_NtNtNtNtCsaofNzfayCjM_3std3sys2io11kernel_copy5linuxNtNtNtBd_2io5stdio10StdoutLockNtB5_9CopyWrite10properties
0000000000000000 T _RNvXso_NtCsaofNzfayCjM_3std7processNtB5_11CommandArgsNtNtNtNtCs4oJK16j4DDX_4core4iter6traits8iterator8Iterator4next
0000000000000000 T _RNvXso_NtCsaofNzfayCjM_3std7processNtB5_11CommandArgsNtNtNtNtCs4oJK16j4DDX_4core4iter6traits8iterator8Iterator9size_hint
0000000000000000 T _RNvXso_NtNtCsaofNzfayCjM_3std2io5stdioNtB5_6StderrNtB7_5Write14write_vectored
0000000000000000 T _RNvXso_NtNtCsaofNzfayCjM_3std2io5stdioNtB5_6StderrNtB7_5Write18write_all_vectored
0000000000000000 T _RNvXso_NtNtCsaofNzfayCjM_3std2io5stdioNtB5_6StderrNtB7_5Write5flush
0000000000000000 T _RNvXso_NtNtCsaofNzfayCjM_3std2io5stdioNtB5_6StderrNtB7_5Write5write
0000000000000000 T _RNvXso_NtNtCsaofNzfayCjM_3std2io5stdioNtB5_6StderrNtB7_5Write9write_all
0000000000000000 T _RNvXso_NtNtCsaofNzfayCjM_3std2io5stdioNtB5_6StderrNtB7_5Write9write_fmt
0000000000000000 T _RNvXso_NtNtNtNtCsaofNzfayCjM_3std3sys2io11kernel_copy5linuxNtNtNtBd_2io5stdio10StderrLockNtB5_9CopyWrite10properties
0000000000000000 T _RNvXsp_NtCsaofNzfayCjM_3std7processNtB5_11CommandArgsNtNtNtNtCs4oJK16j4DDX_4core4iter6traits10exact_size17ExactSizeIterator3len
0000000000000000 T _RNvXsp_NtNtCsaofNzfayCjM_3std2io5stdioRNtB5_6StderrNtB7_5Write14write_vectored
0000000000000000 T _RNvXsp_NtNtCsaofNzfayCjM_3std2io5stdioRNtB5_6StderrNtB7_5Write18write_all_vectored
0000000000000000 T _RNvXsp_NtNtCsaofNzfayCjM_3std2io5stdioRNtB5_6StderrNtB7_5Write5flush
0000000000000000 T _RNvXsp_NtNtCsaofNzfayCjM_3std2io5stdioRNtB5_6StderrNtB7_5Write5write
0000000000000000 T _RNvXsp_NtNtCsaofNzfayCjM_3std2io5stdioRNtB5_6StderrNtB7_5Write9write_all
0000000000000000 T _RNvXsp_NtNtCsaofNzfayCjM_3std2io5stdioRNtB5_6StderrNtB7_5Write9write_fmt
0000000000000000 T _RNvXsp_NtNtCsaofNzfayCjM_3std4sync4mpscNtB5_12TryRecvErrorNtNtCs4oJK16j4DDX_4core3fmt7Display3fmt
0000000000000000 T _RNvXsq_NtCsaofNzfayCjM_3std7processNtB5_11CommandEnvsNtNtNtNtCs4oJK16j4DDX_4core4iter6traits8iterator8Iterator4next
0000000000000000 T _RNvXss_NtCsaofNzfayCjM_3std7processNtB5_11CommandEnvsNtNtCs4oJK16j4DDX_4core3fmt5Debug3fmt
0000000000000000 T _RNvXss_NtNtCsaofNzfayCjM_3std2io5stdioNtB5_10StderrLockNtB7_5Write14write_vectored
0000000000000000 T _RNvXss_NtNtCsaofNzfayCjM_3std2io5stdioNtB5_10StderrLockNtB7_5Write18write_all_vectored
0000000000000000 T _RNvXss_NtNtCsaofNzfayCjM_3std2io5stdioNtB5_10StderrLockNtB7_5Write5flush
0000000000000000 T _RNvXss_NtNtCsaofNzfayCjM_3std2io5stdioNtB5_10StderrLockNtB7_5Write5write
0000000000000000 T _RNvXss_NtNtCsaofNzfayCjM_3std2io5stdioNtB5_10StderrLockNtB7_5Write9write_all
0000000000000000 T _RNvXss_NtNtCsaofNzfayCjM_3std4sync4mpscNtB5_16RecvTimeoutErrorNtNtCs4oJK16j4DDX_4core3fmt7Display3fmt
0000000000000000 T _RNvXss_NtNtNtCsaofNzfayCjM_3std3sys2fs4unixNtB5_4FileNtNtNtNtBb_2os2fd3raw9FromRawFd11from_raw_fd
0000000000000000 T _RNvXst_NtCsaofNzfayCjM_3std4pathINtNtCsd1iqB5Dc9CO_5alloc5boxed3BoxNtB5_4PathEINtNtCs4oJK16j4DDX_4core7convert4FromRB13_E4from
0000000000000000 T _RNvXst_NtNtCsaofNzfayCjM_3std2io5stdioNtB5_10StderrLockNtNtCs4oJK16j4DDX_4core3fmt5Debug3fmt
0000000000000000 T _RNvXst_NtNtNtCsaofNzfayCjM_3std3sys2fs4unixNtB5_4FileNtNtCs4oJK16j4DDX_4core3fmt5Debug3fmt
0000000000000000 T _RNvXsu_NtCsaofNzfayCjM_3std4pathINtNtCsd1iqB5Dc9CO_5alloc5boxed3BoxNtB5_4PathEINtNtCs4oJK16j4DDX_4core7convert4FromQB13_E4from
0000000000000000 T _RNvXsu_NtCsaofNzfayCjM_3std7processNtB5_6OutputNtNtCs4oJK16j4DDX_4core3fmt5Debug3fmt
0000000000000000 T _RNvXsu_NtNtNtCsaofNzfayCjM_3std3sys2fs4unixNtB5_4ModeNtNtCs4oJK16j4DDX_4core3fmt5Debug3fmt
0000000000000000 T _RNvXsv_NtCsaofNzfayCjM_3std2fsNtB5_8FileTypeNtNtCs4oJK16j4DDX_4core3fmt5Debug3fmt
0000000000000000 T _RNvXsx_NtCsaofNzfayCjM_3std7processNtB5_5StdioNtNtCs4oJK16j4DDX_4core3fmt5Debug3fmt
0000000000000000 T _RNvXsy_NtNtNtCsaofNzfayCjM_3std2os2fd5ownedNtNtNtBb_2io4pipe10PipeReaderNtB5_4AsFd5as_fd
0000000000000000 T _RNvXsz_NtCsaofNzfayCjM_3std2fsNtB5_7ReadDirNtNtNtNtCs4oJK16j4DDX_4core4iter6traits8iterator8Iterator4next
0000000000000000 T rust_eh_personality

panic_unwind-7295c539e91b0814.panic_unwind.c968f7a8a6f4885b-cgu.0.rcgu.o:
0000000000000000 V DW.ref.rust_eh_personality
0000000000000000 T _RNvCs9wFQrvczXsK_7___rustc18___rust_start_panic
0000000000000000 T _RNvCs9wFQrvczXsK_7___rustc20___rust_panic_cleanup

object-4e4c91dd19fb1635.object.faa64f488444f958-cgu.0.rcgu.o:
0000000000000000 V DW.ref.rust_eh_personality
0000000000000000 T _RNvMNtNtNtCslwcxdKK7DcG_6object4read2pe10relocationNtB2_23RelocationBlockIterator4next
0000000000000000 T _RNvMNtNtNtCslwcxdKK7DcG_6object4read2pe14data_directoryNtB2_15DataDirectories3get
0000000000000000 T _RNvMNtNtNtCslwcxdKK7DcG_6object4read2pe14data_directoryNtB2_15DataDirectories5parse
0000000000000000 T _RNvMNtNtNtCslwcxdKK7DcG_6object4read2pe6importNtB2_11ImportTable4name
0000000000000000 T _RNvMNtNtNtCslwcxdKK7DcG_6object4read2pe6importNtB2_11ImportTable9hint_name
0000000000000000 T _RNvMNtNtNtCslwcxdKK7DcG_6object4read2pe8resourceNtB2_17ResourceDirectory4root
0000000000000000 T _RNvMNtNtNtCslwcxdKK7DcG_6object4read3elf10relocationNtB2_18RelocationSections3get
0000000000000000 T _RNvMs0_NtNtNtCslwcxdKK7DcG_6object4read2pe8resourceNtNtBb_2pe27ImageResourceDirectoryEntry4data
0000000000000000 T _RNvMs1_NtNtNtCslwcxdKK7DcG_6object4read2pe6exportNtB5_11ExportTable14forward_string
0000000000000000 T _RNvMs1_NtNtNtCslwcxdKK7DcG_6object4read2pe6exportNtB5_11ExportTable15parse_directory
0000000000000000 T _RNvMs1_NtNtNtCslwcxdKK7DcG_6object4read2pe6exportNtB5_11ExportTable15target_by_index
0000000000000000 T _RNvMs1_NtNtNtCslwcxdKK7DcG_6object4read2pe6exportNtB5_11ExportTable17name_from_pointer
0000000000000000 T _RNvMs1_NtNtNtCslwcxdKK7DcG_6object4read2pe6exportNtB5_11ExportTable17target_by_ordinal
0000000000000000 T _RNvMs1_NtNtNtCslwcxdKK7DcG_6object4read2pe6exportNtB5_11ExportTable18address_by_ordinal
0000000000000000 T _RNvMs1_NtNtNtCslwcxdKK7DcG_6object4read2pe6exportNtB5_11ExportTable19target_from_address
0000000000000000 T _RNvMs1_NtNtNtCslwcxdKK7DcG_6object4read2pe6exportNtB5_11ExportTable5parse
0000000000000000 T _RNvMs1_NtNtNtCslwcxdKK7DcG_6object4read2pe6exportNtB5_11ExportTable7exports
0000000000000000 T _RNvMs1_NtNtNtCslwcxdKK7DcG_6object4read2pe6exportNtB5_11ExportTable9name_iter
0000000000000000 T _RNvMs2_NtNtNtCslwcxdKK7DcG_6object4read2pe8resourceNtB5_12ResourceName15to_string_lossy
0000000000000000 T _RNvMs2_NtNtNtCslwcxdKK7DcG_6object4read2pe8resourceNtB5_12ResourceName4data
0000000000000000 T _RNvMs2_NtNtNtCslwcxdKK7DcG_6object4read2pe8resourceNtB5_12ResourceName8raw_data
0000000000000000 T _RNvMs3_NtCsd1iqB5Dc9CO_5alloc7raw_vecINtB5_6RawVecNtNtNtNtCslwcxdKK7DcG_6object4read2pe6export6ExportE8grow_oneBU_
0000000000000000 T _RNvMs4_NtNtNtCslwcxdKK7DcG_6object4read2pe6importNtB5_20DelayLoadImportTable4name
0000000000000000 T _RNvMs4_NtNtNtCslwcxdKK7DcG_6object4read2pe6importNtB5_20DelayLoadImportTable9hint_name
0000000000000000 T _RNvMs5_NtNtNtCslwcxdKK7DcG_6object4read2pe6importNtB5_27DelayLoadDescriptorIterator4next
0000000000000000 T _RNvMs5_NtNtNtCslwcxdKK7DcG_6object4read3elf10attributesNtB5_22AttributeIndexIterator4next
0000000000000000 T _RNvMs6_NtNtNtCslwcxdKK7DcG_6object4read2pe7sectionNtNtNtB9_4coff7section12SectionTable16pe_file_range_at
0000000000000000 T _RNvMs6_NtNtNtCslwcxdKK7DcG_6object4read2pe7sectionNtNtNtB9_4coff7section12SectionTable18section_containing
0000000000000000 T _RNvMs7_NtNtNtCslwcxdKK7DcG_6object4read2pe7sectionNtNtBb_2pe18ImageSectionHeader13pe_file_range
0000000000000000 T _RNvMs7_NtNtNtCslwcxdKK7DcG_6object4read2pe7sectionNtNtBb_2pe18ImageSectionHeader16pe_file_range_at
0000000000000000 T _RNvMs7_NtNtNtCslwcxdKK7DcG_6object4read3elf10attributesNtB5_15AttributeReader11read_string
0000000000000000 T _RNvMs7_NtNtNtCslwcxdKK7DcG_6object4read3elf10attributesNtB5_15AttributeReader12read_integer
0000000000000000 T _RNvMs7_NtNtNtCslwcxdKK7DcG_6object4read3elf10attributesNtB5_15AttributeReader8read_tag
0000000000000000 T _RNvMs8_NtNtNtCslwcxdKK7DcG_6object4read4coff7sectionNtNtBb_2pe18ImageSectionHeader11name_offset
0000000000000000 T _RNvMs8_NtNtNtCslwcxdKK7DcG_6object4read4coff7sectionNtNtBb_2pe18ImageSectionHeader8raw_name
0000000000000000 T _RNvMs_NtNtCslwcxdKK7DcG_6object4read4utilNtB4_5Bytes12read_sleb128
0000000000000000 T _RNvMs_NtNtCslwcxdKK7DcG_6object4read4utilNtB4_5Bytes12read_uleb128
0000000000000000 T _RNvMs_NtNtNtCslwcxdKK7DcG_6object4read2pe14data_directoryNtNtBa_2pe18ImageDataDirectory10file_range
0000000000000000 T _RNvMs_NtNtNtCslwcxdKK7DcG_6object4read2pe6importNtB4_24ImportDescriptorIterator4next
0000000000000000 T _RNvMsa_NtCslwcxdKK7DcG_6object4readNtB5_9ObjectMap3get
0000000000000000 T _RNvMse_NtNtNtCslwcxdKK7DcG_6object4read3elf10relocationNtB5_12CrelIterator3new
0000000000000000 T _RNvMsi_NtCslwcxdKK7DcG_6object4readNtB5_13RelocationMap8relocate
0000000000000000 T _RNvNtNtCslwcxdKK7DcG_6object4read7archive16parse_u64_digits
0000000000000000 T _RNvNtNtCslwcxdKK7DcG_6object4read7archive24parse_sysv_extended_name
0000000000000000 T _RNvNvMNtNtNtCslwcxdKK7DcG_6object4read4coff6importNtB4_10ImportFile5parse12strip_prefix
0000000000000000 T _RNvXNtNtCslwcxdKK7DcG_6object4read4utilNtB2_5BytesNtNtCs4oJK16j4DDX_4core3fmt5Debug3fmt
0000000000000000 T _RNvXNtNtCslwcxdKK7DcG_6object4read8read_refRShNtB2_7ReadRef19read_bytes_at_until
0000000000000000 T _RNvXs0_NtNtCslwcxdKK7DcG_6object4read4utilNtB5_9DebugByteNtNtCs4oJK16j4DDX_4core3fmt5Debug3fmt
0000000000000000 T _RNvXs0_NtNtNtCslwcxdKK7DcG_6object4read2pe6exportNtB5_12ExportTargetNtNtCs4oJK16j4DDX_4core3fmt5Debug3fmt
0000000000000000 T _RNvXs0_NtNtNtCslwcxdKK7DcG_6object4read2pe6importNtB5_24ImportDescriptorIteratorNtNtNtNtCs4oJK16j4DDX_4core4iter6traits8iterator8Iterator4next
0000000000000000 T _RNvXs1_NtNtCslwcxdKK7DcG_6object4read4utilNtB5_8DebugLenNtNtCs4oJK16j4DDX_4core3fmt5Debug3fmt
0000000000000000 T _RNvXs2_NtNtCslwcxdKK7DcG_6object4read4utilNtB5_10ByteStringNtNtCs4oJK16j4DDX_4core3fmt5Debug3fmt
0000000000000000 T _RNvXs2_NtNtCslwcxdKK7DcG_6object4read7archiveNtB5_21ArchiveSymbolIteratorNtNtNtNtCs4oJK16j4DDX_4core4iter6traits8iterator8Iterator4next
0000000000000000 T _RNvXs2_NtNtCslwcxdKK7DcG_6object4read7archiveNtB5_21ArchiveSymbolIteratorNtNtNtNtCs4oJK16j4DDX_4core4iter6traits8iterator8Iterator9size_hint
0000000000000000 T _RNvXs4_NtCslwcxdKK7DcG_6object4readNtB5_12SectionIndexNtNtCs4oJK16j4DDX_4core3fmt7Display3fmt
0000000000000000 T _RNvXs5_NtCslwcxdKK7DcG_6object4readNtB5_11SymbolIndexNtNtCs4oJK16j4DDX_4core3fmt7Display3fmt
0000000000000000 T _RNvXs6_NtNtNtCslwcxdKK7DcG_6object4read2pe6importNtB5_27DelayLoadDescriptorIteratorNtNtNtNtCs4oJK16j4DDX_4core4iter6traits8iterator8Iterator4next
0000000000000000 T _RNvXs6_NtNtNtCslwcxdKK7DcG_6object4read3elf10attributesNtB5_22AttributeIndexIteratorNtNtNtNtCs4oJK16j4DDX_4core4iter6traits8iterator8Iterator4next
0000000000000000 T _RNvXs9_NtNtNtCslwcxdKK7DcG_6object4read5macho10dyld_cacheNtB5_14DyldRelocationNtNtCs4oJK16j4DDX_4core3fmt5Debug3fmt
0000000000000000 T _RNvXs9_NtNtNtCslwcxdKK7DcG_6object4read5xcoff6symbolNtNtBb_5xcoff8Symbol32NtB5_6Symbol11name_offset
0000000000000000 T _RNvXs_NtNtNtCslwcxdKK7DcG_6object4read2pe10relocationNtB4_23RelocationBlockIteratorNtNtNtNtCs4oJK16j4DDX_4core4iter6traits8iterator8Iterator4next
0000000000000000 T _RNvXs_NtNtNtCslwcxdKK7DcG_6object4read2pe6exportNtB4_6ExportNtNtCs4oJK16j4DDX_4core3fmt5Debug3fmt
0000000000000000 T _RNvXsa_NtNtNtCslwcxdKK7DcG_6object4read5macho10dyld_cacheNtB5_18DyldRelocationAuthNtNtCs4oJK16j4DDX_4core3fmt5Debug3fmt
0000000000000000 T _RNvXsf_NtNtNtCslwcxdKK7DcG_6object4read3elf10relocationNtB5_12CrelIteratorNtNtNtNtCs4oJK16j4DDX_4core4iter6traits8iterator8Iterator4next

memchr-878cbb9796b0735b.memchr.66a634fcfa2d58e8-cgu.0.rcgu.o:
0000000000000000 T _RNvMs0_NtNtNtCs8OoLMHI2TtQ_6memchr4arch3all6twowayNtB5_5Shift7forward
0000000000000000 T _RNvMs0_NtNtNtCs8OoLMHI2TtQ_6memchr4arch3all6twowayNtB5_5Shift7reverse
0000000000000000 T _RNvNtNtCs8OoLMHI2TtQ_6memchr6memmem8searcher21searcher_kind_two_way
0000000000000000 T _RNvNtNtCs8OoLMHI2TtQ_6memchr6memmem8searcher22searcher_kind_one_byte
0000000000000000 T _RNvNtNtCs8OoLMHI2TtQ_6memchr6memmem8searcher23prefilter_kind_fallback
0000000000000000 T _RNvNtNtCs8OoLMHI2TtQ_6memchr6memmem8searcher36searcher_kind_two_way_with_prefilter
0000000000000000 T _RNvNtNtNtCs8OoLMHI2TtQ_6memchr4arch3all9rabinkarp12is_equal_raw
0000000000000000 T _RNvXs1_NtCs8OoLMHI2TtQ_6memchr6memmemNtB5_11FindRevIterNtNtNtNtCs4oJK16j4DDX_4core4iter6traits8iterator8Iterator4next
0000000000000000 T _RNvXs4_NtNtCs8OoLMHI2TtQ_6memchr6memmem8searcherNtB5_9PrefilterNtNtCs4oJK16j4DDX_4core3fmt5Debug3fmt
0000000000000000 T _RNvXs_NtCs8OoLMHI2TtQ_6memchr6memmemNtB4_8FindIterNtNtNtNtCs4oJK16j4DDX_4core4iter6traits8iterator8Iterator4next
0000000000000000 T _RNvXs_NtNtCs8OoLMHI2TtQ_6memchr6memmem8searcherNtB4_8SearcherNtNtCs4oJK16j4DDX_4core3fmt5Debug3fmt

addr2line-92e41b8ac49e1f90.addr2line.173000d8f2e5243c-cgu.0.rcgu.o:
0000000000000000 V DW.ref.rust_eh_personality
0000000000000000 T _RINvNvMs2_NtCsd1iqB5Dc9CO_5alloc7raw_vecINtB8_11RawVecInnerpE7reserve21do_reserve_and_handleNtNtBa_5alloc6GlobalECs1ZqrNGlSRCi_9addr2line
0000000000000000 T _RNvMNtCs4oJK16j4DDX_4core5sliceSh11starts_withCs1ZqrNGlSRCi_9addr2line
0000000000000000 T _RNvMNtCs4oJK16j4DDX_4core5sliceSh9ends_withCs1ZqrNGlSRCi_9addr2line
0000000000000000 T _RNvMs_NtCs1ZqrNGlSRCi_9addr2line4lineNtB4_5Lines13find_location
0000000000000000 T _RNvMs_NtCs1ZqrNGlSRCi_9addr2line4lineNtB4_5Lines19find_location_range
0000000000000000 T _RNvMs_NtCsd1iqB5Dc9CO_5alloc3vecINtB4_3VechE7reserveCs1ZqrNGlSRCi_9addr2line
0000000000000000 T _RNvNtCs1ZqrNGlSRCi_9addr2line4line9path_push
0000000000000000 T _RNvNtCs1ZqrNGlSRCi_9addr2line5frame13demangle_auto
0000000000000000 T _RNvXNvNtCs4oJK16j4DDX_4core4hint20select_unpredictableINtB2_11DropOnPanicjENtNtNtB6_3ops4drop4Drop4dropCs1ZqrNGlSRCi_9addr2line
0000000000000000 T _RNvXs0_NtCs1ZqrNGlSRCi_9addr2line4lineNtB5_21LineLocationRangeIterNtNtNtNtCs4oJK16j4DDX_4core4iter6traits8iterator8Iterator4next

gimli-79992ac5becf9d70.gimli.eccb917f58f2513a-cgu.0.rcgu.o:
0000000000000000 V DW.ref.rust_eh_personality
0000000000000000 T _RINvMs0_NtNtNtCsd1iqB5Dc9CO_5alloc11collections5btree6searchINtNtB8_4node7NodeRefNtNtBZ_6marker3MutyNtNtNtCskksdUZsSIaI_5gimli4read6abbrev12AbbreviationNtB1j_14LeafOrInternalE14find_key_indexyEB1G_
0000000000000000 T _RINvMs0_NtNtNtCsd1iqB5Dc9CO_5alloc11collections5btree6searchINtNtB8_4node7NodeRefNtNtBZ_6marker5ImmutyNtNtNtCskksdUZsSIaI_5gimli4read6abbrev12AbbreviationNtB1j_14LeafOrInternalE14find_key_indexyEB1I_
0000000000000000 T _RINvMs5_NtNtCs4oJK16j4DDX_4core3fmt8buildersNtB6_9DebugList7entriesNtNtNtCskksdUZsSIaI_5gimli4read12endian_slice9DebugByteINtNtNtNtBa_4iter8adapters3map3MapINtNtB21_6copied6CopiedINtNtB21_4take4TakeINtNtNtBa_5slice4iter4IterhEEENcB13_0EEB19_
0000000000000000 T _RINvMs5_NtNtCs4oJK16j4DDX_4core3fmt8buildersNtB6_9DebugList7entriesRNtNtNtCskksdUZsSIaI_5gimli4read6abbrev22AttributeSpecificationINtNtNtBa_5slice4iter4IterB14_EEB1a_
0000000000000000 T _RINvMs8_NtNtNtCsd1iqB5Dc9CO_5alloc11collections5btree4nodeINtB6_7NodeRefNtNtB6_6marker5OwnedyNtNtNtCskksdUZsSIaI_5gimli4read6abbrev12AbbreviationNtB1a_4LeafE13from_new_leafNtNtBc_5alloc6GlobalEB1z_
0000000000000000 T _RINvMs8_NtNtNtCsd1iqB5Dc9CO_5alloc11collections5btree4nodeINtB6_7NodeRefNtNtB6_6marker5OwnedyNtNtNtCskksdUZsSIaI_5gimli4read6abbrev12AbbreviationNtB1a_4LeafE8new_leafNtNtBc_5alloc6GlobalEB1z_
0000000000000000 T _RINvMs9_NtNtNtCsd1iqB5Dc9CO_5alloc11collections5btree4nodeINtB6_7NodeRefNtNtB6_6marker5OwnedyNtNtNtCskksdUZsSIaI_5gimli4read6abbrev12AbbreviationNtB1a_8InternalE12new_internalNtNtBc_5alloc6GlobalEB1z_
0000000000000000 T _RINvMs9_NtNtNtCsd1iqB5Dc9CO_5alloc11collections5btree4nodeINtB6_7NodeRefNtNtB6_6marker5OwnedyNtNtNtCskksdUZsSIaI_5gimli4read6abbrev12AbbreviationNtB1a_8InternalE17from_new_internalNtNtBc_5alloc6GlobalEB1z_
0000000000000000 T _RINvMsK_NtNtNtCsd1iqB5Dc9CO_5alloc11collections5btree4nodeINtB6_6HandleINtB6_7NodeRefNtNtB6_6marker3MutyNtNtNtCskksdUZsSIaI_5gimli4read6abbrev12AbbreviationNtB1n_4LeafENtB1n_4EdgeE6insertNtNtBc_5alloc6GlobalEB1K_
0000000000000000 T _RINvMsM_NtNtNtCsd1iqB5Dc9CO_5alloc11collections5btree4nodeINtB6_6HandleINtB6_7NodeRefNtNtB6_6marker3MutyNtNtNtCskksdUZsSIaI_5gimli4read6abbrev12AbbreviationNtB1n_8InternalENtB1n_4EdgeE6insertNtNtBc_5alloc6GlobalEB1K_
0000000000000000 T _RINvMsN_NtNtNtCsd1iqB5Dc9CO_5alloc11collections5btree4nodeINtB6_6HandleINtB6_7NodeRefNtNtB6_6marker3MutyNtNtNtCskksdUZsSIaI_5gimli4read6abbrev12AbbreviationNtB1n_4LeafENtB1n_4EdgeE16insert_recursingNtNtBc_5alloc6GlobalNCNvMs4_NtNtB8_3map5entryINtB3C_11VacantEntryyB1E_E12insert_entry0EB1K_
0000000000000000 T _RINvMsV_NtNtNtCsd1iqB5Dc9CO_5alloc11collections5btree4nodeINtB6_6HandleINtB6_7NodeRefNtNtB6_6marker3MutyNtNtNtCskksdUZsSIaI_5gimli4read6abbrev12AbbreviationNtB1n_4LeafENtB1n_2KVE5splitNtNtBc_5alloc6GlobalEB1K_
0000000000000000 T _RINvMsW_NtNtNtCsd1iqB5Dc9CO_5alloc11collections5btree4nodeINtB6_6HandleINtB6_7NodeRefNtNtB6_6marker3MutyNtNtNtCskksdUZsSIaI_5gimli4read6abbrev12AbbreviationNtB1n_8InternalENtB1n_2KVE5splitNtNtBc_5alloc6GlobalEB1K_
0000000000000000 T _RINvMs_NtNtNtCsd1iqB5Dc9CO_5alloc11collections5btree6searchINtNtB7_4node7NodeRefNtNtBY_6marker3MutyNtNtNtCskksdUZsSIaI_5gimli4read6abbrev12AbbreviationNtB1i_14LeafOrInternalE11search_treeyEB1F_
0000000000000000 T _RINvMs_NtNtNtCsd1iqB5Dc9CO_5alloc11collections5btree6searchINtNtB7_4node7NodeRefNtNtBY_6marker5ImmutyNtNtNtCskksdUZsSIaI_5gimli4read6abbrev12AbbreviationNtB1i_14LeafOrInternalE11search_treeyEB1H_
0000000000000000 T _RINvMsi_NtNtNtCsd1iqB5Dc9CO_5alloc11collections5btree3mapINtB6_8BTreeMapyNtNtNtCskksdUZsSIaI_5gimli4read6abbrev12AbbreviationE3getyEB1f_
0000000000000000 T _RINvMsp_NtNtNtCsd1iqB5Dc9CO_5alloc11collections5btree4nodeINtB6_7NodeRefNtNtB6_6marker3MutyNtNtNtCskksdUZsSIaI_5gimli4read6abbrev12AbbreviationNtB1a_8InternalE30correct_childrens_parent_linksINtNtNtCs4oJK16j4DDX_4core3ops5range14RangeInclusivejEEB1x_
0000000000000000 T _RINvMsp_NtNtNtCsd1iqB5Dc9CO_5alloc11collections5btree4nodeINtB6_7NodeRefNtNtB6_6marker3MutyNtNtNtCskksdUZsSIaI_5gimli4read6abbrev12AbbreviationNtB1a_8InternalE30correct_childrens_parent_linksINtNtNtCs4oJK16j4DDX_4core3ops5range5RangejEEB1x_
0000000000000000 T _RINvNtNtNtCsd1iqB5Dc9CO_5alloc11collections5btree4node12slice_insertINtNtNtCs4oJK16j4DDX_4core3ptr8non_null7NonNullINtB2_8LeafNodeyNtNtNtCskksdUZsSIaI_5gimli4read6abbrev12AbbreviationEEEB2b_
0000000000000000 T _RINvNtNtNtCsd1iqB5Dc9CO_5alloc11collections5btree4node12slice_insertNtNtNtCskksdUZsSIaI_5gimli4read6abbrev12AbbreviationEB1a_
0000000000000000 T _RINvNtNtNtCsd1iqB5Dc9CO_5alloc11collections5btree4node12slice_insertyECskksdUZsSIaI_5gimli
0000000000000000 T _RINvNtNtNtCsd1iqB5Dc9CO_5alloc11collections5btree4node13move_to_sliceINtNtNtCs4oJK16j4DDX_4core3ptr8non_null7NonNullINtB2_8LeafNodeyNtNtNtCskksdUZsSIaI_5gimli4read6abbrev12AbbreviationEEEB2c_
0000000000000000 T _RINvNtNtNtCsd1iqB5Dc9CO_5alloc11collections5btree4node13move_to_sliceNtNtNtCskksdUZsSIaI_5gimli4read6abbrev12AbbreviationEB1b_
0000000000000000 T _RINvNtNtNtCsd1iqB5Dc9CO_5alloc11collections5btree4node13move_to_sliceyECskksdUZsSIaI_5gimli
0000000000000000 T _RNvMs1b_NtCskksdUZsSIaI_5gimli9constantsNtB6_4DwAt13static_string
0000000000000000 T _RNvMs1n_NtCskksdUZsSIaI_5gimli9constantsNtB6_6DwForm13static_string
0000000000000000 T _RNvMs2V_NtCskksdUZsSIaI_5gimli9constantsNtB6_6DwLang13static_string
0000000000000000 T _RNvMs2_NtCsd1iqB5Dc9CO_5alloc7raw_vecNtB5_11RawVecInner10deallocateCskksdUZsSIaI_5gimli
0000000000000000 T _RNvMs3_NtCsd1iqB5Dc9CO_5alloc7raw_vecINtB5_6RawVecNtNtNtCskksdUZsSIaI_5gimli4read6abbrev12AbbreviationE8grow_oneBS_
0000000000000000 T _RNvMs3_NtCsd1iqB5Dc9CO_5alloc7raw_vecINtB5_6RawVecNtNtNtCskksdUZsSIaI_5gimli4read6abbrev22AttributeSpecificationE8grow_oneBS_
0000000000000000 T _RNvMs3_NtCskksdUZsSIaI_5gimli4archNtB5_3Arm13register_name
0000000000000000 T _RNvMs3_NtCskksdUZsSIaI_5gimli4archNtB5_3Arm16name_to_register
0000000000000000 T _RNvMs4_NtCsd1iqB5Dc9CO_5alloc7raw_vecNtB5_11RawVecInner11finish_growCskksdUZsSIaI_5gimli
0000000000000000 T _RNvMs4_NtCsd1iqB5Dc9CO_5alloc7raw_vecNtB5_11RawVecInner14grow_amortizedCskksdUZsSIaI_5gimli
0000000000000000 T _RNvMs4_NtCsd1iqB5Dc9CO_5alloc7raw_vecNtB5_11RawVecInner15try_allocate_inCskksdUZsSIaI_5gimli
0000000000000000 T _RNvMs4_NtNtCskksdUZsSIaI_5gimli4read6abbrevNtB5_13Abbreviations6insert
0000000000000000 T _RNvMs4_NtNtNtNtCsd1iqB5Dc9CO_5alloc11collections5btree3map5entryINtB5_11VacantEntryyNtNtNtCskksdUZsSIaI_5gimli4read6abbrev12AbbreviationE12insert_entryB1q_
0000000000000000 T _RNvMs5P_NtCskksdUZsSIaI_5gimli9constantsNtB6_4DwOp13static_string
0000000000000000 T _RNvMs5_NtNtCskksdUZsSIaI_5gimli4read6abbrevNtB5_12Abbreviation3new
0000000000000000 T _RNvMs5_NtNtNtNtCsd1iqB5Dc9CO_5alloc11collections5btree3map5entryINtB5_13OccupiedEntryyNtNtNtCskksdUZsSIaI_5gimli4read6abbrev12AbbreviationE8into_mutB1s_
0000000000000000 T _RNvMs6_NtNtCskksdUZsSIaI_5gimli4read6abbrevNtB5_10Attributes4push
0000000000000000 T _RNvMs9_NtCskksdUZsSIaI_5gimli4archNtB5_7AArch6413register_name
0000000000000000 T _RNvMs9_NtCskksdUZsSIaI_5gimli4archNtB5_7AArch6416name_to_register
0000000000000000 T _RNvMsD_NtCskksdUZsSIaI_5gimli4archNtB5_6X86_6413register_name
0000000000000000 T _RNvMsD_NtCskksdUZsSIaI_5gimli4archNtB5_6X86_6416name_to_register
0000000000000000 T _RNvMsJ_NtCskksdUZsSIaI_5gimli4archNtB5_9PowerPc6413register_name
0000000000000000 T _RNvMsJ_NtCskksdUZsSIaI_5gimli4archNtB5_9PowerPc6416name_to_register
0000000000000000 T _RNvMsJ_NtNtNtCsd1iqB5Dc9CO_5alloc11collections5btree4nodeINtB5_6HandleINtB5_7NodeRefNtNtB5_6marker3MutyNtNtNtCskksdUZsSIaI_5gimli4read6abbrev12AbbreviationNtB1m_4LeafENtB1m_4EdgeE10insert_fitB1J_
0000000000000000 T _RNvMsL_NtNtNtCsd1iqB5Dc9CO_5alloc11collections5btree4nodeINtB5_6HandleINtB5_7NodeRefNtNtB5_6marker3MutyNtNtNtCskksdUZsSIaI_5gimli4read6abbrev12AbbreviationNtB1m_8InternalENtB1m_4EdgeE19correct_parent_linkB1J_
0000000000000000 T _RNvMsM_NtNtNtCsd1iqB5Dc9CO_5alloc11collections5btree4nodeINtB5_6HandleINtB5_7NodeRefNtNtB5_6marker3MutyNtNtNtCskksdUZsSIaI_5gimli4read6abbrev12AbbreviationNtB1m_8InternalENtB1m_4EdgeE10insert_fitB1J_
0000000000000000 T _RNvMsP_NtNtNtCsd1iqB5Dc9CO_5alloc11collections5btree4nodeINtB5_6HandleINtB5_7NodeRefNtNtB5_6marker5ImmutyNtNtNtCskksdUZsSIaI_5gimli4read6abbrev12AbbreviationNtB1m_14LeafOrInternalENtB1m_2KVE7into_kvB1L_
0000000000000000 T _RNvMsQ_NtNtNtCsd1iqB5Dc9CO_5alloc11collections5btree4nodeINtB5_6HandleINtB5_7NodeRefNtNtB5_6marker3MutyNtNtNtCskksdUZsSIaI_5gimli4read6abbrev12AbbreviationNtB1m_14LeafOrInternalENtB1m_2KVE12into_val_mutB1J_
0000000000000000 T _RNvMsU_NtNtNtCsd1iqB5Dc9CO_5alloc11collections5btree4nodeINtB5_6HandleINtB5_7NodeRefNtNtB5_6marker3MutyNtNtNtCskksdUZsSIaI_5gimli4read6abbrev12AbbreviationNtB1m_4LeafENtB1m_2KVE15split_leaf_dataB1J_
0000000000000000 T _RNvMsU_NtNtNtCsd1iqB5Dc9CO_5alloc11collections5btree4nodeINtB5_6HandleINtB5_7NodeRefNtNtB5_6marker3MutyNtNtNtCskksdUZsSIaI_5gimli4read6abbrev12AbbreviationNtB1m_8InternalENtB1m_2KVE15split_leaf_dataB1J_
0000000000000000 T _RNvMsZ_NtCskksdUZsSIaI_5gimli9constantsNtB5_5DwTag13static_string
0000000000000000 T _RNvMs_NtCsd1iqB5Dc9CO_5alloc5boxedINtB4_3BoxINtNtNtNtB6_11collections5btree4node12InternalNodeyNtNtNtCskksdUZsSIaI_5gimli4read6abbrev12AbbreviationEE13new_uninit_inB1B_
0000000000000000 T _RNvMs_NtCsd1iqB5Dc9CO_5alloc5boxedINtB4_3BoxINtNtNtNtB6_11collections5btree4node12InternalNodeyNtNtNtCskksdUZsSIaI_5gimli4read6abbrev12AbbreviationEE17try_new_uninit_inB1B_
0000000000000000 T _RNvMs_NtCsd1iqB5Dc9CO_5alloc5boxedINtB4_3BoxINtNtNtNtB6_11collections5btree4node8LeafNodeyNtNtNtCskksdUZsSIaI_5gimli4read6abbrev12AbbreviationEE13new_uninit_inB1w_
0000000000000000 T _RNvMs_NtCsd1iqB5Dc9CO_5alloc5boxedINtB4_3BoxINtNtNtNtB6_11collections5btree4node8LeafNodeyNtNtNtCskksdUZsSIaI_5gimli4read6abbrev12AbbreviationEE17try_new_uninit_inB1w_
0000000000000000 T _RNvMs_NtCskksdUZsSIaI_5gimli4readNtB4_5Error11description
0000000000000000 T _RNvMs_NtNtCskksdUZsSIaI_5gimli4read5valueNtB4_5Value11reinterpret
0000000000000000 T _RNvMs_NtNtCskksdUZsSIaI_5gimli4read5valueNtB4_5Value2or
0000000000000000 T _RNvMs_NtNtCskksdUZsSIaI_5gimli4read5valueNtB4_5Value3and
0000000000000000 T _RNvMs_NtNtCskksdUZsSIaI_5gimli4read5valueNtB4_5Value3div
0000000000000000 T _RNvMs_NtNtCskksdUZsSIaI_5gimli4read5valueNtB4_5Value3not
0000000000000000 T _RNvMs_NtNtCskksdUZsSIaI_5gimli4read5valueNtB4_5Value3rem
0000000000000000 T _RNvMs_NtNtCskksdUZsSIaI_5gimli4read5valueNtB4_5Value3shl
0000000000000000 T _RNvMs_NtNtCskksdUZsSIaI_5gimli4read5valueNtB4_5Value3shr
0000000000000000 T _RNvMs_NtNtCskksdUZsSIaI_5gimli4read5valueNtB4_5Value3xor
0000000000000000 T _RNvMs_NtNtCskksdUZsSIaI_5gimli4read5valueNtB4_5Value4shra
0000000000000000 T _RNvMs_NtNtCskksdUZsSIaI_5gimli4read5valueNtB4_5Value7convert
0000000000000000 T _RNvMsf_NtCskksdUZsSIaI_5gimli4archNtB5_9LoongArch13register_name
0000000000000000 T _RNvMsf_NtCskksdUZsSIaI_5gimli4archNtB5_9LoongArch16name_to_register
0000000000000000 T _RNvMsi_NtNtNtCsd1iqB5Dc9CO_5alloc11collections5btree3mapINtB5_8BTreeMapyNtNtNtCskksdUZsSIaI_5gimli4read6abbrev12AbbreviationE5entryB1e_
0000000000000000 T _RNvMsl_NtCskksdUZsSIaI_5gimli4archNtB5_4MIPS13register_name
0000000000000000 T _RNvMsl_NtCskksdUZsSIaI_5gimli4archNtB5_4MIPS16name_to_register
0000000000000000 T _RNvMsr_NtCskksdUZsSIaI_5gimli4archNtB5_5RiscV13register_name
0000000000000000 T _RNvMsr_NtCskksdUZsSIaI_5gimli4archNtB5_5RiscV16name_to_register
0000000000000000 T _RNvMsu_NtNtNtCsd1iqB5Dc9CO_5alloc11collections5btree4nodeINtB5_7NodeRefNtNtB5_6marker3MutyNtNtNtCskksdUZsSIaI_5gimli4read6abbrev12AbbreviationNtB19_4LeafE16push_with_handleB1w_
0000000000000000 T _RNvMsv_NtNtNtCsd1iqB5Dc9CO_5alloc11collections5btree4nodeINtB5_7NodeRefNtNtB5_6marker3MutyNtNtNtCskksdUZsSIaI_5gimli4read6abbrev12AbbreviationNtB19_8InternalE4pushB1w_
0000000000000000 T _RNvMsx_NtCskksdUZsSIaI_5gimli4archNtB5_3X8616name_to_register
0000000000000000 T _RNvXs10_NtCskksdUZsSIaI_5gimli9constantsNtB6_5DwTagNtNtCs4oJK16j4DDX_4core3fmt7Display3fmt
0000000000000000 T _RNvXs1A_NtCskksdUZsSIaI_5gimli9constantsNtB6_5DwAteNtNtCs4oJK16j4DDX_4core3fmt7Display3fmt
0000000000000000 T _RNvXs1M_NtCskksdUZsSIaI_5gimli9constantsNtB6_5DwLleNtNtCs4oJK16j4DDX_4core3fmt7Display3fmt
0000000000000000 T _RNvXs1Y_NtCskksdUZsSIaI_5gimli9constantsNtB6_4DwDsNtNtCs4oJK16j4DDX_4core3fmt7Display3fmt
0000000000000000 T _RNvXs1_NtCsd1iqB5Dc9CO_5alloc7raw_vecINtB5_6RawVecNtNtNtCskksdUZsSIaI_5gimli4read6abbrev22AttributeSpecificationENtNtNtCs4oJK16j4DDX_4core3ops4drop4Drop4dropBS_
0000000000000000 T _RNvXs1_NtCsd1iqB5Dc9CO_5alloc7raw_vecINtB5_6RawVechENtNtNtCs4oJK16j4DDX_4core3ops4drop4Drop4dropCskksdUZsSIaI_5gimli
0000000000000000 T _RNvXs1c_NtCskksdUZsSIaI_5gimli9constantsNtB6_4DwAtNtNtCs4oJK16j4DDX_4core3fmt7Display3fmt
0000000000000000 T _RNvXs1g_NtCs4oJK16j4DDX_4core3fmtRNtNtNtCskksdUZsSIaI_5gimli4read6abbrev22AttributeSpecificationNtB6_5Debug3fmtBC_
0000000000000000 T _RNvXs1g_NtCs4oJK16j4DDX_4core3fmtRtNtB6_5Debug3fmtCskksdUZsSIaI_5gimli
0000000000000000 T _RNvXs1g_NtCs4oJK16j4DDX_4core3fmtRxNtB6_5Debug3fmtCskksdUZsSIaI_5gimli
0000000000000000 T _RNvXs1o_NtCskksdUZsSIaI_5gimli9constantsNtB6_6DwFormNtNtCs4oJK16j4DDX_4core3fmt7Display3fmt
0000000000000000 T _RNvXs2K_NtCskksdUZsSIaI_5gimli9constantsNtB6_12DwVirtualityNtNtCs4oJK16j4DDX_4core3fmt7Display3fmt
0000000000000000 T _RNvXs2W_NtCskksdUZsSIaI_5gimli9constantsNtB6_6DwLangNtNtCs4oJK16j4DDX_4core3fmt7Display3fmt
0000000000000000 T _RNvXs2_NtCskksdUZsSIaI_5gimli9constantsNtB5_6DwSectNtNtCs4oJK16j4DDX_4core3fmt7Display3fmt
0000000000000000 T _RNvXs2_NtNtCs4oJK16j4DDX_4core5slice3cmpNtNtNtCskksdUZsSIaI_5gimli4read6abbrev22AttributeSpecificationINtB5_14SlicePartialEqBC_E17equal_same_lengthBI_
0000000000000000 T _RNvXs2_NtNtCskksdUZsSIaI_5gimli4read12endian_sliceNtB5_10DebugBytesNtNtCs4oJK16j4DDX_4core3fmt5Debug3fmt
0000000000000000 T _RNvXs2a_NtCskksdUZsSIaI_5gimli9constantsNtB6_5DwEndNtNtCs4oJK16j4DDX_4core3fmt7Display3fmt
0000000000000000 T _RNvXs2m_NtCskksdUZsSIaI_5gimli9constantsNtB6_8DwAccessNtNtCs4oJK16j4DDX_4core3fmt7Display3fmt
0000000000000000 T _RNvXs2y_NtCskksdUZsSIaI_5gimli9constantsNtB6_5DwVisNtNtCs4oJK16j4DDX_4core3fmt7Display3fmt
0000000000000000 T _RNvXs38_NtCskksdUZsSIaI_5gimli9constantsNtB6_6DwAddrNtNtCs4oJK16j4DDX_4core3fmt7Display3fmt
0000000000000000 T _RNvXs3I_NtCskksdUZsSIaI_5gimli9constantsNtB6_5DwInlNtNtCs4oJK16j4DDX_4core3fmt7Display3fmt
0000000000000000 T _RNvXs3U_NtCskksdUZsSIaI_5gimli9constantsNtB6_5DwOrdNtNtCs4oJK16j4DDX_4core3fmt7Display3fmt
0000000000000000 T _RNvXs3_NtNtCskksdUZsSIaI_5gimli4read12endian_sliceNtB5_9DebugByteNtNtCs4oJK16j4DDX_4core3fmt5Debug3fmt
0000000000000000 T _RNvXs3k_NtCskksdUZsSIaI_5gimli9constantsNtB6_4DwIdNtNtCs4oJK16j4DDX_4core3fmt7Display3fmt
0000000000000000 T _RNvXs3w_NtCskksdUZsSIaI_5gimli9constantsNtB6_4DwCcNtNtCs4oJK16j4DDX_4core3fmt7Display3fmt
0000000000000000 T _RNvXs46_NtCskksdUZsSIaI_5gimli9constantsNtB6_5DwDscNtNtCs4oJK16j4DDX_4core3fmt7Display3fmt
0000000000000000 T _RNvXs4G_NtCskksdUZsSIaI_5gimli9constantsNtB6_5DwLnsNtNtCs4oJK16j4DDX_4core3fmt7Display3fmt
0000000000000000 T _RNvXs4S_NtCskksdUZsSIaI_5gimli9constantsNtB6_5DwLneNtNtCs4oJK16j4DDX_4core3fmt7Display3fmt
0000000000000000 T _RNvXs4_NtNtCskksdUZsSIaI_5gimli4read12endian_sliceNtB5_8DebugLenNtNtCs4oJK16j4DDX_4core3fmt5Debug3fmt
0000000000000000 T _RNvXs4i_NtCskksdUZsSIaI_5gimli9constantsNtB6_5DwIdxNtNtCs4oJK16j4DDX_4core3fmt7Display3fmt
0000000000000000 T _RNvXs4u_NtCskksdUZsSIaI_5gimli9constantsNtB6_11DwDefaultedNtNtCs4oJK16j4DDX_4core3fmt7Display3fmt
0000000000000000 T _RNvXs54_NtCskksdUZsSIaI_5gimli9constantsNtB6_6DwLnctNtNtCs4oJK16j4DDX_4core3fmt7Display3fmt
0000000000000000 T _RNvXs5E_NtCskksdUZsSIaI_5gimli9constantsNtB6_5DwRleNtNtCs4oJK16j4DDX_4core3fmt7Display3fmt
0000000000000000 T _RNvXs5Q_NtCskksdUZsSIaI_5gimli9constantsNtB6_4DwOpNtNtCs4oJK16j4DDX_4core3fmt7Display3fmt
0000000000000000 T _RNvXs5g_NtCskksdUZsSIaI_5gimli9constantsNtB6_9DwMacinfoNtNtCs4oJK16j4DDX_4core3fmt7Display3fmt
0000000000000000 T _RNvXs5s_NtCskksdUZsSIaI_5gimli9constantsNtB6_7DwMacroNtNtCs4oJK16j4DDX_4core3fmt7Display3fmt
0000000000000000 T _RNvXs62_NtCskksdUZsSIaI_5gimli9constantsNtB6_6DwEhPeNtNtCs4oJK16j4DDX_4core3fmt7Display3fmt
0000000000000000 T _RNvXs7_NtNtCskksdUZsSIaI_5gimli4read6abbrevNtB5_10AttributesNtNtCs4oJK16j4DDX_4core3fmt5Debug3fmt
0000000000000000 T _RNvXs8_NtNtCskksdUZsSIaI_5gimli4read6abbrevNtB5_10AttributesNtNtCs4oJK16j4DDX_4core3cmp9PartialEq2eq
0000000000000000 T _RNvXsC_NtCskksdUZsSIaI_5gimli9constantsNtB5_5DwCfaNtNtCs4oJK16j4DDX_4core3fmt7Display3fmt
0000000000000000 T _RNvXsO_NtCskksdUZsSIaI_5gimli9constantsNtB5_10DwChildrenNtNtCs4oJK16j4DDX_4core3fmt7Display3fmt
0000000000000000 T _RNvXs_NtNtNtCs4oJK16j4DDX_4core4iter8adapters6copiedINtB4_6CopiedINtNtB6_4take4TakeINtNtNtBa_5slice4iter4IterhEEENtNtNtB8_6traits8iterator8Iterator4nextCskksdUZsSIaI_5gimli
0000000000000000 T _RNvXsa_NtNtCskksdUZsSIaI_5gimli4read6abbrevNtB5_10AttributesNtNtNtCs4oJK16j4DDX_4core3ops5deref5Deref5deref
0000000000000000 T _RNvXse_NtCskksdUZsSIaI_5gimli9constantsNtB5_8DwSectV2NtNtCs4oJK16j4DDX_4core3fmt7Display3fmt
0000000000000000 T _RNvXso_NtCsd1iqB5Dc9CO_5alloc3vecINtB5_3VecNtNtNtCskksdUZsSIaI_5gimli4read6abbrev22AttributeSpecificationENtNtNtCs4oJK16j4DDX_4core3ops4drop4Drop4dropBL_
0000000000000000 T _RNvXso_NtCsd1iqB5Dc9CO_5alloc3vecINtB5_3VechENtNtNtCs4oJK16j4DDX_4core3ops4drop4Drop4dropCskksdUZsSIaI_5gimli
0000000000000000 T _RNvXsq_NtCskksdUZsSIaI_5gimli9constantsNtB5_4DwUtNtNtCs4oJK16j4DDX_4core3fmt7Display3fmt
0000000000000000 T _RNvXsr_NtCs4oJK16j4DDX_4core3fmtSNtNtNtCskksdUZsSIaI_5gimli4read6abbrev22AttributeSpecificationNtB5_5Debug3fmtBB_

cfg_if-d7796ac9a79f897d.cfg_if.f016e4846c7d994f-cgu.0.rcgu.o:

rustc_demangle-a4b8708099075403.rustc_demangle.ed27d80f7629e281-cgu.0.rcgu.o:
0000000000000000 T _RINvMNtCs4oJK16j4DDX_4core3stre18trim_start_matchesReECskmnbjcfobi7_14rustc_demangle
0000000000000000 T _RINvMs5_NtNtCs4oJK16j4DDX_4core3fmt8buildersNtB6_9DebugList7entriesRhINtNtNtBa_5slice4iter4IterhEECskmnbjcfobi7_14rustc_demangle
0000000000000000 T _RINvXs0_NtNtNtCs4oJK16j4DDX_4core4iter8adapters6copiedINtB6_6CopiedINtNtNtBc_5slice4iter4IterhEENtNtNtBa_6traits12double_ended19DoubleEndedIterator9try_rfoldjNCINvNvNtNtB1A_8iterator8Iterator9rposition5checkhNCNvMs2_NtCskmnbjcfobi7_14rustc_demangle2v0NtB3s_6Parser5ident0E0INtNtNtBc_3ops12control_flow11ControlFlowjjEEB3u_
0000000000000000 T _RNvCskmnbjcfobi7_14rustc_demangle12try_demangle
0000000000000000 T _RNvCskmnbjcfobi7_14rustc_demangle8demangle
0000000000000000 T _RNvMNtCs4oJK16j4DDX_4core5sliceSh11starts_withCskmnbjcfobi7_14rustc_demangle
0000000000000000 T _RNvMs0_NtCs4oJK16j4DDX_4core6escapeINtB5_15EscapeIterInnerKja_NtB5_12MaybeEscapedE4nextCskmnbjcfobi7_14rustc_demangle
0000000000000000 T _RNvXNtCs4oJK16j4DDX_4core3fmtQNtB2_9FormatterNtB2_5Write9write_strCskmnbjcfobi7_14rustc_demangle
0000000000000000 T _RNvXNtCskmnbjcfobi7_14rustc_demangle2v0NtB2_8DemangleNtNtCs4oJK16j4DDX_4core3fmt7Display3fmt
0000000000000000 T _RNvXNtCskmnbjcfobi7_14rustc_demangle6legacyNtB2_8DemangleNtNtCs4oJK16j4DDX_4core3fmt7Display3fmt
0000000000000000 T _RNvXs0_Cskmnbjcfobi7_14rustc_demangleINtB5_21SizeLimitedFmtAdapterQNtNtCs4oJK16j4DDX_4core3fmt9FormatterENtB15_5Write9write_strB5_
0000000000000000 T _RNvXs0_NtCskmnbjcfobi7_14rustc_demangle2v0NtB5_5IdentNtNtCs4oJK16j4DDX_4core3fmt7Display3fmt
0000000000000000 T _RNvXs1_Cskmnbjcfobi7_14rustc_demangleNtB5_8DemangleNtNtCs4oJK16j4DDX_4core3fmt7Display3fmt
0000000000000000 T _RNvXs1_NtNtNtCs4oJK16j4DDX_4core4iter8adapters6copiedINtB5_6CopiedINtNtNtBb_5slice4iter4IterhEENtNtNtB9_6traits10exact_size17ExactSizeIterator3lenCskmnbjcfobi7_14rustc_demangle
0000000000000000 T _RNvXs1g_NtCs4oJK16j4DDX_4core3fmtRNtNtNtB8_3num5error12IntErrorKindNtB6_5Debug3fmtCskmnbjcfobi7_14rustc_demangle
0000000000000000 T _RNvXs1g_NtCs4oJK16j4DDX_4core3fmtReNtB6_5Debug3fmtCskmnbjcfobi7_14rustc_demangle
0000000000000000 T _RNvXs1g_NtCs4oJK16j4DDX_4core3fmtRhNtB6_5Debug3fmtCskmnbjcfobi7_14rustc_demangle
0000000000000000 T _RNvXs1h_NtCs4oJK16j4DDX_4core3fmtQShNtB6_5Debug3fmtCskmnbjcfobi7_14rustc_demangle
0000000000000000 T _RNvXs1i_NtCs4oJK16j4DDX_4core3fmtRNtCskmnbjcfobi7_14rustc_demangle13DemangleStyleNtB6_7Display3fmtBy_
0000000000000000 T _RNvXs1i_NtCs4oJK16j4DDX_4core3fmtReNtB6_7Display3fmtCskmnbjcfobi7_14rustc_demangle
0000000000000000 T _RNvXs2_Cskmnbjcfobi7_14rustc_demangleNtB5_8DemangleNtNtCs4oJK16j4DDX_4core3fmt5Debug3fmt
0000000000000000 T _RNvXs_Cskmnbjcfobi7_14rustc_demangleNtB4_13DemangleStyleNtNtCs4oJK16j4DDX_4core3fmt7Display3fmt
0000000000000000 T _RNvXsr_NtCs4oJK16j4DDX_4core3fmtShNtB5_5Debug3fmtCskmnbjcfobi7_14rustc_demangle
0000000000000000 T _RNvYINtCskmnbjcfobi7_14rustc_demangle21SizeLimitedFmtAdapterQNtNtCs4oJK16j4DDX_4core3fmt9FormatterENtBZ_5Write10write_charB5_
0000000000000000 T _RNvYINtCskmnbjcfobi7_14rustc_demangle21SizeLimitedFmtAdapterQNtNtCs4oJK16j4DDX_4core3fmt9FormatterENtBZ_5Write9write_fmtB5_

std_detect-7bc2a447d35eec08.std_detect.aed4ad26d031e889-cgu.0.rcgu.o:
0000000000000000 V DW.ref.rust_eh_personality
0000000000000000 T _RNvMNtNtNtCsf0CryeecuX5_10std_detect6detect4arch9powerpc64NtB2_7Feature6to_str
0000000000000000 T _RNvNtNtCsf0CryeecuX5_10std_detect6detect5cache21detect_and_initialize
0000000000000000 B _RNvNtNtCsf0CryeecuX5_10std_detect6detect5cache5CACHE

hashbrown-4de3e65d918977f1.hashbrown.8f17ba2e35d6b22-cgu.0.rcgu.o:
0000000000000000 T _RNvMNtCsLBvnAdxLoc_9hashbrown3rawNtB2_11Fallibility17capacity_overflow
0000000000000000 T _RNvMNtCsLBvnAdxLoc_9hashbrown3rawNtB2_11Fallibility9alloc_err
0000000000000000 T _RNvXsR_NtCsLBvnAdxLoc_9hashbrown3rawNtB5_18RawIterHashIndicesNtNtCs4oJK16j4DDX_4core7default7Default7default
0000000000000000 T _RNvXs_CsLBvnAdxLoc_9hashbrownNtB4_15TryReserveErrorNtNtCs4oJK16j4DDX_4core3fmt7Display3fmt
0000000000000000 T _RNvXs_NtNtCsLBvnAdxLoc_9hashbrown7control3tagNtB4_3TagNtNtCs4oJK16j4DDX_4core3fmt5Debug3fmt

rustc_std_workspace_alloc-98fae8c2b7a9baad.rustc_std_workspace_alloc.7de67985fa0299f1-cgu.0.rcgu.o:

miniz_oxide-3e0b0e6ef1a90cce.miniz_oxide.5cb22ff9d76917e1-cgu.0.rcgu.o:
0000000000000000 T _RINvMNtCs4oJK16j4DDX_4core5sliceSh11copy_withinINtNtNtB5_3ops5range14RangeInclusivejEECs7XpY8sCP8qH_11miniz_oxide
0000000000000000 T _RINvMNtCs4oJK16j4DDX_4core6optionINtB3_6OptionRINtNtB5_4cell4CellhEE3zipBI_ECs7XpY8sCP8qH_11miniz_oxide
0000000000000000 T _RINvMNtCs4oJK16j4DDX_4core6optionINtB3_6OptionTRINtNtB5_4cell4CellhEBJ_EE3zipBJ_ECs7XpY8sCP8qH_11miniz_oxide
0000000000000000 T _RINvNtCs4oJK16j4DDX_4core5slice20copy_from_slice_implhECs7XpY8sCP8qH_11miniz_oxide
0000000000000000 T _RINvNtNtCs4oJK16j4DDX_4core5slice5index5rangeINtNtNtB6_3ops5range14RangeInclusivejEECs7XpY8sCP8qH_11miniz_oxide
0000000000000000 T _RNvMNtNtNtCs4oJK16j4DDX_4core4iter8adapters3zipINtB2_3ZipINtNtNtB8_5slice4iter4ItertEINtBW_7IterMutmEE9super_nthCs7XpY8sCP8qH_11miniz_oxide
0000000000000000 T _RNvNtCs7XpY8sCP8qH_11miniz_oxide6shared14update_adler32
0000000000000000 T _RNvNtNtCs7XpY8sCP8qH_11miniz_oxide7inflate4core10decompress
0000000000000000 T _RNvXs3_NtNtNtCs4oJK16j4DDX_4core4iter8adapters3zipINtB5_3ZipINtNtNtBb_5slice4iter4ItertEINtBZ_7IterMutmEEINtB5_7ZipImplBW_B1o_E3newCs7XpY8sCP8qH_11miniz_oxide
0000000000000000 T _RNvXsX_NtCs4oJK16j4DDX_4core5arrayAhj4_NtNtB7_7default7Default7defaultCs7XpY8sCP8qH_11miniz_oxide
0000000000000000 T _RNvXsZ_NtCs4oJK16j4DDX_4core5arrayAhj2_NtNtB7_7default7Default7defaultCs7XpY8sCP8qH_11miniz_oxide
0000000000000000 T _RNvYINtNtNtCs4oJK16j4DDX_4core5slice4iter4ItertENtNtNtNtB9_4iter8adapters3zip27TrustedRandomAccessNoCoerce4sizeCs7XpY8sCP8qH_11miniz_oxide
0000000000000000 T _RNvYINtNtNtCs4oJK16j4DDX_4core5slice4iter7IterMutmENtNtNtNtB9_4iter8adapters3zip27TrustedRandomAccessNoCoerce4sizeCs7XpY8sCP8qH_11miniz_oxide

adler2-a56701285750e2c9.adler2.e355bb37f09b6bf6-cgu.0.rcgu.o:
0000000000000000 T _RNvCsjw65LvWIUD2_6adler213adler32_slice
0000000000000000 T _RNvMCsjw65LvWIUD2_6adler2NtB2_7Adler3211write_slice
0000000000000000 T _RNvXs0_Csjw65LvWIUD2_6adler2NtB5_7Adler32NtNtCs4oJK16j4DDX_4core4hash6Hasher5write

unwind-6ada39e3557bc0d2.unwind.a01b1a7a269dd897-cgu.0.rcgu.o:

libc-f880f62bc8dc379c.libc.bf781cc4b4a36ef2-cgu.0.rcgu.o:
0000000000000000 T _RNvXNtNtNtNtCsgrbwZ1sflSw_4libc3new10linux_uapi5linux3canNtB2_35___c_anonymous_sockaddr_can_can_addrNtNtCs4oJK16j4DDX_4core3fmt5Debug3fmt
0000000000000000 T _RNvXs22_NtNtNtCsgrbwZ1sflSw_4libc4unix10linux_like17linux_l4re_sharedNtB6_22___c_anonymous_ifr_ifruNtNtCs4oJK16j4DDX_4core3fmt5Debug3fmt
0000000000000000 T _RNvXs2a_NtNtNtCsgrbwZ1sflSw_4libc4unix10linux_like17linux_l4re_sharedNtB6_22___c_anonymous_ifc_ifcuNtNtCs4oJK16j4DDX_4core3fmt5Debug3fmt
0000000000000000 T _RNvXs4_NtNtNtNtCsgrbwZ1sflSw_4libc4unix10linux_like5linux4muslNtB5_8sifieldsNtNtCs4oJK16j4DDX_4core3fmt5Debug3fmt
0000000000000000 T _RNvXs8G_NtNtNtCsgrbwZ1sflSw_4libc4unix10linux_like5linuxNtB6_34___c_anonymous_ptp_perout_request_1NtNtCs4oJK16j4DDX_4core3fmt5Debug3fmt
0000000000000000 T _RNvXs8K_NtNtNtCsgrbwZ1sflSw_4libc4unix10linux_like5linuxNtB6_34___c_anonymous_ptp_perout_request_2NtNtCs4oJK16j4DDX_4core3fmt5Debug3fmt
0000000000000000 T _RNvXs8W_NtNtNtCsgrbwZ1sflSw_4libc4unix10linux_like5linuxNtB6_35___c_anonymous_xsk_tx_metadata_unionNtNtCs4oJK16j4DDX_4core3fmt5Debug3fmt
0000000000000000 T _RNvXs8a_NtNtNtCsgrbwZ1sflSw_4libc4unix10linux_like5linuxNtB6_13tpacket_req_uNtNtCs4oJK16j4DDX_4core3fmt5Debug3fmt
0000000000000000 T _RNvXs8e_NtNtNtCsgrbwZ1sflSw_4libc4unix10linux_like5linuxNtB6_19tpacket_bd_header_uNtNtCs4oJK16j4DDX_4core3fmt5Debug3fmt
0000000000000000 T _RNvXs8q_NtNtNtCsgrbwZ1sflSw_4libc4unix10linux_like5linuxNtB6_10iwreq_dataNtNtCs4oJK16j4DDX_4core3fmt5Debug3fmt
0000000000000000 T _RNvXs8y_NtNtNtCsgrbwZ1sflSw_4libc4unix10linux_like5linuxNtB6_19___c_anonymous_iwreqNtNtCs4oJK16j4DDX_4core3fmt5Debug3fmt

rustc_std_workspace_core-d6775c5f2a955e62.rustc_std_workspace_core.7b73c9fffc418d6e-cgu.0.rcgu.o:

alloc-04b17be77c7763de.alloc.97a9a9c4cb77d23c-cgu.0.rcgu.o:
0000000000000000 V DW.ref.rust_eh_personality
0000000000000000 T _RNvCs9wFQrvczXsK_7___rustc25___rdl_alloc_error_handler
0000000000000000 T _RNvMNtCsd1iqB5Dc9CO_5alloc6stringNtB2_6String10from_utf16
0000000000000000 T _RNvMNtCsd1iqB5Dc9CO_5alloc6stringNtB2_6String11try_reserve
0000000000000000 T _RNvMNtCsd1iqB5Dc9CO_5alloc6stringNtB2_6String12from_utf16be
0000000000000000 T _RNvMNtCsd1iqB5Dc9CO_5alloc6stringNtB2_6String12from_utf16le
0000000000000000 T _RNvMNtCsd1iqB5Dc9CO_5alloc6stringNtB2_6String15from_utf8_lossy
0000000000000000 T _RNvMNtCsd1iqB5Dc9CO_5alloc6stringNtB2_6String17try_reserve_exact
0000000000000000 T _RNvMNtCsd1iqB5Dc9CO_5alloc6stringNtB2_6String18from_utf16be_lossy
0000000000000000 T _RNvMNtCsd1iqB5Dc9CO_5alloc6stringNtB2_6String18from_utf16le_lossy
0000000000000000 T _RNvMNtCsd1iqB5Dc9CO_5alloc6stringNtB2_6String21from_utf8_lossy_owned
0000000000000000 T _RNvMs19_NtCsd1iqB5Dc9CO_5alloc6stringNtB6_5Drain6as_str
0000000000000000 T _RNvMs2_NtCsd1iqB5Dc9CO_5alloc4wtf8NtB5_7Wtf8Buf11into_string
0000000000000000 T _RNvMs2_NtCsd1iqB5Dc9CO_5alloc4wtf8NtB5_7Wtf8Buf17into_string_lossy
0000000000000000 T _RNvMs2_NtCsd1iqB5Dc9CO_5alloc4wtf8NtB5_7Wtf8Buf25push_code_point_unchecked
0000000000000000 T _RNvMs2_NtCsd1iqB5Dc9CO_5alloc4wtf8NtB5_7Wtf8Buf8from_box
0000000000000000 T _RNvMs2_NtCsd1iqB5Dc9CO_5alloc4wtf8NtB5_7Wtf8Buf9from_wide
0000000000000000 T _RNvMs3_NtCsd1iqB5Dc9CO_5alloc3stre12to_lowercase
0000000000000000 T _RNvMs3_NtCsd1iqB5Dc9CO_5alloc3stre12to_uppercase
0000000000000000 T _RNvMs3_NtCsd1iqB5Dc9CO_5alloc3stre17word_to_titlecase
0000000000000000 T _RNvMs3_NtCsd1iqB5Dc9CO_5alloc7raw_vecINtB5_6RawVechE8grow_oneB7_
0000000000000000 T _RNvMs5_NtCsd1iqB5Dc9CO_5alloc4wtf8NtNtCs4oJK16j4DDX_4core4wtf84Wtf810clone_into
0000000000000000 T _RNvMs5_NtCsd1iqB5Dc9CO_5alloc4wtf8NtNtCs4oJK16j4DDX_4core4wtf84Wtf815to_string_lossy
0000000000000000 T _RNvMs5_NtCsd1iqB5Dc9CO_5alloc4wtf8NtNtCs4oJK16j4DDX_4core4wtf84Wtf87into_rc
0000000000000000 T _RNvMs5_NtCsd1iqB5Dc9CO_5alloc4wtf8NtNtCs4oJK16j4DDX_4core4wtf84Wtf88into_arc
0000000000000000 T _RNvMs5_NtCsd1iqB5Dc9CO_5alloc4wtf8NtNtCs4oJK16j4DDX_4core4wtf84Wtf88into_box
0000000000000000 T _RNvMs5_NtCsd1iqB5Dc9CO_5alloc4wtf8NtNtCs4oJK16j4DDX_4core4wtf84Wtf88to_owned
0000000000000000 T _RNvMsD_NtNtCsd1iqB5Dc9CO_5alloc3ffi5c_strNtNtNtCs4oJK16j4DDX_4core3ffi5c_str4CStr13into_c_string
0000000000000000 T _RNvMsD_NtNtCsd1iqB5Dc9CO_5alloc3ffi5c_strNtNtNtCs4oJK16j4DDX_4core3ffi5c_str4CStr15to_string_lossy
0000000000000000 T _RNvMs_NtCsd1iqB5Dc9CO_5alloc6stringNtB4_13FromUtf8Error15into_utf8_lossy
0000000000000000 T _RNvMs_NtNtCsd1iqB5Dc9CO_5alloc3ffi5c_strNtB4_7CString10into_bytes
0000000000000000 T _RNvMs_NtNtCsd1iqB5Dc9CO_5alloc3ffi5c_strNtB4_7CString11into_string
0000000000000000 T _RNvMs_NtNtCsd1iqB5Dc9CO_5alloc3ffi5c_strNtB4_7CString16into_boxed_c_str
0000000000000000 T _RNvMs_NtNtCsd1iqB5Dc9CO_5alloc3ffi5c_strNtB4_7CString17from_vec_with_nul
0000000000000000 T _RNvMs_NtNtCsd1iqB5Dc9CO_5alloc3ffi5c_strNtB4_7CString18from_vec_unchecked
0000000000000000 T _RNvMs_NtNtCsd1iqB5Dc9CO_5alloc3ffi5c_strNtB4_7CString19__from_vec_unchecked
0000000000000000 T _RNvMs_NtNtCsd1iqB5Dc9CO_5alloc3ffi5c_strNtB4_7CString19into_bytes_with_nul
0000000000000000 T _RNvMs_NtNtCsd1iqB5Dc9CO_5alloc3ffi5c_strNtB4_7CString27from_vec_with_nul_unchecked
0000000000000000 T _RNvMs_NtNtCsd1iqB5Dc9CO_5alloc3ffi5c_strNtB4_7CString8from_raw
0000000000000000 T _RNvNtCsd1iqB5Dc9CO_5alloc2rc32rc_inner_layout_for_value_layout
0000000000000000 D _RNvNtCsd1iqB5Dc9CO_5alloc4sync18STATIC_INNER_SLICE
0000000000000000 T _RNvNtCsd1iqB5Dc9CO_5alloc4sync32arcinner_layout_for_value_layout
0000000000000000 T _RNvNtCsd1iqB5Dc9CO_5alloc5alloc18handle_alloc_error
0000000000000000 T _RNvNtCsd1iqB5Dc9CO_5alloc7raw_vec12handle_error
0000000000000000 T _RNvNtCsd1iqB5Dc9CO_5alloc7raw_vec17capacity_overflow
0000000000000000 T _RNvNvMs_NtCsd1iqB5Dc9CO_5alloc3vecINtB6_3VecppE10insert_mut13assert_failed
0000000000000000 T _RNvNvMs_NtCsd1iqB5Dc9CO_5alloc3vecINtB6_3VecppE11swap_remove13assert_failed
0000000000000000 T _RNvNvMs_NtCsd1iqB5Dc9CO_5alloc3vecINtB6_3VecppE6remove13assert_failed
0000000000000000 T _RNvNvMs_NtCsd1iqB5Dc9CO_5alloc3vecINtB6_3VecppE9split_off13assert_failed
0000000000000000 T _RNvNvNtCsd1iqB5Dc9CO_5alloc3fmt6format12format_inner
0000000000000000 T _RNvNvNtCsd1iqB5Dc9CO_5alloc5alloc18handle_alloc_error8ct_error
0000000000000000 T _RNvXNvMNtCsd1iqB5Dc9CO_5alloc6stringNtB5_6String6retainNtB2_12SetLenOnDropNtNtNtCs4oJK16j4DDX_4core3ops4drop4Drop4drop
0000000000000000 T _RNvXs0_NtCsd1iqB5Dc9CO_5alloc6stringNtB5_13FromUtf8ErrorNtNtCs4oJK16j4DDX_4core3fmt7Display3fmt
0000000000000000 T _RNvXs0_NtNtNtCsd1iqB5Dc9CO_5alloc11collections9vec_deque5indexNtB5_12WrappedIndexNtNtCs4oJK16j4DDX_4core3fmt7Display3fmt
0000000000000000 T _RNvXs0_NvMs_NtNtCsd1iqB5Dc9CO_5alloc3ffi5c_strNtBa_7CString3newReNtB5_11SpecNewImpl13spec_new_impl
0000000000000000 T _RNvXs0_NvXsf_NtNtCsd1iqB5Dc9CO_5alloc5boxed7convertINtBd_3BoxDNtNtCs4oJK16j4DDX_4core5error5ErrorNtNtB12_6marker4SyncNtB1z_4SendEL_EINtNtB12_7convert4FromNtNtBf_6string6StringE4fromNtB5_11StringErrorNtNtB12_3fmt5Debug3fmt
0000000000000000 T _RNvXs10_NtCsd1iqB5Dc9CO_5alloc6stringNtB6_9IntoCharsNtNtCs4oJK16j4DDX_4core3fmt5Debug3fmt
0000000000000000 T _RNvXs15_NtCsd1iqB5Dc9CO_5alloc6stringNtB6_5DrainNtNtCs4oJK16j4DDX_4core3fmt5Debug3fmt
0000000000000000 T _RNvXs18_NtCsd1iqB5Dc9CO_5alloc6stringNtB6_5DrainNtNtNtCs4oJK16j4DDX_4core3ops4drop4Drop4drop
0000000000000000 T _RNvXs1K_NtNtNtCsd1iqB5Dc9CO_5alloc11collections5btree3mapNtB6_17UnorderedKeyErrorNtNtCs4oJK16j4DDX_4core3fmt7Display3fmt
0000000000000000 T _RNvXs1_NtCsd1iqB5Dc9CO_5alloc4wtf8NtB5_7Wtf8BufNtNtCs4oJK16j4DDX_4core3fmt7Display3fmt
0000000000000000 T _RNvXs1_NtCsd1iqB5Dc9CO_5alloc6stringNtB5_14FromUtf16ErrorNtNtCs4oJK16j4DDX_4core3fmt7Display3fmt
0000000000000000 T _RNvXs1_NvMs_NtNtCsd1iqB5Dc9CO_5alloc3ffi5c_strNtBa_7CString3newQShNtB5_11SpecNewImpl13spec_new_impl
0000000000000000 T _RNvXs1a_NtCsd1iqB5Dc9CO_5alloc6stringNtB6_5DrainINtNtCs4oJK16j4DDX_4core7convert5AsRefeE6as_ref
0000000000000000 T _RNvXs1b_NtCsd1iqB5Dc9CO_5alloc6stringNtB6_5DrainINtNtCs4oJK16j4DDX_4core7convert5AsRefShE6as_ref
0000000000000000 T _RNvXs1c_NtCsd1iqB5Dc9CO_5alloc6stringNtB6_5DrainNtNtNtNtCs4oJK16j4DDX_4core4iter6traits8iterator8Iterator9size_hint
0000000000000000 T _RNvXs2_NtCsd1iqB5Dc9CO_5alloc11collectionsNtB5_15TryReserveErrorNtNtCs4oJK16j4DDX_4core3fmt7Display3fmt
0000000000000000 T _RNvXs2_NtNtCsd1iqB5Dc9CO_5alloc3ffi5c_strNtB5_7CStringNtNtCs4oJK16j4DDX_4core3fmt5Debug3fmt
0000000000000000 T _RNvXs4_NtCsd1iqB5Dc9CO_5alloc6stringNtB5_6StringNtNtCs4oJK16j4DDX_4core5clone5Clone10clone_from
0000000000000000 T _RNvXs4_NtCsd1iqB5Dc9CO_5alloc6stringNtB5_6StringNtNtCs4oJK16j4DDX_4core5clone5Clone5clone
0000000000000000 T _RNvXs4_NtNtCsd1iqB5Dc9CO_5alloc3ffi5c_strNtB5_7CStringNtNtCs4oJK16j4DDX_4core7default7Default7default
0000000000000000 T _RNvXs7_NtNtCsd1iqB5Dc9CO_5alloc3ffi5c_strINtNtB9_5boxed3BoxNtNtNtCs4oJK16j4DDX_4core3ffi5c_str4CStrEINtNtB11_7convert4FromRBV_E4from
0000000000000000 T _RNvXs8_NtNtCsd1iqB5Dc9CO_5alloc3ffi5c_strINtNtB9_5boxed3BoxNtNtNtCs4oJK16j4DDX_4core3ffi5c_str4CStrEINtNtB11_7convert4FromQBV_E4from
0000000000000000 T _RNvXsD_NtCsd1iqB5Dc9CO_5alloc3vecINtB5_3VechEINtNtCs4oJK16j4DDX_4core7convert4FromReE4from
0000000000000000 T _RNvXsN_NtCsd1iqB5Dc9CO_5alloc6stringNtB5_6StringINtNtCs4oJK16j4DDX_4core7convert4FromINtNtB7_5boxed3BoxeEE4from
0000000000000000 T _RNvXsO_NtCsd1iqB5Dc9CO_5alloc6stringINtNtB7_5boxed3BoxeEINtNtCs4oJK16j4DDX_4core7convert4FromNtB5_6StringE4from
0000000000000000 T _RNvXsP_NtCsd1iqB5Dc9CO_5alloc6stringNtB5_6StringINtNtCs4oJK16j4DDX_4core7convert4FromINtNtB7_6borrow3CoweEE4from
0000000000000000 T _RNvXsY_NtCsd1iqB5Dc9CO_5alloc6stringNtB5_6StringINtNtCs4oJK16j4DDX_4core7convert7TryFromINtNtB7_3vec3VechEE8try_from
0000000000000000 T _RNvXs_NvMs_NtNtCsd1iqB5Dc9CO_5alloc3ffi5c_strNtB9_7CString3newRShNtB4_11SpecNewImpl13spec_new_impl
0000000000000000 T _RNvXs_NvXsf_NtNtCsd1iqB5Dc9CO_5alloc5boxed7convertINtBc_3BoxDNtNtCs4oJK16j4DDX_4core5error5ErrorNtNtB11_6marker4SyncNtB1y_4SendEL_EINtNtB11_7convert4FromNtNtBe_6string6StringE4fromNtB4_11StringErrorNtNtB11_3fmt7Display3fmt
0000000000000000 T _RNvXsf_NtCsd1iqB5Dc9CO_5alloc5boxedINtB5_3BoxeENtNtCs4oJK16j4DDX_4core5clone5Clone5clone
0000000000000000 T _RNvXsg_NtNtCsd1iqB5Dc9CO_5alloc5boxed7convertINtB7_3BoxDNtNtCs4oJK16j4DDX_4core5error5ErrorEL_EINtNtBW_7convert4FromNtNtB9_6string6StringE4from
0000000000000000 T _RNvXsh_NtCsd1iqB5Dc9CO_5alloc6borrowINtB5_3CoweEINtNtNtCs4oJK16j4DDX_4core3ops5arith9AddAssignReE10add_assign
0000000000000000 T _RNvXsh_NtCsd1iqB5Dc9CO_5alloc6stringSReNtB5_13SpecExtendStr16spec_extend_into
0000000000000000 T _RNvXsi_NtCsd1iqB5Dc9CO_5alloc6borrowINtB5_3CoweENtNtNtCs4oJK16j4DDX_4core3ops5arith9AddAssign10add_assign
0000000000000000 T _RNvXsi_NtNtCsd1iqB5Dc9CO_5alloc5boxed7convertINtB7_3BoxDNtNtCs4oJK16j4DDX_4core5error5ErrorEL_EINtNtBW_7convert4FromReE4from
0000000000000000 T _RNvXsj_NtNtCsd1iqB5Dc9CO_5alloc5boxed7convertINtB7_3BoxDNtNtCs4oJK16j4DDX_4core5error5ErrorNtNtBW_6marker4SyncNtB1t_4SendEL_EINtNtBW_7convert4FromINtNtB9_6borrow3CoweEE4from
0000000000000000 T _RNvXsk_NtNtCsd1iqB5Dc9CO_5alloc5boxed7convertINtB7_3BoxDNtNtCs4oJK16j4DDX_4core5error5ErrorEL_EINtNtBW_7convert4FromINtNtB9_6borrow3CoweEE4from
0000000000000000 T _RNvXso_NtCsd1iqB5Dc9CO_5alloc6stringRNtB5_6StringNtNtNtCs4oJK16j4DDX_4core3str7pattern7Pattern13into_searcher
0000000000000000 T _RNvXsq_NtNtCsd1iqB5Dc9CO_5alloc3ffi5c_strINtNtB9_5boxed3BoxNtNtNtCs4oJK16j4DDX_4core3ffi5c_str4CStrENtNtB11_7default7Default7default
0000000000000000 T _RNvXss_NtNtCsd1iqB5Dc9CO_5alloc3ffi5c_strNtB5_8NulErrorNtNtCs4oJK16j4DDX_4core3fmt7Display3fmt
0000000000000000 T _RNvXst_NtNtCsd1iqB5Dc9CO_5alloc3ffi5c_strNtB5_19FromVecWithNulErrorNtNtCs4oJK16j4DDX_4core3fmt7Display3fmt
0000000000000000 T _RNvXsv_NtNtCsd1iqB5Dc9CO_5alloc3ffi5c_strNtB5_15IntoStringErrorNtNtCs4oJK16j4DDX_4core3fmt7Display3fmt
0000000000000000 T _RNvXsw_NtNtCsd1iqB5Dc9CO_5alloc3ffi5c_strNtNtNtCs4oJK16j4DDX_4core3ffi5c_str4CStrNtNtB9_6borrow7ToOwned10clone_into
0000000000000000 T _RNvXsw_NtNtCsd1iqB5Dc9CO_5alloc3ffi5c_strNtNtNtCs4oJK16j4DDX_4core3ffi5c_str4CStrNtNtB9_6borrow7ToOwned8to_owned
0000000000000000 T _RNvXsx_NtNtCsd1iqB5Dc9CO_5alloc3ffi5c_strNtB5_7CStringINtNtCs4oJK16j4DDX_4core7convert4FromRNtNtNtBV_3ffi5c_str4CStrE4from

core-89dcf6057c4b05f2.core.333ce28fe4eb25db-cgu.0.rcgu.o:
0000000000000000 V DW.ref.rust_eh_personality
0000000000000000 T _RINvNtCs4oJK16j4DDX_4core9panicking13assert_failedINtNtB4_6option6OptionjEBM_EB4_
0000000000000000 T _RINvNtCs4oJK16j4DDX_4core9panicking13assert_failedjjEB4_
0000000000000000 T _RINvNtCs4oJK16j4DDX_4core9panicking13assert_failedyyEB4_
0000000000000000 T _RNvMNtCs4oJK16j4DDX_4core3stre12escape_debug
0000000000000000 T _RNvMNtCs4oJK16j4DDX_4core3stre12substr_range
0000000000000000 T _RNvMNtCs4oJK16j4DDX_4core3stre13from_utf8_mut
0000000000000000 T _RNvMNtCs4oJK16j4DDX_4core3stre22split_at_mut_unchecked
0000000000000000 T _RNvMNtCs4oJK16j4DDX_4core3stre9from_utf8
0000000000000000 T _RNvMNtNtNtCs4oJK16j4DDX_4core3num3imp3fmtNtB2_4Part3len
0000000000000000 T _RNvMNtNtNtCs4oJK16j4DDX_4core3num3imp3fmtNtB2_4Part5write
0000000000000000 T _RNvMNtNtNtCs4oJK16j4DDX_4core3num3imp9diy_floatNtB2_2Fp12normalize_to
0000000000000000 T _RNvMNtNtNtNtCs4oJK16j4DDX_4core3num3imp6bignum5testsNtB2_6Big8x310bit_length
0000000000000000 T _RNvMNtNtNtNtCs4oJK16j4DDX_4core3num3imp6bignum5testsNtB2_6Big8x310mul_digits
0000000000000000 T _RNvMNtNtNtNtCs4oJK16j4DDX_4core3num3imp6bignum5testsNtB2_6Big8x313div_rem_small
0000000000000000 T _RNvMNtNtNtNtCs4oJK16j4DDX_4core3num3imp6bignum5testsNtB2_6Big8x33add
0000000000000000 T _RNvMNtNtNtNtCs4oJK16j4DDX_4core3num3imp6bignum5testsNtB2_6Big8x33sub
0000000000000000 T _RNvMNtNtNtNtCs4oJK16j4DDX_4core3num3imp6bignum5testsNtB2_6Big8x36digits
0000000000000000 T _RNvMNtNtNtNtCs4oJK16j4DDX_4core3num3imp6bignum5testsNtB2_6Big8x37is_zero
0000000000000000 T _RNvMNtNtNtNtCs4oJK16j4DDX_4core3num3imp6bignum5testsNtB2_6Big8x38mul_pow2
0000000000000000 T _RNvMNtNtNtNtCs4oJK16j4DDX_4core3num3imp6bignum5testsNtB2_6Big8x38mul_pow5
0000000000000000 T _RNvMNtNtNtNtCs4oJK16j4DDX_4core3num3imp6bignum5testsNtB2_6Big8x39mul_small
0000000000000000 T _RNvMs0_NtNtCs4oJK16j4DDX_4core3fmt3numo11format_into
0000000000000000 T _RNvMs0_NtNtCs4oJK16j4DDX_4core3fmt3numo4__fmt
0000000000000000 T _RNvMs0_NtNtNtCs4oJK16j4DDX_4core3fmt3num3imph4__fmt
0000000000000000 T _RNvMs1_NtNtCs4oJK16j4DDX_4core3fmt3numn11format_into
0000000000000000 T _RNvMs1_NtNtCs4oJK16j4DDX_4core3fmt8buildersNtB5_11DebugStruct21finish_non_exhaustive
0000000000000000 T _RNvMs1_NtNtCs4oJK16j4DDX_4core3fmt8buildersNtB5_11DebugStruct5field
0000000000000000 T _RNvMs1_NtNtCs4oJK16j4DDX_4core3fmt8buildersNtB5_11DebugStruct6finish
0000000000000000 T _RNvMs1_NtNtCs4oJK16j4DDX_4core3net6parserNtNtB7_7ip_addr8Ipv4Addr11parse_ascii
0000000000000000 T _RNvMs1_NtNtNtCs4oJK16j4DDX_4core3fmt3num3impa11format_into
0000000000000000 T _RNvMs2_NtNtCs4oJK16j4DDX_4core3fmt8buildersNtB5_10DebugTuple21finish_non_exhaustive
0000000000000000 T _RNvMs2_NtNtCs4oJK16j4DDX_4core3fmt8buildersNtB5_10DebugTuple5field
0000000000000000 T _RNvMs2_NtNtCs4oJK16j4DDX_4core3fmt8buildersNtB5_10DebugTuple6finish
0000000000000000 T _RNvMs2_NtNtNtCs4oJK16j4DDX_4core3fmt3num3imph11format_into
0000000000000000 T _RNvMs2_NtNtNtCs4oJK16j4DDX_4core3num3imp6bignumNtB5_8Big32x4010bit_length
0000000000000000 T _RNvMs2_NtNtNtCs4oJK16j4DDX_4core3num3imp6bignumNtB5_8Big32x4010mul_digits
0000000000000000 T _RNvMs2_NtNtNtCs4oJK16j4DDX_4core3num3imp6bignumNtB5_8Big32x4013div_rem_small
0000000000000000 T _RNvMs2_NtNtNtCs4oJK16j4DDX_4core3num3imp6bignumNtB5_8Big32x403add
0000000000000000 T _RNvMs2_NtNtNtCs4oJK16j4DDX_4core3num3imp6bignumNtB5_8Big32x403sub
0000000000000000 T _RNvMs2_NtNtNtCs4oJK16j4DDX_4core3num3imp6bignumNtB5_8Big32x406digits
0000000000000000 T _RNvMs2_NtNtNtCs4oJK16j4DDX_4core3num3imp6bignumNtB5_8Big32x407is_zero
0000000000000000 T _RNvMs2_NtNtNtCs4oJK16j4DDX_4core3num3imp6bignumNtB5_8Big32x408mul_pow2
0000000000000000 T _RNvMs2_NtNtNtCs4oJK16j4DDX_4core3num3imp6bignumNtB5_8Big32x408mul_pow5
0000000000000000 T _RNvMs2_NtNtNtCs4oJK16j4DDX_4core3num3imp6bignumNtB5_8Big32x409mul_small
0000000000000000 T _RNvMs3_NtNtCs4oJK16j4DDX_4core3ffi5c_strNtB5_4CStr19from_bytes_with_nul
0000000000000000 T _RNvMs3_NtNtCs4oJK16j4DDX_4core3ffi5c_strNtB5_4CStr20from_bytes_until_nul
0000000000000000 T _RNvMs3_NtNtCs4oJK16j4DDX_4core3ffi5c_strNtB5_4CStr6to_str
0000000000000000 T _RNvMs3_NtNtCs4oJK16j4DDX_4core3net6parserNtNtB7_7ip_addr8Ipv6Addr11parse_ascii
0000000000000000 T _RNvMs4_NtNtCs4oJK16j4DDX_4core3fmt8buildersNtB5_8DebugSet21finish_non_exhaustive
0000000000000000 T _RNvMs4_NtNtCs4oJK16j4DDX_4core3fmt8buildersNtB5_8DebugSet5entry
0000000000000000 T _RNvMs4_NtNtCs4oJK16j4DDX_4core3fmt8buildersNtB5_8DebugSet6finish
0000000000000000 T _RNvMs5_NtNtCs4oJK16j4DDX_4core3fmt8buildersNtB5_9DebugList21finish_non_exhaustive
0000000000000000 T _RNvMs5_NtNtCs4oJK16j4DDX_4core3fmt8buildersNtB5_9DebugList5entry
0000000000000000 T _RNvMs5_NtNtCs4oJK16j4DDX_4core3fmt8buildersNtB5_9DebugList6finish
0000000000000000 T _RNvMs5_NtNtCs4oJK16j4DDX_4core3net6parserNtNtB7_11socket_addr12SocketAddrV411parse_ascii
0000000000000000 T _RNvMs5_NtNtNtCs4oJK16j4DDX_4core3fmt3num3impt4__fmt
0000000000000000 T _RNvMs6_NtNtCs4oJK16j4DDX_4core3fmt8buildersNtB5_8DebugMap21finish_non_exhaustive
0000000000000000 T _RNvMs6_NtNtCs4oJK16j4DDX_4core3fmt8buildersNtB5_8DebugMap3key
0000000000000000 T _RNvMs6_NtNtCs4oJK16j4DDX_4core3fmt8buildersNtB5_8DebugMap5entry
0000000000000000 T _RNvMs6_NtNtCs4oJK16j4DDX_4core3fmt8buildersNtB5_8DebugMap5value
0000000000000000 T _RNvMs6_NtNtCs4oJK16j4DDX_4core3fmt8buildersNtB5_8DebugMap6finish
0000000000000000 T _RNvMs6_NtNtNtCs4oJK16j4DDX_4core3fmt3num3imps11format_into
0000000000000000 T _RNvMs7_NtNtCs4oJK16j4DDX_4core3net6parserNtNtB7_11socket_addr12SocketAddrV611parse_ascii
0000000000000000 T _RNvMs7_NtNtNtCs4oJK16j4DDX_4core3fmt3num3impt11format_into
0000000000000000 T _RNvMs9_NtNtCs4oJK16j4DDX_4core3net6parserNtNtB7_11socket_addr10SocketAddr11parse_ascii
0000000000000000 T _RNvMs_NtCs4oJK16j4DDX_4core3fmtNtB4_17FormattingOptions8get_fill
0000000000000000 T _RNvMs_NtNtCs4oJK16j4DDX_4core3fmt8buildersNtB4_10PadAdapter4wrap
0000000000000000 T _RNvMs_NtNtCs4oJK16j4DDX_4core3net6parserNtNtB6_7ip_addr6IpAddr11parse_ascii
0000000000000000 T _RNvMs_NtNtNtCs4oJK16j4DDX_4core3num3imp3fmtNtB4_9Formatted3len
0000000000000000 T _RNvMs_NtNtNtCs4oJK16j4DDX_4core3num3imp3fmtNtB4_9Formatted5write
0000000000000000 T _RNvMs_NtNtNtNtCs4oJK16j4DDX_4core3num3imp7dec2flt11decimal_seqNtB4_10DecimalSeq10left_shift
0000000000000000 T _RNvMs_NtNtNtNtCs4oJK16j4DDX_4core3num3imp7dec2flt11decimal_seqNtB4_10DecimalSeq11right_shift
0000000000000000 T _RNvMs_NtNtNtNtCs4oJK16j4DDX_4core3num3imp7dec2flt11decimal_seqNtB4_10DecimalSeq5round
0000000000000000 T _RNvMsa_NtCs4oJK16j4DDX_4core3fmtNtB5_9Formatter10debug_list
0000000000000000 T _RNvMsa_NtCs4oJK16j4DDX_4core3fmtNtB5_9Formatter11debug_tuple
0000000000000000 T _RNvMsa_NtCs4oJK16j4DDX_4core3fmtNtB5_9Formatter12debug_struct
0000000000000000 T _RNvMsa_NtCs4oJK16j4DDX_4core3fmtNtB5_9Formatter12pad_integral
0000000000000000 T _RNvMsa_NtCs4oJK16j4DDX_4core3fmtNtB5_9Formatter25debug_tuple_field1_finish
0000000000000000 T _RNvMsa_NtCs4oJK16j4DDX_4core3fmtNtB5_9Formatter25debug_tuple_field2_finish
0000000000000000 T _RNvMsa_NtCs4oJK16j4DDX_4core3fmtNtB5_9Formatter25debug_tuple_field3_finish
0000000000000000 T _RNvMsa_NtCs4oJK16j4DDX_4core3fmtNtB5_9Formatter25debug_tuple_field4_finish
0000000000000000 T _RNvMsa_NtCs4oJK16j4DDX_4core3fmtNtB5_9Formatter25debug_tuple_field5_finish
0000000000000000 T _RNvMsa_NtCs4oJK16j4DDX_4core3fmtNtB5_9Formatter25debug_tuple_fields_finish
0000000000000000 T _RNvMsa_NtCs4oJK16j4DDX_4core3fmtNtB5_9Formatter26debug_struct_field1_finish
0000000000000000 T _RNvMsa_NtCs4oJK16j4DDX_4core3fmtNtB5_9Formatter26debug_struct_field2_finish
0000000000000000 T _RNvMsa_NtCs4oJK16j4DDX_4core3fmtNtB5_9Formatter26debug_struct_field3_finish
0000000000000000 T _RNvMsa_NtCs4oJK16j4DDX_4core3fmtNtB5_9Formatter26debug_struct_field4_finish
0000000000000000 T _RNvMsa_NtCs4oJK16j4DDX_4core3fmtNtB5_9Formatter26debug_struct_field5_finish
0000000000000000 T _RNvMsa_NtCs4oJK16j4DDX_4core3fmtNtB5_9Formatter26debug_struct_fields_finish
0000000000000000 T _RNvMsa_NtCs4oJK16j4DDX_4core3fmtNtB5_9Formatter3pad
0000000000000000 T _RNvMsa_NtCs4oJK16j4DDX_4core3fmtNtB5_9Formatter4fill
0000000000000000 T _RNvMsa_NtCs4oJK16j4DDX_4core3fmtNtB5_9Formatter9debug_map
0000000000000000 T _RNvMsa_NtCs4oJK16j4DDX_4core3fmtNtB5_9Formatter9debug_set
0000000000000000 T _RNvMsa_NtCs4oJK16j4DDX_4core3fmtNtB5_9Formatter9write_str
0000000000000000 T _RNvMsa_NtNtNtCs4oJK16j4DDX_4core3fmt3num3impm4__fmt
0000000000000000 T _RNvMsb_NtNtNtCs4oJK16j4DDX_4core3fmt3num3impl11format_into
0000000000000000 T _RNvMsc_NtNtNtCs4oJK16j4DDX_4core3fmt3num3impm11format_into
0000000000000000 T _RNvMsf_NtNtNtCs4oJK16j4DDX_4core3fmt3num3impy4__fmt
0000000000000000 T _RNvMsg_NtNtNtCs4oJK16j4DDX_4core3fmt3num3impx11format_into
0000000000000000 T _RNvMsh_NtNtNtCs4oJK16j4DDX_4core3fmt3num3impy11format_into
0000000000000000 T _RNvMsk_NtNtNtCs4oJK16j4DDX_4core3fmt3num3impj4__fmt
0000000000000000 T _RNvMsl_NtNtNtCs4oJK16j4DDX_4core3fmt3num3impi11format_into
0000000000000000 T _RNvMsm_NtNtNtCs4oJK16j4DDX_4core3fmt3num3impj11format_into
0000000000000000 T _RNvMsu_NtNtCs4oJK16j4DDX_4core3str7patternNtB5_11StrSearcher3new
0000000000000000 T _RNvNtCs4oJK16j4DDX_4core3fmt17pointer_fmt_inner
0000000000000000 T _RNvNtCs4oJK16j4DDX_4core3fmt5write
0000000000000000 T _RNvNtCs4oJK16j4DDX_4core3num22from_ascii_radix_panic
0000000000000000 T _RNvNtCs4oJK16j4DDX_4core3str16slice_error_fail
0000000000000000 T _RNvNtCs4oJK16j4DDX_4core3str19slice_error_fail_ct
0000000000000000 T _RNvNtCs4oJK16j4DDX_4core3str19slice_error_fail_rt
0000000000000000 T _RNvNtCs4oJK16j4DDX_4core4cell22panic_already_borrowed
0000000000000000 T _RNvNtCs4oJK16j4DDX_4core4cell30panic_already_mutably_borrowed
0000000000000000 T _RNvNtCs4oJK16j4DDX_4core4wtf816slice_error_fail
0000000000000000 T _RNvNtCs4oJK16j4DDX_4core5ascii14escape_default
0000000000000000 T _RNvNtCs4oJK16j4DDX_4core6option13expect_failed
0000000000000000 T _RNvNtCs4oJK16j4DDX_4core6option13unwrap_failed
0000000000000000 T _RNvNtCs4oJK16j4DDX_4core6result13unwrap_failed
0000000000000000 T _RNvNtCs4oJK16j4DDX_4core9panicking14panic_nounwind
0000000000000000 T _RNvNtCs4oJK16j4DDX_4core9panicking15const_panic_fmt
0000000000000000 T _RNvNtCs4oJK16j4DDX_4core9panicking16panic_in_cleanup
0000000000000000 T _RNvNtCs4oJK16j4DDX_4core9panicking18panic_bounds_check
0000000000000000 T _RNvNtCs4oJK16j4DDX_4core9panicking18panic_nounwind_fmt
0000000000000000 T _RNvNtCs4oJK16j4DDX_4core9panicking19assert_failed_inner
0000000000000000 T _RNvNtCs4oJK16j4DDX_4core9panicking19panic_cannot_unwind
0000000000000000 T _RNvNtCs4oJK16j4DDX_4core9panicking26panic_nounwind_nobacktrace
0000000000000000 T _RNvNtCs4oJK16j4DDX_4core9panicking30panic_null_pointer_dereference
0000000000000000 T _RNvNtCs4oJK16j4DDX_4core9panicking31panic_invalid_enum_construction
0000000000000000 T _RNvNtCs4oJK16j4DDX_4core9panicking36panic_misaligned_pointer_dereference
0000000000000000 T _RNvNtCs4oJK16j4DDX_4core9panicking5panic
0000000000000000 T _RNvNtCs4oJK16j4DDX_4core9panicking9panic_fmt
0000000000000000 T _RNvNtNtCs4oJK16j4DDX_4core3str5count14do_count_chars
0000000000000000 T _RNvNtNtCs4oJK16j4DDX_4core3str5count23char_count_general_case
0000000000000000 T _RNvNtNtCs4oJK16j4DDX_4core3str8converts13from_utf8_mut
0000000000000000 T _RNvNtNtCs4oJK16j4DDX_4core3str8converts9from_utf8
0000000000000000 T _RNvNtNtCs4oJK16j4DDX_4core4cell4lazy14panic_poisoned
0000000000000000 T _RNvNtNtCs4oJK16j4DDX_4core5slice5index16slice_index_fail
0000000000000000 T _RNvNtNtCs4oJK16j4DDX_4core5slice6memchr14memchr_aligned
0000000000000000 T _RNvNtNtCs4oJK16j4DDX_4core5slice6memchr7memrchr
0000000000000000 T _RNvNtNtCs4oJK16j4DDX_4core7unicode9printable12is_printable
0000000000000000 T _RNvNtNtCs4oJK16j4DDX_4core9panicking11panic_const23panic_const_div_by_zero
0000000000000000 T _RNvNtNtCs4oJK16j4DDX_4core9panicking11panic_const23panic_const_gen_fn_none
0000000000000000 T _RNvNtNtCs4oJK16j4DDX_4core9panicking11panic_const23panic_const_rem_by_zero
0000000000000000 T _RNvNtNtCs4oJK16j4DDX_4core9panicking11panic_const24panic_const_add_overflow
0000000000000000 T _RNvNtNtCs4oJK16j4DDX_4core9panicking11panic_const24panic_const_div_overflow
0000000000000000 T _RNvNtNtCs4oJK16j4DDX_4core9panicking11panic_const24panic_const_mul_overflow
0000000000000000 T _RNvNtNtCs4oJK16j4DDX_4core9panicking11panic_const24panic_const_neg_overflow
0000000000000000 T _RNvNtNtCs4oJK16j4DDX_4core9panicking11panic_const24panic_const_rem_overflow
0000000000000000 T _RNvNtNtCs4oJK16j4DDX_4core9panicking11panic_const24panic_const_shl_overflow
0000000000000000 T _RNvNtNtCs4oJK16j4DDX_4core9panicking11panic_const24panic_const_shr_overflow
0000000000000000 T _RNvNtNtCs4oJK16j4DDX_4core9panicking11panic_const24panic_const_sub_overflow
0000000000000000 T _RNvNtNtCs4oJK16j4DDX_4core9panicking11panic_const28panic_const_async_fn_resumed
0000000000000000 T _RNvNtNtCs4oJK16j4DDX_4core9panicking11panic_const28panic_const_gen_fn_none_drop
0000000000000000 T _RNvNtNtCs4oJK16j4DDX_4core9panicking11panic_const29panic_const_coroutine_resumed
0000000000000000 T _RNvNtNtCs4oJK16j4DDX_4core9panicking11panic_const29panic_const_gen_fn_none_panic
0000000000000000 T _RNvNtNtCs4oJK16j4DDX_4core9panicking11panic_const32panic_const_async_gen_fn_resumed
0000000000000000 T _RNvNtNtCs4oJK16j4DDX_4core9panicking11panic_const33panic_const_async_fn_resumed_drop
0000000000000000 T _RNvNtNtCs4oJK16j4DDX_4core9panicking11panic_const34panic_const_async_fn_resumed_panic
0000000000000000 T _RNvNtNtCs4oJK16j4DDX_4core9panicking11panic_const34panic_const_coroutine_resumed_drop
0000000000000000 T _RNvNtNtCs4oJK16j4DDX_4core9panicking11panic_const35panic_const_coroutine_resumed_panic
0000000000000000 T _RNvNtNtCs4oJK16j4DDX_4core9panicking11panic_const37panic_const_async_gen_fn_resumed_drop
0000000000000000 T _RNvNtNtCs4oJK16j4DDX_4core9panicking11panic_const38panic_const_async_gen_fn_resumed_panic
0000000000000000 T _RNvNtNtNtCs4oJK16j4DDX_4core3num3imp14overflow_panic12cast_integer
0000000000000000 T _RNvNtNtNtCs4oJK16j4DDX_4core3num3imp14overflow_panic3add
0000000000000000 T _RNvNtNtNtCs4oJK16j4DDX_4core3num3imp14overflow_panic3div
0000000000000000 T _RNvNtNtNtCs4oJK16j4DDX_4core3num3imp14overflow_panic3mul
0000000000000000 T _RNvNtNtNtCs4oJK16j4DDX_4core3num3imp14overflow_panic3neg
0000000000000000 T _RNvNtNtNtCs4oJK16j4DDX_4core3num3imp14overflow_panic3rem
0000000000000000 T _RNvNtNtNtCs4oJK16j4DDX_4core3num3imp14overflow_panic3shl
0000000000000000 T _RNvNtNtNtCs4oJK16j4DDX_4core3num3imp14overflow_panic3shr
0000000000000000 T _RNvNtNtNtCs4oJK16j4DDX_4core3num3imp14overflow_panic3sub
0000000000000000 T _RNvNtNtNtCs4oJK16j4DDX_4core3num3imp7flt2dec17digits_to_dec_str
0000000000000000 T _RNvNtNtNtCs4oJK16j4DDX_4core3num3imp7flt2dec17digits_to_exp_str
0000000000000000 T _RNvNtNtNtCs4oJK16j4DDX_4core3num3imp7flt2dec8round_up
0000000000000000 T _RNvNtNtNtCs4oJK16j4DDX_4core3num3imp8int_sqrt27panic_for_negative_argument
0000000000000000 T _RNvNtNtNtCs4oJK16j4DDX_4core3num3imp9int_log1030panic_for_nonpositive_argument
0000000000000000 T _RNvNtNtNtCs4oJK16j4DDX_4core7unicode12unicode_data10alphabetic11lookup_slow
0000000000000000 T _RNvNtNtNtCs4oJK16j4DDX_4core7unicode12unicode_data11conversions8to_lower
0000000000000000 T _RNvNtNtNtCs4oJK16j4DDX_4core7unicode12unicode_data11conversions8to_title
0000000000000000 T _RNvNtNtNtCs4oJK16j4DDX_4core7unicode12unicode_data11conversions8to_upper
0000000000000000 R _RNvNtNtNtCs4oJK16j4DDX_4core7unicode12unicode_data11white_space14WHITESPACE_MAP
0000000000000000 T _RNvNtNtNtCs4oJK16j4DDX_4core7unicode12unicode_data14case_ignorable11lookup_slow
0000000000000000 T _RNvNtNtNtCs4oJK16j4DDX_4core7unicode12unicode_data15grapheme_extend11lookup_slow
0000000000000000 T _RNvNtNtNtCs4oJK16j4DDX_4core7unicode12unicode_data1n11lookup_slow
0000000000000000 T _RNvNtNtNtCs4oJK16j4DDX_4core7unicode12unicode_data2lt11lookup_slow
0000000000000000 R _RNvNtNtNtCs4oJK16j4DDX_4core7unicode12unicode_data9lowercase14BITSET_MAPPING
0000000000000000 R _RNvNtNtNtCs4oJK16j4DDX_4core7unicode12unicode_data9lowercase16BITSET_CANONICAL
0000000000000000 R _RNvNtNtNtCs4oJK16j4DDX_4core7unicode12unicode_data9lowercase17BITSET_CHUNKS_MAP
0000000000000000 R _RNvNtNtNtCs4oJK16j4DDX_4core7unicode12unicode_data9lowercase19BITSET_INDEX_CHUNKS
0000000000000000 T _RNvNtNtNtCs4oJK16j4DDX_4core7unicode12unicode_data9lowercase6lookup
0000000000000000 R _RNvNtNtNtCs4oJK16j4DDX_4core7unicode12unicode_data9uppercase14BITSET_MAPPING
0000000000000000 R _RNvNtNtNtCs4oJK16j4DDX_4core7unicode12unicode_data9uppercase16BITSET_CANONICAL
0000000000000000 R _RNvNtNtNtCs4oJK16j4DDX_4core7unicode12unicode_data9uppercase17BITSET_CHUNKS_MAP
0000000000000000 R _RNvNtNtNtCs4oJK16j4DDX_4core7unicode12unicode_data9uppercase19BITSET_INDEX_CHUNKS
0000000000000000 T _RNvNtNtNtCs4oJK16j4DDX_4core7unicode12unicode_data9uppercase6lookup
0000000000000000 T _RNvNtNtNtNtCs4oJK16j4DDX_4core3num3imp7dec2flt11decimal_seq17parse_decimal_seq
0000000000000000 T _RNvNtNtNtNtCs4oJK16j4DDX_4core3num3imp7dec2flt5parse12parse_number
0000000000000000 R _RNvNtNtNtNtCs4oJK16j4DDX_4core3num3imp7dec2flt5table17POWER_OF_FIVE_128
0000000000000000 T _RNvNtNtNtNtCs4oJK16j4DDX_4core5slice4sort6shared9smallsort22panic_on_ord_violation
0000000000000000 T _RNvNtNtNtNtCs4oJK16j4DDX_4core5slice4sort6stable5drift11sqrt_approx
0000000000000000 R _RNvNtNtNtNtNtCs4oJK16j4DDX_4core3num3imp7flt2dec8strategy5grisu12CACHED_POW10
0000000000000000 T _RNvNtNtNtNtNtCs4oJK16j4DDX_4core3num3imp7flt2dec8strategy5grisu12format_exact
0000000000000000 T _RNvNtNtNtNtNtCs4oJK16j4DDX_4core3num3imp7flt2dec8strategy5grisu15format_shortest
0000000000000000 T _RNvNtNtNtNtNtCs4oJK16j4DDX_4core3num3imp7flt2dec8strategy5grisu16format_exact_opt
0000000000000000 T _RNvNtNtNtNtNtCs4oJK16j4DDX_4core3num3imp7flt2dec8strategy5grisu19format_shortest_opt
0000000000000000 T _RNvNtNtNtNtNtCs4oJK16j4DDX_4core3num3imp7flt2dec8strategy6dragon12format_exact
0000000000000000 T _RNvNtNtNtNtNtCs4oJK16j4DDX_4core3num3imp7flt2dec8strategy6dragon15format_shortest
0000000000000000 T _RNvNtNtNtNtNtCs4oJK16j4DDX_4core3num3imp7flt2dec8strategy6dragon9mul_pow10
0000000000000000 T _RNvNvMNtCs4oJK16j4DDX_4core5sliceSp16align_to_offsets3gcd
0000000000000000 D _RNvNvMs6_NtNtCs4oJK16j4DDX_4core4task4wakeNtB7_5Waker11from_fn_ptr6VTABLE
0000000000000000 D _RNvNvMsb_NtNtCs4oJK16j4DDX_4core4task4wakeNtB7_10LocalWaker11from_fn_ptr6VTABLE
0000000000000000 T _RNvNvNtCs4oJK16j4DDX_4core5slice20copy_from_slice_impl17len_mismatch_fail
0000000000000000 T _RNvXNtCs4oJK16j4DDX_4core3ffiNtB2_6c_voidNtNtB4_3fmt5Debug3fmt
0000000000000000 T _RNvXNtCs4oJK16j4DDX_4core3patcNtB2_12RangePattern7sub_one
0000000000000000 T _RNvXNtNtCs4oJK16j4DDX_4core2io12borrowed_bufNtB2_11BorrowedBufNtNtB6_3fmt5Debug3fmt
0000000000000000 T _RNvXNtNtCs4oJK16j4DDX_4core2io4utilNtB2_6RepeatNtNtB6_3fmt5Debug3fmt
0000000000000000 T _RNvXNtNtCs4oJK16j4DDX_4core3ffi5c_strNtB2_21FromBytesWithNulErrorNtNtB6_3fmt7Display3fmt
0000000000000000 T _RNvXNtNtCs4oJK16j4DDX_4core3ffi7va_listNtB2_6VaListNtNtB6_3fmt5Debug3fmt
0000000000000000 T _RNvXNtNtCs4oJK16j4DDX_4core3fmt3numoNtB4_7Display3fmt
0000000000000000 T _RNvXNtNtCs4oJK16j4DDX_4core3ops5rangeNtB2_9RangeFullNtNtB6_3fmt5Debug3fmt
0000000000000000 T _RNvXNtNtNtCs4oJK16j4DDX_4core3fmt3num3imphNtB6_7Display3fmt
0000000000000000 T _RNvXNvNtCs4oJK16j4DDX_4core9panicking21assert_matches_failedNtB2_7PatternNtNtB6_3fmt5Debug3fmt
0000000000000000 T _RNvXNvXNtCs4oJK16j4DDX_4core5fieldINtB5_21FieldRepresentingTypepKpKpENtNtB7_3fmt5Debug3fmtNtB2_6MemberNtB17_7Display3fmt
0000000000000000 T _RNvXNvXsd_NtCs4oJK16j4DDX_4core4wtf8NtB8_10EncodeWideNtNtBa_3fmt5Debug3fmtNtB2_8CodeUnitBP_3fmt
0000000000000000 T _RNvXs0_NtCs4oJK16j4DDX_4core3anyDNtB5_3AnyNtNtB7_6marker4SendEL_NtNtB7_3fmt5Debug3fmt
0000000000000000 T _RNvXs0_NtNtCs4oJK16j4DDX_4core3ffi5c_strNtB5_22FromBytesUntilNulErrorNtNtB9_3fmt7Display3fmt
0000000000000000 T _RNvXs0_NtNtCs4oJK16j4DDX_4core3fmt8buildersNtB5_10PadAdapterNtB7_5Write10write_char
0000000000000000 T _RNvXs0_NtNtCs4oJK16j4DDX_4core3fmt8buildersNtB5_10PadAdapterNtB7_5Write9write_str
0000000000000000 T _RNvXs0_NtNtCs4oJK16j4DDX_4core3net6parserNtNtB7_7ip_addr6IpAddrNtNtNtB9_3str6traits7FromStr8from_str
0000000000000000 T _RNvXs0_NtNtCs4oJK16j4DDX_4core3num11float_parseC3f16NtNtNtB9_3str6traits7FromStr8from_str
0000000000000000 T _RNvXs0_NtNtCs4oJK16j4DDX_4core3str5lossyNtB5_5DebugNtNtB9_3fmt5Debug3fmt
0000000000000000 T _RNvXs0_NtNtCs4oJK16j4DDX_4core5alloc6layoutNtB5_11LayoutErrorNtNtB9_3fmt7Display3fmt
0000000000000000 T _RNvXs0_NtNtCs4oJK16j4DDX_4core5ascii10ascii_charNtB5_9AsciiCharNtNtB9_3fmt7Display3fmt
0000000000000000 T _RNvXs0_NtNtCs4oJK16j4DDX_4core5slice5asciiNtB5_11EscapeAsciiNtNtNtNtB9_4iter6traits12double_ended19DoubleEndedIterator9next_back
0000000000000000 T _RNvXs10_NtNtCs4oJK16j4DDX_4core3fmt3numnNtB8_8LowerExp3fmt
0000000000000000 T _RNvXs11_NtNtCs4oJK16j4DDX_4core3fmt3numoNtB8_8LowerExp3fmt
0000000000000000 T _RNvXs11_NtNtCs4oJK16j4DDX_4core3num7nonzeroINtB6_7NonZerotENtNtNtBa_3str6traits7FromStr8from_str
0000000000000000 T _RNvXs12_NtNtCs4oJK16j4DDX_4core3fmt3numnNtB8_8UpperExp3fmt
0000000000000000 T _RNvXs12_NtNtCs4oJK16j4DDX_4core3num11niche_typesNtB6_14NonZeroI8InnerNtNtBa_3fmt5Debug3fmt
0000000000000000 T _RNvXs13_NtNtCs4oJK16j4DDX_4core3fmt3numoNtB8_8UpperExp3fmt
0000000000000000 T _RNvXs13_NtNtCs4oJK16j4DDX_4core4sync6atomicINtB6_6AtomicmENtNtBa_3fmt5Debug3fmt
0000000000000000 T _RNvXs17_NtNtCs4oJK16j4DDX_4core3net7ip_addrNtB6_8Ipv4AddrINtNtNtBa_3ops3bit12BitAndAssignRBF_E13bitand_assign
0000000000000000 T _RNvXs17_NtNtCs4oJK16j4DDX_4core4sync6atomicINtB6_6AtomicxENtNtBa_3fmt5Debug3fmt
0000000000000000 T _RNvXs18_NtNtCs4oJK16j4DDX_4core3num7nonzeroINtB6_7NonZeromENtNtNtBa_3str6traits7FromStr8from_str
0000000000000000 T _RNvXs1A_NtNtCs4oJK16j4DDX_4core3num7nonzeroINtB6_7NonZeroaENtNtNtBa_3str6traits7FromStr8from_str
0000000000000000 T _RNvXs1E_NtNtCs4oJK16j4DDX_4core3num7nonzeroINtB6_7NonZerosENtNtNtBa_3str6traits7FromStr8from_str
0000000000000000 T _RNvXs1G_NtNtCs4oJK16j4DDX_4core3num11niche_typesNtB6_14UsizeNoHighBitNtNtBa_3fmt5Debug3fmt
0000000000000000 T _RNvXs1I_NtNtCs4oJK16j4DDX_4core3num7nonzeroINtB6_7NonZerolENtNtNtBa_3str6traits7FromStr8from_str
0000000000000000 T _RNvXs1M_NtNtCs4oJK16j4DDX_4core3num7nonzeroINtB6_7NonZeroxENtNtNtBa_3str6traits7FromStr8from_str
0000000000000000 T _RNvXs1O_NtNtCs4oJK16j4DDX_4core3num11niche_typesNtB6_17NonZeroUsizeInnerNtNtBa_3fmt5Debug3fmt
0000000000000000 T _RNvXs1Q_NtNtCs4oJK16j4DDX_4core3num7nonzeroINtB6_7NonZeronENtNtNtBa_3str6traits7FromStr8from_str
0000000000000000 T _RNvXs1U_NtNtCs4oJK16j4DDX_4core3num7nonzeroINtB6_7NonZeroiENtNtNtBa_3str6traits7FromStr8from_str
0000000000000000 T _RNvXs1W_NtNtCs4oJK16j4DDX_4core3num11niche_typesNtB6_17NonZeroIsizeInnerNtNtBa_3fmt5Debug3fmt
0000000000000000 T _RNvXs1_NtCs4oJK16j4DDX_4core3anyDNtB5_3AnyNtNtB7_6marker4SyncNtBG_4SendEL_NtNtB7_3fmt5Debug3fmt
0000000000000000 T _RNvXs1_NtCs4oJK16j4DDX_4core4wtf8NtB5_4Wtf8NtNtB7_3fmt5Debug3fmt
0000000000000000 T _RNvXs1_NtCs4oJK16j4DDX_4core5cloneNtNtNtB7_3ffi5c_str4CStrNtB5_13CloneToUninit15clone_to_uninit
0000000000000000 T _RNvXs1_NtNtCs4oJK16j4DDX_4core3ffi5c_strNtB5_4CStrNtNtB9_3fmt5Debug3fmt
0000000000000000 T _RNvXs1_NtNtCs4oJK16j4DDX_4core3mem15transmutabilityNtB5_6AssumeNtNtNtB9_3ops5arith3Sub3sub
0000000000000000 T _RNvXs1_NtNtCs4oJK16j4DDX_4core3num11float_parsefNtNtNtB9_3str6traits7FromStr8from_str
0000000000000000 T _RNvXs1_NtNtCs4oJK16j4DDX_4core3str5errorNtB5_14ParseBoolErrorNtNtB9_3fmt7Display3fmt
0000000000000000 T _RNvXs1_NtNtCs4oJK16j4DDX_4core4char6decodeNtB5_16DecodeUtf16ErrorNtNtB9_3fmt7Display3fmt
0000000000000000 T _RNvXs1_NtNtCs4oJK16j4DDX_4core4task4wakeNtB5_7ContextNtNtB9_3fmt5Debug3fmt
0000000000000000 T _RNvXs1_NtNtCs4oJK16j4DDX_4core5ascii10ascii_charNtB5_9AsciiCharNtNtB9_3fmt5Debug3fmt
0000000000000000 T _RNvXs1_NtNtCs4oJK16j4DDX_4core5panic8locationNtB5_8LocationNtNtB9_3cmp10PartialOrd11partial_cmp
0000000000000000 T _RNvXs1_NtNtCs4oJK16j4DDX_4core6marker8varianceNtB5_24PhantomCovariantLifetimeNtNtB9_3fmt5Debug3fmt
0000000000000000 T _RNvXs1_NtNtNtNtCs4oJK16j4DDX_4core3num3imp6bignum5testsNtB5_6Big8x3NtNtBd_3cmp10PartialOrd11partial_cmp
0000000000000000 T _RNvXs1a_NtNtCs4oJK16j4DDX_4core3num11niche_typesNtB6_15NonZeroI16InnerNtNtBa_3fmt5Debug3fmt
0000000000000000 T _RNvXs1b_NtNtCs4oJK16j4DDX_4core4sync6atomicINtB6_6AtomicyENtNtBa_3fmt5Debug3fmt
0000000000000000 T _RNvXs1d_NtNtCs4oJK16j4DDX_4core3net7ip_addrNtB6_8Ipv4AddrINtNtNtBa_3ops3bit11BitOrAssignRBF_E12bitor_assign
0000000000000000 T _RNvXs1f_NtNtCs4oJK16j4DDX_4core3num7nonzeroINtB6_7NonZeroyENtNtNtBa_3str6traits7FromStr8from_str
0000000000000000 T _RNvXs1f_NtNtCs4oJK16j4DDX_4core4sync6atomicINtB6_6AtomiciENtNtBa_3fmt5Debug3fmt
0000000000000000 T _RNvXs1i_NtNtCs4oJK16j4DDX_4core3num11niche_typesNtB6_15NonZeroI32InnerNtNtBa_3fmt5Debug3fmt
0000000000000000 T _RNvXs1j_NtNtCs4oJK16j4DDX_4core3net7ip_addrNtB6_8Ipv6AddrINtNtNtBa_3ops3bit12BitAndAssignRBF_E13bitand_assign
0000000000000000 T _RNvXs1j_NtNtCs4oJK16j4DDX_4core4sync6atomicINtB6_6AtomicjENtNtBa_3fmt5Debug3fmt
0000000000000000 T _RNvXs1m_NtNtCs4oJK16j4DDX_4core3num7nonzeroINtB6_7NonZerooENtNtNtBa_3str6traits7FromStr8from_str
0000000000000000 T _RNvXs1p_NtNtCs4oJK16j4DDX_4core3net7ip_addrNtB6_8Ipv6AddrINtNtNtBa_3ops3bit11BitOrAssignRBF_E12bitor_assign
0000000000000000 T _RNvXs1q_NtNtCs4oJK16j4DDX_4core3num11niche_typesNtB6_15NonZeroI64InnerNtNtBa_3fmt5Debug3fmt
0000000000000000 T _RNvXs1t_NtNtCs4oJK16j4DDX_4core3num7nonzeroINtB6_7NonZerojENtNtNtBa_3str6traits7FromStr8from_str
0000000000000000 T _RNvXs1y_NtNtCs4oJK16j4DDX_4core3num11niche_typesNtB6_16NonZeroI128InnerNtNtBa_3fmt5Debug3fmt
0000000000000000 T _RNvXs20_NtNtCs4oJK16j4DDX_4core3str4iterNtB6_11EscapeDebugNtNtBa_3fmt7Display3fmt
0000000000000000 T _RNvXs23_NtNtCs4oJK16j4DDX_4core3str4iterNtB6_13EscapeDefaultNtNtBa_3fmt7Display3fmt
0000000000000000 T _RNvXs24_NtNtCs4oJK16j4DDX_4core3num11niche_typesNtB6_13U32NotAllOnesNtNtBa_3fmt5Debug3fmt
0000000000000000 T _RNvXs26_NtNtCs4oJK16j4DDX_4core3str4iterNtB6_13EscapeUnicodeNtNtBa_3fmt7Display3fmt
0000000000000000 T _RNvXs2A_NtNtCs4oJK16j4DDX_4core3num11niche_typesNtB6_16NonZeroCharInnerNtNtBa_3fmt5Debug3fmt
0000000000000000 T _RNvXs2_NtCs4oJK16j4DDX_4core4bstrNtB5_7ByteStrNtNtB7_3fmt5Debug3fmt
0000000000000000 T _RNvXs2_NtCs4oJK16j4DDX_4core4charNtB5_13EscapeUnicodeNtNtB7_3fmt7Display3fmt
0000000000000000 T _RNvXs2_NtCs4oJK16j4DDX_4core4wtf8NtB5_4Wtf8NtNtB7_3fmt7Display3fmt
0000000000000000 T _RNvXs2_NtNtCs4oJK16j4DDX_4core3fmt3numjNtB7_6Binary3fmt
0000000000000000 T _RNvXs2_NtNtCs4oJK16j4DDX_4core3fmt5floatfNtB7_5Debug3fmt
0000000000000000 T _RNvXs2_NtNtCs4oJK16j4DDX_4core3net6parserNtNtB7_7ip_addr8Ipv4AddrNtNtNtB9_3str6traits7FromStr8from_str
0000000000000000 T _RNvXs2_NtNtCs4oJK16j4DDX_4core3net7ip_addrNtB5_6IpAddrNtNtB9_3fmt7Display3fmt
0000000000000000 T _RNvXs2_NtNtCs4oJK16j4DDX_4core3num11float_parsedNtNtNtB9_3str6traits7FromStr8from_str
0000000000000000 T _RNvXs2_NtNtCs4oJK16j4DDX_4core3str5lossyNtB5_10Utf8ChunksNtNtNtNtB9_4iter6traits8iterator8Iterator4next
0000000000000000 T _RNvXs2_NtNtCs4oJK16j4DDX_4core5slice5asciiNtB5_11EscapeAsciiNtNtB9_3fmt7Display3fmt
0000000000000000 T _RNvXs2_NtNtNtNtCs4oJK16j4DDX_4core3num3imp6bignum5testsNtB5_6Big8x3NtNtBd_3cmp3Ord3cmp
0000000000000000 T _RNvXs2c_NtNtCs4oJK16j4DDX_4core3num11niche_typesNtB6_13I32NotAllOnesNtNtBa_3fmt5Debug3fmt
0000000000000000 T _RNvXs2k_NtNtCs4oJK16j4DDX_4core3num11niche_typesNtB6_13U64NotAllOnesNtNtBa_3fmt5Debug3fmt
0000000000000000 T _RNvXs2s_NtNtCs4oJK16j4DDX_4core3num11niche_typesNtB6_13I64NotAllOnesNtNtBa_3fmt5Debug3fmt
0000000000000000 T _RNvXs3A_NtNtCs4oJK16j4DDX_4core3num11niche_typesNtB6_14CodePointInnerNtNtBa_3fmt5Debug3fmt
0000000000000000 T _RNvXs3_NtCs4oJK16j4DDX_4core4bstrNtB5_7ByteStrNtNtB7_3fmt7Display3fmt
0000000000000000 T _RNvXs3_NtCs4oJK16j4DDX_4core5asciiNtB5_13EscapeDefaultNtNtB7_3fmt7Display3fmt
0000000000000000 T _RNvXs3_NtNtCs4oJK16j4DDX_4core3fmt3numiNtB7_6Binary3fmt
0000000000000000 T _RNvXs3_NtNtCs4oJK16j4DDX_4core3fmt5floatfNtB7_7Display3fmt
0000000000000000 T _RNvXs3_NtNtCs4oJK16j4DDX_4core3net7ip_addrNtB5_6IpAddrNtNtB9_3fmt5Debug3fmt
0000000000000000 T _RNvXs3_NtNtCs4oJK16j4DDX_4core5panic8locationNtB5_8LocationNtNtB9_3fmt5Debug3fmt
0000000000000000 T _RNvXs3_NtNtCs4oJK16j4DDX_4core5slice5asciiNtB5_11EscapeAsciiNtNtB9_3fmt5Debug3fmt
0000000000000000 T _RNvXs3_NtNtNtCs4oJK16j4DDX_4core3fmt3num3imptNtB9_7Display3fmt
0000000000000000 T _RNvXs4_NtCs4oJK16j4DDX_4core3pataNtB5_12RangePattern7sub_one
0000000000000000 T _RNvXs4_NtCs4oJK16j4DDX_4core5asciiNtB5_13EscapeDefaultNtNtB7_3fmt5Debug3fmt
0000000000000000 T _RNvXs4_NtCs4oJK16j4DDX_4core5errorNtB5_7RequestNtNtB7_3fmt5Debug3fmt
0000000000000000 T _RNvXs4_NtNtCs4oJK16j4DDX_4core3fmt3numjNtB7_5Octal3fmt
0000000000000000 T _RNvXs4_NtNtCs4oJK16j4DDX_4core3fmt5floatfNtB7_8LowerExp3fmt
0000000000000000 T _RNvXs4_NtNtCs4oJK16j4DDX_4core3net11socket_addrNtB5_10SocketAddrNtNtB9_3fmt7Display3fmt
0000000000000000 T _RNvXs4_NtNtCs4oJK16j4DDX_4core3net6parserNtNtB7_7ip_addr8Ipv6AddrNtNtNtB9_3str6traits7FromStr8from_str
0000000000000000 T _RNvXs4_NtNtCs4oJK16j4DDX_4core3num5errorNtB5_13ParseIntErrorNtNtB9_3fmt7Display3fmt
0000000000000000 T _RNvXs4_NtNtCs4oJK16j4DDX_4core3str5lossyNtB5_10Utf8ChunksNtNtB9_3fmt5Debug3fmt
0000000000000000 T _RNvXs4_NtNtNtCs4oJK16j4DDX_4core3fmt3num3impsNtB9_7Display3fmt
0000000000000000 T _RNvXs5_NtCs4oJK16j4DDX_4core3patsNtB5_12RangePattern7sub_one
0000000000000000 T _RNvXs5_NtNtCs4oJK16j4DDX_4core3fmt3numiNtB7_5Octal3fmt
0000000000000000 T _RNvXs5_NtNtCs4oJK16j4DDX_4core3fmt5floatfNtB7_8UpperExp3fmt
0000000000000000 T _RNvXs5_NtNtCs4oJK16j4DDX_4core3net11socket_addrNtB5_10SocketAddrNtNtB9_3fmt5Debug3fmt
0000000000000000 T _RNvXs5_NtNtCs4oJK16j4DDX_4core6marker8varianceNtB5_28PhantomContravariantLifetimeNtNtB9_3fmt5Debug3fmt
0000000000000000 T _RNvXs5_NtNtNtCs4oJK16j4DDX_4core3num3imp6bignumNtB5_8Big32x40NtNtBb_3cmp10PartialOrd11partial_cmp
0000000000000000 T _RNvXs5_NtNtNtNtCs4oJK16j4DDX_4core3num3imp6bignum5testsNtB5_6Big8x3NtNtBd_3fmt5Debug3fmt
0000000000000000 T _RNvXs6_NtCs4oJK16j4DDX_4core3patlNtB5_12RangePattern7sub_one
0000000000000000 T _RNvXs6_NtNtCs4oJK16j4DDX_4core3fmt3numjNtB7_8LowerHex3fmt
0000000000000000 T _RNvXs6_NtNtCs4oJK16j4DDX_4core3fmt5floatdNtB7_5Debug3fmt
0000000000000000 T _RNvXs6_NtNtCs4oJK16j4DDX_4core3net11socket_addrNtB5_12SocketAddrV4NtNtB9_3fmt7Display3fmt
0000000000000000 T _RNvXs6_NtNtCs4oJK16j4DDX_4core3net6parserNtNtB7_11socket_addr12SocketAddrV4NtNtNtB9_3str6traits7FromStr8from_str
0000000000000000 T _RNvXs6_NtNtCs4oJK16j4DDX_4core3net7ip_addrNtB5_8Ipv4AddrNtNtB9_3fmt7Display3fmt
0000000000000000 T _RNvXs6_NtNtCs4oJK16j4DDX_4core4char7convertNtB5_14ParseCharErrorNtNtB9_3fmt7Display3fmt
0000000000000000 T _RNvXs6_NtNtCs4oJK16j4DDX_4core4sync6atomicINtB5_6AtomicbENtNtB9_3fmt5Debug3fmt
0000000000000000 T _RNvXs6_NtNtNtCs4oJK16j4DDX_4core3num3imp6bignumNtB5_8Big32x40NtNtBb_3cmp3Ord3cmp
0000000000000000 T _RNvXs7_NtCs4oJK16j4DDX_4core3fmtNtB5_9ArgumentsNtB5_5Debug3fmt
0000000000000000 T _RNvXs7_NtCs4oJK16j4DDX_4core3patxNtB5_12RangePattern7sub_one
0000000000000000 T _RNvXs7_NtNtCs4oJK16j4DDX_4core3fmt3numiNtB7_8LowerHex3fmt
0000000000000000 T _RNvXs7_NtNtCs4oJK16j4DDX_4core3fmt5floatdNtB7_7Display3fmt
0000000000000000 T _RNvXs7_NtNtCs4oJK16j4DDX_4core3net11socket_addrNtB5_12SocketAddrV4NtNtB9_3fmt5Debug3fmt
0000000000000000 T _RNvXs7_NtNtCs4oJK16j4DDX_4core3net7ip_addrNtB5_8Ipv4AddrNtNtB9_3fmt5Debug3fmt
0000000000000000 T _RNvXs8_NtCs4oJK16j4DDX_4core3fmtNtB5_9ArgumentsNtB5_7Display3fmt
0000000000000000 T _RNvXs8_NtCs4oJK16j4DDX_4core3patnNtB5_12RangePattern7sub_one
0000000000000000 T _RNvXs8_NtCs4oJK16j4DDX_4core5errorNtB5_6SourceNtNtNtNtB7_4iter6traits8iterator8Iterator4next
0000000000000000 T _RNvXs8_NtNtCs4oJK16j4DDX_4core3fmt3numjNtB7_8UpperHex3fmt
0000000000000000 T _RNvXs8_NtNtCs4oJK16j4DDX_4core3fmt5floatdNtB7_8LowerExp3fmt
0000000000000000 T _RNvXs8_NtNtCs4oJK16j4DDX_4core3net11socket_addrNtB5_12SocketAddrV6NtNtB9_3fmt7Display3fmt
0000000000000000 T _RNvXs8_NtNtCs4oJK16j4DDX_4core3net6parserNtNtB7_11socket_addr12SocketAddrV6NtNtNtB9_3str6traits7FromStr8from_str
0000000000000000 T _RNvXs8_NtNtNtCs4oJK16j4DDX_4core3fmt3num3impmNtB9_7Display3fmt
0000000000000000 T _RNvXs9_NtCs4oJK16j4DDX_4core3patiNtB5_12RangePattern7sub_one
0000000000000000 T _RNvXs9_NtCs4oJK16j4DDX_4core5sliceNtB5_19GetDisjointMutErrorNtNtB7_3fmt7Display3fmt
0000000000000000 T _RNvXs9_NtNtCs4oJK16j4DDX_4core3fmt3numiNtB7_8UpperHex3fmt
0000000000000000 T _RNvXs9_NtNtCs4oJK16j4DDX_4core3fmt5floatdNtB7_8UpperExp3fmt
0000000000000000 T _RNvXs9_NtNtCs4oJK16j4DDX_4core3net11socket_addrNtB5_12SocketAddrV6NtNtB9_3fmt5Debug3fmt
0000000000000000 T _RNvXs9_NtNtCs4oJK16j4DDX_4core4char7convertNtB5_16CharTryFromErrorNtNtB9_3fmt7Display3fmt
0000000000000000 T _RNvXs9_NtNtCs4oJK16j4DDX_4core4task4wakeNtB5_5WakerNtNtB9_3fmt5Debug3fmt
0000000000000000 T _RNvXs9_NtNtCs4oJK16j4DDX_4core6marker8varianceNtB5_24PhantomInvariantLifetimeNtNtB9_3fmt5Debug3fmt
0000000000000000 T _RNvXs9_NtNtNtCs4oJK16j4DDX_4core3fmt3num3implNtB9_7Display3fmt
0000000000000000 T _RNvXs9_NtNtNtCs4oJK16j4DDX_4core3num3imp6bignumNtB5_8Big32x40NtNtBb_3fmt5Debug3fmt
0000000000000000 T _RNvXsA_NtNtCs4oJK16j4DDX_4core3fmt3numyNtB7_5Octal3fmt
0000000000000000 T _RNvXsA_NtNtNtCs4oJK16j4DDX_4core3fmt3num3impyNtB9_8LowerExp3fmt
0000000000000000 T _RNvXsB_NtNtCs4oJK16j4DDX_4core3fmt3numxNtB7_5Octal3fmt
0000000000000000 T _RNvXsB_NtNtNtCs4oJK16j4DDX_4core3fmt3num3impxNtB9_8UpperExp3fmt
0000000000000000 T _RNvXsC_NtNtCs4oJK16j4DDX_4core3fmt3numyNtB7_8LowerHex3fmt
0000000000000000 T _RNvXsC_NtNtNtCs4oJK16j4DDX_4core3fmt3num3impyNtB9_8UpperExp3fmt
0000000000000000 T _RNvXsD_NtNtCs4oJK16j4DDX_4core3fmt3numxNtB7_8LowerHex3fmt
0000000000000000 T _RNvXsD_NtNtNtCs4oJK16j4DDX_4core3fmt3num3impiNtB9_8LowerExp3fmt
0000000000000000 T _RNvXsE_NtCs4oJK16j4DDX_4core4charNtB5_11ToTitlecaseNtNtNtNtB7_4iter6traits8iterator8Iterator10advance_by
0000000000000000 T _RNvXsE_NtCs4oJK16j4DDX_4core4charNtB5_11ToTitlecaseNtNtNtNtB7_4iter6traits8iterator8Iterator24___iterator_get_unchecked
0000000000000000 T _RNvXsE_NtCs4oJK16j4DDX_4core4charNtB5_11ToTitlecaseNtNtNtNtB7_4iter6traits8iterator8Iterator4last
0000000000000000 T _RNvXsE_NtCs4oJK16j4DDX_4core4charNtB5_11ToTitlecaseNtNtNtNtB7_4iter6traits8iterator8Iterator4next
0000000000000000 T _RNvXsE_NtCs4oJK16j4DDX_4core4charNtB5_11ToTitlecaseNtNtNtNtB7_4iter6traits8iterator8Iterator5count
0000000000000000 T _RNvXsE_NtNtCs4oJK16j4DDX_4core3fmt3numyNtB7_8UpperHex3fmt
0000000000000000 T _RNvXsE_NtNtCs4oJK16j4DDX_4core3num11niche_typesNtB5_15NonZeroU32InnerNtNtB9_3fmt5Debug3fmt
0000000000000000 T _RNvXsE_NtNtNtCs4oJK16j4DDX_4core3fmt3num3impjNtB9_8LowerExp3fmt
0000000000000000 T _RNvXsF_NtCs4oJK16j4DDX_4core4charNtB5_11ToTitlecaseNtNtNtNtB7_4iter6traits12double_ended19DoubleEndedIterator15advance_back_by
0000000000000000 T _RNvXsF_NtCs4oJK16j4DDX_4core4charNtB5_11ToTitlecaseNtNtNtNtB7_4iter6traits12double_ended19DoubleEndedIterator9next_back
0000000000000000 T _RNvXsF_NtNtCs4oJK16j4DDX_4core3fmt3numxNtB7_8UpperHex3fmt
0000000000000000 T _RNvXsF_NtNtNtCs4oJK16j4DDX_4core3fmt3num3impiNtB9_8UpperExp3fmt
0000000000000000 T _RNvXsG_NtNtCs4oJK16j4DDX_4core3fmt3numoNtB7_6Binary3fmt
0000000000000000 T _RNvXsG_NtNtNtCs4oJK16j4DDX_4core3fmt3num3impjNtB9_8UpperExp3fmt
0000000000000000 T _RNvXsH_NtNtCs4oJK16j4DDX_4core3fmt3numnNtB7_6Binary3fmt
0000000000000000 T _RNvXsI_NtNtCs4oJK16j4DDX_4core3fmt3numoNtB7_5Octal3fmt
0000000000000000 T _RNvXsJ_NtNtCs4oJK16j4DDX_4core3fmt3numnNtB7_5Octal3fmt
0000000000000000 T _RNvXsJ_NtNtCs4oJK16j4DDX_4core4sync6atomicINtB5_6AtomicaENtNtB9_3fmt5Debug3fmt
0000000000000000 T _RNvXsK_NtNtCs4oJK16j4DDX_4core3fmt3numoNtB7_8LowerHex3fmt
0000000000000000 T _RNvXsL_NtNtCs4oJK16j4DDX_4core3fmt3numnNtB7_8LowerHex3fmt
0000000000000000 T _RNvXsM_NtNtCs4oJK16j4DDX_4core3fmt3numoNtB7_8UpperHex3fmt
0000000000000000 T _RNvXsM_NtNtCs4oJK16j4DDX_4core3num11niche_typesNtB5_15NonZeroU64InnerNtNtB9_3fmt5Debug3fmt
0000000000000000 T _RNvXsN_NtNtCs4oJK16j4DDX_4core3fmt3numnNtB7_8UpperHex3fmt
0000000000000000 T _RNvXsN_NtNtCs4oJK16j4DDX_4core3str4iterNtB5_11EncodeUtf16NtNtB9_3fmt5Debug3fmt
0000000000000000 T _RNvXsN_NtNtCs4oJK16j4DDX_4core4sync6atomicINtB5_6AtomichENtNtB9_3fmt5Debug3fmt
0000000000000000 T _RNvXsO_NtCs4oJK16j4DDX_4core4charNtB5_11ToLowercaseNtNtNtNtB7_4iter6traits8iterator8Iterator10advance_by
0000000000000000 T _RNvXsO_NtCs4oJK16j4DDX_4core4charNtB5_11ToLowercaseNtNtNtNtB7_4iter6traits8iterator8Iterator24___iterator_get_unchecked
0000000000000000 T _RNvXsO_NtCs4oJK16j4DDX_4core4charNtB5_11ToLowercaseNtNtNtNtB7_4iter6traits8iterator8Iterator4last
0000000000000000 T _RNvXsO_NtCs4oJK16j4DDX_4core4charNtB5_11ToLowercaseNtNtNtNtB7_4iter6traits8iterator8Iterator4next
0000000000000000 T _RNvXsO_NtCs4oJK16j4DDX_4core4charNtB5_11ToLowercaseNtNtNtNtB7_4iter6traits8iterator8Iterator5count
0000000000000000 T _RNvXsP_NtCs4oJK16j4DDX_4core4charNtB5_11ToLowercaseNtNtNtNtB7_4iter6traits12double_ended19DoubleEndedIterator15advance_back_by
0000000000000000 T _RNvXsP_NtCs4oJK16j4DDX_4core4charNtB5_11ToLowercaseNtNtNtNtB7_4iter6traits12double_ended19DoubleEndedIterator9next_back
0000000000000000 T _RNvXsR_NtNtCs4oJK16j4DDX_4core4sync6atomicINtB5_6AtomicsENtNtB9_3fmt5Debug3fmt
0000000000000000 T _RNvXsU_NtNtCs4oJK16j4DDX_4core3num11niche_typesNtB5_16NonZeroU128InnerNtNtB9_3fmt5Debug3fmt
0000000000000000 T _RNvXsU_NtNtCs4oJK16j4DDX_4core3num7nonzeroINtB5_7NonZerohENtNtNtB9_3str6traits7FromStr8from_str
0000000000000000 T _RNvXsV_NtNtCs4oJK16j4DDX_4core4sync6atomicINtB5_6AtomictENtNtB9_3fmt5Debug3fmt
0000000000000000 T _RNvXsZ_NtNtCs4oJK16j4DDX_4core4sync6atomicINtB5_6AtomiclENtNtB9_3fmt5Debug3fmt
0000000000000000 T _RNvXs_NtCs4oJK16j4DDX_4core3anyDNtB4_3AnyEL_NtNtB6_3fmt5Debug3fmt
0000000000000000 T _RNvXs_NtCs4oJK16j4DDX_4core5allocNtB4_10AllocErrorNtNtB6_3fmt7Display3fmt
0000000000000000 T _RNvXs_NtNtCs4oJK16j4DDX_4core2io5errorNtB4_9ErrorKindNtNtB8_3fmt7Display3fmt
0000000000000000 T _RNvXs_NtNtCs4oJK16j4DDX_4core3fmt3numnNtB6_7Display3fmt
0000000000000000 T _RNvXs_NtNtCs4oJK16j4DDX_4core3mem9alignmentNtB4_9AlignmentNtNtB8_3fmt5Debug3fmt
0000000000000000 T _RNvXs_NtNtCs4oJK16j4DDX_4core3num11float_parseNtB4_15ParseFloatErrorNtNtB8_3fmt7Display3fmt
0000000000000000 T _RNvXs_NtNtCs4oJK16j4DDX_4core3num5errorNtB4_15TryFromIntErrorNtNtB8_3fmt7Display3fmt
0000000000000000 T _RNvXs_NtNtCs4oJK16j4DDX_4core3str4iterNtB4_5CharsNtNtB8_3fmt5Debug3fmt
0000000000000000 T _RNvXs_NtNtCs4oJK16j4DDX_4core3str5errorNtB4_9Utf8ErrorNtNtB8_3fmt7Display3fmt
0000000000000000 T _RNvXs_NtNtCs4oJK16j4DDX_4core5panic10panic_infoNtB4_9PanicInfoNtNtB8_3fmt7Display3fmt
0000000000000000 T _RNvXs_NtNtNtCs4oJK16j4DDX_4core3fmt3num3impaNtB8_7Display3fmt
0000000000000000 T _RNvXsa_NtCs4oJK16j4DDX_4core3anyNtB5_6TypeIdNtNtB7_3fmt5Debug3fmt
0000000000000000 T _RNvXsa_NtCs4oJK16j4DDX_4core3pathNtB5_12RangePattern7sub_one
0000000000000000 T _RNvXsa_NtCs4oJK16j4DDX_4core4timeNtB5_8DurationNtNtB7_3fmt5Debug3fmt
0000000000000000 T _RNvXsa_NtCs4oJK16j4DDX_4core4wtf8NtB5_14Wtf8CodePointsNtNtB7_3fmt5Debug3fmt
0000000000000000 T _RNvXsa_NtNtCs4oJK16j4DDX_4core3fmt3numhNtB7_6Binary3fmt
0000000000000000 T _RNvXsa_NtNtCs4oJK16j4DDX_4core3fmt5floatC3f16NtB7_5Debug3fmt
0000000000000000 T _RNvXsa_NtNtCs4oJK16j4DDX_4core3net6parserNtNtB7_11socket_addr10SocketAddrNtNtNtB9_3str6traits7FromStr8from_str
0000000000000000 T _RNvXsb_NtCs4oJK16j4DDX_4core3fmtNtB5_9FormatterNtB5_5Write10write_char
0000000000000000 T _RNvXsb_NtCs4oJK16j4DDX_4core3fmtNtB5_9FormatterNtB5_5Write9write_str
0000000000000000 T _RNvXsb_NtCs4oJK16j4DDX_4core3pattNtB5_12RangePattern7sub_one
0000000000000000 T _RNvXsb_NtCs4oJK16j4DDX_4core4timeNtB5_21TryFromFloatSecsErrorNtNtB7_3fmt7Display3fmt
0000000000000000 T _RNvXsb_NtNtCs4oJK16j4DDX_4core3fmt3numaNtB7_6Binary3fmt
0000000000000000 T _RNvXsb_NtNtCs4oJK16j4DDX_4core3fmt5floatC3f16NtB7_7Display3fmt
0000000000000000 T _RNvXsb_NtNtCs4oJK16j4DDX_4core3net6parserNtB5_14AddrParseErrorNtNtB9_3fmt7Display3fmt
0000000000000000 T _RNvXsc_NtCs4oJK16j4DDX_4core3fmtNtB5_5ErrorNtB5_7Display3fmt
0000000000000000 T _RNvXsc_NtCs4oJK16j4DDX_4core3patmNtB5_12RangePattern7sub_one
0000000000000000 T _RNvXsc_NtNtCs4oJK16j4DDX_4core3fmt3numhNtB7_5Octal3fmt
0000000000000000 T _RNvXsc_NtNtCs4oJK16j4DDX_4core3fmt5floatC3f16NtB7_8LowerExp3fmt
0000000000000000 T _RNvXsd_NtCs4oJK16j4DDX_4core3patyNtB5_12RangePattern7sub_one
0000000000000000 T _RNvXsd_NtCs4oJK16j4DDX_4core4wtf8NtB5_10EncodeWideNtNtB7_3fmt5Debug3fmt
0000000000000000 T _RNvXsd_NtNtCs4oJK16j4DDX_4core3fmt3numaNtB7_5Octal3fmt
0000000000000000 T _RNvXsd_NtNtCs4oJK16j4DDX_4core3fmt5floatC3f16NtB7_8UpperExp3fmt
0000000000000000 T _RNvXsd_NtNtCs4oJK16j4DDX_4core3num11niche_typesNtB5_11NanosecondsNtNtB9_3fmt5Debug3fmt
0000000000000000 T _RNvXsd_NtNtNtCs4oJK16j4DDX_4core3fmt3num3impyNtB9_7Display3fmt
0000000000000000 T _RNvXse_NtCs4oJK16j4DDX_4core3patoNtB5_12RangePattern7sub_one
0000000000000000 T _RNvXse_NtCs4oJK16j4DDX_4core4charNtB5_15CaseMappingIterNtNtNtNtB7_4iter6traits8iterator8Iterator10advance_by
0000000000000000 T _RNvXse_NtCs4oJK16j4DDX_4core4charNtB5_15CaseMappingIterNtNtNtNtB7_4iter6traits8iterator8Iterator24___iterator_get_unchecked
0000000000000000 T _RNvXse_NtCs4oJK16j4DDX_4core4charNtB5_15CaseMappingIterNtNtNtNtB7_4iter6traits8iterator8Iterator4last
0000000000000000 T _RNvXse_NtCs4oJK16j4DDX_4core4charNtB5_15CaseMappingIterNtNtNtNtB7_4iter6traits8iterator8Iterator4next
0000000000000000 T _RNvXse_NtCs4oJK16j4DDX_4core4charNtB5_15CaseMappingIterNtNtNtNtB7_4iter6traits8iterator8Iterator5count
0000000000000000 T _RNvXse_NtNtCs4oJK16j4DDX_4core3fmt3numhNtB7_8LowerHex3fmt
0000000000000000 T _RNvXse_NtNtNtCs4oJK16j4DDX_4core3fmt3num3impxNtB9_7Display3fmt
0000000000000000 T _RNvXsf_NtCs4oJK16j4DDX_4core3patjNtB5_12RangePattern7sub_one
0000000000000000 T _RNvXsf_NtCs4oJK16j4DDX_4core4charNtB5_15CaseMappingIterNtNtNtNtB7_4iter6traits12double_ended19DoubleEndedIterator15advance_back_by
0000000000000000 T _RNvXsf_NtCs4oJK16j4DDX_4core4charNtB5_15CaseMappingIterNtNtNtNtB7_4iter6traits12double_ended19DoubleEndedIterator9next_back
0000000000000000 T _RNvXsf_NtNtCs4oJK16j4DDX_4core3fmt3numaNtB7_8LowerHex3fmt
0000000000000000 T _RNvXsf_NtNtCs4oJK16j4DDX_4core4task4wakeNtB5_10LocalWakerNtNtB9_3fmt5Debug3fmt
0000000000000000 T _RNvXsg_NtCs4oJK16j4DDX_4core3fmtbNtB5_7Display3fmt
0000000000000000 T _RNvXsg_NtNtCs4oJK16j4DDX_4core3fmt3numhNtB7_8UpperHex3fmt
0000000000000000 T _RNvXsh_NtCs4oJK16j4DDX_4core3fmteNtB5_5Debug3fmt
0000000000000000 T _RNvXsh_NtNtCs4oJK16j4DDX_4core3fmt3numaNtB7_8UpperHex3fmt
0000000000000000 T _RNvXsi_NtCs4oJK16j4DDX_4core3fmteNtB5_7Display3fmt
0000000000000000 T _RNvXsi_NtNtCs4oJK16j4DDX_4core3fmt3numtNtB7_6Binary3fmt
0000000000000000 T _RNvXsi_NtNtNtCs4oJK16j4DDX_4core3fmt3num3impjNtB9_7Display3fmt
0000000000000000 T _RNvXsj_NtCs4oJK16j4DDX_4core3fmtcNtB5_5Debug3fmt
0000000000000000 T _RNvXsj_NtNtCs4oJK16j4DDX_4core3fmt3numsNtB7_6Binary3fmt
0000000000000000 T _RNvXsj_NtNtCs4oJK16j4DDX_4core3net7ip_addrNtB5_8Ipv6AddrNtNtB9_3fmt7Display3fmt
0000000000000000 T _RNvXsj_NtNtNtCs4oJK16j4DDX_4core3fmt3num3impiNtB9_7Display3fmt
0000000000000000 T _RNvXsk_NtCs4oJK16j4DDX_4core3fmtcNtB5_7Display3fmt
0000000000000000 T _RNvXsk_NtNtCs4oJK16j4DDX_4core3fmt3numtNtB7_5Octal3fmt
0000000000000000 T _RNvXsk_NtNtCs4oJK16j4DDX_4core3net7ip_addrNtB5_8Ipv6AddrNtNtB9_3fmt5Debug3fmt
0000000000000000 T _RNvXsl_NtNtCs4oJK16j4DDX_4core3fmt3numsNtB7_5Octal3fmt
0000000000000000 T _RNvXsm_NtCs4oJK16j4DDX_4core4charNtB5_16TryFromCharErrorNtNtB7_3fmt7Display3fmt
0000000000000000 T _RNvXsm_NtNtCs4oJK16j4DDX_4core3fmt3numtNtB7_8LowerHex3fmt
0000000000000000 T _RNvXsn_NtNtCs4oJK16j4DDX_4core3fmt3numsNtB7_8LowerHex3fmt
0000000000000000 T _RNvXsn_NtNtNtCs4oJK16j4DDX_4core3fmt3num3impaNtB9_8LowerExp3fmt
0000000000000000 T _RNvXso_NtNtCs4oJK16j4DDX_4core3fmt3numtNtB7_8UpperHex3fmt
0000000000000000 T _RNvXso_NtNtCs4oJK16j4DDX_4core3num11niche_typesNtB5_14NonZeroU8InnerNtNtB9_3fmt5Debug3fmt
0000000000000000 T _RNvXso_NtNtNtCs4oJK16j4DDX_4core3fmt3num3imphNtB9_8LowerExp3fmt
0000000000000000 T _RNvXsp_NtNtCs4oJK16j4DDX_4core3fmt3numsNtB7_8UpperHex3fmt
0000000000000000 T _RNvXsp_NtNtNtCs4oJK16j4DDX_4core3fmt3num3impaNtB9_8UpperExp3fmt
0000000000000000 T _RNvXsq_NtCs4oJK16j4DDX_4core4cellNtB5_11BorrowErrorNtNtB7_3fmt7Display3fmt
0000000000000000 T _RNvXsq_NtNtCs4oJK16j4DDX_4core3fmt3nummNtB7_6Binary3fmt
0000000000000000 T _RNvXsq_NtNtNtCs4oJK16j4DDX_4core3fmt3num3imphNtB9_8UpperExp3fmt
0000000000000000 T _RNvXsr_NtCs4oJK16j4DDX_4core4cellNtB5_14BorrowMutErrorNtNtB7_3fmt7Display3fmt
0000000000000000 T _RNvXsr_NtNtCs4oJK16j4DDX_4core3fmt3numlNtB7_6Binary3fmt
0000000000000000 T _RNvXsr_NtNtNtCs4oJK16j4DDX_4core3fmt3num3impsNtB9_8LowerExp3fmt
0000000000000000 T _RNvXss_NtNtCs4oJK16j4DDX_4core3fmt3nummNtB7_5Octal3fmt
0000000000000000 T _RNvXss_NtNtNtCs4oJK16j4DDX_4core3fmt3num3imptNtB9_8LowerExp3fmt
0000000000000000 T _RNvXst_NtNtCs4oJK16j4DDX_4core3fmt3numlNtB7_5Octal3fmt
0000000000000000 T _RNvXst_NtNtNtCs4oJK16j4DDX_4core3fmt3num3impsNtB9_8UpperExp3fmt
0000000000000000 T _RNvXsu_NtCs4oJK16j4DDX_4core4charNtB5_11ToUppercaseNtNtNtNtB7_4iter6traits8iterator8Iterator10advance_by
0000000000000000 T _RNvXsu_NtCs4oJK16j4DDX_4core4charNtB5_11ToUppercaseNtNtNtNtB7_4iter6traits8iterator8Iterator24___iterator_get_unchecked
0000000000000000 T _RNvXsu_NtCs4oJK16j4DDX_4core4charNtB5_11ToUppercaseNtNtNtNtB7_4iter6traits8iterator8Iterator4last
0000000000000000 T _RNvXsu_NtCs4oJK16j4DDX_4core4charNtB5_11ToUppercaseNtNtNtNtB7_4iter6traits8iterator8Iterator4next
0000000000000000 T _RNvXsu_NtCs4oJK16j4DDX_4core4charNtB5_11ToUppercaseNtNtNtNtB7_4iter6traits8iterator8Iterator5count
0000000000000000 T _RNvXsu_NtNtCs4oJK16j4DDX_4core3fmt3nummNtB7_8LowerHex3fmt
0000000000000000 T _RNvXsu_NtNtNtCs4oJK16j4DDX_4core3fmt3num3imptNtB9_8UpperExp3fmt
0000000000000000 T _RNvXsv_NtCs4oJK16j4DDX_4core4charNtB5_11ToUppercaseNtNtNtNtB7_4iter6traits12double_ended19DoubleEndedIterator15advance_back_by
0000000000000000 T _RNvXsv_NtCs4oJK16j4DDX_4core4charNtB5_11ToUppercaseNtNtNtNtB7_4iter6traits12double_ended19DoubleEndedIterator9next_back
0000000000000000 T _RNvXsv_NtNtCs4oJK16j4DDX_4core3fmt3numlNtB7_8LowerHex3fmt
0000000000000000 T _RNvXsv_NtNtNtCs4oJK16j4DDX_4core3fmt3num3implNtB9_8LowerExp3fmt
0000000000000000 T _RNvXsw_NtNtCs4oJK16j4DDX_4core3fmt3nummNtB7_8UpperHex3fmt
0000000000000000 T _RNvXsw_NtNtCs4oJK16j4DDX_4core3num11niche_typesNtB5_15NonZeroU16InnerNtNtB9_3fmt5Debug3fmt
0000000000000000 T _RNvXsw_NtNtNtCs4oJK16j4DDX_4core3fmt3num3impmNtB9_8LowerExp3fmt
0000000000000000 T _RNvXsx_NtNtCs4oJK16j4DDX_4core3fmt3numlNtB7_8UpperHex3fmt
0000000000000000 T _RNvXsx_NtNtNtCs4oJK16j4DDX_4core3fmt3num3implNtB9_8UpperExp3fmt
0000000000000000 T _RNvXsy_NtNtCs4oJK16j4DDX_4core3fmt3numyNtB7_6Binary3fmt
0000000000000000 T _RNvXsy_NtNtNtCs4oJK16j4DDX_4core3fmt3num3impmNtB9_8UpperExp3fmt
0000000000000000 T _RNvXsz_NtNtCs4oJK16j4DDX_4core3fmt3numxNtB7_6Binary3fmt
0000000000000000 T _RNvXsz_NtNtNtCs4oJK16j4DDX_4core3fmt3num3impxNtB9_8LowerExp3fmt

compiler_builtins-c9265278127b40d7.compiler_builtins.9411af7fca8d699d-cgu.000.rcgu.o:
0000000000000000 T _RNvNtNtCscIaqNbUfbzd_17compiler_builtins5float4conv11___floatdidf
0000000000000000 T _RNvNtNtCscIaqNbUfbzd_17compiler_builtins5float4conv11___floatdisf
0000000000000000 T _RNvNtNtCscIaqNbUfbzd_17compiler_builtins5float4conv11___floatsidf
0000000000000000 T _RNvNtNtCscIaqNbUfbzd_17compiler_builtins5float4conv11___floatsisf
0000000000000000 T _RNvNtNtCscIaqNbUfbzd_17compiler_builtins5float4conv11___floattidf
0000000000000000 T _RNvNtNtCscIaqNbUfbzd_17compiler_builtins5float4conv11___floattisf
0000000000000000 T _RNvNtNtCscIaqNbUfbzd_17compiler_builtins5float4conv12___fixunsdfdi
0000000000000000 T _RNvNtNtCscIaqNbUfbzd_17compiler_builtins5float4conv12___fixunsdfsi
0000000000000000 T _RNvNtNtCscIaqNbUfbzd_17compiler_builtins5float4conv12___fixunsdfti
0000000000000000 T _RNvNtNtCscIaqNbUfbzd_17compiler_builtins5float4conv12___fixunssfdi
0000000000000000 T _RNvNtNtCscIaqNbUfbzd_17compiler_builtins5float4conv12___fixunssfsi
0000000000000000 T _RNvNtNtCscIaqNbUfbzd_17compiler_builtins5float4conv12___fixunssfti
0000000000000000 T _RNvNtNtCscIaqNbUfbzd_17compiler_builtins5float4conv13___floatundidf
0000000000000000 T _RNvNtNtCscIaqNbUfbzd_17compiler_builtins5float4conv13___floatundisf
0000000000000000 T _RNvNtNtCscIaqNbUfbzd_17compiler_builtins5float4conv13___floatunsisf
0000000000000000 T _RNvNtNtCscIaqNbUfbzd_17compiler_builtins5float4conv13___floatuntidf
0000000000000000 T _RNvNtNtCscIaqNbUfbzd_17compiler_builtins5float4conv13___floatuntisf
0000000000000000 T _RNvNtNtCscIaqNbUfbzd_17compiler_builtins5float4conv9___fixdfdi
0000000000000000 T _RNvNtNtCscIaqNbUfbzd_17compiler_builtins5float4conv9___fixdfsi
0000000000000000 T _RNvNtNtCscIaqNbUfbzd_17compiler_builtins5float4conv9___fixdfti
0000000000000000 T _RNvNtNtCscIaqNbUfbzd_17compiler_builtins5float4conv9___fixsfdi
0000000000000000 T _RNvNtNtCscIaqNbUfbzd_17compiler_builtins5float4conv9___fixsfsi
0000000000000000 T _RNvNtNtCscIaqNbUfbzd_17compiler_builtins5float4conv9___fixsfti
0000000000000000 R anon.5e368cb0af0fb1052fcbdc475d6792f0.0.llvm.5436230141366809285
0000000000000000 D anon.5e368cb0af0fb1052fcbdc475d6792f0.1.llvm.5436230141366809285
0000000000000000 D anon.5e368cb0af0fb1052fcbdc475d6792f0.2.llvm.5436230141366809285

compiler_builtins-c9265278127b40d7.compiler_builtins.9411af7fca8d699d-cgu.001.rcgu.o:
0000000000000000 T _RINvNtNtCscIaqNbUfbzd_17compiler_builtins5float3add3addC3f16EB6_
0000000000000000 T _RNvNtNtCscIaqNbUfbzd_17compiler_builtins5float3add8___adddf3
0000000000000000 T _RNvNtNtCscIaqNbUfbzd_17compiler_builtins5float3add8___addsf3

compiler_builtins-c9265278127b40d7.compiler_builtins.9411af7fca8d699d-cgu.002.rcgu.o:
0000000000000000 T _RNvNtNtCscIaqNbUfbzd_17compiler_builtins5float3div8___divdf3
0000000000000000 T _RNvNtNtCscIaqNbUfbzd_17compiler_builtins5float3div8___divsf3

compiler_builtins-c9265278127b40d7.compiler_builtins.9411af7fca8d699d-cgu.003.rcgu.o:
0000000000000000 T _RINvNtNtCscIaqNbUfbzd_17compiler_builtins5float3mul3mulC3f16EB6_
0000000000000000 T _RNvNtNtCscIaqNbUfbzd_17compiler_builtins5float3mul8___muldf3
0000000000000000 T _RNvNtNtCscIaqNbUfbzd_17compiler_builtins5float3mul8___mulsf3

compiler_builtins-c9265278127b40d7.compiler_builtins.9411af7fca8d699d-cgu.004.rcgu.o:
0000000000000000 T _RNvNtNtNtCscIaqNbUfbzd_17compiler_builtins4math9libm_math3fma3fma
0000000000000000 T _RNvNtNtNtCscIaqNbUfbzd_17compiler_builtins4math9libm_math3fma4fmaf

compiler_builtins-c9265278127b40d7.compiler_builtins.9411af7fca8d699d-cgu.005.rcgu.o:
0000000000000000 T _RNvNtNtNtCscIaqNbUfbzd_17compiler_builtins4math9libm_math4sqrt4sqrt
0000000000000000 T _RNvNtNtNtCscIaqNbUfbzd_17compiler_builtins4math9libm_math4sqrt5sqrtf
0000000000000000 R anon.a7c884fcf6caf7b62e17c94b22f9856f.0.llvm.8422373944025305810
0000000000000000 D anon.a7c884fcf6caf7b62e17c94b22f9856f.1.llvm.8422373944025305810
0000000000000000 D anon.a7c884fcf6caf7b62e17c94b22f9856f.2.llvm.8422373944025305810

compiler_builtins-c9265278127b40d7.compiler_builtins.9411af7fca8d699d-cgu.006.rcgu.o:
0000000000000000 T _RINvNtNtNtNtCscIaqNbUfbzd_17compiler_builtins4math9libm_math7support7modular20linear_mul_reductionmEBa_
0000000000000000 T _RINvNtNtNtNtCscIaqNbUfbzd_17compiler_builtins4math9libm_math7support7modular20linear_mul_reductionyEBa_

compiler_builtins-c9265278127b40d7.compiler_builtins.9411af7fca8d699d-cgu.007.rcgu.o:
0000000000000000 T _RINvNtNtCscIaqNbUfbzd_17compiler_builtins5float5trunc5truncdC3f16EB6_
0000000000000000 T _RINvNtNtCscIaqNbUfbzd_17compiler_builtins5float5trunc5truncfC3f16EB6_
0000000000000000 T _RNvNtNtCscIaqNbUfbzd_17compiler_builtins5float5trunc12___truncdfsf2

compiler_builtins-c9265278127b40d7.compiler_builtins.9411af7fca8d699d-cgu.008.rcgu.o:
0000000000000000 T _RINvNtNtCscIaqNbUfbzd_17compiler_builtins5float3cmp3cmpC3f16EB6_
0000000000000000 T _RINvNtNtCscIaqNbUfbzd_17compiler_builtins5float3cmp5unordC3f16EB6_
0000000000000000 T _RNvNtNtCscIaqNbUfbzd_17compiler_builtins5float3cmp10___unorddf2
0000000000000000 T _RNvNtNtCscIaqNbUfbzd_17compiler_builtins5float3cmp10___unordsf2
0000000000000000 T _RNvNtNtCscIaqNbUfbzd_17compiler_builtins5float3cmp7___eqdf2
0000000000000000 T _RNvNtNtCscIaqNbUfbzd_17compiler_builtins5float3cmp7___eqsf2
0000000000000000 T _RNvNtNtCscIaqNbUfbzd_17compiler_builtins5float3cmp7___gedf2
0000000000000000 T _RNvNtNtCscIaqNbUfbzd_17compiler_builtins5float3cmp7___gesf2
0000000000000000 T _RNvNtNtCscIaqNbUfbzd_17compiler_builtins5float3cmp7___gtdf2
0000000000000000 T _RNvNtNtCscIaqNbUfbzd_17compiler_builtins5float3cmp7___gtsf2
0000000000000000 T _RNvNtNtCscIaqNbUfbzd_17compiler_builtins5float3cmp7___ledf2
0000000000000000 T _RNvNtNtCscIaqNbUfbzd_17compiler_builtins5float3cmp7___lesf2
0000000000000000 T _RNvNtNtCscIaqNbUfbzd_17compiler_builtins5float3cmp7___ltdf2
0000000000000000 T _RNvNtNtCscIaqNbUfbzd_17compiler_builtins5float3cmp7___ltsf2
0000000000000000 T _RNvNtNtCscIaqNbUfbzd_17compiler_builtins5float3cmp7___nedf2
0000000000000000 T _RNvNtNtCscIaqNbUfbzd_17compiler_builtins5float3cmp7___nesf2

compiler_builtins-c9265278127b40d7.compiler_builtins.9411af7fca8d699d-cgu.009.rcgu.o:
0000000000000000 T _RNvNtCscIaqNbUfbzd_17compiler_builtins3mem6memcpy
0000000000000000 T _RNvNtCscIaqNbUfbzd_17compiler_builtins3mem6memset
0000000000000000 T _RNvNtCscIaqNbUfbzd_17compiler_builtins3mem7memmove

compiler_builtins-c9265278127b40d7.compiler_builtins.9411af7fca8d699d-cgu.010.rcgu.o:
0000000000000000 T _RNvNtNtCscIaqNbUfbzd_17compiler_builtins3int3mul16___rust_i128_mulo
0000000000000000 T _RNvNtNtCscIaqNbUfbzd_17compiler_builtins3int3mul16___rust_u128_mulo
0000000000000000 T _RNvNtNtCscIaqNbUfbzd_17compiler_builtins3int3mul8___muldi3
0000000000000000 T _RNvNtNtCscIaqNbUfbzd_17compiler_builtins3int3mul8___multi3
0000000000000000 T _RNvNtNtCscIaqNbUfbzd_17compiler_builtins3int3mul9___mulodi4
0000000000000000 T _RNvNtNtCscIaqNbUfbzd_17compiler_builtins3int3mul9___mulosi4
0000000000000000 T _RNvNtNtCscIaqNbUfbzd_17compiler_builtins3int3mul9___muloti4

compiler_builtins-c9265278127b40d7.compiler_builtins.9411af7fca8d699d-cgu.011.rcgu.o:
0000000000000000 T _RINvNtNtNtNtCscIaqNbUfbzd_17compiler_builtins4math9libm_math7generic4fmod12into_sig_expC3f16EBa_
0000000000000000 T _RINvNtNtNtNtCscIaqNbUfbzd_17compiler_builtins4math9libm_math7generic4fmod12into_sig_expdEBa_
0000000000000000 T _RINvNtNtNtNtCscIaqNbUfbzd_17compiler_builtins4math9libm_math7generic4fmod12into_sig_expfEBa_
0000000000000000 T _RINvNtNtNtNtCscIaqNbUfbzd_17compiler_builtins4math9libm_math7generic4fmod9reductionC3f16EBa_
0000000000000000 T _RINvNtNtNtNtCscIaqNbUfbzd_17compiler_builtins4math9libm_math7generic4fmod9reductiondEBa_
0000000000000000 T _RINvNtNtNtNtCscIaqNbUfbzd_17compiler_builtins4math9libm_math7generic4fmod9reductionfEBa_
0000000000000000 R anon.5d5a8b8ce35116d49c1d6ab1c44e1860.0.llvm.9924276536588477108
0000000000000000 D anon.5d5a8b8ce35116d49c1d6ab1c44e1860.1.llvm.9924276536588477108

compiler_builtins-c9265278127b40d7.compiler_builtins.9411af7fca8d699d-cgu.012.rcgu.o:
0000000000000000 W sqrtf16

compiler_builtins-c9265278127b40d7.compiler_builtins.9411af7fca8d699d-cgu.013.rcgu.o:
0000000000000000 T _RINvNtNtCscIaqNbUfbzd_17compiler_builtins5float6extend6extendC3f16dEB6_
0000000000000000 T _RINvNtNtCscIaqNbUfbzd_17compiler_builtins5float6extend6extendC3f16fEB6_
0000000000000000 T _RNvNtNtCscIaqNbUfbzd_17compiler_builtins5float6extend13___extendsfdf2

compiler_builtins-c9265278127b40d7.compiler_builtins.9411af7fca8d699d-cgu.014.rcgu.o:
0000000000000000 T _RNvNtNtCscIaqNbUfbzd_17compiler_builtins3int5shift9___ashldi3
0000000000000000 T _RNvNtNtCscIaqNbUfbzd_17compiler_builtins3int5shift9___ashlsi3
0000000000000000 T _RNvNtNtCscIaqNbUfbzd_17compiler_builtins3int5shift9___ashlti3
0000000000000000 T _RNvNtNtCscIaqNbUfbzd_17compiler_builtins3int5shift9___ashrdi3
0000000000000000 T _RNvNtNtCscIaqNbUfbzd_17compiler_builtins3int5shift9___ashrsi3
0000000000000000 T _RNvNtNtCscIaqNbUfbzd_17compiler_builtins3int5shift9___ashrti3
0000000000000000 T _RNvNtNtCscIaqNbUfbzd_17compiler_builtins3int5shift9___lshrdi3
0000000000000000 T _RNvNtNtCscIaqNbUfbzd_17compiler_builtins3int5shift9___lshrsi3
0000000000000000 T _RNvNtNtCscIaqNbUfbzd_17compiler_builtins3int5shift9___lshrti3

compiler_builtins-c9265278127b40d7.compiler_builtins.9411af7fca8d699d-cgu.015.rcgu.o:
0000000000000000 T _RNvNtNtNtCscIaqNbUfbzd_17compiler_builtins4math9libm_math4cbrt4cbrt

compiler_builtins-c9265278127b40d7.compiler_builtins.9411af7fca8d699d-cgu.016.rcgu.o:
0000000000000000 T _RINvNtNtNtCscIaqNbUfbzd_17compiler_builtins5float4conv12int_to_float6signedldNvB2_15u32_to_f64_bitsEB8_
0000000000000000 T _RINvNtNtNtCscIaqNbUfbzd_17compiler_builtins5float4conv12int_to_float6signedlfNvB2_15u32_to_f32_bitsEB8_
0000000000000000 T _RINvNtNtNtCscIaqNbUfbzd_17compiler_builtins5float4conv12int_to_float6signedndNvB2_16u128_to_f64_bitsEB8_
0000000000000000 T _RINvNtNtNtCscIaqNbUfbzd_17compiler_builtins5float4conv12int_to_float6signednfNvB2_16u128_to_f32_bitsEB8_
0000000000000000 T _RINvNtNtNtCscIaqNbUfbzd_17compiler_builtins5float4conv12int_to_float6signedxdNvB2_15u64_to_f64_bitsEB8_
0000000000000000 T _RINvNtNtNtCscIaqNbUfbzd_17compiler_builtins5float4conv12int_to_float6signedxfNvB2_15u64_to_f32_bitsEB8_
0000000000000000 T _RNvNtNtNtCscIaqNbUfbzd_17compiler_builtins5float4conv12int_to_float15u32_to_f32_bits
0000000000000000 T _RNvNtNtNtCscIaqNbUfbzd_17compiler_builtins5float4conv12int_to_float15u64_to_f32_bits
0000000000000000 T _RNvNtNtNtCscIaqNbUfbzd_17compiler_builtins5float4conv12int_to_float15u64_to_f64_bits
0000000000000000 T _RNvNtNtNtCscIaqNbUfbzd_17compiler_builtins5float4conv12int_to_float16u128_to_f32_bits
0000000000000000 T _RNvNtNtNtCscIaqNbUfbzd_17compiler_builtins5float4conv12int_to_float16u128_to_f64_bits

compiler_builtins-c9265278127b40d7.compiler_builtins.9411af7fca8d699d-cgu.017.rcgu.o:
0000000000000000 T _RNvXNtNtNtNtCscIaqNbUfbzd_17compiler_builtins4math9libm_math7support10int_traitsdINtB2_8CastFromaE9cast_fromBa_
0000000000000000 T _RNvXNtNtNtNtCscIaqNbUfbzd_17compiler_builtins4math9libm_math7support10int_traitsdINtB2_8CastFromxE15cast_from_lossyBa_
0000000000000000 T _RNvXNtNtNtNtCscIaqNbUfbzd_17compiler_builtins4math9libm_math7support10int_traitshINtB2_8CastFrommE15cast_from_lossyBa_
0000000000000000 T _RNvXNtNtNtNtCscIaqNbUfbzd_17compiler_builtins4math9libm_math7support10int_traitshINtB2_8CastFromyE15cast_from_lossyBa_
0000000000000000 T _RNvXNtNtNtNtCscIaqNbUfbzd_17compiler_builtins4math9libm_math7support10int_traitsjINtB2_8CastFrommE9cast_fromBa_
0000000000000000 T _RNvXNtNtNtNtCscIaqNbUfbzd_17compiler_builtins4math9libm_math7support10int_traitsjINtB2_8CastFromyE9cast_fromBa_
0000000000000000 T _RNvXNtNtNtNtCscIaqNbUfbzd_17compiler_builtins4math9libm_math7support10int_traitsmINtB2_8CastFromlE15cast_from_lossyBa_
0000000000000000 T _RNvXNtNtNtNtCscIaqNbUfbzd_17compiler_builtins4math9libm_math7support10int_traitsmINtB2_8CastFrommE9cast_fromBa_
0000000000000000 T _RNvXNtNtNtNtCscIaqNbUfbzd_17compiler_builtins4math9libm_math7support10int_traitsmINtB2_8CastFromnE15cast_from_lossyBa_
0000000000000000 T _RNvXNtNtNtNtCscIaqNbUfbzd_17compiler_builtins4math9libm_math7support10int_traitsmINtB2_8CastFromtE9cast_fromBa_
0000000000000000 T _RNvXNtNtNtNtCscIaqNbUfbzd_17compiler_builtins4math9libm_math7support10int_traitsmINtB2_8CastFromxE15cast_from_lossyBa_
0000000000000000 T _RNvXNtNtNtNtCscIaqNbUfbzd_17compiler_builtins4math9libm_math7support10int_traitsmINtB2_8CastFromyE15cast_from_lossyBa_
0000000000000000 T _RNvXNtNtNtNtCscIaqNbUfbzd_17compiler_builtins4math9libm_math7support10int_traitsmINtB2_8CastFromyE9cast_fromBa_
0000000000000000 T _RNvXNtNtNtNtCscIaqNbUfbzd_17compiler_builtins4math9libm_math7support10int_traitstINtB2_8CastFrommE15cast_from_lossyBa_
0000000000000000 T _RNvXNtNtNtNtCscIaqNbUfbzd_17compiler_builtins4math9libm_math7support10int_traitstINtB2_8CastFrommE9cast_fromBa_
0000000000000000 T _RNvXNtNtNtNtCscIaqNbUfbzd_17compiler_builtins4math9libm_math7support10int_traitstINtB2_8CastFromtE9cast_fromBa_
0000000000000000 T _RNvXNtNtNtNtCscIaqNbUfbzd_17compiler_builtins4math9libm_math7support10int_traitstINtB2_8CastFromyE15cast_from_lossyBa_
0000000000000000 T _RNvXNtNtNtNtCscIaqNbUfbzd_17compiler_builtins4math9libm_math7support10int_traitsyINtB2_8CastFromlE15cast_from_lossyBa_
0000000000000000 T _RNvXNtNtNtNtCscIaqNbUfbzd_17compiler_builtins4math9libm_math7support10int_traitsyINtB2_8CastFrommE9cast_fromBa_
0000000000000000 T _RNvXNtNtNtNtCscIaqNbUfbzd_17compiler_builtins4math9libm_math7support10int_traitsyINtB2_8CastFromnE15cast_from_lossyBa_
0000000000000000 T _RNvXNtNtNtNtCscIaqNbUfbzd_17compiler_builtins4math9libm_math7support10int_traitsyINtB2_8CastFromxE15cast_from_lossyBa_
0000000000000000 T _RNvXs0_NtNtNtNtCscIaqNbUfbzd_17compiler_builtins4math9libm_math7support10int_traitsjNtB5_3Int12unsigned_abs
0000000000000000 T _RNvXs0_NtNtNtNtCscIaqNbUfbzd_17compiler_builtins4math9libm_math7support10int_traitsjNtB5_3Int3abs
0000000000000000 T _RNvXs0_NtNtNtNtCscIaqNbUfbzd_17compiler_builtins4math9libm_math7support10int_traitsjNtB5_3Int5ilog2
0000000000000000 T _RNvXs2_NtNtNtNtCscIaqNbUfbzd_17compiler_builtins4math9libm_math7support10int_traitsiNtB5_3Int5ilog2
0000000000000000 T _RNvXs4_NtNtNtNtCscIaqNbUfbzd_17compiler_builtins4math9libm_math7support10int_traitshNtB5_3Int12unsigned_abs
0000000000000000 T _RNvXs4_NtNtNtNtCscIaqNbUfbzd_17compiler_builtins4math9libm_math7support10int_traitshNtB5_3Int3abs
0000000000000000 T _RNvXs4_NtNtNtNtCscIaqNbUfbzd_17compiler_builtins4math9libm_math7support10int_traitshNtB5_3Int5ilog2
0000000000000000 T _RNvXs6_NtNtNtNtCscIaqNbUfbzd_17compiler_builtins4math9libm_math7support10int_traitsaNtB5_3Int5ilog2
0000000000000000 T _RNvXs8_NtNtNtNtCscIaqNbUfbzd_17compiler_builtins4math9libm_math7support10int_traitstNtB5_3Int12unsigned_abs
0000000000000000 T _RNvXs8_NtNtNtNtCscIaqNbUfbzd_17compiler_builtins4math9libm_math7support10int_traitstNtB5_3Int3abs
0000000000000000 T _RNvXs8_NtNtNtNtCscIaqNbUfbzd_17compiler_builtins4math9libm_math7support10int_traitstNtB5_3Int5ilog2
0000000000000000 T _RNvXsa_NtNtNtNtCscIaqNbUfbzd_17compiler_builtins4math9libm_math7support10int_traitssNtB5_3Int5ilog2
0000000000000000 T _RNvXsc_NtNtNtNtCscIaqNbUfbzd_17compiler_builtins4math9libm_math7support10int_traitsmNtB5_3Int12unsigned_abs
0000000000000000 T _RNvXsc_NtNtNtNtCscIaqNbUfbzd_17compiler_builtins4math9libm_math7support10int_traitsmNtB5_3Int3abs
0000000000000000 T _RNvXsc_NtNtNtNtCscIaqNbUfbzd_17compiler_builtins4math9libm_math7support10int_traitsmNtB5_3Int5ilog2
0000000000000000 T _RNvXse_NtNtNtNtCscIaqNbUfbzd_17compiler_builtins4math9libm_math7support10int_traitslNtB5_3Int5ilog2
0000000000000000 T _RNvXsg_NtNtNtNtCscIaqNbUfbzd_17compiler_builtins4math9libm_math7support10int_traitsyNtB5_3Int12unsigned_abs
0000000000000000 T _RNvXsg_NtNtNtNtCscIaqNbUfbzd_17compiler_builtins4math9libm_math7support10int_traitsyNtB5_3Int3abs
0000000000000000 T _RNvXsg_NtNtNtNtCscIaqNbUfbzd_17compiler_builtins4math9libm_math7support10int_traitsyNtB5_3Int5ilog2
0000000000000000 T _RNvXsi_NtNtNtNtCscIaqNbUfbzd_17compiler_builtins4math9libm_math7support10int_traitsxNtB5_3Int5ilog2
0000000000000000 T _RNvXsk_NtNtNtNtCscIaqNbUfbzd_17compiler_builtins4math9libm_math7support10int_traitsoNtB5_3Int12unsigned_abs
0000000000000000 T _RNvXsk_NtNtNtNtCscIaqNbUfbzd_17compiler_builtins4math9libm_math7support10int_traitsoNtB5_3Int3abs
0000000000000000 T _RNvXsk_NtNtNtNtCscIaqNbUfbzd_17compiler_builtins4math9libm_math7support10int_traitsoNtB5_3Int5ilog2
0000000000000000 T _RNvXsm_NtNtNtNtCscIaqNbUfbzd_17compiler_builtins4math9libm_math7support10int_traitsnNtB5_3Int5ilog2
0000000000000000 T _RNvYlNtNtNtNtNtCscIaqNbUfbzd_17compiler_builtins4math9libm_math7support10int_traits4DInt10from_lo_hiBd_
0000000000000000 T _RNvYmNtNtNtNtNtCscIaqNbUfbzd_17compiler_builtins4math9libm_math7support10int_traits4DInt10from_lo_hiBd_
0000000000000000 T _RNvYmNtNtNtNtNtCscIaqNbUfbzd_17compiler_builtins4math9libm_math7support10int_traits4DInt5lo_hiBd_
0000000000000000 T _RNvYnNtNtNtNtNtCscIaqNbUfbzd_17compiler_builtins4math9libm_math7support10int_traits4DInt10from_lo_hiBd_
0000000000000000 T _RNvYoNtNtNtNtNtCscIaqNbUfbzd_17compiler_builtins4math9libm_math7support10int_traits4DInt10from_lo_hiBd_
0000000000000000 T _RNvYoNtNtNtNtNtCscIaqNbUfbzd_17compiler_builtins4math9libm_math7support10int_traits4DInt5lo_hiBd_
0000000000000000 T _RNvYxNtNtNtNtNtCscIaqNbUfbzd_17compiler_builtins4math9libm_math7support10int_traits4DInt10from_lo_hiBd_
0000000000000000 T _RNvYyNtNtNtNtNtCscIaqNbUfbzd_17compiler_builtins4math9libm_math7support10int_traits4DInt10from_lo_hiBd_
0000000000000000 T _RNvYyNtNtNtNtNtCscIaqNbUfbzd_17compiler_builtins4math9libm_math7support10int_traits4DInt5lo_hiBd_

compiler_builtins-c9265278127b40d7.compiler_builtins.9411af7fca8d699d-cgu.018.rcgu.o:
0000000000000000 T _RNvNtNtCscIaqNbUfbzd_17compiler_builtins3int19specialized_div_rem12u128_div_rem

compiler_builtins-c9265278127b40d7.compiler_builtins.9411af7fca8d699d-cgu.019.rcgu.o:
0000000000000000 V DW.ref.rust_eh_personality
0000000000000000 T _RNvNtNtCscIaqNbUfbzd_17compiler_builtins3int4udiv12___udivmoddi4
0000000000000000 T _RNvNtNtCscIaqNbUfbzd_17compiler_builtins3int4udiv12___udivmodsi4
0000000000000000 T _RNvNtNtCscIaqNbUfbzd_17compiler_builtins3int4udiv12___udivmodti4
0000000000000000 T _RNvNtNtCscIaqNbUfbzd_17compiler_builtins3int4udiv9___udivdi3
0000000000000000 T _RNvNtNtCscIaqNbUfbzd_17compiler_builtins3int4udiv9___udivsi3
0000000000000000 T _RNvNtNtCscIaqNbUfbzd_17compiler_builtins3int4udiv9___udivti3
0000000000000000 T _RNvNtNtCscIaqNbUfbzd_17compiler_builtins3int4udiv9___umoddi3
0000000000000000 T _RNvNtNtCscIaqNbUfbzd_17compiler_builtins3int4udiv9___umodsi3
0000000000000000 T _RNvNtNtCscIaqNbUfbzd_17compiler_builtins3int4udiv9___umodti3

compiler_builtins-c9265278127b40d7.compiler_builtins.9411af7fca8d699d-cgu.020.rcgu.o:
0000000000000000 V DW.ref.rust_eh_personality
0000000000000000 T _RNvNtNtCscIaqNbUfbzd_17compiler_builtins3int4sdiv11___divmoddi4
0000000000000000 T _RNvNtNtCscIaqNbUfbzd_17compiler_builtins3int4sdiv11___divmodsi4
0000000000000000 T _RNvNtNtCscIaqNbUfbzd_17compiler_builtins3int4sdiv11___divmodti4
0000000000000000 T _RNvNtNtCscIaqNbUfbzd_17compiler_builtins3int4sdiv8___divdi3
0000000000000000 T _RNvNtNtCscIaqNbUfbzd_17compiler_builtins3int4sdiv8___divsi3
0000000000000000 T _RNvNtNtCscIaqNbUfbzd_17compiler_builtins3int4sdiv8___divti3
0000000000000000 T _RNvNtNtCscIaqNbUfbzd_17compiler_builtins3int4sdiv8___moddi3
0000000000000000 T _RNvNtNtCscIaqNbUfbzd_17compiler_builtins3int4sdiv8___modsi3
0000000000000000 T _RNvNtNtCscIaqNbUfbzd_17compiler_builtins3int4sdiv8___modti3

compiler_builtins-c9265278127b40d7.compiler_builtins.9411af7fca8d699d-cgu.021.rcgu.o:
0000000000000000 T _RNvYC3f16NtNtNtNtNtCscIaqNbUfbzd_17compiler_builtins4math9libm_math7support12float_traits5Float10from_partsBh_
0000000000000000 T _RNvYC3f16NtNtNtNtNtCscIaqNbUfbzd_17compiler_builtins4math9libm_math7support12float_traits5Float12canonicalizeBh_
0000000000000000 T _RNvYC3f16NtNtNtNtNtCscIaqNbUfbzd_17compiler_builtins4math9libm_math7support12float_traits5Float12exp_unbiasedBh_
0000000000000000 T _RNvYC3f16NtNtNtNtNtCscIaqNbUfbzd_17compiler_builtins4math9libm_math7support12float_traits5Float14to_bits_signedBh_
0000000000000000 T _RNvYC3f16NtNtNtNtNtCscIaqNbUfbzd_17compiler_builtins4math9libm_math7support12float_traits5Float16is_sign_positiveBh_
0000000000000000 T _RNvYC3f16NtNtNtNtNtCscIaqNbUfbzd_17compiler_builtins4math9libm_math7support12float_traits5Float2exBh_
0000000000000000 T _RNvYC3f16NtNtNtNtNtCscIaqNbUfbzd_17compiler_builtins4math9libm_math7support12float_traits5Float5biteqBh_
0000000000000000 T _RNvYdNtNtNtNtNtCscIaqNbUfbzd_17compiler_builtins4math9libm_math7support12float_traits5Float10from_partsBd_
0000000000000000 T _RNvYdNtNtNtNtNtCscIaqNbUfbzd_17compiler_builtins4math9libm_math7support12float_traits5Float12canonicalizeBd_
0000000000000000 T _RNvYdNtNtNtNtNtCscIaqNbUfbzd_17compiler_builtins4math9libm_math7support12float_traits5Float12exp_unbiasedBd_
0000000000000000 T _RNvYdNtNtNtNtNtCscIaqNbUfbzd_17compiler_builtins4math9libm_math7support12float_traits5Float14to_bits_signedBd_
0000000000000000 T _RNvYdNtNtNtNtNtCscIaqNbUfbzd_17compiler_builtins4math9libm_math7support12float_traits5Float16is_sign_positiveBd_
0000000000000000 T _RNvYdNtNtNtNtNtCscIaqNbUfbzd_17compiler_builtins4math9libm_math7support12float_traits5Float2exBd_
0000000000000000 T _RNvYdNtNtNtNtNtCscIaqNbUfbzd_17compiler_builtins4math9libm_math7support12float_traits5Float5biteqBd_
0000000000000000 T _RNvYfNtNtNtNtNtCscIaqNbUfbzd_17compiler_builtins4math9libm_math7support12float_traits5Float10from_partsBd_
0000000000000000 T _RNvYfNtNtNtNtNtCscIaqNbUfbzd_17compiler_builtins4math9libm_math7support12float_traits5Float12canonicalizeBd_
0000000000000000 T _RNvYfNtNtNtNtNtCscIaqNbUfbzd_17compiler_builtins4math9libm_math7support12float_traits5Float12exp_unbiasedBd_
0000000000000000 T _RNvYfNtNtNtNtNtCscIaqNbUfbzd_17compiler_builtins4math9libm_math7support12float_traits5Float14to_bits_signedBd_
0000000000000000 T _RNvYfNtNtNtNtNtCscIaqNbUfbzd_17compiler_builtins4math9libm_math7support12float_traits5Float16is_sign_positiveBd_
0000000000000000 T _RNvYfNtNtNtNtNtCscIaqNbUfbzd_17compiler_builtins4math9libm_math7support12float_traits5Float2exBd_
0000000000000000 T _RNvYfNtNtNtNtNtCscIaqNbUfbzd_17compiler_builtins4math9libm_math7support12float_traits5Float5biteqBd_
0000000000000000 R anon.4fa1f31457a359d12dfbcb83bdf685e0.0.llvm.11865895687025976621
0000000000000000 D anon.4fa1f31457a359d12dfbcb83bdf685e0.1.llvm.11865895687025976621

compiler_builtins-c9265278127b40d7.compiler_builtins.9411af7fca8d699d-cgu.022.rcgu.o:
0000000000000000 T _RNvNtNtNtCscIaqNbUfbzd_17compiler_builtins4math9libm_math4fmod4fmod
0000000000000000 T _RNvNtNtNtCscIaqNbUfbzd_17compiler_builtins4math9libm_math4fmod5fmodf
0000000000000000 R anon.98da3ee363c28ae4223e76b6a115e265.0.llvm.492611163543184360
0000000000000000 D anon.98da3ee363c28ae4223e76b6a115e265.1.llvm.492611163543184360

compiler_builtins-c9265278127b40d7.compiler_builtins.9411af7fca8d699d-cgu.023.rcgu.o:
0000000000000000 T _RNvNtNtNtCscIaqNbUfbzd_17compiler_builtins4math9libm_math4ceil4ceil
0000000000000000 T _RNvNtNtNtCscIaqNbUfbzd_17compiler_builtins4math9libm_math4ceil5ceilf

compiler_builtins-c9265278127b40d7.compiler_builtins.9411af7fca8d699d-cgu.024.rcgu.o:
0000000000000000 T _RINvNtNtNtNtNtCscIaqNbUfbzd_17compiler_builtins4math9libm_math7support10int_traits13narrowing_div23div_three_digits_by_twoyEBc_
0000000000000000 T _RNvYoNtNtNtNtNtNtCscIaqNbUfbzd_17compiler_builtins4math9libm_math7support10int_traits13narrowing_div12NarrowingDiv25checked_narrowing_div_remBf_
0000000000000000 T _RNvYyNtNtNtNtNtNtCscIaqNbUfbzd_17compiler_builtins4math9libm_math7support10int_traits13narrowing_div12NarrowingDiv25checked_narrowing_div_remBf_

compiler_builtins-c9265278127b40d7.compiler_builtins.9411af7fca8d699d-cgu.025.rcgu.o:
0000000000000000 T _RINvNtNtNtCscIaqNbUfbzd_17compiler_builtins3int13leading_zeros14implementation21leading_zeros_defaultmEB8_
0000000000000000 T _RINvNtNtNtCscIaqNbUfbzd_17compiler_builtins3int13leading_zeros14implementation21leading_zeros_defaultyEB8_
0000000000000000 R anon.74fbe05f61a0fc27e29452e30cfdb236.0.llvm.6409123771774653113
0000000000000000 D anon.74fbe05f61a0fc27e29452e30cfdb236.1.llvm.6409123771774653113

compiler_builtins-c9265278127b40d7.compiler_builtins.9411af7fca8d699d-cgu.026.rcgu.o:
0000000000000000 T _RNvNtNtCscIaqNbUfbzd_17compiler_builtins3int6addsub15___rust_i128_add
0000000000000000 T _RNvNtNtCscIaqNbUfbzd_17compiler_builtins3int6addsub15___rust_i128_sub
0000000000000000 T _RNvNtNtCscIaqNbUfbzd_17compiler_builtins3int6addsub15___rust_u128_add
0000000000000000 T _RNvNtNtCscIaqNbUfbzd_17compiler_builtins3int6addsub15___rust_u128_sub
0000000000000000 T _RNvNtNtCscIaqNbUfbzd_17compiler_builtins3int6addsub16___rust_i128_addo
0000000000000000 T _RNvNtNtCscIaqNbUfbzd_17compiler_builtins3int6addsub16___rust_i128_subo
0000000000000000 T _RNvNtNtCscIaqNbUfbzd_17compiler_builtins3int6addsub16___rust_u128_addo
0000000000000000 T _RNvNtNtCscIaqNbUfbzd_17compiler_builtins3int6addsub16___rust_u128_subo

compiler_builtins-c9265278127b40d7.compiler_builtins.9411af7fca8d699d-cgu.027.rcgu.o:
0000000000000000 T _RNvNtNtNtCscIaqNbUfbzd_17compiler_builtins4math9libm_math5floor5floor
0000000000000000 T _RNvNtNtNtCscIaqNbUfbzd_17compiler_builtins4math9libm_math5floor6floorf

compiler_builtins-c9265278127b40d7.compiler_builtins.9411af7fca8d699d-cgu.028.rcgu.o:
0000000000000000 T _RNvNtNtNtCscIaqNbUfbzd_17compiler_builtins4math9libm_math5round5round
0000000000000000 T _RNvNtNtNtCscIaqNbUfbzd_17compiler_builtins4math9libm_math5round6roundf

compiler_builtins-c9265278127b40d7.compiler_builtins.9411af7fca8d699d-cgu.029.rcgu.o:
0000000000000000 T _RNvNtNtNtCscIaqNbUfbzd_17compiler_builtins4math9libm_math17fminimum_fmaximum8fmaximum
0000000000000000 T _RNvNtNtNtCscIaqNbUfbzd_17compiler_builtins4math9libm_math17fminimum_fmaximum8fminimum
0000000000000000 T _RNvNtNtNtCscIaqNbUfbzd_17compiler_builtins4math9libm_math17fminimum_fmaximum9fmaximumf
0000000000000000 T _RNvNtNtNtCscIaqNbUfbzd_17compiler_builtins4math9libm_math17fminimum_fmaximum9fminimumf

compiler_builtins-c9265278127b40d7.compiler_builtins.9411af7fca8d699d-cgu.030.rcgu.o:
0000000000000000 T _RNvNtNtNtCscIaqNbUfbzd_17compiler_builtins4math9libm_math21fminimum_fmaximum_num12fmaximum_num
0000000000000000 T _RNvNtNtNtCscIaqNbUfbzd_17compiler_builtins4math9libm_math21fminimum_fmaximum_num12fminimum_num
0000000000000000 T _RNvNtNtNtCscIaqNbUfbzd_17compiler_builtins4math9libm_math21fminimum_fmaximum_num13fmaximum_numf
0000000000000000 T _RNvNtNtNtCscIaqNbUfbzd_17compiler_builtins4math9libm_math21fminimum_fmaximum_num13fminimum_numf

compiler_builtins-c9265278127b40d7.compiler_builtins.9411af7fca8d699d-cgu.031.rcgu.o:
0000000000000000 T _RINvNtNtNtCscIaqNbUfbzd_17compiler_builtins3int14trailing_zeros14implementation14trailing_zerosmEB8_
0000000000000000 T _RINvNtNtNtCscIaqNbUfbzd_17compiler_builtins3int14trailing_zeros14implementation14trailing_zerosyEB8_

compiler_builtins-c9265278127b40d7.compiler_builtins.9411af7fca8d699d-cgu.032.rcgu.o:
0000000000000000 V DW.ref.rust_eh_personality
0000000000000000 T _RNvNtNtCscIaqNbUfbzd_17compiler_builtins4math17full_availability10roundevenf
0000000000000000 T _RNvNtNtCscIaqNbUfbzd_17compiler_builtins4math17full_availability12fmaximum_num
0000000000000000 T _RNvNtNtCscIaqNbUfbzd_17compiler_builtins4math17full_availability12fminimum_num
0000000000000000 T _RNvNtNtCscIaqNbUfbzd_17compiler_builtins4math17full_availability13fmaximum_numf
0000000000000000 T _RNvNtNtCscIaqNbUfbzd_17compiler_builtins4math17full_availability13fminimum_numf
0000000000000000 T _RNvNtNtCscIaqNbUfbzd_17compiler_builtins4math17full_availability3fma
0000000000000000 T _RNvNtNtCscIaqNbUfbzd_17compiler_builtins4math17full_availability4cbrt
0000000000000000 T _RNvNtNtCscIaqNbUfbzd_17compiler_builtins4math17full_availability4ceil
0000000000000000 T _RNvNtNtCscIaqNbUfbzd_17compiler_builtins4math17full_availability4fmaf
0000000000000000 T _RNvNtNtCscIaqNbUfbzd_17compiler_builtins4math17full_availability4fmax
0000000000000000 T _RNvNtNtCscIaqNbUfbzd_17compiler_builtins4math17full_availability4fmin
0000000000000000 T _RNvNtNtCscIaqNbUfbzd_17compiler_builtins4math17full_availability4fmod
0000000000000000 T _RNvNtNtCscIaqNbUfbzd_17compiler_builtins4math17full_availability4rint
0000000000000000 T _RNvNtNtCscIaqNbUfbzd_17compiler_builtins4math17full_availability4sqrt
0000000000000000 T _RNvNtNtCscIaqNbUfbzd_17compiler_builtins4math17full_availability5cbrtf
0000000000000000 T _RNvNtNtCscIaqNbUfbzd_17compiler_builtins4math17full_availability5ceilf
0000000000000000 T _RNvNtNtCscIaqNbUfbzd_17compiler_builtins4math17full_availability5floor
0000000000000000 T _RNvNtNtCscIaqNbUfbzd_17compiler_builtins4math17full_availability5fmaxf
0000000000000000 T _RNvNtNtCscIaqNbUfbzd_17compiler_builtins4math17full_availability5fminf
0000000000000000 T _RNvNtNtCscIaqNbUfbzd_17compiler_builtins4math17full_availability5fmodf
0000000000000000 T _RNvNtNtCscIaqNbUfbzd_17compiler_builtins4math17full_availability5rintf
0000000000000000 T _RNvNtNtCscIaqNbUfbzd_17compiler_builtins4math17full_availability5round
0000000000000000 T _RNvNtNtCscIaqNbUfbzd_17compiler_builtins4math17full_availability5sqrtf
0000000000000000 T _RNvNtNtCscIaqNbUfbzd_17compiler_builtins4math17full_availability5trunc
0000000000000000 T _RNvNtNtCscIaqNbUfbzd_17compiler_builtins4math17full_availability6floorf
0000000000000000 T _RNvNtNtCscIaqNbUfbzd_17compiler_builtins4math17full_availability6roundf
0000000000000000 T _RNvNtNtCscIaqNbUfbzd_17compiler_builtins4math17full_availability6truncf
0000000000000000 T _RNvNtNtCscIaqNbUfbzd_17compiler_builtins4math17full_availability8copysign
0000000000000000 T _RNvNtNtCscIaqNbUfbzd_17compiler_builtins4math17full_availability8fmaximum
0000000000000000 T _RNvNtNtCscIaqNbUfbzd_17compiler_builtins4math17full_availability8fminimum
0000000000000000 T _RNvNtNtCscIaqNbUfbzd_17compiler_builtins4math17full_availability9copysignf
0000000000000000 T _RNvNtNtCscIaqNbUfbzd_17compiler_builtins4math17full_availability9fmaximumf
0000000000000000 T _RNvNtNtCscIaqNbUfbzd_17compiler_builtins4math17full_availability9fminimumf
0000000000000000 T _RNvNtNtCscIaqNbUfbzd_17compiler_builtins4math17full_availability9roundeven

compiler_builtins-c9265278127b40d7.compiler_builtins.9411af7fca8d699d-cgu.033.rcgu.o:
0000000000000000 T _RNvNtNtNtCscIaqNbUfbzd_17compiler_builtins4math9libm_math4rint4rint
0000000000000000 T _RNvNtNtNtCscIaqNbUfbzd_17compiler_builtins4math9libm_math4rint5rintf

compiler_builtins-c9265278127b40d7.compiler_builtins.9411af7fca8d699d-cgu.034.rcgu.o:
0000000000000000 W fmodf16

compiler_builtins-c9265278127b40d7.compiler_builtins.9411af7fca8d699d-cgu.035.rcgu.o:
0000000000000000 W ceilf16

compiler_builtins-c9265278127b40d7.compiler_builtins.9411af7fca8d699d-cgu.036.rcgu.o:
0000000000000000 T _RNvXs2_NtNtNtNtCscIaqNbUfbzd_17compiler_builtins4math9libm_math7support3bigoNtNtB7_10int_traits4HInt9widen_mul
0000000000000000 T _RNvXs2_NtNtNtNtNtCscIaqNbUfbzd_17compiler_builtins4math9libm_math7support10int_traits13narrowing_divNtNtB9_3big4u256NtB5_12NarrowingDiv27unchecked_narrowing_div_rem
0000000000000000 T _RNvXs3_NtNtNtNtCscIaqNbUfbzd_17compiler_builtins4math9libm_math7support3bignNtNtB7_10int_traits4HInt14zero_widen_mul
0000000000000000 T _RNvXs3_NtNtNtNtCscIaqNbUfbzd_17compiler_builtins4math9libm_math7support3bignNtNtB7_10int_traits4HInt9widen_mul
0000000000000000 T _RNvXs6_NtNtNtNtCscIaqNbUfbzd_17compiler_builtins4math9libm_math7support3bigNtB5_4u256NtNtCs4oJK16j4DDX_4core3fmt5Debug3fmt
0000000000000000 T _RNvXs7_NtNtNtNtCscIaqNbUfbzd_17compiler_builtins4math9libm_math7support3bigNtB5_4i256NtNtCs4oJK16j4DDX_4core3fmt5Debug3fmt
0000000000000000 T _RNvXs8_NtNtNtNtCscIaqNbUfbzd_17compiler_builtins4math9libm_math7support3bigNtB5_4u256NtNtCs4oJK16j4DDX_4core3fmt8LowerHex3fmt
0000000000000000 T _RNvXs9_NtNtNtNtCscIaqNbUfbzd_17compiler_builtins4math9libm_math7support3bigNtB5_4i256NtNtCs4oJK16j4DDX_4core3fmt8LowerHex3fmt

compiler_builtins-c9265278127b40d7.compiler_builtins.9411af7fca8d699d-cgu.037.rcgu.o:
0000000000000000 T _RNvNtNtNtCscIaqNbUfbzd_17compiler_builtins4math9libm_math5trunc5trunc
0000000000000000 T _RNvNtNtNtCscIaqNbUfbzd_17compiler_builtins4math9libm_math5trunc6truncf

compiler_builtins-c9265278127b40d7.compiler_builtins.9411af7fca8d699d-cgu.038.rcgu.o:
0000000000000000 W floorf16

compiler_builtins-c9265278127b40d7.compiler_builtins.9411af7fca8d699d-cgu.039.rcgu.o:
0000000000000000 W roundf16

compiler_builtins-c9265278127b40d7.compiler_builtins.9411af7fca8d699d-cgu.040.rcgu.o:
0000000000000000 T _RNvNtNtNtCscIaqNbUfbzd_17compiler_builtins4math9libm_math9fmin_fmax4fmax
0000000000000000 T _RNvNtNtNtCscIaqNbUfbzd_17compiler_builtins4math9libm_math9fmin_fmax4fmin
0000000000000000 T _RNvNtNtNtCscIaqNbUfbzd_17compiler_builtins4math9libm_math9fmin_fmax5fmaxf
0000000000000000 T _RNvNtNtNtCscIaqNbUfbzd_17compiler_builtins4math9libm_math9fmin_fmax5fminf

compiler_builtins-c9265278127b40d7.compiler_builtins.9411af7fca8d699d-cgu.041.rcgu.o:
0000000000000000 T _RNvNtNtCscIaqNbUfbzd_17compiler_builtins5float3pow9___powidf2
0000000000000000 T _RNvNtNtCscIaqNbUfbzd_17compiler_builtins5float3pow9___powisf2

compiler_builtins-c9265278127b40d7.compiler_builtins.9411af7fca8d699d-cgu.042.rcgu.o:
0000000000000000 W roundevenf16

compiler_builtins-c9265278127b40d7.compiler_builtins.9411af7fca8d699d-cgu.043.rcgu.o:
0000000000000000 W rintf16

compiler_builtins-c9265278127b40d7.compiler_builtins.9411af7fca8d699d-cgu.044.rcgu.o:
0000000000000000 T _RNvMNtNtNtNtCscIaqNbUfbzd_17compiler_builtins4math9libm_math7generic3fmaINtB2_4NormdE10from_floatBa_

compiler_builtins-c9265278127b40d7.compiler_builtins.9411af7fca8d699d-cgu.045.rcgu.o:
0000000000000000 W truncf16

compiler_builtins-c9265278127b40d7.compiler_builtins.9411af7fca8d699d-cgu.046.rcgu.o:
0000000000000000 T _RNvNtNtNtCscIaqNbUfbzd_17compiler_builtins4math9libm_math8copysign8copysign
0000000000000000 T _RNvNtNtNtCscIaqNbUfbzd_17compiler_builtins4math9libm_math8copysign9copysignf

compiler_builtins-c9265278127b40d7.compiler_builtins.9411af7fca8d699d-cgu.047.rcgu.o:
0000000000000000 W fminimum_numf16

compiler_builtins-c9265278127b40d7.compiler_builtins.9411af7fca8d699d-cgu.048.rcgu.o:
0000000000000000 W fmaximum_numf16

compiler_builtins-c9265278127b40d7.compiler_builtins.9411af7fca8d699d-cgu.049.rcgu.o:
0000000000000000 W fminimumf16

compiler_builtins-c9265278127b40d7.compiler_builtins.9411af7fca8d699d-cgu.050.rcgu.o:
0000000000000000 W fmaximumf16

compiler_builtins-c9265278127b40d7.compiler_builtins.9411af7fca8d699d-cgu.051.rcgu.o:
0000000000000000 W copysignf16

compiler_builtins-c9265278127b40d7.compiler_builtins.9411af7fca8d699d-cgu.052.rcgu.o:
0000000000000000 W fminf16

compiler_builtins-c9265278127b40d7.compiler_builtins.9411af7fca8d699d-cgu.053.rcgu.o:
0000000000000000 W fmaxf16

compiler_builtins-c9265278127b40d7.compiler_builtins.9411af7fca8d699d-cgu.054.rcgu.o:
0000000000000000 W __floatunsidf

compiler_builtins-c9265278127b40d7.compiler_builtins.9411af7fca8d699d-cgu.055.rcgu.o:
0000000000000000 T _RNvNtNtCscIaqNbUfbzd_17compiler_builtins3int13leading_zeros8___clzdi2
0000000000000000 T _RNvNtNtCscIaqNbUfbzd_17compiler_builtins3int13leading_zeros8___clzsi2
0000000000000000 T _RNvNtNtCscIaqNbUfbzd_17compiler_builtins3int13leading_zeros8___clzti2

compiler_builtins-c9265278127b40d7.compiler_builtins.9411af7fca8d699d-cgu.056.rcgu.o:
0000000000000000 T _RNvNtNtCscIaqNbUfbzd_17compiler_builtins3int14trailing_zeros8___ctzdi2
0000000000000000 T _RNvNtNtCscIaqNbUfbzd_17compiler_builtins3int14trailing_zeros8___ctzsi2
0000000000000000 T _RNvNtNtCscIaqNbUfbzd_17compiler_builtins3int14trailing_zeros8___ctzti2

compiler_builtins-c9265278127b40d7.compiler_builtins.9411af7fca8d699d-cgu.057.rcgu.o:
0000000000000000 W __nehf2

compiler_builtins-c9265278127b40d7.compiler_builtins.9411af7fca8d699d-cgu.058.rcgu.o:
0000000000000000 W __gehf2

compiler_builtins-c9265278127b40d7.compiler_builtins.9411af7fca8d699d-cgu.059.rcgu.o:
0000000000000000 W __lthf2

compiler_builtins-c9265278127b40d7.compiler_builtins.9411af7fca8d699d-cgu.060.rcgu.o:
0000000000000000 W __lehf2

compiler_builtins-c9265278127b40d7.compiler_builtins.9411af7fca8d699d-cgu.061.rcgu.o:
0000000000000000 W __gthf2

compiler_builtins-c9265278127b40d7.compiler_builtins.9411af7fca8d699d-cgu.062.rcgu.o:
0000000000000000 W __eqhf2

compiler_builtins-c9265278127b40d7.compiler_builtins.9411af7fca8d699d-cgu.063.rcgu.o:
0000000000000000 T _RNvNtNtCscIaqNbUfbzd_17compiler_builtins5float3sub8___subdf3
0000000000000000 T _RNvNtNtCscIaqNbUfbzd_17compiler_builtins5float3sub8___subsf3

compiler_builtins-c9265278127b40d7.compiler_builtins.9411af7fca8d699d-cgu.064.rcgu.o:
0000000000000000 W fdim

compiler_builtins-c9265278127b40d7.compiler_builtins.9411af7fca8d699d-cgu.065.rcgu.o:
0000000000000000 W fdimf16

compiler_builtins-c9265278127b40d7.compiler_builtins.9411af7fca8d699d-cgu.066.rcgu.o:
0000000000000000 W fdimf

compiler_builtins-c9265278127b40d7.compiler_builtins.9411af7fca8d699d-cgu.067.rcgu.o:
0000000000000000 V DW.ref.rust_eh_personality
0000000000000000 W __subhf3

compiler_builtins-c9265278127b40d7.compiler_builtins.9411af7fca8d699d-cgu.068.rcgu.o:
0000000000000000 T _RNvNtNtNtCscIaqNbUfbzd_17compiler_builtins4math9libm_math9roundeven10roundevenf
0000000000000000 T _RNvNtNtNtCscIaqNbUfbzd_17compiler_builtins4math9libm_math9roundeven9roundeven

compiler_builtins-c9265278127b40d7.compiler_builtins.9411af7fca8d699d-cgu.069.rcgu.o:
0000000000000000 W fabs

compiler_builtins-c9265278127b40d7.compiler_builtins.9411af7fca8d699d-cgu.070.rcgu.o:
0000000000000000 W fabsf

compiler_builtins-c9265278127b40d7.compiler_builtins.9411af7fca8d699d-cgu.071.rcgu.o:
0000000000000000 W fabsf16

compiler_builtins-c9265278127b40d7.compiler_builtins.9411af7fca8d699d-cgu.072.rcgu.o:
0000000000000000 W __unordhf2

compiler_builtins-c9265278127b40d7.compiler_builtins.9411af7fca8d699d-cgu.073.rcgu.o:
0000000000000000 W __fixdfti

compiler_builtins-c9265278127b40d7.compiler_builtins.9411af7fca8d699d-cgu.074.rcgu.o:
0000000000000000 V DW.ref.rust_eh_personality
0000000000000000 W __umodti3

compiler_builtins-c9265278127b40d7.compiler_builtins.9411af7fca8d699d-cgu.075.rcgu.o:
0000000000000000 W rintf

compiler_builtins-c9265278127b40d7.compiler_builtins.9411af7fca8d699d-cgu.076.rcgu.o:
0000000000000000 W __lshrsi3

compiler_builtins-c9265278127b40d7.compiler_builtins.9411af7fca8d699d-cgu.077.rcgu.o:
0000000000000000 W __floatsidf

compiler_builtins-c9265278127b40d7.compiler_builtins.9411af7fca8d699d-cgu.078.rcgu.o:
0000000000000000 W __udivmoddi4

compiler_builtins-c9265278127b40d7.compiler_builtins.9411af7fca8d699d-cgu.079.rcgu.o:
0000000000000000 W __rust_u128_sub

compiler_builtins-c9265278127b40d7.compiler_builtins.9411af7fca8d699d-cgu.080.rcgu.o:
0000000000000000 W __nesf2

compiler_builtins-c9265278127b40d7.compiler_builtins.9411af7fca8d699d-cgu.081.rcgu.o:
0000000000000000 W round

compiler_builtins-c9265278127b40d7.compiler_builtins.9411af7fca8d699d-cgu.082.rcgu.o:
0000000000000000 W truncf

compiler_builtins-c9265278127b40d7.compiler_builtins.9411af7fca8d699d-cgu.083.rcgu.o:
0000000000000000 W __eqdf2

compiler_builtins-c9265278127b40d7.compiler_builtins.9411af7fca8d699d-cgu.084.rcgu.o:
0000000000000000 W __floattidf

compiler_builtins-c9265278127b40d7.compiler_builtins.9411af7fca8d699d-cgu.085.rcgu.o:
0000000000000000 W __ctzti2

compiler_builtins-c9265278127b40d7.compiler_builtins.9411af7fca8d699d-cgu.086.rcgu.o:
0000000000000000 W __ashldi3

compiler_builtins-c9265278127b40d7.compiler_builtins.9411af7fca8d699d-cgu.087.rcgu.o:
0000000000000000 W __unordsf2

compiler_builtins-c9265278127b40d7.compiler_builtins.9411af7fca8d699d-cgu.088.rcgu.o:
0000000000000000 W __powidf2

compiler_builtins-c9265278127b40d7.compiler_builtins.9411af7fca8d699d-cgu.089.rcgu.o:
0000000000000000 W __floattisf

compiler_builtins-c9265278127b40d7.compiler_builtins.9411af7fca8d699d-cgu.090.rcgu.o:
0000000000000000 W __gnu_f2h_ieee

compiler_builtins-c9265278127b40d7.compiler_builtins.9411af7fca8d699d-cgu.091.rcgu.o:
0000000000000000 V DW.ref.rust_eh_personality
0000000000000000 W __mulhf3

compiler_builtins-c9265278127b40d7.compiler_builtins.9411af7fca8d699d-cgu.092.rcgu.o:
0000000000000000 W __floatdidf

compiler_builtins-c9265278127b40d7.compiler_builtins.9411af7fca8d699d-cgu.093.rcgu.o:
0000000000000000 W __ltsf2

compiler_builtins-c9265278127b40d7.compiler_builtins.9411af7fca8d699d-cgu.094.rcgu.o:
0000000000000000 W fmax

compiler_builtins-c9265278127b40d7.compiler_builtins.9411af7fca8d699d-cgu.095.rcgu.o:
0000000000000000 W __truncdfhf2

compiler_builtins-c9265278127b40d7.compiler_builtins.9411af7fca8d699d-cgu.096.rcgu.o:
0000000000000000 W fmaf

compiler_builtins-c9265278127b40d7.compiler_builtins.9411af7fca8d699d-cgu.097.rcgu.o:
0000000000000000 W floor

compiler_builtins-c9265278127b40d7.compiler_builtins.9411af7fca8d699d-cgu.098.rcgu.o:
0000000000000000 W fmaxf

compiler_builtins-c9265278127b40d7.compiler_builtins.9411af7fca8d699d-cgu.099.rcgu.o:
0000000000000000 W __multi3

compiler_builtins-c9265278127b40d7.compiler_builtins.9411af7fca8d699d-cgu.100.rcgu.o:
0000000000000000 W fmaximum

compiler_builtins-c9265278127b40d7.compiler_builtins.9411af7fca8d699d-cgu.101.rcgu.o:
0000000000000000 W __subsf3

compiler_builtins-c9265278127b40d7.compiler_builtins.9411af7fca8d699d-cgu.102.rcgu.o:
0000000000000000 W __gesf2

compiler_builtins-c9265278127b40d7.compiler_builtins.9411af7fca8d699d-cgu.103.rcgu.o:
0000000000000000 W __mulosi4

compiler_builtins-c9265278127b40d7.compiler_builtins.9411af7fca8d699d-cgu.104.rcgu.o:
0000000000000000 W __bswapsi2

compiler_builtins-c9265278127b40d7.compiler_builtins.9411af7fca8d699d-cgu.105.rcgu.o:
0000000000000000 W cbrtf

compiler_builtins-c9265278127b40d7.compiler_builtins.9411af7fca8d699d-cgu.106.rcgu.o:
0000000000000000 W fmaximum_numf

compiler_builtins-c9265278127b40d7.compiler_builtins.9411af7fca8d699d-cgu.107.rcgu.o:
0000000000000000 W __udivdi3

compiler_builtins-c9265278127b40d7.compiler_builtins.9411af7fca8d699d-cgu.108.rcgu.o:
0000000000000000 W __muloti4

compiler_builtins-c9265278127b40d7.compiler_builtins.9411af7fca8d699d-cgu.109.rcgu.o:
0000000000000000 V DW.ref.rust_eh_personality
0000000000000000 W __udivti3

compiler_builtins-c9265278127b40d7.compiler_builtins.9411af7fca8d699d-cgu.110.rcgu.o:
0000000000000000 W ceil

compiler_builtins-c9265278127b40d7.compiler_builtins.9411af7fca8d699d-cgu.111.rcgu.o:
0000000000000000 W fmaximum_num

compiler_builtins-c9265278127b40d7.compiler_builtins.9411af7fca8d699d-cgu.112.rcgu.o:
0000000000000000 W __clzsi2

compiler_builtins-c9265278127b40d7.compiler_builtins.9411af7fca8d699d-cgu.113.rcgu.o:
0000000000000000 W roundeven

compiler_builtins-c9265278127b40d7.compiler_builtins.9411af7fca8d699d-cgu.114.rcgu.o:
0000000000000000 W __clzti2

compiler_builtins-c9265278127b40d7.compiler_builtins.9411af7fca8d699d-cgu.115.rcgu.o:
0000000000000000 W __powisf2

compiler_builtins-c9265278127b40d7.compiler_builtins.9411af7fca8d699d-cgu.116.rcgu.o:
0000000000000000 W __adddf3

compiler_builtins-c9265278127b40d7.compiler_builtins.9411af7fca8d699d-cgu.117.rcgu.o:
0000000000000000 W __udivmodsi4

compiler_builtins-c9265278127b40d7.compiler_builtins.9411af7fca8d699d-cgu.118.rcgu.o:
0000000000000000 W __floatunsisf

compiler_builtins-c9265278127b40d7.compiler_builtins.9411af7fca8d699d-cgu.119.rcgu.o:
0000000000000000 W __gedf2

compiler_builtins-c9265278127b40d7.compiler_builtins.9411af7fca8d699d-cgu.120.rcgu.o:
0000000000000000 W __bswapdi2

compiler_builtins-c9265278127b40d7.compiler_builtins.9411af7fca8d699d-cgu.121.rcgu.o:
0000000000000000 W trunc

compiler_builtins-c9265278127b40d7.compiler_builtins.9411af7fca8d699d-cgu.122.rcgu.o:
0000000000000000 V DW.ref.rust_eh_personality
0000000000000000 W __modti3

compiler_builtins-c9265278127b40d7.compiler_builtins.9411af7fca8d699d-cgu.123.rcgu.o:
0000000000000000 W __rust_u128_subo

compiler_builtins-c9265278127b40d7.compiler_builtins.9411af7fca8d699d-cgu.124.rcgu.o:
0000000000000000 V DW.ref.rust_eh_personality
0000000000000000 W fma

compiler_builtins-c9265278127b40d7.compiler_builtins.9411af7fca8d699d-cgu.125.rcgu.o:
0000000000000000 W roundf

compiler_builtins-c9265278127b40d7.compiler_builtins.9411af7fca8d699d-cgu.126.rcgu.o:
0000000000000000 V DW.ref.rust_eh_personality
0000000000000000 W sqrtf

compiler_builtins-c9265278127b40d7.compiler_builtins.9411af7fca8d699d-cgu.127.rcgu.o:
0000000000000000 W __fixdfsi

compiler_builtins-c9265278127b40d7.compiler_builtins.9411af7fca8d699d-cgu.128.rcgu.o:
0000000000000000 W __ctzdi2

compiler_builtins-c9265278127b40d7.compiler_builtins.9411af7fca8d699d-cgu.129.rcgu.o:
0000000000000000 W __fixsfsi

compiler_builtins-c9265278127b40d7.compiler_builtins.9411af7fca8d699d-cgu.130.rcgu.o:
0000000000000000 W __fixunssfsi

compiler_builtins-c9265278127b40d7.compiler_builtins.9411af7fca8d699d-cgu.131.rcgu.o:
0000000000000000 W __fixunssfdi

compiler_builtins-c9265278127b40d7.compiler_builtins.9411af7fca8d699d-cgu.132.rcgu.o:
0000000000000000 W __divmoddi4

compiler_builtins-c9265278127b40d7.compiler_builtins.9411af7fca8d699d-cgu.133.rcgu.o:
0000000000000000 W __rust_i128_sub

compiler_builtins-c9265278127b40d7.compiler_builtins.9411af7fca8d699d-cgu.134.rcgu.o:
0000000000000000 W __fixsfti

compiler_builtins-c9265278127b40d7.compiler_builtins.9411af7fca8d699d-cgu.135.rcgu.o:
0000000000000000 W __fixunssfti

compiler_builtins-c9265278127b40d7.compiler_builtins.9411af7fca8d699d-cgu.136.rcgu.o:
0000000000000000 W __truncdfsf2

compiler_builtins-c9265278127b40d7.compiler_builtins.9411af7fca8d699d-cgu.137.rcgu.o:
0000000000000000 W __fixunsdfsi

compiler_builtins-c9265278127b40d7.compiler_builtins.9411af7fca8d699d-cgu.138.rcgu.o:
0000000000000000 W __mulsf3

compiler_builtins-c9265278127b40d7.compiler_builtins.9411af7fca8d699d-cgu.139.rcgu.o:
0000000000000000 W __eqsf2

compiler_builtins-c9265278127b40d7.compiler_builtins.9411af7fca8d699d-cgu.140.rcgu.o:
0000000000000000 W __fixsfdi

compiler_builtins-c9265278127b40d7.compiler_builtins.9411af7fca8d699d-cgu.141.rcgu.o:
0000000000000000 W __fixunsdfdi

compiler_builtins-c9265278127b40d7.compiler_builtins.9411af7fca8d699d-cgu.142.rcgu.o:
0000000000000000 W __modsi3

compiler_builtins-c9265278127b40d7.compiler_builtins.9411af7fca8d699d-cgu.143.rcgu.o:
0000000000000000 V DW.ref.rust_eh_personality
0000000000000000 W __divmodti4

compiler_builtins-c9265278127b40d7.compiler_builtins.9411af7fca8d699d-cgu.144.rcgu.o:
0000000000000000 W __floatuntidf

compiler_builtins-c9265278127b40d7.compiler_builtins.9411af7fca8d699d-cgu.145.rcgu.o:
0000000000000000 W __umoddi3

compiler_builtins-c9265278127b40d7.compiler_builtins.9411af7fca8d699d-cgu.146.rcgu.o:
0000000000000000 V DW.ref.rust_eh_personality
0000000000000000 W __addhf3

compiler_builtins-c9265278127b40d7.compiler_builtins.9411af7fca8d699d-cgu.147.rcgu.o:
0000000000000000 W __lshrdi3

compiler_builtins-c9265278127b40d7.compiler_builtins.9411af7fca8d699d-cgu.148.rcgu.o:
0000000000000000 W fmaximumf

compiler_builtins-c9265278127b40d7.compiler_builtins.9411af7fca8d699d-cgu.149.rcgu.o:
0000000000000000 W __gtdf2

compiler_builtins-c9265278127b40d7.compiler_builtins.9411af7fca8d699d-cgu.150.rcgu.o:
0000000000000000 W floorf

compiler_builtins-c9265278127b40d7.compiler_builtins.9411af7fca8d699d-cgu.151.rcgu.o:
0000000000000000 W __rust_i128_subo

compiler_builtins-c9265278127b40d7.compiler_builtins.9411af7fca8d699d-cgu.152.rcgu.o:
0000000000000000 W __rust_u128_mulo

compiler_builtins-c9265278127b40d7.compiler_builtins.9411af7fca8d699d-cgu.153.rcgu.o:
0000000000000000 W __addsf3

compiler_builtins-c9265278127b40d7.compiler_builtins.9411af7fca8d699d-cgu.154.rcgu.o:
0000000000000000 V DW.ref.rust_eh_personality
0000000000000000 W cbrt

compiler_builtins-c9265278127b40d7.compiler_builtins.9411af7fca8d699d-cgu.155.rcgu.o:
0000000000000000 W __udivsi3

compiler_builtins-c9265278127b40d7.compiler_builtins.9411af7fca8d699d-cgu.156.rcgu.o:
0000000000000000 W __gnu_h2f_ieee

compiler_builtins-c9265278127b40d7.compiler_builtins.9411af7fca8d699d-cgu.157.rcgu.o:
0000000000000000 V DW.ref.rust_eh_personality
0000000000000000 W __udivmodti4

compiler_builtins-c9265278127b40d7.compiler_builtins.9411af7fca8d699d-cgu.158.rcgu.o:
0000000000000000 W fminimum_numf

compiler_builtins-c9265278127b40d7.compiler_builtins.9411af7fca8d699d-cgu.159.rcgu.o:
0000000000000000 W rint

compiler_builtins-c9265278127b40d7.compiler_builtins.9411af7fca8d699d-cgu.160.rcgu.o:
0000000000000000 W __umodsi3

compiler_builtins-c9265278127b40d7.compiler_builtins.9411af7fca8d699d-cgu.161.rcgu.o:
0000000000000000 W __divsf3

compiler_builtins-c9265278127b40d7.compiler_builtins.9411af7fca8d699d-cgu.162.rcgu.o:
0000000000000000 W ceilf

compiler_builtins-c9265278127b40d7.compiler_builtins.9411af7fca8d699d-cgu.163.rcgu.o:
0000000000000000 W __fixdfdi

compiler_builtins-c9265278127b40d7.compiler_builtins.9411af7fca8d699d-cgu.164.rcgu.o:
0000000000000000 W __rust_i128_addo

compiler_builtins-c9265278127b40d7.compiler_builtins.9411af7fca8d699d-cgu.165.rcgu.o:
0000000000000000 W __divdi3

compiler_builtins-c9265278127b40d7.compiler_builtins.9411af7fca8d699d-cgu.166.rcgu.o:
0000000000000000 W __unorddf2

compiler_builtins-c9265278127b40d7.compiler_builtins.9411af7fca8d699d-cgu.167.rcgu.o:
0000000000000000 W __divsi3

compiler_builtins-c9265278127b40d7.compiler_builtins.9411af7fca8d699d-cgu.168.rcgu.o:
0000000000000000 W __lesf2

compiler_builtins-c9265278127b40d7.compiler_builtins.9411af7fca8d699d-cgu.169.rcgu.o:
0000000000000000 W __ashlti3

compiler_builtins-c9265278127b40d7.compiler_builtins.9411af7fca8d699d-cgu.170.rcgu.o:
0000000000000000 W __floatundidf

compiler_builtins-c9265278127b40d7.compiler_builtins.9411af7fca8d699d-cgu.171.rcgu.o:
0000000000000000 W fminf

compiler_builtins-c9265278127b40d7.compiler_builtins.9411af7fca8d699d-cgu.172.rcgu.o:
0000000000000000 W __mulodi4

compiler_builtins-c9265278127b40d7.compiler_builtins.9411af7fca8d699d-cgu.173.rcgu.o:
0000000000000000 W __divdf3

compiler_builtins-c9265278127b40d7.compiler_builtins.9411af7fca8d699d-cgu.174.rcgu.o:
0000000000000000 W fminimum

compiler_builtins-c9265278127b40d7.compiler_builtins.9411af7fca8d699d-cgu.175.rcgu.o:
0000000000000000 V DW.ref.rust_eh_personality
0000000000000000 W fmodf

compiler_builtins-c9265278127b40d7.compiler_builtins.9411af7fca8d699d-cgu.176.rcgu.o:
0000000000000000 V DW.ref.rust_eh_personality
0000000000000000 W sqrt

compiler_builtins-c9265278127b40d7.compiler_builtins.9411af7fca8d699d-cgu.177.rcgu.o:
0000000000000000 W copysign

compiler_builtins-c9265278127b40d7.compiler_builtins.9411af7fca8d699d-cgu.178.rcgu.o:
0000000000000000 W __rust_i128_mulo

compiler_builtins-c9265278127b40d7.compiler_builtins.9411af7fca8d699d-cgu.179.rcgu.o:
0000000000000000 W fminimumf

compiler_builtins-c9265278127b40d7.compiler_builtins.9411af7fca8d699d-cgu.180.rcgu.o:
0000000000000000 W __divmodsi4

compiler_builtins-c9265278127b40d7.compiler_builtins.9411af7fca8d699d-cgu.181.rcgu.o:
0000000000000000 W __ashrdi3

compiler_builtins-c9265278127b40d7.compiler_builtins.9411af7fca8d699d-cgu.182.rcgu.o:
0000000000000000 W __ltdf2

compiler_builtins-c9265278127b40d7.compiler_builtins.9411af7fca8d699d-cgu.183.rcgu.o:
0000000000000000 W __ctzsi2

compiler_builtins-c9265278127b40d7.compiler_builtins.9411af7fca8d699d-cgu.184.rcgu.o:
0000000000000000 W __truncsfhf2

compiler_builtins-c9265278127b40d7.compiler_builtins.9411af7fca8d699d-cgu.185.rcgu.o:
0000000000000000 W __subdf3

compiler_builtins-c9265278127b40d7.compiler_builtins.9411af7fca8d699d-cgu.186.rcgu.o:
0000000000000000 W __floatsisf

compiler_builtins-c9265278127b40d7.compiler_builtins.9411af7fca8d699d-cgu.187.rcgu.o:
0000000000000000 W __moddi3

compiler_builtins-c9265278127b40d7.compiler_builtins.9411af7fca8d699d-cgu.188.rcgu.o:
0000000000000000 W __extendsfdf2

compiler_builtins-c9265278127b40d7.compiler_builtins.9411af7fca8d699d-cgu.189.rcgu.o:
0000000000000000 W __rust_u128_addo

compiler_builtins-c9265278127b40d7.compiler_builtins.9411af7fca8d699d-cgu.190.rcgu.o:
0000000000000000 W __muldf3

compiler_builtins-c9265278127b40d7.compiler_builtins.9411af7fca8d699d-cgu.191.rcgu.o:
0000000000000000 W roundevenf

compiler_builtins-c9265278127b40d7.compiler_builtins.9411af7fca8d699d-cgu.192.rcgu.o:
0000000000000000 W __muldi3

compiler_builtins-c9265278127b40d7.compiler_builtins.9411af7fca8d699d-cgu.193.rcgu.o:
0000000000000000 W __floatuntisf

compiler_builtins-c9265278127b40d7.compiler_builtins.9411af7fca8d699d-cgu.194.rcgu.o:
0000000000000000 W __ashlsi3

compiler_builtins-c9265278127b40d7.compiler_builtins.9411af7fca8d699d-cgu.195.rcgu.o:
0000000000000000 W __gtsf2

compiler_builtins-c9265278127b40d7.compiler_builtins.9411af7fca8d699d-cgu.196.rcgu.o:
0000000000000000 W __clzdi2

compiler_builtins-c9265278127b40d7.compiler_builtins.9411af7fca8d699d-cgu.197.rcgu.o:
0000000000000000 W __floatdisf

compiler_builtins-c9265278127b40d7.compiler_builtins.9411af7fca8d699d-cgu.198.rcgu.o:
0000000000000000 W __floatundisf

compiler_builtins-c9265278127b40d7.compiler_builtins.9411af7fca8d699d-cgu.199.rcgu.o:
0000000000000000 W __ashrti3

compiler_builtins-c9265278127b40d7.compiler_builtins.9411af7fca8d699d-cgu.200.rcgu.o:
0000000000000000 W __fixunsdfti

compiler_builtins-c9265278127b40d7.compiler_builtins.9411af7fca8d699d-cgu.201.rcgu.o:
0000000000000000 W __nedf2

compiler_builtins-c9265278127b40d7.compiler_builtins.9411af7fca8d699d-cgu.202.rcgu.o:
0000000000000000 W copysignf

compiler_builtins-c9265278127b40d7.compiler_builtins.9411af7fca8d699d-cgu.203.rcgu.o:
0000000000000000 V DW.ref.rust_eh_personality
0000000000000000 W fmod

compiler_builtins-c9265278127b40d7.compiler_builtins.9411af7fca8d699d-cgu.204.rcgu.o:
0000000000000000 W __extendhfsf2

compiler_builtins-c9265278127b40d7.compiler_builtins.9411af7fca8d699d-cgu.205.rcgu.o:
0000000000000000 W __extendhfdf2

compiler_builtins-c9265278127b40d7.compiler_builtins.9411af7fca8d699d-cgu.206.rcgu.o:
0000000000000000 W __bswapti2

compiler_builtins-c9265278127b40d7.compiler_builtins.9411af7fca8d699d-cgu.207.rcgu.o:
0000000000000000 W __lshrti3

compiler_builtins-c9265278127b40d7.compiler_builtins.9411af7fca8d699d-cgu.208.rcgu.o:
0000000000000000 W __ashrsi3

compiler_builtins-c9265278127b40d7.compiler_builtins.9411af7fca8d699d-cgu.209.rcgu.o:
0000000000000000 W __rust_i128_add

compiler_builtins-c9265278127b40d7.compiler_builtins.9411af7fca8d699d-cgu.210.rcgu.o:
0000000000000000 W fmin

compiler_builtins-c9265278127b40d7.compiler_builtins.9411af7fca8d699d-cgu.211.rcgu.o:
0000000000000000 V DW.ref.rust_eh_personality
0000000000000000 W __divti3

compiler_builtins-c9265278127b40d7.compiler_builtins.9411af7fca8d699d-cgu.212.rcgu.o:
0000000000000000 W fminimum_num

compiler_builtins-c9265278127b40d7.compiler_builtins.9411af7fca8d699d-cgu.213.rcgu.o:
0000000000000000 W __ledf2

compiler_builtins-c9265278127b40d7.compiler_builtins.9411af7fca8d699d-cgu.214.rcgu.o:
0000000000000000 W __rust_u128_add

compiler_builtins-c9265278127b40d7.compiler_builtins.9411af7fca8d699d-cgu.215.rcgu.o:

compiler_builtins-c9265278127b40d7.compiler_builtins.9411af7fca8d699d-cgu.216.rcgu.o:

compiler_builtins-c9265278127b40d7.compiler_builtins.9411af7fca8d699d-cgu.217.rcgu.o:
0000000000000000 R _RNvNtNtNtNtCscIaqNbUfbzd_17compiler_builtins4math9libm_math7generic4sqrt9RSQRT_TAB

compiler_builtins-c9265278127b40d7.compiler_builtins.9411af7fca8d699d-cgu.218.rcgu.o:
0000000000000000 T _RNvXs2_NtNtNtNtNtCscIaqNbUfbzd_17compiler_builtins4math9libm_math7support9hex_float7hex_fmtbNtB5_10DisplayHex3fmt

compiler_builtins-c9265278127b40d7.compiler_builtins.9411af7fca8d699d-cgu.219.rcgu.o:

45c91108d938afe8-absvdi2.o:
0000000000000000 T __absvdi2

45c91108d938afe8-absvsi2.o:
0000000000000000 T __absvsi2

45c91108d938afe8-absvti2.o:
0000000000000000 T __absvti2

45c91108d938afe8-addvdi3.o:
0000000000000000 T __addvdi3

45c91108d938afe8-addvsi3.o:
0000000000000000 T __addvsi3

45c91108d938afe8-addvti3.o:
0000000000000000 T __addvti3

45c91108d938afe8-cmpdi2.o:
0000000000000000 T __cmpdi2

45c91108d938afe8-cmpti2.o:
0000000000000000 T __cmpti2

45c91108d938afe8-divdc3.o:
0000000000000000 T __divdc3

45c91108d938afe8-divsc3.o:
0000000000000000 T __divsc3

45c91108d938afe8-ffsti2.o:
0000000000000000 T __ffsti2

45c91108d938afe8-int_util.o:
0000000000000000 W __compilerrt_abort_impl

45c91108d938afe8-muldc3.o:
0000000000000000 T __muldc3

45c91108d938afe8-mulsc3.o:
0000000000000000 T __mulsc3

45c91108d938afe8-mulvdi3.o:
0000000000000000 T __mulvdi3

45c91108d938afe8-mulvsi3.o:
0000000000000000 T __mulvsi3

45c91108d938afe8-mulvti3.o:
0000000000000000 T __mulvti3

45c91108d938afe8-negdf2.o:
0000000000000000 T __negdf2

45c91108d938afe8-negdi2.o:
0000000000000000 T __negdi2

45c91108d938afe8-negsf2.o:
0000000000000000 T __negsf2

45c91108d938afe8-negti2.o:
0000000000000000 T __negti2

45c91108d938afe8-negvdi2.o:
0000000000000000 T __negvdi2

45c91108d938afe8-negvsi2.o:
0000000000000000 T __negvsi2

45c91108d938afe8-negvti2.o:
0000000000000000 T __negvti2

45c91108d938afe8-paritydi2.o:
0000000000000000 T __paritydi2

45c91108d938afe8-paritysi2.o:
0000000000000000 T __paritysi2

45c91108d938afe8-parityti2.o:
0000000000000000 T __parityti2

45c91108d938afe8-popcountdi2.o:
0000000000000000 T __popcountdi2

45c91108d938afe8-popcountsi2.o:
0000000000000000 T __popcountsi2

45c91108d938afe8-popcountti2.o:
0000000000000000 T __popcountti2

45c91108d938afe8-subvdi3.o:
0000000000000000 T __subvdi3

45c91108d938afe8-subvsi3.o:
0000000000000000 T __subvsi3

45c91108d938afe8-subvti3.o:
0000000000000000 T __subvti3

45c91108d938afe8-ucmpdi2.o:
0000000000000000 T __ucmpdi2

45c91108d938afe8-ucmpti2.o:
0000000000000000 T __ucmpti2
