archive=target/powerpc64-unknown-linux-gnu/debug/liblibffi_c2rust_powerpc64.a
target/powerpc64-unknown-linux-gnu/debug/liblibffi_c2rust_powerpc64.a: current ar archive

libffi_c2rust_powerpc64-074c1b752f218e95.08sy08dkrz3u4ahs16ruzwyhj.0gt2ykw.rcgu.o:
0000000000000000 V DW.ref.rust_eh_personality
0000000000000000 V __rustc_debug_gdb_scripts_section__
0000000000000018 D ffi_get_struct_offsets
0000000000000030 D ffi_prep_cif
0000000000000048 D ffi_prep_cif_core
0000000000000060 D ffi_prep_cif_var
0000000000000078 D ffi_prep_closure

libffi_c2rust_powerpc64-074c1b752f218e95.1n5vf9bgkofpn3fxfhddeohwl.0gt2ykw.rcgu.o:
0000000000000000 D _RNvMNtNtCsaT5NJt9T4P0_4core3ptr7mut_ptrONtNtNtNtCs6607Xst7LRe_23libffi_c2rust_powerpc643src7powerpc11ffi_linux649__ffi_type7is_nullBK_
0000000000000000 V __rustc_debug_gdb_scripts_section__

libffi_c2rust_powerpc64-074c1b752f218e95.23ggtniywbosxu6s6gii0i3bh.0gt2ykw.rcgu.o:
0000000000000000 D _RNvMNtNtCsaT5NJt9T4P0_4core3ptr7mut_ptrONtNtNtCs6607Xst7LRe_23libffi_c2rust_powerpc643src5tramp11tramp_table7is_nullBI_
0000000000000018 D _RNvMNtNtCsaT5NJt9T4P0_4core3ptr7mut_ptrONtNtNtCs6607Xst7LRe_23libffi_c2rust_powerpc643src5tramp5tramp7is_nullBI_
0000000000000030 D _RNvMNtNtCsaT5NJt9T4P0_4core3ptr7mut_ptrONtNtNtCs6607Xst7LRe_23libffi_c2rust_powerpc643src5tramp8__IO_FILE7is_nullBI_
0000000000000000 V __rustc_debug_gdb_scripts_section__

libffi_c2rust_powerpc64-074c1b752f218e95.2rd18j9zrcu9ggadqli4r3kyy.0gt2ykw.rcgu.o:
0000000000000000 D _RNvMNtNtCsaT5NJt9T4P0_4core3ptr7mut_ptrOh7is_nullCs6607Xst7LRe_23libffi_c2rust_powerpc64
0000000000000018 D _RNvMNtNtCsaT5NJt9T4P0_4core3ptr7mut_ptrOj7is_nullCs6607Xst7LRe_23libffi_c2rust_powerpc64
0000000000000000 V __rustc_debug_gdb_scripts_section__

libffi_c2rust_powerpc64-074c1b752f218e95.3ahawolmwaw8rc6gwyqla1dnj.0gt2ykw.rcgu.o:
0000000000000000 V DW.ref.rust_eh_personality
0000000000000000 V __rustc_debug_gdb_scripts_section__
0000000000000318 D dlbulk_free
0000000000000330 D dlmalloc_footprint_limit
0000000000000348 D dlmalloc_set_footprint_limit
0000000000000360 D dlposix_memalign
0000000000000378 D dlrealloc_in_place
0000000000000390 D ffi_closure_alloc
00000000000003a8 D ffi_closure_free
00000000000003c0 D ffi_data_to_code_pointer
00000000000003d8 D ffi_tramp_is_present
00000000000003f0 D open_temp_exec_file

libffi_c2rust_powerpc64-074c1b752f218e95.3imwrxcinsromruazstfvopl2.0gt2ykw.rcgu.o:
0000000000000000 V DW.ref.rust_eh_personality
0000000000000000 V __rustc_debug_gdb_scripts_section__
0000000000000018 D ffi_call
0000000000000030 D ffi_call_go
0000000000000048 D ffi_prep_cif_machdep
0000000000000060 D ffi_prep_cif_machdep_var
0000000000000078 D ffi_prep_closure_loc
0000000000000090 D ffi_prep_go_closure
00000000000000a8 D ffi_prep_types
00000000000000c0 D ffi_tramp_arch

libffi_c2rust_powerpc64-074c1b752f218e95.49qkajkzuntwwmxof2gqgnz9t.0gt2ykw.rcgu.o:
0000000000000000 D _RNvMNtNtCsaT5NJt9T4P0_4core3ptr7mut_ptrONtNtNtCs6607Xst7LRe_23libffi_c2rust_powerpc643src8prep_cif9__ffi_type7is_nullBI_
0000000000000018 D _RNvMNtNtCsaT5NJt9T4P0_4core3ptr7mut_ptrOONtNtNtCs6607Xst7LRe_23libffi_c2rust_powerpc643src8prep_cif9__ffi_type7is_nullBJ_
0000000000000000 V __rustc_debug_gdb_scripts_section__

libffi_c2rust_powerpc64-074c1b752f218e95.4ripfxa274fx387h0j9s6694o.0gt2ykw.rcgu.o:
0000000000000000 D _RINvNtNtCsaT5NJt9T4P0_4core4sync6atomic11atomic_loadjECs6607Xst7LRe_23libffi_c2rust_powerpc64
0000000000000018 D _RINvNtNtCsaT5NJt9T4P0_4core4sync6atomic11atomic_loadlECs6607Xst7LRe_23libffi_c2rust_powerpc64
0000000000000030 D _RINvNtNtCsaT5NJt9T4P0_4core4sync6atomic12atomic_storejECs6607Xst7LRe_23libffi_c2rust_powerpc64
0000000000000048 D _RINvNtNtCsaT5NJt9T4P0_4core4sync6atomic12atomic_storelECs6607Xst7LRe_23libffi_c2rust_powerpc64
0000000000000000 V __rustc_debug_gdb_scripts_section__

libffi_c2rust_powerpc64-074c1b752f218e95.5m2vle26o323gmux09aqxuoj7.0gt2ykw.rcgu.o:
0000000000000000 V DW.ref.rust_eh_personality
0000000000000000 V __rustc_debug_gdb_scripts_section__
0000000000000048 D ffi_java_ptrarray_to_raw
0000000000000060 D ffi_java_raw_call
0000000000000078 D ffi_java_raw_size
0000000000000090 D ffi_java_raw_to_ptrarray
00000000000000a8 D ffi_prep_java_raw_closure
00000000000000c0 D ffi_prep_java_raw_closure_loc

libffi_c2rust_powerpc64-074c1b752f218e95.6m2p6h5tlv2nq32u4z2nq1e1y.0gt2ykw.rcgu.o:
0000000000000000 D _RNvNvMs_NtCs4HqcKLWfkFX_5alloc3vecINtB6_3VecppE7set_len18precondition_checkCs6607Xst7LRe_23libffi_c2rust_powerpc64
0000000000000000 V __rustc_debug_gdb_scripts_section__

libffi_c2rust_powerpc64-074c1b752f218e95.6uvwb9wb9sck46o04vmetgmym.0gt2ykw.rcgu.o:
0000000000000000 V DW.ref.rust_eh_personality
0000000000000000 D _RNvNvNtCsaT5NJt9T4P0_4core3ptr11write_bytes18precondition_checkCs6607Xst7LRe_23libffi_c2rust_powerpc64
0000000000000018 D _RNvNvNtCsaT5NJt9T4P0_4core3ptr19copy_nonoverlapping18precondition_checkCs6607Xst7LRe_23libffi_c2rust_powerpc64
0000000000000000 V __rustc_debug_gdb_scripts_section__

libffi_c2rust_powerpc64-074c1b752f218e95.7of673luc5ax90u94zh14cql2.0gt2ykw.rcgu.o:
0000000000000000 D _RINvNtNtCs6607Xst7LRe_23libffi_c2rust_powerpc643src8closures19atomic_load_acquirejEB6_
0000000000000018 D _RINvNtNtCs6607Xst7LRe_23libffi_c2rust_powerpc643src8closures19atomic_load_relaxedlEB6_
0000000000000030 D _RINvNtNtCs6607Xst7LRe_23libffi_c2rust_powerpc643src8closures19atomic_xchg_acquirelEB6_
0000000000000048 D _RINvNtNtCs6607Xst7LRe_23libffi_c2rust_powerpc643src8closures20atomic_store_releasejEB6_
0000000000000060 D _RINvNtNtCs6607Xst7LRe_23libffi_c2rust_powerpc643src8closures20atomic_store_releaselEB6_
0000000000000078 D _RNvMNtNtCsaT5NJt9T4P0_4core3ptr7mut_ptrONtNtNtCs6607Xst7LRe_23libffi_c2rust_powerpc643src8closures12malloc_chunk7is_nullBI_
0000000000000090 D _RNvMNtNtCsaT5NJt9T4P0_4core3ptr7mut_ptrONtNtNtCs6607Xst7LRe_23libffi_c2rust_powerpc643src8closures12malloc_state7is_nullBI_
00000000000000a8 D _RNvMNtNtCsaT5NJt9T4P0_4core3ptr7mut_ptrONtNtNtCs6607Xst7LRe_23libffi_c2rust_powerpc643src8closures14malloc_segment7is_nullBI_
00000000000000c0 D _RNvMNtNtCsaT5NJt9T4P0_4core3ptr7mut_ptrONtNtNtCs6607Xst7LRe_23libffi_c2rust_powerpc643src8closures17malloc_tree_chunk7is_nullBI_
00000000000000d8 D _RNvMNtNtCsaT5NJt9T4P0_4core3ptr7mut_ptrONtNtNtCs6607Xst7LRe_23libffi_c2rust_powerpc643src8closures6mntent7is_nullBI_
00000000000000f0 D _RNvMNtNtCsaT5NJt9T4P0_4core3ptr7mut_ptrONtNtNtCs6607Xst7LRe_23libffi_c2rust_powerpc643src8closures8__IO_FILE7is_nullBI_
0000000000000000 V __rustc_debug_gdb_scripts_section__

libffi_c2rust_powerpc64-074c1b752f218e95.7zkyqrrtcpqfknxprpyg1zv96.0gt2ykw.rcgu.o:
0000000000000000 V DW.ref.rust_eh_personality
0000000000000000 D _RINvNtCsaT5NJt9T4P0_4core3ptr9drop_glueINtNtCs4HqcKLWfkFX_5alloc3vec3VecIBC_hEEECs6607Xst7LRe_23libffi_c2rust_powerpc64
0000000000000018 D _RINvNtCsaT5NJt9T4P0_4core3ptr9drop_glueINtNtCs4HqcKLWfkFX_5alloc3vec3VechEECs6607Xst7LRe_23libffi_c2rust_powerpc64
0000000000000030 D _RINvNtCsaT5NJt9T4P0_4core3ptr9drop_glueINtNtCs4HqcKLWfkFX_5alloc7raw_vec6RawVecINtNtBG_3vec3VechEEECs6607Xst7LRe_23libffi_c2rust_powerpc64
0000000000000048 D _RINvNtCsaT5NJt9T4P0_4core3ptr9drop_glueINtNtCs4HqcKLWfkFX_5alloc7raw_vec6RawVechEECs6607Xst7LRe_23libffi_c2rust_powerpc64
0000000000000060 D _RINvNtCsaT5NJt9T4P0_4core3ptr9drop_glueSINtNtCs4HqcKLWfkFX_5alloc3vec3VechEECs6607Xst7LRe_23libffi_c2rust_powerpc64
0000000000000078 D _RNvXs1_NtCs4HqcKLWfkFX_5alloc7raw_vecINtB5_6RawVecINtNtB7_3vec3VechEENtNtNtCsaT5NJt9T4P0_4core3ops4drop4Drop4dropCs6607Xst7LRe_23libffi_c2rust_powerpc64
0000000000000090 D _RNvXso_NtCs4HqcKLWfkFX_5alloc3vecINtB5_3VecIBw_hEENtNtNtCsaT5NJt9T4P0_4core3ops4drop4Drop4dropCs6607Xst7LRe_23libffi_c2rust_powerpc64
0000000000000000 V __rustc_debug_gdb_scripts_section__

libffi_c2rust_powerpc64-074c1b752f218e95.80zpf8ppob11jg4d4vd9tnww2.0gt2ykw.rcgu.o:
0000000000000000 V DW.ref.rust_eh_personality
0000000000000000 V __rustc_debug_gdb_scripts_section__
0000000000000030 D ffi_closure_helper_LINUX64
0000000000000048 D ffi_prep_args64
0000000000000060 D ffi_prep_cif_linux64
0000000000000078 D ffi_prep_cif_linux64_var
0000000000000090 D ffi_prep_closure_loc_linux64
00000000000000a8 D ffi_prep_types_linux64

libffi_c2rust_powerpc64-074c1b752f218e95.8vjy93h9kimtk0vy8ho64b4le.0gt2ykw.rcgu.o:
0000000000000000 V DW.ref.rust_eh_personality
0000000000000000 V __rustc_debug_gdb_scripts_section__
0000000000000150 D ffi_tramp_alloc
0000000000000168 D ffi_tramp_free
0000000000000180 D ffi_tramp_get_addr
0000000000000198 D ffi_tramp_is_supported
00000000000001b0 D ffi_tramp_set_parms

libffi_c2rust_powerpc64-074c1b752f218e95.9r9m1eoqlve910zfzboxuqti1.0gt2ykw.rcgu.o:
0000000000000000 D _RNvMs4_NtCs4HqcKLWfkFX_5alloc7raw_vecNtB5_11RawVecInner16with_capacity_inCs6607Xst7LRe_23libffi_c2rust_powerpc64
0000000000000000 V __rustc_debug_gdb_scripts_section__

libffi_c2rust_powerpc64-074c1b752f218e95.9wjy8o3r6t5rsc0mm60niobd1.0gt2ykw.rcgu.o:
0000000000000000 D _RINvXs1_NtNtCs4HqcKLWfkFX_5alloc3vec14spec_from_elemhNtB6_12SpecFromElem9from_elemNtNtBa_5alloc6GlobalECs6607Xst7LRe_23libffi_c2rust_powerpc64
0000000000000000 V __rustc_debug_gdb_scripts_section__

libffi_c2rust_powerpc64-074c1b752f218e95.9yu3yfxujftc41eri41d1g3s5.0gt2ykw.rcgu.o:
0000000000000000 V DW.ref.rust_eh_personality
0000000000000000 V __rustc_debug_gdb_scripts_section__
0000000000000018 D ffi_prep_raw_closure
0000000000000030 D ffi_prep_raw_closure_loc
0000000000000048 D ffi_ptrarray_to_raw
0000000000000060 D ffi_raw_call
0000000000000078 D ffi_raw_size
0000000000000090 D ffi_raw_to_ptrarray

libffi_c2rust_powerpc64-074c1b752f218e95.a0kkehn10950vns0cd28ntkw4.0gt2ykw.rcgu.o:
0000000000000000 D _RNvMNtCsaT5NJt9T4P0_4core6optionINtB2_6OptionFUKCONtNtNtCs6607Xst7LRe_23libffi_c2rust_powerpc643src12java_raw_api7ffi_cifONtNtB4_3ffi6c_voidONtBO_7ffi_rawB1V_EuE6expectBS_
0000000000000018 D _RNvMNtCsaT5NJt9T4P0_4core6optionINtB2_6OptionFUKCONtNtNtCs6607Xst7LRe_23libffi_c2rust_powerpc643src7raw_api7ffi_cifONtNtB4_3ffi6c_voidONtBO_7ffi_rawB1P_EuE6expectBS_
0000000000000030 D _RNvMNtCsaT5NJt9T4P0_4core6optionINtB2_6OptionFUKCONtNtNtNtCs6607Xst7LRe_23libffi_c2rust_powerpc643src7powerpc11ffi_linux647ffi_cifONtNtB4_3ffi6c_voidOB24_B24_EuE6expectBU_
0000000000000048 D _RNvMNtCsaT5NJt9T4P0_4core6optionINtB2_6OptionFUKCOjBL_EONtNtB4_3ffi6c_voidE7is_noneCs6607Xst7LRe_23libffi_c2rust_powerpc64
0000000000000060 D _RNvMNtCsaT5NJt9T4P0_4core6optionINtB2_6OptionFUKCPhElE6expectCs6607Xst7LRe_23libffi_c2rust_powerpc64
0000000000000000 V __rustc_debug_gdb_scripts_section__

libffi_c2rust_powerpc64-074c1b752f218e95.a4xn8igu7senopp6fd9yzag2j.0gt2ykw.rcgu.o:
0000000000000000 D _RINvNtCsaT5NJt9T4P0_4core3mem14transmute_copyjjECs6607Xst7LRe_23libffi_c2rust_powerpc64
0000000000000018 D _RINvNtCsaT5NJt9T4P0_4core3mem14transmute_copyjlECs6607Xst7LRe_23libffi_c2rust_powerpc64
0000000000000030 D _RINvNtCsaT5NJt9T4P0_4core3mem14transmute_copyljECs6607Xst7LRe_23libffi_c2rust_powerpc64
0000000000000048 D _RINvNtCsaT5NJt9T4P0_4core3mem14transmute_copyllECs6607Xst7LRe_23libffi_c2rust_powerpc64
0000000000000000 V __rustc_debug_gdb_scripts_section__

libffi_c2rust_powerpc64-074c1b752f218e95.aag3icceqnrpmkihamns4qij9.0gt2ykw.rcgu.o:
0000000000000000 D _RNvMNtNtCsaT5NJt9T4P0_4core3ptr9const_ptrPh11offset_fromCs6607Xst7LRe_23libffi_c2rust_powerpc64
0000000000000018 D _RNvMNtNtCsaT5NJt9T4P0_4core3ptr9const_ptrPh7is_nullCs6607Xst7LRe_23libffi_c2rust_powerpc64
0000000000000030 D _RNvMNtNtCsaT5NJt9T4P0_4core3ptr9const_ptrPu13is_aligned_toCs6607Xst7LRe_23libffi_c2rust_powerpc64
0000000000000000 V __rustc_debug_gdb_scripts_section__

libffi_c2rust_powerpc64-074c1b752f218e95.acesldiyvvk8u39762cukh1xq.0gt2ykw.rcgu.o:
0000000000000000 D _RNvNvNtCsaT5NJt9T4P0_4core4hint16assert_unchecked18precondition_checkCs6607Xst7LRe_23libffi_c2rust_powerpc64
0000000000000000 V __rustc_debug_gdb_scripts_section__

libffi_c2rust_powerpc64-074c1b752f218e95.b8ivgp7dxixbjf1f8mfv1nsh5.0gt2ykw.rcgu.o:
0000000000000000 D _RNvMNtNtCsaT5NJt9T4P0_4core3ptr7mut_ptrONtNtB6_3ffi6c_void7is_nullCs6607Xst7LRe_23libffi_c2rust_powerpc64
0000000000000018 D _RNvMNtNtCsaT5NJt9T4P0_4core3ptr7mut_ptrOONtNtB6_3ffi6c_void7is_nullCs6607Xst7LRe_23libffi_c2rust_powerpc64
0000000000000000 V __rustc_debug_gdb_scripts_section__

libffi_c2rust_powerpc64-074c1b752f218e95.bul6yvo7x8qwq82n3rr4u1so9.0gt2ykw.rcgu.o:
0000000000000000 D _RNvNvNtCsaT5NJt9T4P0_4core9ub_checks23maybe_is_nonoverlapping7runtimeCs6607Xst7LRe_23libffi_c2rust_powerpc64
0000000000000000 V __rustc_debug_gdb_scripts_section__

libffi_c2rust_powerpc64-074c1b752f218e95.dieakh1t9b3ufkvzj5d7e5i5f.0gt2ykw.rcgu.o:
0000000000000000 D _RNvNtCsaT5NJt9T4P0_4core10intrinsics9cold_pathCs6607Xst7LRe_23libffi_c2rust_powerpc64
0000000000000000 V __rustc_debug_gdb_scripts_section__

libffi_c2rust_powerpc64-074c1b752f218e95.dreu056d40f981gj2d52re05u.0gt2ykw.rcgu.o:
0000000000000000 D _RNvNvMNtNtCsaT5NJt9T4P0_4core3ptr7mut_ptrOp6offset18precondition_checkCs6607Xst7LRe_23libffi_c2rust_powerpc64
0000000000000000 V __rustc_debug_gdb_scripts_section__

libffi_c2rust_powerpc64-074c1b752f218e95.e39ngcsh2vbw8yidee4qe455m.0gt2ykw.rcgu.o:
0000000000000000 D _RNvMs10_NtNtCsaT5NJt9T4P0_4core4sync6atomicINtB6_6AtomiclE4loadCs6607Xst7LRe_23libffi_c2rust_powerpc64
0000000000000018 D _RNvMs10_NtNtCsaT5NJt9T4P0_4core4sync6atomicINtB6_6AtomiclE4swapCs6607Xst7LRe_23libffi_c2rust_powerpc64
0000000000000030 D _RNvMs10_NtNtCsaT5NJt9T4P0_4core4sync6atomicINtB6_6AtomiclE5storeCs6607Xst7LRe_23libffi_c2rust_powerpc64
0000000000000048 D _RNvMs1k_NtNtCsaT5NJt9T4P0_4core4sync6atomicINtB6_6AtomicjE4loadCs6607Xst7LRe_23libffi_c2rust_powerpc64
0000000000000060 D _RNvMs1k_NtNtCsaT5NJt9T4P0_4core4sync6atomicINtB6_6AtomicjE4swapCs6607Xst7LRe_23libffi_c2rust_powerpc64
0000000000000078 D _RNvMs1k_NtNtCsaT5NJt9T4P0_4core4sync6atomicINtB6_6AtomicjE5storeCs6607Xst7LRe_23libffi_c2rust_powerpc64
0000000000000000 V __rustc_debug_gdb_scripts_section__

libffi_c2rust_powerpc64-074c1b752f218e95.etz3gnywoo4yrik2xp1z8prma.0gt2ykw.rcgu.o:
0000000000000000 V DW.ref.rust_eh_personality
0000000000000000 D _RINvNtCs4HqcKLWfkFX_5alloc3vec9from_elemhECs6607Xst7LRe_23libffi_c2rust_powerpc64
0000000000000018 D _RNvMNtCs4HqcKLWfkFX_5alloc3vecINtB2_3VecIBt_hEE3newCs6607Xst7LRe_23libffi_c2rust_powerpc64
0000000000000030 D _RNvMNtCsaT5NJt9T4P0_4core5sliceSINtNtCs4HqcKLWfkFX_5alloc3vec3VechE8last_mutCs6607Xst7LRe_23libffi_c2rust_powerpc64
0000000000000048 D _RNvMsF_NtCs4HqcKLWfkFX_5alloc3vecINtB5_3VecIBw_hEE4pushCs6607Xst7LRe_23libffi_c2rust_powerpc64
0000000000000060 D _RNvMsF_NtCs4HqcKLWfkFX_5alloc3vecINtB5_3VecIBw_hEE8push_mutCs6607Xst7LRe_23libffi_c2rust_powerpc64
0000000000000078 D _RNvMs_NtCs4HqcKLWfkFX_5alloc3vecINtB4_3VechE10as_mut_ptrCs6607Xst7LRe_23libffi_c2rust_powerpc64
0000000000000090 D _RNvXs8_NtCs4HqcKLWfkFX_5alloc3vecINtB5_3VecIBw_hEENtNtNtCsaT5NJt9T4P0_4core3ops5deref8DerefMut9deref_mutCs6607Xst7LRe_23libffi_c2rust_powerpc64
0000000000000000 V __rustc_debug_gdb_scripts_section__

libffi_c2rust_powerpc64-074c1b752f218e95.ez0zvjvz1uxzj7af04pzkh01l.0gt2ykw.rcgu.o:
0000000000000000 D _RNvNtNtCs6607Xst7LRe_23libffi_c2rust_powerpc643src5types26FFI_ELEMENTS_COMPLEX_FLOAT
0000000000000000 D _RNvNtNtCs6607Xst7LRe_23libffi_c2rust_powerpc643src5types27FFI_ELEMENTS_COMPLEX_DOUBLE
0000000000000000 D _RNvNtNtCs6607Xst7LRe_23libffi_c2rust_powerpc643src5types31FFI_ELEMENTS_COMPLEX_LONGDOUBLE
0000000000000000 V __rustc_debug_gdb_scripts_section__
0000000000000000 D ffi_get_closure_size
0000000000000018 D ffi_get_default_abi
0000000000000030 D ffi_get_version
0000000000000048 D ffi_get_version_number
0000000000000000 D ffi_type_complex_double
0000000000000000 D ffi_type_complex_float
0000000000000000 D ffi_type_complex_longdouble
0000000000000000 D ffi_type_double
0000000000000000 D ffi_type_float
0000000000000000 D ffi_type_longdouble
0000000000000000 D ffi_type_pointer
0000000000000000 D ffi_type_sint16
0000000000000000 D ffi_type_sint32
0000000000000000 D ffi_type_sint64
0000000000000000 D ffi_type_sint8
0000000000000000 D ffi_type_uint16
0000000000000000 D ffi_type_uint32
0000000000000000 D ffi_type_uint64
0000000000000000 D ffi_type_uint8
0000000000000000 D ffi_type_void

libffi_c2rust_powerpc64-074c1b752f218e95.ajbyfczv8gphwqkcd6wmgwnas.0gt2ykw.rcgu.o:
0000000000000000 D _RNvCs9wFQrvczXsK_7___rustc12___rust_alloc
0000000000000018 D _RNvCs9wFQrvczXsK_7___rustc14___rust_dealloc
0000000000000030 D _RNvCs9wFQrvczXsK_7___rustc14___rust_realloc
0000000000000048 D _RNvCs9wFQrvczXsK_7___rustc19___rust_alloc_zeroed
0000000000000060 D _RNvCs9wFQrvczXsK_7___rustc35___rust_no_alloc_shim_is_unstable_v2

584d5c2970520b46-sysv.o:

584d5c2970520b46-ppc_closure.o:

584d5c2970520b46-linux64.o:
0000000000000000 D ffi_call_LINUX64

584d5c2970520b46-linux64_closure.o:
0000000000000000 D ffi_closure_LINUX64
0000000000000018 D ffi_go_closure_linux64
0000000000000030 D trampoline_code_table

std-3c5a5fc4691e1052.std.2ed977ca58d045e-cgu.0.rcgu.o:
0000000000000000 V DW.ref.rust_eh_personality
0000000000000138 D _RINvMs3_NtNtCsfAleuD0QEI_3std2io5errorNtB6_5Error3newNtNtNtCsaT5NJt9T4P0_4core3num5error15TryFromIntErrorEBa_
0000000000000150 D _RINvMs3_NtNtCsfAleuD0QEI_3std2io5errorNtB6_5Error3newReEBa_
0000000000000a98 D _RINvNtCsaT5NJt9T4P0_4core9panicking13assert_failedAhj4_RShECsfAleuD0QEI_3std
0000000000000ab0 D _RINvNtCsaT5NJt9T4P0_4core9panicking13assert_failedllECsfAleuD0QEI_3std
0000000000000ac8 D _RINvNtCsaT5NJt9T4P0_4core9panicking13assert_failedmmECsfAleuD0QEI_3std
0000000000000ae0 D _RINvNtCsaT5NJt9T4P0_4core9panicking13assert_failedssECsfAleuD0QEI_3std
0000000000000b70 D _RINvNtCsfAleuD0QEI_3std9panicking11begin_panicReEB4_
0000000000000bd0 D _RINvNtNtCsfAleuD0QEI_3std3sys9backtrace26___rust_end_short_backtraceNCINvNtB6_9panicking11begin_panicReE0zEB6_
0000000000000be8 D _RINvNtNtCsfAleuD0QEI_3std3sys9backtrace26___rust_end_short_backtraceNCNvNtB6_5alloc8rust_oom0zEB6_
0000000000000c00 D _RINvNtNtCsfAleuD0QEI_3std3sys9backtrace26___rust_end_short_backtraceNCNvNtB6_9panicking13panic_handler0zEB6_
0000000000000c90 D _RINvNtNtNtCsaT5NJt9T4P0_4core5slice4sort6stable14driftsort_mainNtNtCskzw6exGm0zd_9addr2line4line12LineSequenceNCINvMNtCs4HqcKLWfkFX_5alloc5sliceSBZ_11sort_by_keyyNCINvMs_B11_NtB11_5Lines5parseINtNtNtCsgm1sDeNt0Pm_5gimli4read12endian_slice11EndianSliceNtNtB3b_9endianity9BigEndianEEs_0E0INtNtB1S_3vec3VecBZ_EECsfAleuD0QEI_3std
0000000000000ca8 D _RINvNtNtNtCsaT5NJt9T4P0_4core5slice4sort6stable14driftsort_mainNtNtCskzw6exGm0zd_9addr2line4unit9UnitRangeNCINvMNtCs4HqcKLWfkFX_5alloc5sliceSBZ_11sort_by_keyyNCNvMs_B11_INtB11_8ResUnitsINtNtNtCsgm1sDeNt0Pm_5gimli4read12endian_slice11EndianSliceNtNtB34_9endianity9BigEndianEE5parses2_0E0INtNtB1O_3vec3VecBZ_EECsfAleuD0QEI_3std
0000000000000cc0 D _RINvNtNtNtCsaT5NJt9T4P0_4core5slice4sort6stable14driftsort_mainNtNtCskzw6exGm0zd_9addr2line8function15FunctionAddressNCINvMNtCs4HqcKLWfkFX_5alloc5sliceSBZ_11sort_by_keyyNCNvMs0_B11_INtB11_9FunctionsINtNtNtCsgm1sDeNt0Pm_5gimli4read12endian_slice11EndianSliceNtNtB3h_9endianity9BigEndianEE5parses_0E0INtNtB1Z_3vec3VecBZ_EECsfAleuD0QEI_3std
0000000000000cd8 D _RINvNtNtNtCsaT5NJt9T4P0_4core5slice4sort6stable14driftsort_mainNtNtCskzw6exGm0zd_9addr2line8function22InlinedFunctionAddressNCINvMNtCs4HqcKLWfkFX_5alloc5sliceSBZ_7sort_byNCNvMs1_B11_INtB11_8FunctionINtNtNtCsgm1sDeNt0Pm_5gimli4read12endian_slice11EndianSliceNtNtB3h_9endianity9BigEndianEE5parse0E0INtNtB26_3vec3VecBZ_EECsfAleuD0QEI_3std
0000000000000cf0 D _RINvNtNtNtCsaT5NJt9T4P0_4core5slice4sort6stable14driftsort_mainTNtNtCsgm1sDeNt0Pm_5gimli6common15DebugInfoOffsetNtB12_18DebugArangesOffsetENCINvMNtCs4HqcKLWfkFX_5alloc5sliceSBZ_11sort_by_keyB10_NCNvMs_NtCskzw6exGm0zd_9addr2line4unitINtB3d_8ResUnitsINtNtNtB14_4read12endian_slice11EndianSliceNtNtB14_9endianity9BigEndianEE5parse0E0INtNtB2l_3vec3VecBZ_EECsfAleuD0QEI_3std
0000000000000d08 D _RINvNtNtNtCsaT5NJt9T4P0_4core5slice4sort8unstable7ipnsortNtNtNtNtNtCsfAleuD0QEI_3std12backtrace_rs9symbolize5gimli3elf9ParsedSymNCINvMB6_SBT_20sort_unstable_by_keyyNCNvMs_BV_NtBV_6Object5parses1_0E0EB13_
0000000000000f78 D _RINvNtNtNtNtCsaT5NJt9T4P0_4core5slice4sort6stable9quicksort9quicksortNtNtCskzw6exGm0zd_9addr2line4line12LineSequenceNCINvMNtCs4HqcKLWfkFX_5alloc5sliceSB15_11sort_by_keyyNCINvMs_B17_NtB17_5Lines5parseINtNtNtCsgm1sDeNt0Pm_5gimli4read12endian_slice11EndianSliceNtNtB3i_9endianity9BigEndianEEs_0E0ECsfAleuD0QEI_3std
0000000000000f90 D _RINvNtNtNtNtCsaT5NJt9T4P0_4core5slice4sort6stable9quicksort9quicksortNtNtCskzw6exGm0zd_9addr2line4unit9UnitRangeNCINvMNtCs4HqcKLWfkFX_5alloc5sliceSB15_11sort_by_keyyNCNvMs_B17_INtB17_8ResUnitsINtNtNtCsgm1sDeNt0Pm_5gimli4read12endian_slice11EndianSliceNtNtB3b_9endianity9BigEndianEE5parses2_0E0ECsfAleuD0QEI_3std
0000000000000fa8 D _RINvNtNtNtNtCsaT5NJt9T4P0_4core5slice4sort6stable9quicksort9quicksortNtNtCskzw6exGm0zd_9addr2line8function15FunctionAddressNCINvMNtCs4HqcKLWfkFX_5alloc5sliceSB15_11sort_by_keyyNCNvMs0_B17_INtB17_9FunctionsINtNtNtCsgm1sDeNt0Pm_5gimli4read12endian_slice11EndianSliceNtNtB3o_9endianity9BigEndianEE5parses_0E0ECsfAleuD0QEI_3std
0000000000000fc0 D _RINvNtNtNtNtCsaT5NJt9T4P0_4core5slice4sort6stable9quicksort9quicksortNtNtCskzw6exGm0zd_9addr2line8function22InlinedFunctionAddressNCINvMNtCs4HqcKLWfkFX_5alloc5sliceSB15_7sort_byNCNvMs1_B17_INtB17_8FunctionINtNtNtCsgm1sDeNt0Pm_5gimli4read12endian_slice11EndianSliceNtNtB3o_9endianity9BigEndianEE5parse0E0ECsfAleuD0QEI_3std
0000000000000fd8 D _RINvNtNtNtNtCsaT5NJt9T4P0_4core5slice4sort6stable9quicksort9quicksortTNtNtCsgm1sDeNt0Pm_5gimli6common15DebugInfoOffsetNtB18_18DebugArangesOffsetENCINvMNtCs4HqcKLWfkFX_5alloc5sliceSB15_11sort_by_keyB16_NCNvMs_NtCskzw6exGm0zd_9addr2line4unitINtB3k_8ResUnitsINtNtNtB1a_4read12endian_slice11EndianSliceNtNtB1a_9endianity9BigEndianEE5parse0E0ECsfAleuD0QEI_3std
0000000000000ff0 D _RINvNtNtNtNtCsaT5NJt9T4P0_4core5slice4sort8unstable8heapsort8heapsortNtNtNtNtNtCsfAleuD0QEI_3std12backtrace_rs9symbolize5gimli3elf9ParsedSymNCINvMB8_SB15_20sort_unstable_by_keyyNCNvMs_B17_NtB17_6Object5parses1_0E0EB1f_
0000000000001668 D _RNvCs9wFQrvczXsK_7___rustc10rust_panic
0000000000001680 D _RNvCs9wFQrvczXsK_7___rustc11___rdl_alloc
0000000000001698 D _RNvCs9wFQrvczXsK_7___rustc12___rust_abort
00000000000016b0 D _RNvCs9wFQrvczXsK_7___rustc13___rdl_dealloc
00000000000016c8 D _RNvCs9wFQrvczXsK_7___rustc13___rdl_realloc
00000000000016e0 D _RNvCs9wFQrvczXsK_7___rustc17___rust_drop_panic
00000000000016f8 D _RNvCs9wFQrvczXsK_7___rustc17rust_begin_unwind
0000000000001710 D _RNvCs9wFQrvczXsK_7___rustc18___rdl_alloc_zeroed
0000000000001728 D _RNvCs9wFQrvczXsK_7___rustc24___rust_foreign_exception
0000000000001740 D _RNvCs9wFQrvczXsK_7___rustc26___rust_alloc_error_handler
0000000000001758 D _RNvMNtCsfAleuD0QEI_3std4timeNtB2_7Instant11checked_add
0000000000001770 D _RNvMNtCsfAleuD0QEI_3std4timeNtB2_7Instant11checked_sub
0000000000001788 D _RNvMNtCsfAleuD0QEI_3std4timeNtB2_7Instant14duration_since
00000000000017a0 D _RNvMNtCsfAleuD0QEI_3std4timeNtB2_7Instant22checked_duration_since
0000000000001788 D _RNvMNtCsfAleuD0QEI_3std4timeNtB2_7Instant25saturating_duration_since
00000000000017b8 D _RNvMNtCsfAleuD0QEI_3std4timeNtB2_7Instant3now
00000000000017d0 D _RNvMNtCsfAleuD0QEI_3std4timeNtB2_7Instant7elapsed
0000000000001800 D _RNvMNtNtCsfAleuD0QEI_3std3net3tcpNtB2_9TcpStream10local_addr
0000000000001818 D _RNvMNtNtCsfAleuD0QEI_3std3net3tcpNtB2_9TcpStream10set_linger
0000000000001830 D _RNvMNtNtCsfAleuD0QEI_3std3net3tcpNtB2_9TcpStream10take_error
0000000000001848 D _RNvMNtNtCsfAleuD0QEI_3std3net3tcpNtB2_9TcpStream11set_nodelay
0000000000001860 D _RNvMNtNtCsfAleuD0QEI_3std3net3tcpNtB2_9TcpStream12read_timeout
0000000000001878 D _RNvMNtNtCsfAleuD0QEI_3std3net3tcpNtB2_9TcpStream13set_keepalive
0000000000001890 D _RNvMNtNtCsfAleuD0QEI_3std3net3tcpNtB2_9TcpStream13write_timeout
00000000000018a8 D _RNvMNtNtCsfAleuD0QEI_3std3net3tcpNtB2_9TcpStream15connect_timeout
00000000000018c0 D _RNvMNtNtCsfAleuD0QEI_3std3net3tcpNtB2_9TcpStream15set_nonblocking
00000000000018d8 D _RNvMNtNtCsfAleuD0QEI_3std3net3tcpNtB2_9TcpStream16set_read_timeout
00000000000018f0 D _RNvMNtNtCsfAleuD0QEI_3std3net3tcpNtB2_9TcpStream17set_write_timeout
0000000000001908 D _RNvMNtNtCsfAleuD0QEI_3std3net3tcpNtB2_9TcpStream3ttl
0000000000001920 D _RNvMNtNtCsfAleuD0QEI_3std3net3tcpNtB2_9TcpStream4peek
0000000000001938 D _RNvMNtNtCsfAleuD0QEI_3std3net3tcpNtB2_9TcpStream6linger
0000000000001950 D _RNvMNtNtCsfAleuD0QEI_3std3net3tcpNtB2_9TcpStream7nodelay
0000000000001968 D _RNvMNtNtCsfAleuD0QEI_3std3net3tcpNtB2_9TcpStream7set_ttl
0000000000001980 D _RNvMNtNtCsfAleuD0QEI_3std3net3tcpNtB2_9TcpStream8shutdown
0000000000001998 D _RNvMNtNtCsfAleuD0QEI_3std3net3tcpNtB2_9TcpStream9keepalive
00000000000019b0 D _RNvMNtNtCsfAleuD0QEI_3std3net3tcpNtB2_9TcpStream9peer_addr
00000000000019c8 D _RNvMNtNtCsfAleuD0QEI_3std3net3tcpNtB2_9TcpStream9try_clone
0000000000001800 D _RNvMNtNtCsfAleuD0QEI_3std3net3udpNtB2_9UdpSocket10local_addr
0000000000001830 D _RNvMNtNtCsfAleuD0QEI_3std3net3udpNtB2_9UdpSocket10take_error
0000000000001860 D _RNvMNtNtCsfAleuD0QEI_3std3net3udpNtB2_9UdpSocket12read_timeout
00000000000019e0 D _RNvMNtNtCsfAleuD0QEI_3std3net3udpNtB2_9UdpSocket13set_broadcast
0000000000001890 D _RNvMNtNtCsfAleuD0QEI_3std3net3udpNtB2_9UdpSocket13write_timeout
00000000000018c0 D _RNvMNtNtCsfAleuD0QEI_3std3net3udpNtB2_9UdpSocket15set_nonblocking
00000000000019f8 D _RNvMNtNtCsfAleuD0QEI_3std3net3udpNtB2_9UdpSocket16multicast_ttl_v4
00000000000018d8 D _RNvMNtNtCsfAleuD0QEI_3std3net3udpNtB2_9UdpSocket16set_read_timeout
0000000000001a10 D _RNvMNtNtCsfAleuD0QEI_3std3net3udpNtB2_9UdpSocket17join_multicast_v4
0000000000001a28 D _RNvMNtNtCsfAleuD0QEI_3std3net3udpNtB2_9UdpSocket17join_multicast_v6
0000000000001a40 D _RNvMNtNtCsfAleuD0QEI_3std3net3udpNtB2_9UdpSocket17multicast_loop_v4
0000000000001a58 D _RNvMNtNtCsfAleuD0QEI_3std3net3udpNtB2_9UdpSocket17multicast_loop_v6
00000000000018f0 D _RNvMNtNtCsfAleuD0QEI_3std3net3udpNtB2_9UdpSocket17set_write_timeout
0000000000001a70 D _RNvMNtNtCsfAleuD0QEI_3std3net3udpNtB2_9UdpSocket18leave_multicast_v4
0000000000001a88 D _RNvMNtNtCsfAleuD0QEI_3std3net3udpNtB2_9UdpSocket18leave_multicast_v6
0000000000001aa0 D _RNvMNtNtCsfAleuD0QEI_3std3net3udpNtB2_9UdpSocket20set_multicast_ttl_v4
0000000000001ab8 D _RNvMNtNtCsfAleuD0QEI_3std3net3udpNtB2_9UdpSocket21set_multicast_loop_v4
0000000000001ad0 D _RNvMNtNtCsfAleuD0QEI_3std3net3udpNtB2_9UdpSocket21set_multicast_loop_v6
0000000000001908 D _RNvMNtNtCsfAleuD0QEI_3std3net3udpNtB2_9UdpSocket3ttl
0000000000001920 D _RNvMNtNtCsfAleuD0QEI_3std3net3udpNtB2_9UdpSocket4peek
0000000000001ae8 D _RNvMNtNtCsfAleuD0QEI_3std3net3udpNtB2_9UdpSocket4recv
0000000000001b00 D _RNvMNtNtCsfAleuD0QEI_3std3net3udpNtB2_9UdpSocket4send
0000000000001968 D _RNvMNtNtCsfAleuD0QEI_3std3net3udpNtB2_9UdpSocket7set_ttl
0000000000001b18 D _RNvMNtNtCsfAleuD0QEI_3std3net3udpNtB2_9UdpSocket9broadcast
0000000000001b30 D _RNvMNtNtCsfAleuD0QEI_3std3net3udpNtB2_9UdpSocket9peek_from
0000000000001b48 D _RNvMNtNtCsfAleuD0QEI_3std3net3udpNtB2_9UdpSocket9peer_addr
0000000000001b60 D _RNvMNtNtCsfAleuD0QEI_3std3net3udpNtB2_9UdpSocket9recv_from
00000000000019c8 D _RNvMNtNtCsfAleuD0QEI_3std3net3udpNtB2_9UdpSocket9try_clone
0000000000001b78 D _RNvMNtNtCsfAleuD0QEI_3std6thread2idNtB2_8ThreadId3new
0000000000001b90 D _RNvMNtNtCsfAleuD0QEI_3std6thread6scopedNtB2_9ScopeData29decrement_num_running_threads
0000000000001ba8 D _RNvMNtNtCsfAleuD0QEI_3std6thread6scopedNtB2_9ScopeData29increment_num_running_threads
0000000000001bd8 D _RNvMNtNtCsfAleuD0QEI_3std6thread7builderNtB2_7Builder4name
0000000000001bf0 D _RNvMNtNtNtCsfAleuD0QEI_3std2os5linux7processNtB2_5PidFd4kill
0000000000001c08 D _RNvMNtNtNtCsfAleuD0QEI_3std2os5linux7processNtB2_5PidFd4wait
0000000000001c20 D _RNvMNtNtNtCsfAleuD0QEI_3std2os5linux7processNtB2_5PidFd8try_wait
0000000000001c38 D _RNvMNtNtNtCsfAleuD0QEI_3std3sys2fd4unixNtB2_8FileDesc11read_buf_at
0000000000001c50 D _RNvMNtNtNtCsfAleuD0QEI_3std3sys2fd4unixNtB2_8FileDesc11read_to_end
0000000000001c68 D _RNvMNtNtNtCsfAleuD0QEI_3std3sys2fd4unixNtB2_8FileDesc11set_cloexec
0000000000001c80 D _RNvMNtNtNtCsfAleuD0QEI_3std3sys2fd4unixNtB2_8FileDesc13read_vectored
0000000000001c98 D _RNvMNtNtNtCsfAleuD0QEI_3std3sys2fd4unixNtB2_8FileDesc14write_vectored
0000000000001cb0 D _RNvMNtNtNtCsfAleuD0QEI_3std3sys2fd4unixNtB2_8FileDesc15set_nonblocking
0000000000001cc8 D _RNvMNtNtNtCsfAleuD0QEI_3std3sys2fd4unixNtB2_8FileDesc16read_vectored_at
0000000000001ce0 D _RNvMNtNtNtCsfAleuD0QEI_3std3sys2fd4unixNtB2_8FileDesc17write_vectored_at
0000000000001cf8 D _RNvMNtNtNtCsfAleuD0QEI_3std3sys2fd4unixNtB2_8FileDesc4read
0000000000001d10 D _RNvMNtNtNtCsfAleuD0QEI_3std3sys2fd4unixNtB2_8FileDesc5write
0000000000001d28 D _RNvMNtNtNtCsfAleuD0QEI_3std3sys2fd4unixNtB2_8FileDesc7read_at
0000000000001d40 D _RNvMNtNtNtCsfAleuD0QEI_3std3sys2fd4unixNtB2_8FileDesc8read_buf
0000000000001d58 D _RNvMNtNtNtCsfAleuD0QEI_3std3sys2fd4unixNtB2_8FileDesc8write_at
0000000000001d70 D _RNvMNtNtNtCsfAleuD0QEI_3std4sync4mpmc7contextNtB2_7Context3new
0000000000001d88 D _RNvMNtNtNtCsfAleuD0QEI_3std4sync6poison7condvarNtB2_7Condvar10notify_all
0000000000001da0 D _RNvMNtNtNtCsfAleuD0QEI_3std4sync6poison7condvarNtB2_7Condvar10notify_one
0000000000001d88 D _RNvMNtNtNtCsfAleuD0QEI_3std4sync9nonpoison7condvarNtB2_7Condvar10notify_all
0000000000001da0 D _RNvMNtNtNtCsfAleuD0QEI_3std4sync9nonpoison7condvarNtB2_7Condvar10notify_one
0000000000001e00 D _RNvMNtNtNtNtCsfAleuD0QEI_3std2io8buffered9bufreader6bufferNtB2_6Buffer9backshift
0000000000001e18 D _RNvMNtNtNtNtCsfAleuD0QEI_3std2os4unix3net4addrNtB2_10SocketAddr10from_parts
0000000000001e30 D _RNvMNtNtNtNtCsfAleuD0QEI_3std2os4unix3net4addrNtB2_10SocketAddr10is_unnamed
0000000000001e48 D _RNvMNtNtNtNtCsfAleuD0QEI_3std2os4unix3net4addrNtB2_10SocketAddr11as_pathname
0000000000001e60 D _RNvMNtNtNtNtCsfAleuD0QEI_3std3sys2fs4unix3dirNtB2_3Dir4open
0000000000001e78 D _RNvMNtNtNtNtCsfAleuD0QEI_3std3sys2fs4unix3dirNtB2_3Dir9open_file
0000000000001ec0 D _RNvMNtNtNtNtCsfAleuD0QEI_3std3sys4sync5mutex5futexNtB2_5Mutex14lock_contended
0000000000001ed8 D _RNvMNtNtNtNtCsfAleuD0QEI_3std3sys4sync5mutex5futexNtB2_5Mutex4wake
0000000000001ef0 D _RNvMNtNtNtNtCsfAleuD0QEI_3std3sys4sync6rwlock5futexNtB2_6RwLock14read_contended
0000000000001f08 D _RNvMNtNtNtNtCsfAleuD0QEI_3std3sys4sync6rwlock5futexNtB2_6RwLock15write_contended
0000000000001f20 D _RNvMNtNtNtNtCsfAleuD0QEI_3std3sys4sync6rwlock5futexNtB2_6RwLock22wake_writer_or_readers
0000000000001f38 D _RNvMNtNtNtNtCsfAleuD0QEI_3std3sys4sync7condvar5futexNtB2_7Condvar12wait_timeout
0000000000001f68 D _RNvMNtNtNtNtCsfAleuD0QEI_3std3sys4sync7condvar5futexNtB2_7Condvar4wait
0000000000002010 D _RNvMNtNtNtNtNtCsfAleuD0QEI_3std3sys3net10connection6socket4unixNtB2_6Socket3new
0000000000002070 D _RNvMNvMs_NtNtNtCsfAleuD0QEI_3std2io8buffered9bufwriterINtB7_9BufWriterpE9flush_bufNtB2_8BufGuard9remaining
00000000000020a0 D _RNvMs0_NtNtCsfAleuD0QEI_3std3ffi6os_strNtB5_8OsString17into_boxed_os_str
00000000000020b8 D _RNvMs0_NtNtCsfAleuD0QEI_3std4sync4onceNtB5_4Once10wait_force
00000000000020d0 D _RNvMs0_NtNtCsfAleuD0QEI_3std4sync4onceNtB5_4Once4wait
00000000000020e8 D _RNvMs0_NtNtCsfAleuD0QEI_3std4sync7barrierNtB5_7Barrier4wait
0000000000002118 D _RNvMs0_NtNtNtCsfAleuD0QEI_3std2os2fd5ownedNtB5_10BorrowedFd18try_clone_to_owned
0000000000002130 D _RNvMs0_NtNtNtCsfAleuD0QEI_3std3sys6thread4unixNtB5_6Thread3new
0000000000002148 D _RNvMs0_NtNtNtCsfAleuD0QEI_3std3sys6thread4unixNtB5_6Thread4join
0000000000002160 D _RNvMs0_NtNtNtNtCsfAleuD0QEI_3std2os4unix3net6streamNtB5_10UnixStream10local_addr
0000000000001830 D _RNvMs0_NtNtNtNtCsfAleuD0QEI_3std2os4unix3net6streamNtB5_10UnixStream10take_error
0000000000002178 D _RNvMs0_NtNtNtNtCsfAleuD0QEI_3std2os4unix3net6streamNtB5_10UnixStream12connect_addr
0000000000002190 D _RNvMs0_NtNtNtNtCsfAleuD0QEI_3std2os4unix3net6streamNtB5_10UnixStream12read_timeout
00000000000021a8 D _RNvMs0_NtNtNtNtCsfAleuD0QEI_3std2os4unix3net6streamNtB5_10UnixStream13write_timeout
00000000000018c0 D _RNvMs0_NtNtNtNtCsfAleuD0QEI_3std2os4unix3net6streamNtB5_10UnixStream15set_nonblocking
00000000000018d8 D _RNvMs0_NtNtNtNtCsfAleuD0QEI_3std2os4unix3net6streamNtB5_10UnixStream16set_read_timeout
00000000000018f0 D _RNvMs0_NtNtNtNtCsfAleuD0QEI_3std2os4unix3net6streamNtB5_10UnixStream17set_write_timeout
00000000000021c0 D _RNvMs0_NtNtNtNtCsfAleuD0QEI_3std2os4unix3net6streamNtB5_10UnixStream28recv_vectored_with_ancillary
00000000000021d8 D _RNvMs0_NtNtNtNtCsfAleuD0QEI_3std2os4unix3net6streamNtB5_10UnixStream28send_vectored_with_ancillary
00000000000021f0 D _RNvMs0_NtNtNtNtCsfAleuD0QEI_3std2os4unix3net6streamNtB5_10UnixStream4pair
0000000000001920 D _RNvMs0_NtNtNtNtCsfAleuD0QEI_3std2os4unix3net6streamNtB5_10UnixStream4peek
0000000000002208 D _RNvMs0_NtNtNtNtCsfAleuD0QEI_3std2os4unix3net6streamNtB5_10UnixStream8set_mark
0000000000001980 D _RNvMs0_NtNtNtNtCsfAleuD0QEI_3std2os4unix3net6streamNtB5_10UnixStream8shutdown
0000000000002220 D _RNvMs0_NtNtNtNtCsfAleuD0QEI_3std2os4unix3net6streamNtB5_10UnixStream9peer_addr
0000000000002238 D _RNvMs0_NtNtNtNtCsfAleuD0QEI_3std2os4unix3net6streamNtB5_10UnixStream9peer_cred
0000000000002250 D _RNvMs0_NtNtNtNtCsfAleuD0QEI_3std2os4unix3net6streamNtB5_10UnixStream9try_clone
0000000000002160 D _RNvMs0_NtNtNtNtCsfAleuD0QEI_3std2os4unix3net8datagramNtB5_12UnixDatagram10local_addr
0000000000001830 D _RNvMs0_NtNtNtNtCsfAleuD0QEI_3std2os4unix3net8datagramNtB5_12UnixDatagram10take_error
0000000000002268 D _RNvMs0_NtNtNtNtCsfAleuD0QEI_3std2os4unix3net8datagramNtB5_12UnixDatagram12connect_addr
0000000000002190 D _RNvMs0_NtNtNtNtCsfAleuD0QEI_3std2os4unix3net8datagramNtB5_12UnixDatagram12read_timeout
0000000000002280 D _RNvMs0_NtNtNtNtCsfAleuD0QEI_3std2os4unix3net8datagramNtB5_12UnixDatagram12send_to_addr
00000000000021a8 D _RNvMs0_NtNtNtNtCsfAleuD0QEI_3std2os4unix3net8datagramNtB5_12UnixDatagram13write_timeout
00000000000018c0 D _RNvMs0_NtNtNtNtCsfAleuD0QEI_3std2os4unix3net8datagramNtB5_12UnixDatagram15set_nonblocking
00000000000018d8 D _RNvMs0_NtNtNtNtCsfAleuD0QEI_3std2os4unix3net8datagramNtB5_12UnixDatagram16set_read_timeout
00000000000018f0 D _RNvMs0_NtNtNtNtCsfAleuD0QEI_3std2os4unix3net8datagramNtB5_12UnixDatagram17set_write_timeout
0000000000002298 D _RNvMs0_NtNtNtNtCsfAleuD0QEI_3std2os4unix3net8datagramNtB5_12UnixDatagram28recv_vectored_with_ancillary
00000000000021d8 D _RNvMs0_NtNtNtNtCsfAleuD0QEI_3std2os4unix3net8datagramNtB5_12UnixDatagram28send_vectored_with_ancillary
00000000000022b0 D _RNvMs0_NtNtNtNtCsfAleuD0QEI_3std2os4unix3net8datagramNtB5_12UnixDatagram33recv_vectored_with_ancillary_from
00000000000022c8 D _RNvMs0_NtNtNtNtCsfAleuD0QEI_3std2os4unix3net8datagramNtB5_12UnixDatagram4pair
0000000000001920 D _RNvMs0_NtNtNtNtCsfAleuD0QEI_3std2os4unix3net8datagramNtB5_12UnixDatagram4peek
0000000000001ae8 D _RNvMs0_NtNtNtNtCsfAleuD0QEI_3std2os4unix3net8datagramNtB5_12UnixDatagram4recv
00000000000022e0 D _RNvMs0_NtNtNtNtCsfAleuD0QEI_3std2os4unix3net8datagramNtB5_12UnixDatagram4send
00000000000022f8 D _RNvMs0_NtNtNtNtCsfAleuD0QEI_3std2os4unix3net8datagramNtB5_12UnixDatagram7unbound
0000000000002208 D _RNvMs0_NtNtNtNtCsfAleuD0QEI_3std2os4unix3net8datagramNtB5_12UnixDatagram8set_mark
0000000000001980 D _RNvMs0_NtNtNtNtCsfAleuD0QEI_3std2os4unix3net8datagramNtB5_12UnixDatagram8shutdown
0000000000002310 D _RNvMs0_NtNtNtNtCsfAleuD0QEI_3std2os4unix3net8datagramNtB5_12UnixDatagram9bind_addr
0000000000002328 D _RNvMs0_NtNtNtNtCsfAleuD0QEI_3std2os4unix3net8datagramNtB5_12UnixDatagram9peek_from
0000000000002220 D _RNvMs0_NtNtNtNtCsfAleuD0QEI_3std2os4unix3net8datagramNtB5_12UnixDatagram9peer_addr
0000000000002340 D _RNvMs0_NtNtNtNtCsfAleuD0QEI_3std2os4unix3net8datagramNtB5_12UnixDatagram9recv_from
0000000000002250 D _RNvMs0_NtNtNtNtCsfAleuD0QEI_3std2os4unix3net8datagramNtB5_12UnixDatagram9try_clone
0000000000002358 D _RNvMs0_NtNtNtNtCsfAleuD0QEI_3std3sys4sync4once5futexNtB5_4Once4call
0000000000002400 D _RNvMs16_NtCsfAleuD0QEI_3std4pathNtB6_4Path10__ends_with
0000000000002418 D _RNvMs16_NtCsfAleuD0QEI_3std4pathNtB6_4Path10components
0000000000002430 D _RNvMs16_NtCsfAleuD0QEI_3std4pathNtB6_4Path10is_symlink
0000000000002448 D _RNvMs16_NtCsfAleuD0QEI_3std4pathNtB6_4Path11file_prefix
0000000000002460 D _RNvMs16_NtCsfAleuD0QEI_3std4pathNtB6_4Path11is_absolute
0000000000002478 D _RNvMs16_NtCsfAleuD0QEI_3std4pathNtB6_4Path11to_path_buf
0000000000002490 D _RNvMs16_NtCsfAleuD0QEI_3std4pathNtB6_4Path12__starts_with
00000000000024a8 D _RNvMs16_NtCsfAleuD0QEI_3std4pathNtB6_4Path13__strip_prefix
00000000000024c0 D _RNvMs16_NtCsfAleuD0QEI_3std4pathNtB6_4Path13into_path_buf
00000000000024d8 D _RNvMs16_NtCsfAleuD0QEI_3std4pathNtB6_4Path15__with_extension
00000000000024f0 D _RNvMs16_NtCsfAleuD0QEI_3std4pathNtB6_4Path15__with_file_name
0000000000002508 D _RNvMs16_NtCsfAleuD0QEI_3std4pathNtB6_4Path19normalize_lexically
0000000000002520 D _RNvMs16_NtCsfAleuD0QEI_3std4pathNtB6_4Path5__join
0000000000002538 D _RNvMs16_NtCsfAleuD0QEI_3std4pathNtB6_4Path6is_dir
0000000000002550 D _RNvMs16_NtCsfAleuD0QEI_3std4pathNtB6_4Path6parent
0000000000002568 D _RNvMs16_NtCsfAleuD0QEI_3std4pathNtB6_4Path7is_file
0000000000002580 D _RNvMs16_NtCsfAleuD0QEI_3std4pathNtB6_4Path9extension
0000000000002598 D _RNvMs16_NtCsfAleuD0QEI_3std4pathNtB6_4Path9file_name
00000000000025b0 D _RNvMs16_NtCsfAleuD0QEI_3std4pathNtB6_4Path9file_stem
00000000000025e0 D _RNvMs1_NtNtCsfAleuD0QEI_3std2io5stdioNtB5_5Stdin4lock
00000000000025f8 D _RNvMs1_NtNtCsfAleuD0QEI_3std2io5stdioNtB5_5Stdin5lines
0000000000002610 D _RNvMs1_NtNtCsfAleuD0QEI_3std2io5stdioNtB5_5Stdin9read_line
0000000000002628 D _RNvMs2_NtCsfAleuD0QEI_3std2fsNtB5_4File11lock_shared
0000000000002640 D _RNvMs2_NtCsfAleuD0QEI_3std2fsNtB5_4File15set_permissions
0000000000002658 D _RNvMs2_NtCsfAleuD0QEI_3std2fsNtB5_4File15try_lock_shared
0000000000002670 D _RNvMs2_NtCsfAleuD0QEI_3std2fsNtB5_4File4lock
0000000000002688 D _RNvMs2_NtCsfAleuD0QEI_3std2fsNtB5_4File6unlock
00000000000026a0 D _RNvMs2_NtCsfAleuD0QEI_3std2fsNtB5_4File7set_len
00000000000026b8 D _RNvMs2_NtCsfAleuD0QEI_3std2fsNtB5_4File8metadata
00000000000026d0 D _RNvMs2_NtCsfAleuD0QEI_3std2fsNtB5_4File8sync_all
00000000000026e8 D _RNvMs2_NtCsfAleuD0QEI_3std2fsNtB5_4File8try_lock
0000000000002700 D _RNvMs2_NtCsfAleuD0QEI_3std2fsNtB5_4File9set_times
0000000000002718 D _RNvMs2_NtCsfAleuD0QEI_3std2fsNtB5_4File9sync_data
0000000000002250 D _RNvMs2_NtCsfAleuD0QEI_3std2fsNtB5_4File9try_clone
0000000000002730 D _RNvMs2_NtCsfAleuD0QEI_3std2ioNtB5_10IoSliceMut10into_slice
0000000000002748 D _RNvMs2_NtCsfAleuD0QEI_3std9backtraceNtB5_9Backtrace13force_capture
0000000000002778 D _RNvMs2_NtCsfAleuD0QEI_3std9backtraceNtB5_9Backtrace7capture
00000000000027a8 D _RNvMs2_NtNtCsfAleuD0QEI_3std2io4pipeNtB5_10PipeReader9try_clone
00000000000027c0 D _RNvMs3_NtCs4HqcKLWfkFX_5alloc7raw_vecINtB5_6RawVecINtNtB7_3vec3VechEE8grow_oneCsfAleuD0QEI_3std
00000000000027d8 D _RNvMs3_NtCs4HqcKLWfkFX_5alloc7raw_vecINtB5_6RawVecINtNtB7_5boxed3BoxDINtNtNtCsaT5NJt9T4P0_4core3ops8function5FnMutuEp6OutputINtNtB1c_6result6ResultuNtNtNtCsfAleuD0QEI_3std2io5error5ErrorENtNtB1c_6marker4SendNtB31_4SyncEL_EE8grow_oneB2s_
00000000000027f0 D _RNvMs3_NtCs4HqcKLWfkFX_5alloc7raw_vecINtB5_6RawVecINtNtCskzw6exGm0zd_9addr2line4unit7ResUnitINtNtNtCsgm1sDeNt0Pm_5gimli4read12endian_slice11EndianSliceNtNtB1z_9endianity9BigEndianEEE8grow_oneCsfAleuD0QEI_3std
0000000000002808 D _RNvMs3_NtCs4HqcKLWfkFX_5alloc7raw_vecINtB5_6RawVecINtNtCskzw6exGm0zd_9addr2line4unit7SupUnitINtNtNtCsgm1sDeNt0Pm_5gimli4read12endian_slice11EndianSliceNtNtB1z_9endianity9BigEndianEEE8grow_oneCsfAleuD0QEI_3std
0000000000002820 D _RNvMs3_NtCs4HqcKLWfkFX_5alloc7raw_vecINtB5_6RawVecINtNtCskzw6exGm0zd_9addr2line8function12LazyFunctionINtNtNtCsgm1sDeNt0Pm_5gimli4read12endian_slice11EndianSliceNtNtB1J_9endianity9BigEndianEEE8grow_oneCsfAleuD0QEI_3std
0000000000002838 D _RNvMs3_NtCs4HqcKLWfkFX_5alloc7raw_vecINtB5_6RawVecINtNtCskzw6exGm0zd_9addr2line8function15InlinedFunctionINtNtNtCsgm1sDeNt0Pm_5gimli4read12endian_slice11EndianSliceNtNtB1M_9endianity9BigEndianEEE8grow_oneCsfAleuD0QEI_3std
0000000000002850 D _RNvMs3_NtCs4HqcKLWfkFX_5alloc7raw_vecINtB5_6RawVecINtNtNtCsgm1sDeNt0Pm_5gimli4read4line9FileEntryINtNtBR_12endian_slice11EndianSliceNtNtBT_9endianity9BigEndianEjEE8grow_oneCsfAleuD0QEI_3std
00000000000027c0 D _RNvMs3_NtCs4HqcKLWfkFX_5alloc7raw_vecINtB5_6RawVecINtNtNtCsgm1sDeNt0Pm_5gimli4read4unit14AttributeValueINtNtBR_12endian_slice11EndianSliceNtNtBT_9endianity9BigEndianEjEE8grow_oneCsfAleuD0QEI_3std
00000000000027c0 D _RNvMs3_NtCs4HqcKLWfkFX_5alloc7raw_vecINtB5_6RawVecNtNtB7_6string6StringE8grow_oneCsfAleuD0QEI_3std
0000000000002868 D _RNvMs3_NtCs4HqcKLWfkFX_5alloc7raw_vecINtB5_6RawVecNtNtCsfAleuD0QEI_3std9backtrace14BacktraceFrameE8grow_oneBQ_
0000000000002820 D _RNvMs3_NtCs4HqcKLWfkFX_5alloc7raw_vecINtB5_6RawVecNtNtCsfAleuD0QEI_3std9backtrace15BacktraceSymbolE8grow_oneBQ_
0000000000002880 D _RNvMs3_NtCs4HqcKLWfkFX_5alloc7raw_vecINtB5_6RawVecNtNtCskzw6exGm0zd_9addr2line4line12LineSequenceE8grow_oneCsfAleuD0QEI_3std
00000000000027c0 D _RNvMs3_NtCs4HqcKLWfkFX_5alloc7raw_vecINtB5_6RawVecNtNtCskzw6exGm0zd_9addr2line4line7LineRowE8grow_oneCsfAleuD0QEI_3std
0000000000002880 D _RNvMs3_NtCs4HqcKLWfkFX_5alloc7raw_vecINtB5_6RawVecNtNtCskzw6exGm0zd_9addr2line4unit9UnitRangeE8grow_oneCsfAleuD0QEI_3std
00000000000027c0 D _RNvMs3_NtCs4HqcKLWfkFX_5alloc7raw_vecINtB5_6RawVecNtNtCskzw6exGm0zd_9addr2line8function15FunctionAddressE8grow_oneCsfAleuD0QEI_3std
0000000000002880 D _RNvMs3_NtCs4HqcKLWfkFX_5alloc7raw_vecINtB5_6RawVecNtNtCskzw6exGm0zd_9addr2line8function22InlinedFunctionAddressE8grow_oneCsfAleuD0QEI_3std
00000000000027c0 D _RNvMs3_NtCs4HqcKLWfkFX_5alloc7raw_vecINtB5_6RawVecNtNtNtCsfAleuD0QEI_3std3ffi6os_str8OsStringE8grow_oneBS_
0000000000002898 D _RNvMs3_NtCs4HqcKLWfkFX_5alloc7raw_vecINtB5_6RawVecNtNtNtCsgm1sDeNt0Pm_5gimli4read4line15FileEntryFormatE8grow_oneCsfAleuD0QEI_3std
0000000000002868 D _RNvMs3_NtCs4HqcKLWfkFX_5alloc7raw_vecINtB5_6RawVecNtNtNtNtCsfAleuD0QEI_3std12backtrace_rs9symbolize5gimli7LibraryE8grow_oneBU_
0000000000002838 D _RNvMs3_NtCs4HqcKLWfkFX_5alloc7raw_vecINtB5_6RawVecNtNtNtNtNtCsfAleuD0QEI_3std12backtrace_rs9symbolize5gimli19parse_running_mmaps9MapsEntryE8grow_oneBW_
00000000000027d8 D _RNvMs3_NtCs4HqcKLWfkFX_5alloc7raw_vecINtB5_6RawVecNtNtNtNtNtCsfAleuD0QEI_3std12backtrace_rs9symbolize5gimli4mmap4MmapE8grow_oneBW_
00000000000028b0 D _RNvMs3_NtCs4HqcKLWfkFX_5alloc7raw_vecINtB5_6RawVecPhE8grow_oneCsfAleuD0QEI_3std
00000000000028b0 D _RNvMs3_NtCs4HqcKLWfkFX_5alloc7raw_vecINtB5_6RawVecRINtNtCskzw6exGm0zd_9addr2line8function15InlinedFunctionINtNtNtCsgm1sDeNt0Pm_5gimli4read12endian_slice11EndianSliceNtNtB1N_9endianity9BigEndianEEE8grow_oneCsfAleuD0QEI_3std
00000000000027d8 D _RNvMs3_NtCs4HqcKLWfkFX_5alloc7raw_vecINtB5_6RawVecTNtNtCsgm1sDeNt0Pm_5gimli6common15DebugInfoOffsetNtBP_18DebugArangesOffsetEE8grow_oneCsfAleuD0QEI_3std
0000000000002838 D _RNvMs3_NtCs4HqcKLWfkFX_5alloc7raw_vecINtB5_6RawVecTNtNtNtCsfAleuD0QEI_3std3ffi6os_str8OsStringBN_EE8grow_oneBT_
00000000000028c8 D _RNvMs3_NtCs4HqcKLWfkFX_5alloc7raw_vecINtB5_6RawVecTOhFUKCBN_EuENtNtCsfAleuD0QEI_3std5alloc6SystemE8grow_oneB13_
00000000000028e0 D _RNvMs3_NtCsfAleuD0QEI_3std9backtraceNtB5_9Backtrace6frames
00000000000027a8 D _RNvMs3_NtNtCsfAleuD0QEI_3std2io4pipeNtB5_10PipeWriter9try_clone
00000000000028f8 D _RNvMs3_NtNtCsfAleuD0QEI_3std2io5errorNtB5_5Error4__new
0000000000001758 D _RNvMs5_NtCsfAleuD0QEI_3std4timeNtB5_10SystemTime11checked_add
0000000000001770 D _RNvMs5_NtCsfAleuD0QEI_3std4timeNtB5_10SystemTime11checked_sub
00000000000029d0 D _RNvMs5_NtCsfAleuD0QEI_3std4timeNtB5_10SystemTime14duration_since
00000000000029e8 D _RNvMs5_NtCsfAleuD0QEI_3std4timeNtB5_10SystemTime14saturating_add
0000000000002a00 D _RNvMs5_NtCsfAleuD0QEI_3std4timeNtB5_10SystemTime14saturating_sub
0000000000002a18 D _RNvMs5_NtCsfAleuD0QEI_3std4timeNtB5_10SystemTime25saturating_duration_since
0000000000002a30 D _RNvMs5_NtCsfAleuD0QEI_3std4timeNtB5_10SystemTime3now
0000000000002a48 D _RNvMs5_NtCsfAleuD0QEI_3std4timeNtB5_10SystemTime7elapsed
0000000000002a78 D _RNvMs5_NtNtNtNtCsfAleuD0QEI_3std2os4unix3net9ancillaryNtB5_15SocketAncillary7add_fds
0000000000002a90 D _RNvMs5_NtNtNtNtCsfAleuD0QEI_3std2os4unix3net9ancillaryNtB5_15SocketAncillary8messages
0000000000002aa8 D _RNvMs5_NtNtNtNtCsfAleuD0QEI_3std2os4unix3net9ancillaryNtB5_15SocketAncillary9add_creds
0000000000001800 D _RNvMs7_NtNtCsfAleuD0QEI_3std3net3tcpNtB5_11TcpListener10local_addr
0000000000001830 D _RNvMs7_NtNtCsfAleuD0QEI_3std3net3tcpNtB5_11TcpListener10take_error
0000000000002ad8 D _RNvMs7_NtNtCsfAleuD0QEI_3std3net3tcpNtB5_11TcpListener11set_only_v6
00000000000018c0 D _RNvMs7_NtNtCsfAleuD0QEI_3std3net3tcpNtB5_11TcpListener15set_nonblocking
0000000000001908 D _RNvMs7_NtNtCsfAleuD0QEI_3std3net3tcpNtB5_11TcpListener3ttl
0000000000002af0 D _RNvMs7_NtNtCsfAleuD0QEI_3std3net3tcpNtB5_11TcpListener6accept
0000000000002b08 D _RNvMs7_NtNtCsfAleuD0QEI_3std3net3tcpNtB5_11TcpListener7only_v6
0000000000001968 D _RNvMs7_NtNtCsfAleuD0QEI_3std3net3tcpNtB5_11TcpListener7set_ttl
00000000000019c8 D _RNvMs7_NtNtCsfAleuD0QEI_3std3net3tcpNtB5_11TcpListener9try_clone
0000000000002730 D _RNvMs8_NtCsfAleuD0QEI_3std2ioNtB5_7IoSlice8as_slice
0000000000002b38 D _RNvMs8_NtCsfAleuD0QEI_3std4pathNtB5_10Components7as_path
0000000000002b68 D _RNvMsA_NtCsfAleuD0QEI_3std2fsNtB5_8DirEntry4path
0000000000002b80 D _RNvMsA_NtCsfAleuD0QEI_3std2fsNtB5_8DirEntry8metadata
0000000000002b98 D _RNvMsA_NtCsfAleuD0QEI_3std2fsNtB5_8DirEntry9file_name
0000000000002bb0 D _RNvMsA_NtCsfAleuD0QEI_3std2fsNtB5_8DirEntry9file_type
0000000000002be0 D _RNvMsD_NtCsfAleuD0QEI_3std2fsNtB5_10DirBuilder7__create
0000000000002bf8 D _RNvMsN_NtCsfAleuD0QEI_3std7processNtB5_15ExitStatusError12code_nonzero
0000000000002c10 D _RNvMsN_NtCsfAleuD0QEI_3std7processNtB5_15ExitStatusError4code
0000000000002c28 D _RNvMsS_NtCsfAleuD0QEI_3std7processNtB5_8ExitCode12exit_process
0000000000002c40 D _RNvMsY_NtCsfAleuD0QEI_3std7processNtB5_5Child16wait_with_output
0000000000002c58 D _RNvMsY_NtCsfAleuD0QEI_3std7processNtB5_5Child4kill
0000000000002c70 D _RNvMsY_NtCsfAleuD0QEI_3std7processNtB5_5Child4wait
0000000000002c88 D _RNvMsY_NtCsfAleuD0QEI_3std7processNtB5_5Child8try_wait
0000000000002cb8 D _RNvMs_NtNtCsfAleuD0QEI_3std12backtrace_rs9symbolizeNtB4_6Symbol12filename_raw
0000000000002cd0 D _RNvMs_NtNtCsfAleuD0QEI_3std12backtrace_rs9symbolizeNtB4_6Symbol4name
0000000000002ce8 D _RNvMs_NtNtCsfAleuD0QEI_3std6thread6threadNtB4_6Thread12park_timeout
0000000000002d00 D _RNvMs_NtNtCsfAleuD0QEI_3std6thread6threadNtB4_6Thread3new
0000000000002d18 D _RNvMs_NtNtCsfAleuD0QEI_3std6thread6threadNtB4_6Thread4name
0000000000002d30 D _RNvMs_NtNtCsfAleuD0QEI_3std6thread6threadNtB4_6Thread4park
0000000000002d48 D _RNvMs_NtNtCsfAleuD0QEI_3std6thread6threadNtB4_6Thread8from_raw
0000000000002d60 D _RNvMs_NtNtCsfAleuD0QEI_3std6thread9spawnhookNtB4_15ChildSpawnHooks3run
0000000000002d90 D _RNvMs_NtNtNtCsfAleuD0QEI_3std2io8buffered9bufwriterINtB4_9BufWriterNtNtB8_5stdio9StdoutRawE10write_coldBa_
0000000000002da8 D _RNvMs_NtNtNtCsfAleuD0QEI_3std2io8buffered9bufwriterINtB4_9BufWriterNtNtB8_5stdio9StdoutRawE14write_all_coldBa_
0000000000002dd8 D _RNvMs_NtNtNtCsfAleuD0QEI_3std2os2fd5ownedNtB4_7OwnedFd9try_clone
0000000000002df0 D _RNvMs_NtNtNtCsfAleuD0QEI_3std3sys7process3envNtB4_10CommandEnv3set
0000000000002e08 D _RNvMs_NtNtNtCsfAleuD0QEI_3std3sys7process3envNtB4_10CommandEnv6remove
0000000000002160 D _RNvMs_NtNtNtNtCsfAleuD0QEI_3std2os4unix3net8listenerNtB4_12UnixListener10local_addr
0000000000001830 D _RNvMs_NtNtNtNtCsfAleuD0QEI_3std2os4unix3net8listenerNtB4_12UnixListener10take_error
00000000000018c0 D _RNvMs_NtNtNtNtCsfAleuD0QEI_3std2os4unix3net8listenerNtB4_12UnixListener15set_nonblocking
0000000000002e98 D _RNvMs_NtNtNtNtCsfAleuD0QEI_3std2os4unix3net8listenerNtB4_12UnixListener6accept
0000000000002eb0 D _RNvMs_NtNtNtNtCsfAleuD0QEI_3std2os4unix3net8listenerNtB4_12UnixListener9bind_addr
0000000000002250 D _RNvMs_NtNtNtNtCsfAleuD0QEI_3std2os4unix3net8listenerNtB4_12UnixListener9try_clone
0000000000002ef8 D _RNvMs_NtNtNtNtCsfAleuD0QEI_3std3sys7process4unix6commonNtB4_7Command3arg
0000000000002f10 D _RNvMs_NtNtNtNtCsfAleuD0QEI_3std3sys7process4unix6commonNtB4_7Command3cwd
0000000000002f28 D _RNvMs_NtNtNtNtCsfAleuD0QEI_3std3sys7process4unix6commonNtB4_7Command3new
0000000000002f40 D _RNvMs_NtNtNtNtCsfAleuD0QEI_3std3sys7process4unix6commonNtB4_7Command5stdin
0000000000002f58 D _RNvMs_NtNtNtNtCsfAleuD0QEI_3std3sys7process4unix6commonNtB4_7Command6chroot
0000000000002f70 D _RNvMs_NtNtNtNtCsfAleuD0QEI_3std3sys7process4unix6commonNtB4_7Command6stderr
0000000000002f88 D _RNvMs_NtNtNtNtCsfAleuD0QEI_3std3sys7process4unix6commonNtB4_7Command6stdout
0000000000002fa0 D _RNvMs_NtNtNtNtCsfAleuD0QEI_3std3sys7process4unix6commonNtB4_7Command8pre_exec
0000000000002fd0 D _RNvMs_NtNtNtNtCsfAleuD0QEI_3std3sys7process4unix6commonNtB4_7Command9set_arg_0
0000000000002fe8 D _RNvMsa_NtNtCsfAleuD0QEI_3std2io5stdioNtB5_6Stdout4lock
0000000000003000 D _RNvMsa_NtNtNtNtCsfAleuD0QEI_3std3sys3net10connection6socketNtB5_9UdpSocket7send_to
0000000000003108 D _RNvMsi_NtNtNtCsfAleuD0QEI_3std3sys2fs4unixNtB5_4File13read_vectored
0000000000003120 D _RNvMsi_NtNtNtCsfAleuD0QEI_3std3sys2fs4unixNtB5_4File4read
0000000000003150 D _RNvMsi_NtNtNtCsfAleuD0QEI_3std3sys2fs4unixNtB5_4File8read_buf
0000000000003168 D _RNvMsj_NtCsfAleuD0QEI_3std2fsNtB5_11OpenOptions5__open
0000000000003180 D _RNvMsk_NtCsfAleuD0QEI_3std7processNtB5_7Command11get_program
0000000000003198 D _RNvMsk_NtCsfAleuD0QEI_3std7processNtB5_7Command15get_current_dir
00000000000031b0 D _RNvMsk_NtCsfAleuD0QEI_3std7processNtB5_7Command17get_resolved_envs
00000000000031c8 D _RNvMsk_NtCsfAleuD0QEI_3std7processNtB5_7Command5spawn
00000000000031e0 D _RNvMsk_NtCsfAleuD0QEI_3std7processNtB5_7Command6output
00000000000031f8 D _RNvMsk_NtCsfAleuD0QEI_3std7processNtB5_7Command6status
0000000000003210 D _RNvMsk_NtCsfAleuD0QEI_3std7processNtB5_7Command8get_args
0000000000003228 D _RNvMsk_NtCsfAleuD0QEI_3std7processNtB5_7Command9env_clear
0000000000002fe8 D _RNvMsk_NtNtCsfAleuD0QEI_3std2io5stdioNtB5_6Stderr4lock
00000000000024c0 D _RNvMsl_NtNtCsfAleuD0QEI_3std3ffi6os_strNtB5_5OsStr14into_os_string
0000000000003240 D _RNvMsl_NtNtCsfAleuD0QEI_3std3ffi6os_strNtB5_5OsStr16split_at_checked
0000000000003258 D _RNvMsl_NtNtCsfAleuD0QEI_3std3ffi6os_strNtB5_5OsStr18to_ascii_lowercase
0000000000003270 D _RNvMsl_NtNtCsfAleuD0QEI_3std3ffi6os_strNtB5_5OsStr18to_ascii_uppercase
0000000000003288 D _RNvMsl_NtNtCsfAleuD0QEI_3std3ffi6os_strNtB5_5OsStr8split_at
00000000000032a0 D _RNvMsm_NtCsfAleuD0QEI_3std2fsNtB5_8Metadata7created
00000000000032b8 D _RNvMsm_NtCsfAleuD0QEI_3std2fsNtB5_8Metadata8accessed
00000000000032d0 D _RNvMsm_NtCsfAleuD0QEI_3std2fsNtB5_8Metadata8modified
00000000000032e8 D _RNvMsn_NtCs4HqcKLWfkFX_5alloc4syncINtB5_3ArcINtNtNtCsgm1sDeNt0Pm_5gimli4read5dwarf5DwarfINtNtBL_12endian_slice11EndianSliceNtNtBN_9endianity9BigEndianEEE9drop_slowCsfAleuD0QEI_3std
0000000000003300 D _RNvMsn_NtCs4HqcKLWfkFX_5alloc4syncINtB5_3ArcINtNtNtNtCsfAleuD0QEI_3std4sync6poison5mutex5MutexINtNtB7_3vec3VechEEE9drop_slowBP_
0000000000003318 D _RNvMsn_NtCs4HqcKLWfkFX_5alloc4syncINtB5_3ArcNtNtNtCsfAleuD0QEI_3std6thread6thread5InnerNtNtBM_5alloc6SystemE9drop_slowBM_
0000000000003330 D _RNvMsn_NtCs4HqcKLWfkFX_5alloc4syncINtB5_3ArcNtNtNtCsfAleuD0QEI_3std6thread9spawnhook9SpawnHookE9drop_slowBM_
0000000000003348 D _RNvMsn_NtCs4HqcKLWfkFX_5alloc4syncINtB5_3ArcNtNtNtCsgm1sDeNt0Pm_5gimli4read6abbrev13AbbreviationsE9drop_slowCsfAleuD0QEI_3std
0000000000003360 D _RNvMsn_NtCs4HqcKLWfkFX_5alloc4syncINtB5_3ArcNtNtNtNtCsfAleuD0QEI_3std3sys2fs4unix12InnerReadDirE9drop_slowBO_
0000000000003378 D _RNvMsr_NtCsfAleuD0QEI_3std4pathNtB5_7PathBuf11into_string
0000000000003390 D _RNvMsr_NtCsfAleuD0QEI_3std4pathNtB5_7PathBuf14__add_extension
00000000000033a8 D _RNvMsr_NtCsfAleuD0QEI_3std4pathNtB5_7PathBuf14__set_extension
00000000000033c0 D _RNvMsr_NtCsfAleuD0QEI_3std4pathNtB5_7PathBuf14__set_file_name
00000000000033d8 D _RNvMsr_NtCsfAleuD0QEI_3std4pathNtB5_7PathBuf16pop_trailing_sep
00000000000033f0 D _RNvMsr_NtCsfAleuD0QEI_3std4pathNtB5_7PathBuf16set_trailing_sep
0000000000003408 D _RNvMsr_NtCsfAleuD0QEI_3std4pathNtB5_7PathBuf17push_trailing_sep
0000000000003420 D _RNvMsr_NtCsfAleuD0QEI_3std4pathNtB5_7PathBuf3pop
0000000000003438 D _RNvMsr_NtCsfAleuD0QEI_3std4pathNtB5_7PathBuf5__push
0000000000003450 D _RNvMst_NtCsfAleuD0QEI_3std7processNtB5_6Output7exit_ok
0000000000000000 B _RNvNCNKNvNtNtCsfAleuD0QEI_3std6thread9spawnhook11SPAWN_HOOKS0023___RUST_STD_INTERNAL_VAL
0000000000000000 B _RNvNCNKNvNvMNtNtCsfAleuD0QEI_3std4hash6randomNtBa_11RandomState3new4KEYS0s_023___RUST_STD_INTERNAL_VAL
0000000000000000 B _RNvNCNKNvNvMNtNtNtCsfAleuD0QEI_3std4sync4mpmc7contextNtBa_7Context4with7CONTEXT0023___RUST_STD_INTERNAL_VAL
0000000000000000 D _RNvNCNKNvNvNtNtNtCsfAleuD0QEI_3std4sync4mpmc5waker17current_thread_id5DUMMY0s_023___RUST_STD_INTERNAL_VAL
0000000000000000 B _RNvNCNvNtNtCsfAleuD0QEI_3std6thread9lifecycle15spawn_unchecked03MIN
00000000000034e0 D _RNvNtCsfAleuD0QEI_3std2rt19lang_start_internal
0000000000003510 D _RNvNtCsfAleuD0QEI_3std3env11current_dir
0000000000003528 D _RNvNtCsfAleuD0QEI_3std3env11current_exe
0000000000003540 D _RNvNtCsfAleuD0QEI_3std3env4__var
0000000000003558 D _RNvNtCsfAleuD0QEI_3std3env4args
0000000000003570 D _RNvNtCsfAleuD0QEI_3std3env4vars
0000000000003588 D _RNvNtCsfAleuD0QEI_3std3env7__var_os
00000000000035a0 D _RNvNtCsfAleuD0QEI_3std3env7args_os
00000000000035b8 D _RNvNtCsfAleuD0QEI_3std3env7vars_os
00000000000035d0 D _RNvNtCsfAleuD0QEI_3std3env8home_dir
00000000000035e8 D _RNvNtCsfAleuD0QEI_3std3env8temp_dir
0000000000003600 D _RNvNtCsfAleuD0QEI_3std4path18compare_components
0000000000003618 D _RNvNtCsfAleuD0QEI_3std5alloc20set_alloc_error_hook
0000000000003630 D _RNvNtCsfAleuD0QEI_3std5alloc24default_alloc_error_hook
0000000000000000 B _RNvNtCsfAleuD0QEI_3std5alloc4HOOK
0000000000003648 D _RNvNtCsfAleuD0QEI_3std5alloc8rust_oom
0000000000003660 D _RNvNtCsfAleuD0QEI_3std5panic13resume_unwind
0000000000003678 D _RNvNtCsfAleuD0QEI_3std5panic19get_backtrace_style
0000000000003690 D _RNvNtCsfAleuD0QEI_3std5panic19set_backtrace_style
00000000000036a8 D _RNvNtCsfAleuD0QEI_3std7process2id
00000000000036c0 D _RNvNtCsfAleuD0QEI_3std7process4exit
00000000000036d8 D _RNvNtCsfAleuD0QEI_3std7process5abort
0000000000000000 D _RNvNtCsfAleuD0QEI_3std9panicking11EMPTY_PANIC
00000000000036f0 D _RNvNtCsfAleuD0QEI_3std9panicking12default_hook
0000000000003720 D _RNvNtCsfAleuD0QEI_3std9panicking14payload_as_str
0000000000003738 D _RNvNtCsfAleuD0QEI_3std9panicking15panic_with_hook
0000000000000000 B _RNvNtCsfAleuD0QEI_3std9panicking4HOOK
0000000000003750 D _RNvNtCsfAleuD0QEI_3std9panicking8set_hook
0000000000003768 D _RNvNtCsfAleuD0QEI_3std9panicking9take_hook
0000000000003780 D _RNvNtNtCsfAleuD0QEI_3std2io5stdio18set_output_capture
0000000000003798 D _RNvNtNtCsfAleuD0QEI_3std2io5stdio22try_set_output_capture
00000000000037b0 D _RNvNtNtCsfAleuD0QEI_3std2io5stdio23attempt_print_to_stderr
00000000000037e0 D _RNvNtNtCsfAleuD0QEI_3std2io5stdio5stdin
00000000000037f8 D _RNvNtNtCsfAleuD0QEI_3std2io5stdio6__print
0000000000003810 D _RNvNtNtCsfAleuD0QEI_3std2io5stdio6stdout
0000000000003828 D _RNvNtNtCsfAleuD0QEI_3std2io5stdio7__eprint
0000000000003840 D _RNvNtNtCsfAleuD0QEI_3std3net8hostname8hostname
0000000000003858 D _RNvNtNtCsfAleuD0QEI_3std3sys2fs10remove_dir
0000000000003870 D _RNvNtNtCsfAleuD0QEI_3std3sys2fs11remove_file
0000000000003888 D _RNvNtNtCsfAleuD0QEI_3std3sys2fs12canonicalize
00000000000038a0 D _RNvNtNtCsfAleuD0QEI_3std3sys2fs14remove_dir_all
00000000000038b8 D _RNvNtNtCsfAleuD0QEI_3std3sys2fs15set_permissions
00000000000038d0 D _RNvNtNtCsfAleuD0QEI_3std3sys2fs16symlink_metadata
00000000000038e8 D _RNvNtNtCsfAleuD0QEI_3std3sys2fs18set_times_nofollow
0000000000003900 D _RNvNtNtCsfAleuD0QEI_3std3sys2fs24set_permissions_nofollow
0000000000003918 D _RNvNtNtCsfAleuD0QEI_3std3sys2fs4copy
0000000000003930 D _RNvNtNtCsfAleuD0QEI_3std3sys2fs6exists
0000000000003948 D _RNvNtNtCsfAleuD0QEI_3std3sys2fs6rename
0000000000003960 D _RNvNtNtCsfAleuD0QEI_3std3sys2fs7symlink
0000000000003978 D _RNvNtNtCsfAleuD0QEI_3std3sys2fs8metadata
0000000000003990 D _RNvNtNtCsfAleuD0QEI_3std3sys2fs8read_dir
00000000000039a8 D _RNvNtNtCsfAleuD0QEI_3std3sys2fs9hard_link
00000000000039c0 D _RNvNtNtCsfAleuD0QEI_3std3sys2fs9read_link
00000000000039d8 D _RNvNtNtCsfAleuD0QEI_3std3sys2fs9set_times
0000000000003a20 D _RNvNtNtCsfAleuD0QEI_3std3sys5alloc16realloc_fallback
0000000000003a50 D _RNvNtNtCsfAleuD0QEI_3std3sys9backtrace4lock
0000000000003a68 D _RNvNtNtCsfAleuD0QEI_3std4sync9lazy_lock14panic_poisoned
0000000000003a80 D _RNvNtNtCsfAleuD0QEI_3std6thread5local18panic_access_error
0000000000003ab0 D _RNvNtNtCsfAleuD0QEI_3std6thread7current18current_or_unnamed
0000000000000000 B _RNvNtNtCsfAleuD0QEI_3std6thread7current7CURRENT
0000000000003ac8 D _RNvNtNtCsfAleuD0QEI_3std6thread7current7current
0000000000003ae0 D _RNvNtNtCsfAleuD0QEI_3std6thread9functions11sleep_until
0000000000003af8 D _RNvNtNtCsfAleuD0QEI_3std6thread9functions12park_timeout
0000000000003b10 D _RNvNtNtCsfAleuD0QEI_3std6thread9functions15park_timeout_ms
0000000000003b28 D _RNvNtNtCsfAleuD0QEI_3std6thread9functions21available_parallelism
0000000000003b40 D _RNvNtNtCsfAleuD0QEI_3std6thread9functions4park
0000000000003b58 D _RNvNtNtCsfAleuD0QEI_3std6thread9functions5sleep
0000000000003b70 D _RNvNtNtCsfAleuD0QEI_3std6thread9functions8sleep_ms
0000000000003b88 D _RNvNtNtCsfAleuD0QEI_3std6thread9functions9yield_now
0000000000003ba0 D _RNvNtNtCsfAleuD0QEI_3std6thread9spawnhook15run_spawn_hooks
0000000000003bb8 D _RNvNtNtCsfAleuD0QEI_3std9panicking11panic_count17is_zero_slow_path
0000000000000000 B _RNvNtNtCsfAleuD0QEI_3std9panicking11panic_count18GLOBAL_PANIC_COUNT
0000000000003bd0 D _RNvNtNtCsfAleuD0QEI_3std9panicking11panic_count19finished_panic_hook
0000000000003be8 D _RNvNtNtCsfAleuD0QEI_3std9panicking11panic_count8decrease
0000000000003c00 D _RNvNtNtCsfAleuD0QEI_3std9panicking11panic_count8increase
0000000000003c18 D _RNvNtNtCsfAleuD0QEI_3std9panicking11panic_count9get_count
0000000000003c48 D _RNvNtNtNtCsfAleuD0QEI_3std12backtrace_rs9symbolize5gimli7resolve
0000000000003c60 D _RNvNtNtNtCsfAleuD0QEI_3std2os4unix2io16replace_stdio_fd
0000000000003c78 D _RNvNtNtNtCsfAleuD0QEI_3std2os4unix7process9parent_id
0000000000003cc0 D _RNvNtNtNtCsfAleuD0QEI_3std3sys2fs4unix5chown
0000000000003cd8 D _RNvNtNtNtCsfAleuD0QEI_3std3sys2fs4unix6chroot
0000000000003cf0 D _RNvNtNtNtCsfAleuD0QEI_3std3sys2fs4unix6fchown
0000000000003d08 D _RNvNtNtNtCsfAleuD0QEI_3std3sys2fs4unix6lchown
0000000000003d20 D _RNvNtNtNtCsfAleuD0QEI_3std3sys2fs4unix6mkfifo
0000000000003d68 D _RNvNtNtNtCsfAleuD0QEI_3std3sys3env4unix6setenv
0000000000003d80 D _RNvNtNtNtCsfAleuD0QEI_3std3sys3env4unix8unsetenv
0000000000003db0 D _RNvNtNtNtCsfAleuD0QEI_3std3sys4path4unix8absolute
0000000000003dc8 D _RNvNtNtNtCsfAleuD0QEI_3std3sys4pipe4unix4pipe
0000000000003de0 D _RNvNtNtNtCsfAleuD0QEI_3std3sys5paths4unix5chdir
0000000000003df8 D _RNvNtNtNtCsfAleuD0QEI_3std3sys6random5linux19hashmap_random_keys
0000000000000000 B _RNvNtNtNtCsfAleuD0QEI_3std6thread7current2id2ID
0000000000003e88 D _RNvNtNtNtNtCsfAleuD0QEI_3std2os4unix3net4addr11sockaddr_un
0000000000003ea0 D _RNvNtNtNtNtCsfAleuD0QEI_3std2os4unix3net9ancillary31send_vectored_with_ancillary_to
0000000000003ed0 D _RNvNtNtNtNtCsfAleuD0QEI_3std3sys12thread_local11destructors10linux_like8register
0000000000003f30 D _RNvNtNtNtNtCsfAleuD0QEI_3std3sys2io11kernel_copy5linux15sendfile_splice
0000000000003f48 D _RNvNtNtNtNtCsfAleuD0QEI_3std3sys2io11kernel_copy5linux18copy_regular_files
0000000000003f90 D _RNvNtNtNtNtCsfAleuD0QEI_3std3sys3pal4unix5futex10futex_wake
0000000000003fa8 D _RNvNtNtNtNtCsfAleuD0QEI_3std3sys3pal4unix5futex14futex_wake_all
0000000000000000 D _RNvNtNtNtNtCsfAleuD0QEI_3std3sys4args4unix3imp15ARGV_INIT_ARRAY
0000000000004098 D _RNvNvMs3_NtNtNtNtCsfAleuD0QEI_3std3sys3net10connection6socketNtB7_9TcpStream7connect5inner
00000000000040b0 D _RNvNvMs7_NtNtNtCsfAleuD0QEI_3std3sys6os_str5bytesNtB7_5Slice25try_check_public_boundary9slow_path
00000000000040c8 D _RNvNvMs7_NtNtNtNtCsfAleuD0QEI_3std3sys3net10connection6socketNtB7_11TcpListener4bind5inner
00000000000040e0 D _RNvNvMsa_NtNtNtNtCsfAleuD0QEI_3std3sys3net10connection6socketNtB7_9UdpSocket4bind5inner
00000000000040f8 D _RNvNvMsa_NtNtNtNtCsfAleuD0QEI_3std3sys3net10connection6socketNtB7_9UdpSocket7connect5inner
0000000000004110 D _RNvNvNtCsfAleuD0QEI_3std2fs14read_to_string5inner
0000000000004128 D _RNvNvNtCsfAleuD0QEI_3std2fs4read5inner
0000000000004140 D _RNvNvNtCsfAleuD0QEI_3std2fs5write5inner
0000000000004158 D _RNvNvNtCsfAleuD0QEI_3std9panicking12catch_unwind7cleanup
0000000000000000 B _RNvNvNtNtCsfAleuD0QEI_3std2io5stdio6stderr8INSTANCE
0000000000004188 D _RNvNvNtNtNtCsfAleuD0QEI_3std3sys5paths4unix11split_paths12into_pathbuf
00000000000041d0 D _RNvNvNtNtNtNtCsfAleuD0QEI_3std3sys4args4unix3imp15ARGV_INIT_ARRAY12init_wrapper
0000000000004230 D _RNvXNtCsfAleuD0QEI_3std2ioNtB2_5GuardNtNtNtCsaT5NJt9T4P0_4core3ops4drop4Drop4drop
0000000000004248 D _RNvXNtCsfAleuD0QEI_3std3envNtB2_4VarsNtNtNtNtCsaT5NJt9T4P0_4core4iter6traits8iterator8Iterator4next
0000000000004260 D _RNvXNtCsfAleuD0QEI_3std3envNtB2_4VarsNtNtNtNtCsaT5NJt9T4P0_4core4iter6traits8iterator8Iterator9size_hint
0000000000004278 D _RNvXNtCsfAleuD0QEI_3std6randomNtB2_19DefaultRandomSourceNtNtCsaT5NJt9T4P0_4core6random12RandomSource10fill_bytes
0000000000004290 D _RNvXNtCsfAleuD0QEI_3std9backtraceNtB2_9BacktraceNtNtCsaT5NJt9T4P0_4core3fmt5Debug3fmt
00000000000042c0 D _RNvXNtNtCsfAleuD0QEI_3std2io5errorNtB2_5ErrorNtNtCsaT5NJt9T4P0_4core3fmt5Debug3fmt
00000000000042d8 D _RNvXNtNtCsfAleuD0QEI_3std2io5stdioNtB2_8StdinRawNtB4_4Read10read_exact
00000000000042f0 D _RNvXNtNtCsfAleuD0QEI_3std2io5stdioNtB2_8StdinRawNtB4_4Read11read_to_end
0000000000004308 D _RNvXNtNtCsfAleuD0QEI_3std2io5stdioNtB2_8StdinRawNtB4_4Read13read_vectored
0000000000004320 D _RNvXNtNtCsfAleuD0QEI_3std2io5stdioNtB2_8StdinRawNtB4_4Read14read_buf_exact
0000000000004338 D _RNvXNtNtCsfAleuD0QEI_3std2io5stdioNtB2_8StdinRawNtB4_4Read14read_to_string
0000000000004350 D _RNvXNtNtCsfAleuD0QEI_3std2io5stdioNtB2_8StdinRawNtB4_4Read4read
0000000000004368 D _RNvXNtNtCsfAleuD0QEI_3std2io5stdioNtB2_8StdinRawNtB4_4Read8read_buf
0000000000004380 D _RNvXNtNtCsfAleuD0QEI_3std4sync9nonpoisonNtB2_10WouldBlockNtNtCsaT5NJt9T4P0_4core3fmt5Debug3fmt
0000000000004398 D _RNvXNtNtCsfAleuD0QEI_3std6thread9functionsNtB2_10PanicGuardNtNtNtCsaT5NJt9T4P0_4core3ops4drop4Drop4drop
00000000000043b0 D _RNvXNtNtCsfAleuD0QEI_3std6thread9spawnhookNtB2_10SpawnHooksNtNtNtCsaT5NJt9T4P0_4core3ops4drop4Drop4drop
00000000000043c8 D _RNvXNtNtNtCsfAleuD0QEI_3std2os4unix2fsNtNtB8_2fs4FileNtB2_7FileExt11read_buf_at
00000000000043e0 D _RNvXNtNtNtCsfAleuD0QEI_3std2os4unix2fsNtNtB8_2fs4FileNtB2_7FileExt16read_vectored_at
00000000000043f8 D _RNvXNtNtNtCsfAleuD0QEI_3std2os4unix2fsNtNtB8_2fs4FileNtB2_7FileExt17write_vectored_at
0000000000004410 D _RNvXNtNtNtCsfAleuD0QEI_3std2os4unix2fsNtNtB8_2fs4FileNtB2_7FileExt7read_at
0000000000004428 D _RNvXNtNtNtCsfAleuD0QEI_3std2os4unix2fsNtNtB8_2fs4FileNtB2_7FileExt8write_at
0000000000004440 D _RNvXNtNtNtCsfAleuD0QEI_3std2os4unix2ioNtNtNtB8_2io5stdio6StdoutNtB2_8StdioExt7take_fd
0000000000004458 D _RNvXNtNtNtCsfAleuD0QEI_3std2os4unix7processNtNtB8_7process7CommandNtB2_10CommandExt4exec
0000000000004470 D _RNvXNtNtNtCsfAleuD0QEI_3std2os4unix7processNtNtB8_7process7CommandNtB2_10CommandExt6groups
0000000000004488 D _RNvXNtNtNtCsfAleuD0QEI_3std3sys5paths4unixNtB2_14JoinPathsErrorNtNtCsaT5NJt9T4P0_4core3fmt7Display3fmt
00000000000044a0 D _RNvXNtNtNtCsfAleuD0QEI_3std3sys7process3envNtB2_10CommandEnvNtNtCsaT5NJt9T4P0_4core3fmt5Debug3fmt
00000000000044b8 D _RNvXNtNtNtCsfAleuD0QEI_3std6thread6thread18thread_name_stringNtB2_16ThreadNameStringINtNtCsaT5NJt9T4P0_4core7convert4FromNtNtCs4HqcKLWfkFX_5alloc6string6StringE4from
00000000000044d0 D _RNvXNtNtNtNtCsfAleuD0QEI_3std2os3net9linux_ext6socketNtNtNtNtB8_4unix3net8datagram12UnixDatagramNtB2_13UnixSocketExt12set_passcred
00000000000044e8 D _RNvXNtNtNtNtCsfAleuD0QEI_3std2os3net9linux_ext6socketNtNtNtNtB8_4unix3net8datagram12UnixDatagramNtB2_13UnixSocketExt8passcred
0000000000004500 D _RNvXNtNtNtNtCsfAleuD0QEI_3std2os4unix3net8listenerNtB2_12UnixListenerNtNtCsaT5NJt9T4P0_4core3fmt5Debug3fmt
0000000000004518 D _RNvXNtNtNtNtCsfAleuD0QEI_3std3sys2fs4unix3cfmNtB2_18CachedFileMetadataNtNtBa_2io4Read11read_to_end
0000000000004530 D _RNvXNtNtNtNtCsfAleuD0QEI_3std3sys2fs4unix3cfmNtB2_18CachedFileMetadataNtNtBa_2io4Read13read_vectored
0000000000004548 D _RNvXNtNtNtNtCsfAleuD0QEI_3std3sys2fs4unix3cfmNtB2_18CachedFileMetadataNtNtBa_2io4Read14read_to_string
0000000000004560 D _RNvXNtNtNtNtCsfAleuD0QEI_3std3sys2fs4unix3cfmNtB2_18CachedFileMetadataNtNtBa_2io4Read4read
0000000000004578 D _RNvXNtNtNtNtCsfAleuD0QEI_3std3sys2fs4unix3cfmNtB2_18CachedFileMetadataNtNtBa_2io4Read8read_buf
0000000000004590 D _RNvXNtNtNtNtNtCsfAleuD0QEI_3std3sys3pal4unix14stack_overflow11thread_infoNtB2_12UnlockOnDropNtNtNtCsaT5NJt9T4P0_4core3ops4drop4Drop4drop
00000000000045a8 D _RNvXNtNtNtNtNtCsfAleuD0QEI_3std3sys7process4unix4unix15linux_child_extNtNtBc_7process5ChildNtNtNtNtBc_2os5linux7process8ChildExt10into_pidfd
00000000000045c0 D _RNvXNtNtNtNtNtCsfAleuD0QEI_3std3sys7process4unix4unix15linux_child_extNtNtBc_7process5ChildNtNtNtNtBc_2os5linux7process8ChildExt5pidfd
00000000000045d8 D _RNvXNvMNtNtCsfAleuD0QEI_3std3sys9backtraceNtB5_13BacktraceLock5printNtB2_16DisplayBacktraceNtNtCsaT5NJt9T4P0_4core3fmt7Display3fmt
00000000000045f0 D _RNvXNvMNtNtNtNtCsfAleuD0QEI_3std3sys7process4unix4unixNtNtB7_6common7Command11posix_spawnNtB2_21PosixSpawnFileActionsNtNtNtCsaT5NJt9T4P0_4core3ops4drop4Drop4drop
00000000000046e0 D _RNvXNvNtCsfAleuD0QEI_3std9panicking13resume_unwindNtB2_9RewrapBoxNtNtCsaT5NJt9T4P0_4core5panic12PanicPayload8take_box
0000000000004710 D _RNvXNvXs7_NtCsfAleuD0QEI_3std4pathNtB8_10ComponentsNtNtCsaT5NJt9T4P0_4core3fmt5Debug3fmtNtB2_11DebugHelperBN_3fmt
0000000000004728 D _RNvXNvXsb_NtCsfAleuD0QEI_3std4pathNtB8_4IterNtNtCsaT5NJt9T4P0_4core3fmt5Debug3fmtNtB2_11DebugHelperBG_3fmt
0000000000004740 D _RNvXs0_NtCsfAleuD0QEI_3std2fsNtB5_12TryLockErrorNtNtCsaT5NJt9T4P0_4core3fmt7Display3fmt
0000000000004758 D _RNvXs0_NtCsfAleuD0QEI_3std3envNtB5_6VarsOsNtNtNtNtCsaT5NJt9T4P0_4core4iter6traits8iterator8Iterator4next
0000000000004770 D _RNvXs0_NtCsfAleuD0QEI_3std3envNtB5_6VarsOsNtNtNtNtCsaT5NJt9T4P0_4core4iter6traits8iterator8Iterator9size_hint
0000000000004788 D _RNvXs0_NtCsfAleuD0QEI_3std4timeNtB5_7InstantINtNtNtCsaT5NJt9T4P0_4core3ops5arith9AddAssignNtNtBN_4time8DurationE10add_assign
00000000000047a0 D _RNvXs0_NtCsfAleuD0QEI_3std9backtraceNtB5_15BacktraceSymbolNtNtCsaT5NJt9T4P0_4core3fmt5Debug3fmt
00000000000047d0 D _RNvXs0_NtNtCsfAleuD0QEI_3std12backtrace_rs9symbolizeNtB5_6SymbolNtNtCsaT5NJt9T4P0_4core3fmt5Debug3fmt
00000000000047e8 D _RNvXs0_NtNtCsfAleuD0QEI_3std2io5errorNtB5_5ErrorINtNtCsaT5NJt9T4P0_4core7convert4FromNtNtNtCs4HqcKLWfkFX_5alloc3ffi5c_str8NulErrorE4from
0000000000004800 D _RNvXs0_NtNtCsfAleuD0QEI_3std2io5stdioNtB5_9StderrRawNtB7_5Write14write_vectored
0000000000004818 D _RNvXs0_NtNtCsfAleuD0QEI_3std2io5stdioNtB5_9StderrRawNtB7_5Write18write_all_vectored
0000000000004830 D _RNvXs0_NtNtCsfAleuD0QEI_3std2io5stdioNtB5_9StderrRawNtB7_5Write5flush
0000000000004848 D _RNvXs0_NtNtCsfAleuD0QEI_3std2io5stdioNtB5_9StderrRawNtB7_5Write5write
0000000000004860 D _RNvXs0_NtNtCsfAleuD0QEI_3std2io5stdioNtB5_9StderrRawNtB7_5Write9write_all
0000000000004878 D _RNvXs0_NtNtCsfAleuD0QEI_3std2io5stdioNtB5_9StderrRawNtB7_5Write9write_fmt
0000000000004890 D _RNvXs0_NtNtCsfAleuD0QEI_3std3net3tcpNtB5_9TcpStreamNtNtB9_2io5Write14write_vectored
0000000000001b00 D _RNvXs0_NtNtCsfAleuD0QEI_3std3net3tcpNtB5_9TcpStreamNtNtB9_2io5Write5write
00000000000048a8 D _RNvXs0_NtNtCsfAleuD0QEI_3std6thread5localNtB5_11AccessErrorNtNtCsaT5NJt9T4P0_4core3fmt7Display3fmt
00000000000048c0 D _RNvXs0_NtNtCsfAleuD0QEI_3std6thread6threadNtB5_6ThreadNtNtCsaT5NJt9T4P0_4core3fmt5Debug3fmt
00000000000048d8 D _RNvXs0_NtNtNtCsfAleuD0QEI_3std2os4unix2ioNtNtNtBb_2io5stdio5StdinNtB5_8StdioExt7take_fd
00000000000048f0 D _RNvXs0_NtNtNtCsfAleuD0QEI_3std2os4unix7processNtNtBb_7process15ExitStatusErrorNtB5_13ExitStatusExt8from_raw
0000000000004908 D _RNvXs0_NtNtNtCsfAleuD0QEI_3std3sys7process3envNtB5_11CommandEnvsNtNtNtNtCsaT5NJt9T4P0_4core4iter6traits8iterator8Iterator4next
0000000000004920 D _RNvXs0_NtNtNtNtCsfAleuD0QEI_3std12backtrace_rs9symbolize5gimli4mmapNtB5_4MmapNtNtNtCsaT5NJt9T4P0_4core3ops4drop4Drop4drop
0000000000004938 D _RNvXs0_NtNtNtNtCsfAleuD0QEI_3std2os4unix3net4addrNtB5_10SocketAddrNtNtNtNtBb_3net9linux_ext4addr13SocketAddrExt16as_abstract_name
0000000000004950 D _RNvXs0_NtNtNtNtCsfAleuD0QEI_3std3sys7process4unix4unixNtB5_10ExitStatusNtNtCsaT5NJt9T4P0_4core3fmt5Debug3fmt
0000000000004968 D _RNvXs0_NtNtNtNtNtCsfAleuD0QEI_3std3sys7process4unix6common13cstring_arrayNtB5_12CStringArrayNtNtCsaT5NJt9T4P0_4core3fmt5Debug3fmt
0000000000004980 D _RNvXs0_NvNtCsfAleuD0QEI_3std9panicking13panic_handlerNtB5_19FormatStringPayloadNtNtCsaT5NJt9T4P0_4core3fmt7Display3fmt
0000000000004998 D _RNvXs19_NtCsfAleuD0QEI_3std4pathNtB6_4PathNtNtCsaT5NJt9T4P0_4core3fmt5Debug3fmt
00000000000049e0 D _RNvXs1_NtCsfAleuD0QEI_3std2ioNtB5_10IoSliceMutNtNtCsaT5NJt9T4P0_4core3fmt5Debug3fmt
00000000000049f8 D _RNvXs1_NtCsfAleuD0QEI_3std3envNtB5_6VarsOsNtNtCsaT5NJt9T4P0_4core3fmt5Debug3fmt
0000000000004a10 D _RNvXs1_NtCsfAleuD0QEI_3std4timeNtB5_7InstantINtNtNtCsaT5NJt9T4P0_4core3ops5arith3SubNtNtBN_4time8DurationE3sub
0000000000004a28 D _RNvXs1_NtCsfAleuD0QEI_3std7processNtB5_5ChildINtNtB7_3sys9IntoInnerNtNtNtNtBK_7process4unix4unix7ProcessE10into_inner
0000000000004a40 D _RNvXs1_NtCsfAleuD0QEI_3std9backtraceNtB5_11BytesOrWideNtNtCsaT5NJt9T4P0_4core3fmt5Debug3fmt
0000000000004a58 D _RNvXs1_NtNtCsfAleuD0QEI_3std3net3tcpRNtB5_9TcpStreamNtNtB9_2io4Read13read_vectored
0000000000004a70 D _RNvXs1_NtNtCsfAleuD0QEI_3std3net3tcpRNtB5_9TcpStreamNtNtB9_2io4Read4read
0000000000004a88 D _RNvXs1_NtNtCsfAleuD0QEI_3std3net3tcpRNtB5_9TcpStreamNtNtB9_2io4Read8read_buf
0000000000004aa0 D _RNvXs1_NtNtCsfAleuD0QEI_3std4sync4onceNtB5_4OnceNtNtCsaT5NJt9T4P0_4core3fmt5Debug3fmt
0000000000004ab8 D _RNvXs1_NtNtCsfAleuD0QEI_3std4sync7barrierNtB5_17BarrierWaitResultNtNtCsaT5NJt9T4P0_4core3fmt5Debug3fmt
0000000000004ad0 D _RNvXs1_NtNtNtCsfAleuD0QEI_3std12backtrace_rs9backtrace9libunwindNtB5_5FrameNtNtCsaT5NJt9T4P0_4core5clone5Clone5clone
0000000000004ae8 D _RNvXs1_NtNtNtCsfAleuD0QEI_3std2os4unix2ioNtNtNtBb_2io5stdio9StdinLockNtB5_8StdioExt7take_fd
0000000000004b00 D _RNvXs1_NtNtNtCsfAleuD0QEI_3std2os4unix7processNtNtBb_7process5ChildNtB5_8ChildExt11send_signal
0000000000004b18 D _RNvXs1_NtNtNtCsfAleuD0QEI_3std2os4unix7processNtNtBb_7process5ChildNtB5_8ChildExt18kill_process_group
0000000000004b30 D _RNvXs1_NtNtNtCsfAleuD0QEI_3std2os4unix7processNtNtBb_7process5ChildNtB5_8ChildExt25send_process_group_signal
0000000000004b48 D _RNvXs1_NtNtNtCsfAleuD0QEI_3std3sys4args6commonNtB5_4ArgsNtNtCsaT5NJt9T4P0_4core3fmt5Debug3fmt
0000000000004b60 D _RNvXs1_NtNtNtCsfAleuD0QEI_3std3sys5stdio4unixNtB5_6StdoutNtNtBb_2io5Write14write_vectored
0000000000004b78 D _RNvXs1_NtNtNtCsfAleuD0QEI_3std3sys5stdio4unixNtB5_6StdoutNtNtBb_2io5Write5write
0000000000004b90 D _RNvXs1_NtNtNtCsfAleuD0QEI_3std3sys6os_str5bytesNtB5_3BufNtNtCsaT5NJt9T4P0_4core3fmt5Debug3fmt
0000000000004ba8 D _RNvXs1_NtNtNtCsfAleuD0QEI_3std3sys6thread4unixNtB5_6ThreadNtNtNtCsaT5NJt9T4P0_4core3ops4drop4Drop4drop
0000000000004bc0 D _RNvXs1_NtNtNtNtCsfAleuD0QEI_3std2os4unix3net4addrNtB5_10SocketAddrNtNtCsaT5NJt9T4P0_4core3fmt5Debug3fmt
0000000000004bd8 D _RNvXs1_NtNtNtNtCsfAleuD0QEI_3std2os4unix3net6streamNtB5_10UnixStreamNtNtBd_2io4Read13read_vectored
0000000000004bf0 D _RNvXs1_NtNtNtNtCsfAleuD0QEI_3std2os4unix3net6streamNtB5_10UnixStreamNtNtBd_2io4Read4read
0000000000004c08 D _RNvXs1_NtNtNtNtCsfAleuD0QEI_3std2os4unix3net6streamNtB5_10UnixStreamNtNtBd_2io4Read8read_buf
0000000000004c20 D _RNvXs1_NtNtNtNtCsfAleuD0QEI_3std2os4unix3net9ancillaryNtB5_9ScmRightsNtNtNtNtCsaT5NJt9T4P0_4core4iter6traits8iterator8Iterator4next
0000000000004c68 D _RNvXs1_NvNtCsfAleuD0QEI_3std9panicking13panic_handlerNtB5_16StaticStrPayloadNtNtCsaT5NJt9T4P0_4core5panic12PanicPayload8take_box
0000000000004c80 D _RNvXs1a_NtCsfAleuD0QEI_3std4pathNtB6_7DisplayNtNtCsaT5NJt9T4P0_4core3fmt5Debug3fmt
0000000000004c98 D _RNvXs1b_NtCsfAleuD0QEI_3std4pathNtB6_7DisplayNtNtCsaT5NJt9T4P0_4core3fmt7Display3fmt
00000000000050b8 D _RNvXs1u_NtCsfAleuD0QEI_3std4pathNtB6_16StripPrefixErrorNtNtCsaT5NJt9T4P0_4core3fmt7Display3fmt
00000000000050d0 D _RNvXs1w_NtCsfAleuD0QEI_3std4pathNtB6_14NormalizeErrorNtNtCsaT5NJt9T4P0_4core3fmt7Display3fmt
0000000000005118 D _RNvXs2_NtCsfAleuD0QEI_3std3envNtB5_8VarErrorNtNtCsaT5NJt9T4P0_4core3fmt7Display3fmt
0000000000005130 D _RNvXs2_NtCsfAleuD0QEI_3std4timeNtB5_7InstantINtNtNtCsaT5NJt9T4P0_4core3ops5arith9SubAssignNtNtBN_4time8DurationE10sub_assign
0000000000005148 D _RNvXs2_NtCsfAleuD0QEI_3std7processNtB5_5ChildNtNtCsaT5NJt9T4P0_4core3fmt5Debug3fmt
0000000000005160 D _RNvXs2_NtNtCsfAleuD0QEI_3std12backtrace_rs9symbolizeNtB5_10SymbolNameNtNtCsaT5NJt9T4P0_4core3fmt7Display3fmt
0000000000005178 D _RNvXs2_NtNtCsfAleuD0QEI_3std2io5stdioNtB5_5StdinNtNtCsaT5NJt9T4P0_4core3fmt5Debug3fmt
0000000000005190 D _RNvXs2_NtNtCsfAleuD0QEI_3std3net3tcpRNtB5_9TcpStreamNtNtB9_2io5Write14write_vectored
00000000000051a8 D _RNvXs2_NtNtCsfAleuD0QEI_3std3net3tcpRNtB5_9TcpStreamNtNtB9_2io5Write5write
00000000000051c0 D _RNvXs2_NtNtCsfAleuD0QEI_3std3net3udpNtB5_9UdpSocketNtNtCsaT5NJt9T4P0_4core3fmt5Debug3fmt
00000000000051d8 D _RNvXs2_NtNtCsfAleuD0QEI_3std6thread6scopedNtB5_5ScopeNtNtCsaT5NJt9T4P0_4core3fmt5Debug3fmt
00000000000051f0 D _RNvXs2_NtNtNtCsfAleuD0QEI_3std12backtrace_rs9backtrace9libunwindNtB5_4BombNtNtNtCsaT5NJt9T4P0_4core3ops4drop4Drop4drop
0000000000005208 D _RNvXs2_NtNtNtCsfAleuD0QEI_3std2io8buffered9bufwriterNtB5_14WriterPanickedNtNtCsaT5NJt9T4P0_4core3fmt7Display3fmt
0000000000005220 D _RNvXs2_NtNtNtCsfAleuD0QEI_3std2os4unix2ioNtNtNtBb_2io5stdio6StderrNtB5_8StdioExt7take_fd
0000000000005238 D _RNvXs2_NtNtNtCsfAleuD0QEI_3std3sys3env6commonNtB5_3EnvNtNtNtNtCsaT5NJt9T4P0_4core4iter6traits8iterator8Iterator4next
0000000000005250 D _RNvXs2_NtNtNtCsfAleuD0QEI_3std3sys3env6commonNtB5_3EnvNtNtNtNtCsaT5NJt9T4P0_4core4iter6traits8iterator8Iterator9size_hint
0000000000005268 D _RNvXs2_NtNtNtCsfAleuD0QEI_3std3sys4time4unixNtB5_7InstantNtNtCsaT5NJt9T4P0_4core3fmt5Debug3fmt
0000000000005280 D _RNvXs2_NtNtNtCsfAleuD0QEI_3std3sys6os_str5bytesNtB5_3BufNtNtCsaT5NJt9T4P0_4core3fmt7Display3fmt
0000000000004a58 D _RNvXs2_NtNtNtNtCsfAleuD0QEI_3std2os4unix3net6streamRNtB5_10UnixStreamNtNtBd_2io4Read13read_vectored
0000000000004a70 D _RNvXs2_NtNtNtNtCsfAleuD0QEI_3std2os4unix3net6streamRNtB5_10UnixStreamNtNtBd_2io4Read4read
0000000000005298 D _RNvXs2_NtNtNtNtCsfAleuD0QEI_3std2os4unix3net6streamRNtB5_10UnixStreamNtNtBd_2io4Read8read_buf
00000000000052b0 D _RNvXs2_NtNtNtNtCsfAleuD0QEI_3std2os4unix3net9ancillaryNtB5_14ScmCredentialsNtNtNtNtCsaT5NJt9T4P0_4core4iter6traits8iterator8Iterator4next
00000000000052c8 D _RNvXs2_NtNtNtNtCsfAleuD0QEI_3std3sys2fs4unix3dirNtNtBd_2fs3DirNtNtNtNtBd_2os2fd3raw9FromRawFd11from_raw_fd
00000000000052e0 D _RNvXs2_NtNtNtNtCsfAleuD0QEI_3std3sys3net10connection6socketNtB5_10LookupHostNtNtNtCsaT5NJt9T4P0_4core3ops4drop4Drop4drop
00000000000052f8 D _RNvXs2_NtNtNtNtNtCsfAleuD0QEI_3std3sys3net10connection6socket4unixNtB5_6SocketNtNtNtNtBf_2os2fd5owned4AsFd5as_fd
0000000000005310 D _RNvXs2_NtNtNtNtNtCsfAleuD0QEI_3std3sys3pal4unix5linux5pidfdNtB5_5PidFdNtNtNtNtBf_2os2fd3raw9FromRawFd11from_raw_fd
0000000000005328 D _RNvXs2_NvNtCsfAleuD0QEI_3std9panicking13panic_handlerNtB5_16StaticStrPayloadNtNtCsaT5NJt9T4P0_4core3fmt7Display3fmt
0000000000005358 D _RNvXs3_NtCsfAleuD0QEI_3std4timeNtB5_7InstantNtNtNtCsaT5NJt9T4P0_4core3ops5arith3Sub3sub
0000000000005370 D _RNvXs3_NtCsfAleuD0QEI_3std7processNtB5_10ChildStdinNtNtB7_2io5Write14write_vectored
0000000000005388 D _RNvXs3_NtCsfAleuD0QEI_3std7processNtB5_10ChildStdinNtNtB7_2io5Write5write
00000000000053b8 D _RNvXs3_NtNtCsfAleuD0QEI_3std12backtrace_rs9symbolizeNtB5_10SymbolNameNtNtCsaT5NJt9T4P0_4core3fmt5Debug3fmt
00000000000053d0 D _RNvXs3_NtNtCsfAleuD0QEI_3std2io5stdioNtB5_5StdinNtB7_4Read10read_exact
00000000000053e8 D _RNvXs3_NtNtCsfAleuD0QEI_3std2io5stdioNtB5_5StdinNtB7_4Read11read_to_end
0000000000005400 D _RNvXs3_NtNtCsfAleuD0QEI_3std2io5stdioNtB5_5StdinNtB7_4Read13read_vectored
0000000000005418 D _RNvXs3_NtNtCsfAleuD0QEI_3std2io5stdioNtB5_5StdinNtB7_4Read14read_buf_exact
0000000000005430 D _RNvXs3_NtNtCsfAleuD0QEI_3std2io5stdioNtB5_5StdinNtB7_4Read14read_to_string
0000000000005448 D _RNvXs3_NtNtCsfAleuD0QEI_3std2io5stdioNtB5_5StdinNtB7_4Read4read
0000000000005460 D _RNvXs3_NtNtCsfAleuD0QEI_3std2io5stdioNtB5_5StdinNtB7_4Read8read_buf
0000000000005478 D _RNvXs3_NtNtCsfAleuD0QEI_3std4sync4onceNtB5_9OnceStateNtNtCsaT5NJt9T4P0_4core3fmt5Debug3fmt
00000000000054d8 D _RNvXs3_NtNtNtCsfAleuD0QEI_3std2io8buffered9bufwriterNtB5_14WriterPanickedNtNtCsaT5NJt9T4P0_4core3fmt5Debug3fmt
00000000000054f0 D _RNvXs3_NtNtNtCsfAleuD0QEI_3std2os4unix2ioNtNtNtBb_2io5stdio10StderrLockNtB5_8StdioExt7take_fd
0000000000005310 D _RNvXs3_NtNtNtCsfAleuD0QEI_3std2os5linux7processNtB5_5PidFdNtNtNtB9_2fd3raw9FromRawFd11from_raw_fd
0000000000005508 D _RNvXs3_NtNtNtCsfAleuD0QEI_3std3sys2fd4unixNtB5_8FileDescNtNtNtNtBb_2os2fd5owned4AsFd5as_fd
0000000000005520 D _RNvXs3_NtNtNtCsfAleuD0QEI_3std3sys5stdio4unixNtB5_6StderrNtNtBb_2io5Write14write_vectored
0000000000005568 D _RNvXs3_NtNtNtCsfAleuD0QEI_3std3sys5stdio4unixNtB5_6StderrNtNtBb_2io5Write5write
0000000000004998 D _RNvXs3_NtNtNtCsfAleuD0QEI_3std3sys6os_str5bytesNtB5_5SliceNtNtCsaT5NJt9T4P0_4core3fmt5Debug3fmt
0000000000005580 D _RNvXs3_NtNtNtCsfAleuD0QEI_3std3sys7process3envNtB5_19CommandResolvedEnvsNtNtNtNtCsaT5NJt9T4P0_4core4iter6traits8iterator8Iterator4next
0000000000005598 D _RNvXs3_NtNtNtNtCsfAleuD0QEI_3std2os4unix3net6streamNtB5_10UnixStreamNtNtBd_2io5Write14write_vectored
00000000000055b0 D _RNvXs3_NtNtNtNtCsfAleuD0QEI_3std2os4unix3net6streamNtB5_10UnixStreamNtNtBd_2io5Write5write
0000000000005508 D _RNvXs3_NtNtNtNtCsfAleuD0QEI_3std3sys2fs4unix3dirNtNtBd_2fs3DirNtNtNtNtBd_2os2fd5owned4AsFd5as_fd
00000000000055c8 D _RNvXs3_NtNtNtNtCsfAleuD0QEI_3std3sys2io11kernel_copy5linuxNtNtBd_2fs4FileNtB5_8CopyRead10properties
00000000000055e0 D _RNvXs3_NtNtNtNtCsfAleuD0QEI_3std3sys7process4unix4unixNtB5_10ExitStatusNtNtCsaT5NJt9T4P0_4core3fmt7Display3fmt
00000000000055f8 D _RNvXs3_NtNtNtNtNtCsfAleuD0QEI_3std3sys7process4unix6common13cstring_arrayNtB5_12CStringArrayNtNtNtCsaT5NJt9T4P0_4core3ops4drop4Drop4drop
0000000000005610 D _RNvXs4_NtCsfAleuD0QEI_3std3envNtB5_10SplitPathsNtNtNtNtCsaT5NJt9T4P0_4core4iter6traits8iterator8Iterator4next
0000000000005628 D _RNvXs4_NtCsfAleuD0QEI_3std4timeNtB5_7InstantNtNtCsaT5NJt9T4P0_4core3fmt5Debug3fmt
0000000000005640 D _RNvXs4_NtCsfAleuD0QEI_3std7processRNtB5_10ChildStdinNtNtB7_2io5Write14write_vectored
0000000000005658 D _RNvXs4_NtCsfAleuD0QEI_3std7processRNtB5_10ChildStdinNtNtB7_2io5Write5write
0000000000005670 D _RNvXs4_NtCsfAleuD0QEI_3std9backtraceNtB5_9BacktraceNtNtCsaT5NJt9T4P0_4core3fmt7Display3fmt
0000000000005688 D _RNvXs4_NtNtCsfAleuD0QEI_3std2io4copyINtNtCs4HqcKLWfkFX_5alloc3vec3VechENtB5_18BufferedWriterSpec11buffer_size
00000000000056a0 D _RNvXs4_NtNtCsfAleuD0QEI_3std2io4pipeRNtB5_10PipeReaderNtB7_4Read11read_to_end
00000000000056b8 D _RNvXs4_NtNtCsfAleuD0QEI_3std2io4pipeRNtB5_10PipeReaderNtB7_4Read13read_vectored
00000000000056d0 D _RNvXs4_NtNtCsfAleuD0QEI_3std2io4pipeRNtB5_10PipeReaderNtB7_4Read4read
00000000000056e8 D _RNvXs4_NtNtCsfAleuD0QEI_3std2io4pipeRNtB5_10PipeReaderNtB7_4Read8read_buf
0000000000005700 D _RNvXs4_NtNtCsfAleuD0QEI_3std2io5errorNtNtB5_14repr_bitpacked4ReprNtNtCsaT5NJt9T4P0_4core3fmt5Debug3fmt
0000000000005718 D _RNvXs4_NtNtCsfAleuD0QEI_3std2io5stdioRNtB5_5StdinNtB7_4Read10read_exact
0000000000005730 D _RNvXs4_NtNtCsfAleuD0QEI_3std2io5stdioRNtB5_5StdinNtB7_4Read11read_to_end
0000000000005748 D _RNvXs4_NtNtCsfAleuD0QEI_3std2io5stdioRNtB5_5StdinNtB7_4Read13read_vectored
0000000000005760 D _RNvXs4_NtNtCsfAleuD0QEI_3std2io5stdioRNtB5_5StdinNtB7_4Read14read_buf_exact
0000000000005778 D _RNvXs4_NtNtCsfAleuD0QEI_3std2io5stdioRNtB5_5StdinNtB7_4Read14read_to_string
0000000000005790 D _RNvXs4_NtNtCsfAleuD0QEI_3std2io5stdioRNtB5_5StdinNtB7_4Read4read
00000000000057a8 D _RNvXs4_NtNtCsfAleuD0QEI_3std2io5stdioRNtB5_5StdinNtB7_4Read8read_buf
00000000000057c0 D _RNvXs4_NtNtCsfAleuD0QEI_3std3net11socket_addrTRetENtB5_13ToSocketAddrs15to_socket_addrs
00000000000057d8 D _RNvXs4_NtNtCsfAleuD0QEI_3std4hash6randomNtB5_11RandomStateNtNtCsaT5NJt9T4P0_4core3fmt5Debug3fmt
00000000000057f0 D _RNvXs4_NtNtNtCsfAleuD0QEI_3std3sys6os_str5bytesNtB5_5SliceNtNtCsaT5NJt9T4P0_4core3fmt7Display3fmt
0000000000005190 D _RNvXs4_NtNtNtNtCsfAleuD0QEI_3std2os4unix3net6streamRNtB5_10UnixStreamNtNtBd_2io5Write14write_vectored
00000000000051a8 D _RNvXs4_NtNtNtNtCsfAleuD0QEI_3std2os4unix3net6streamRNtB5_10UnixStreamNtNtBd_2io5Write5write
0000000000005808 D _RNvXs4_NtNtNtNtCsfAleuD0QEI_3std2os4unix3net9ancillaryNtB5_8MessagesNtNtNtNtCsaT5NJt9T4P0_4core4iter6traits8iterator8Iterator4next
0000000000005820 D _RNvXs4_NtNtNtNtCsfAleuD0QEI_3std3sys2io11kernel_copy5linuxRNtNtBd_2fs4FileNtB5_8CopyRead10properties
0000000000005838 D _RNvXs4_NtNtNtNtNtCsfAleuD0QEI_3std3sys7process4unix6common13cstring_arrayNtB5_11CStringIterNtNtNtNtCsaT5NJt9T4P0_4core4iter6traits8iterator8Iterator4next
0000000000005850 D _RNvXs4_NtNtNtNtNtCsfAleuD0QEI_3std3sys7process4unix6common13cstring_arrayNtB5_11CStringIterNtNtNtNtCsaT5NJt9T4P0_4core4iter6traits8iterator8Iterator9size_hint
0000000000005868 D _RNvXs5_NtCsfAleuD0QEI_3std3envNtB5_10SplitPathsNtNtCsaT5NJt9T4P0_4core3fmt5Debug3fmt
0000000000005880 D _RNvXs5_NtNtCsfAleuD0QEI_3std2io4pipeNtB5_10PipeReaderNtB7_4Read11read_to_end
0000000000003108 D _RNvXs5_NtNtCsfAleuD0QEI_3std2io4pipeNtB5_10PipeReaderNtB7_4Read13read_vectored
0000000000003120 D _RNvXs5_NtNtCsfAleuD0QEI_3std2io4pipeNtB5_10PipeReaderNtB7_4Read4read
0000000000003150 D _RNvXs5_NtNtCsfAleuD0QEI_3std2io4pipeNtB5_10PipeReaderNtB7_4Read8read_buf
0000000000005898 D _RNvXs5_NtNtCsfAleuD0QEI_3std2io5errorNtB5_5ErrorNtNtCsaT5NJt9T4P0_4core3fmt7Display3fmt
00000000000058b0 D _RNvXs5_NtNtCsfAleuD0QEI_3std3net11socket_addrTNtNtCs4HqcKLWfkFX_5alloc6string6StringtENtB5_13ToSocketAddrs15to_socket_addrs
00000000000058c8 D _RNvXs5_NtNtNtCsfAleuD0QEI_3std2os4unix2fsNtNtBb_2fs8DirEntryNtB5_12DirEntryExt213file_name_ref
00000000000052f8 D _RNvXs5_NtNtNtCsfAleuD0QEI_3std2os5linux7processNtB5_5PidFdNtNtNtB9_2fd5owned4AsFd5as_fd
00000000000055c8 D _RNvXs5_NtNtNtNtCsfAleuD0QEI_3std3sys2io11kernel_copy5linuxNtNtBd_2fs4FileNtB5_9CopyWrite10properties
00000000000058e0 D _RNvXs5_NtNtNtNtCsfAleuD0QEI_3std3sys7process4unix4unixNtB5_15ExitStatusErrorNtNtCsaT5NJt9T4P0_4core3fmt5Debug3fmt
0000000000005310 D _RNvXs5_NtNtNtNtNtCsfAleuD0QEI_3std3sys3net10connection6socket4unixNtB5_6SocketNtNtNtNtBf_2os2fd3raw9FromRawFd11from_raw_fd
00000000000058f8 D _RNvXs5_NtNtNtNtNtCsfAleuD0QEI_3std3sys7process4unix6common13cstring_arrayNtB5_11CStringIterNtNtNtNtCsaT5NJt9T4P0_4core4iter6traits10exact_size17ExactSizeIterator3len
0000000000005910 D _RNvXs6_NtCsfAleuD0QEI_3std2fsNtB5_4FileNtNtCsaT5NJt9T4P0_4core3fmt5Debug3fmt
0000000000005928 D _RNvXs6_NtCsfAleuD0QEI_3std3envNtB5_14JoinPathsErrorNtNtCsaT5NJt9T4P0_4core3fmt7Display3fmt
0000000000005940 D _RNvXs6_NtCsfAleuD0QEI_3std4timeNtB5_10SystemTimeINtNtNtCsaT5NJt9T4P0_4core3ops5arith3AddNtNtBR_4time8DurationE3add
0000000000005640 D _RNvXs6_NtNtCsfAleuD0QEI_3std2io4pipeRNtB5_10PipeWriterNtB7_5Write14write_vectored
0000000000005658 D _RNvXs6_NtNtCsfAleuD0QEI_3std2io4pipeRNtB5_10PipeWriterNtB7_5Write5write
0000000000005970 D _RNvXs6_NtNtCsfAleuD0QEI_3std2io5errorNtB5_5ErrorNtNtCsaT5NJt9T4P0_4core5error5Error5cause
0000000000005988 D _RNvXs6_NtNtCsfAleuD0QEI_3std2io5errorNtB5_5ErrorNtNtCsaT5NJt9T4P0_4core5error5Error6source
00000000000059a0 D _RNvXs6_NtNtCsfAleuD0QEI_3std2io5stdioNtB5_9StdinLockNtB7_4Read10read_exact
00000000000059b8 D _RNvXs6_NtNtCsfAleuD0QEI_3std2io5stdioNtB5_9StdinLockNtB7_4Read11read_to_end
00000000000059d0 D _RNvXs6_NtNtCsfAleuD0QEI_3std2io5stdioNtB5_9StdinLockNtB7_4Read13read_vectored
00000000000059e8 D _RNvXs6_NtNtCsfAleuD0QEI_3std2io5stdioNtB5_9StdinLockNtB7_4Read14read_buf_exact
0000000000005a00 D _RNvXs6_NtNtCsfAleuD0QEI_3std2io5stdioNtB5_9StdinLockNtB7_4Read14read_to_string
0000000000005a18 D _RNvXs6_NtNtCsfAleuD0QEI_3std2io5stdioNtB5_9StdinLockNtB7_4Read4read
0000000000005a30 D _RNvXs6_NtNtCsfAleuD0QEI_3std2io5stdioNtB5_9StdinLockNtB7_4Read8read_buf
0000000000005a48 D _RNvXs6_NtNtCsfAleuD0QEI_3std3net11socket_addreNtB5_13ToSocketAddrs15to_socket_addrs
0000000000005a60 D _RNvXs6_NtNtCsfAleuD0QEI_3std3net3tcpNtB5_9TcpStreamNtNtCsaT5NJt9T4P0_4core3fmt5Debug3fmt
0000000000005a90 D _RNvXs6_NtNtNtCsfAleuD0QEI_3std2os2fd5ownedNtB5_10BorrowedFdNtNtCsaT5NJt9T4P0_4core3fmt5Debug3fmt
0000000000005310 D _RNvXs6_NtNtNtCsfAleuD0QEI_3std3sys2fd4unixNtB5_8FileDescNtNtNtNtBb_2os2fd3raw9FromRawFd11from_raw_fd
0000000000005820 D _RNvXs6_NtNtNtNtCsfAleuD0QEI_3std3sys2io11kernel_copy5linuxRNtNtBd_2fs4FileNtB5_9CopyWrite10properties
0000000000005aa8 D _RNvXs6_NtNtNtNtCsfAleuD0QEI_3std3sys3net10connection6socketNtB5_9TcpStreamNtNtCsaT5NJt9T4P0_4core3fmt5Debug3fmt
0000000000005ac0 D _RNvXs6_NtNtNtNtCsfAleuD0QEI_3std3sys7process4unix6commonNtB5_7CommandNtNtCsaT5NJt9T4P0_4core3fmt5Debug3fmt
0000000000005ad8 D _RNvXs7_NtCsfAleuD0QEI_3std2fsRNtB5_4FileNtNtB7_2io4Read11read_to_end
0000000000005af0 D _RNvXs7_NtCsfAleuD0QEI_3std2fsRNtB5_4FileNtNtB7_2io4Read14read_to_string
00000000000049e0 D _RNvXs7_NtCsfAleuD0QEI_3std2ioNtB5_7IoSliceNtNtCsaT5NJt9T4P0_4core3fmt5Debug3fmt
0000000000005b08 D _RNvXs7_NtCsfAleuD0QEI_3std4pathNtB5_10ComponentsNtNtCsaT5NJt9T4P0_4core3fmt5Debug3fmt
0000000000005b20 D _RNvXs7_NtCsfAleuD0QEI_3std4timeNtB5_10SystemTimeINtNtNtCsaT5NJt9T4P0_4core3ops5arith9AddAssignNtNtBR_4time8DurationE10add_assign
0000000000005b38 D _RNvXs7_NtNtCsfAleuD0QEI_3std2io4pipeNtB5_10PipeWriterNtB7_5Write14write_vectored
0000000000005b50 D _RNvXs7_NtNtCsfAleuD0QEI_3std2io4pipeNtB5_10PipeWriterNtB7_5Write5write
0000000000005b68 D _RNvXs7_NtNtNtCsfAleuD0QEI_3std2os2fd5ownedNtB5_7OwnedFdNtNtCsaT5NJt9T4P0_4core3fmt5Debug3fmt
0000000000005b98 D _RNvXs7_NtNtNtCsfAleuD0QEI_3std3sys2fs4unixNtB5_8FileTypeNtNtCsaT5NJt9T4P0_4core3fmt5Debug3fmt
0000000000005bb0 D _RNvXs7_NtNtNtNtCsfAleuD0QEI_3std2os4unix3net8listenerNtB5_8IncomingNtNtNtNtCsaT5NJt9T4P0_4core4iter6traits8iterator8Iterator4next
0000000000005bc8 D _RNvXs7_NtNtNtNtCsfAleuD0QEI_3std3sys7process4unix6commonNtB5_8ExitCodeNtNtCsaT5NJt9T4P0_4core3fmt5Debug3fmt
0000000000005190 D _RNvXs8_NtCsfAleuD0QEI_3std2fsRNtB5_4FileNtNtB7_2io5Write14write_vectored
0000000000005be0 D _RNvXs8_NtCsfAleuD0QEI_3std2fsRNtB5_4FileNtNtB7_2io5Write5write
0000000000005bf8 D _RNvXs8_NtCsfAleuD0QEI_3std4timeNtB5_10SystemTimeINtNtNtCsaT5NJt9T4P0_4core3ops5arith3SubNtNtBR_4time8DurationE3sub
0000000000005c10 D _RNvXs8_NtCsfAleuD0QEI_3std7processNtB5_10ChildStdinNtNtCsaT5NJt9T4P0_4core3fmt5Debug3fmt
0000000000005c28 D _RNvXs8_NtNtCsfAleuD0QEI_3std2io5stdioNtB5_9StdinLockNtB7_7BufRead10read_until
0000000000005c40 D _RNvXs8_NtNtCsfAleuD0QEI_3std2io5stdioNtB5_9StdinLockNtB7_7BufRead7consume
0000000000005c58 D _RNvXs8_NtNtCsfAleuD0QEI_3std2io5stdioNtB5_9StdinLockNtB7_7BufRead8fill_buf
0000000000005c70 D _RNvXs8_NtNtCsfAleuD0QEI_3std2io5stdioNtB5_9StdinLockNtB7_7BufRead9read_line
0000000000005c88 D _RNvXs8_NtNtCsfAleuD0QEI_3std3net3tcpNtB5_8IncomingNtNtNtNtCsaT5NJt9T4P0_4core4iter6traits8iterator8Iterator4next
0000000000005ca0 D _RNvXs9_NtCsfAleuD0QEI_3std2fsRNtB5_4FileNtNtB7_2io4Seek10stream_len
0000000000005cb8 D _RNvXs9_NtCsfAleuD0QEI_3std2fsRNtB5_4FileNtNtB7_2io4Seek15stream_position
0000000000005cd0 D _RNvXs9_NtCsfAleuD0QEI_3std2fsRNtB5_4FileNtNtB7_2io4Seek4seek
0000000000005ce8 D _RNvXs9_NtCsfAleuD0QEI_3std4timeNtB5_10SystemTimeINtNtNtCsaT5NJt9T4P0_4core3ops5arith9SubAssignNtNtBR_4time8DurationE10sub_assign
0000000000005880 D _RNvXs9_NtCsfAleuD0QEI_3std7processNtB5_11ChildStdoutNtNtB7_2io4Read11read_to_end
0000000000003108 D _RNvXs9_NtCsfAleuD0QEI_3std7processNtB5_11ChildStdoutNtNtB7_2io4Read13read_vectored
0000000000003120 D _RNvXs9_NtCsfAleuD0QEI_3std7processNtB5_11ChildStdoutNtNtB7_2io4Read4read
0000000000003150 D _RNvXs9_NtCsfAleuD0QEI_3std7processNtB5_11ChildStdoutNtNtB7_2io4Read8read_buf
0000000000005d90 D _RNvXs9_NtNtCsfAleuD0QEI_3std2io5stdioNtB5_9StdinLockNtNtCsaT5NJt9T4P0_4core3fmt5Debug3fmt
0000000000004b90 D _RNvXs9_NtNtCsfAleuD0QEI_3std3ffi6os_strNtB5_8OsStringNtNtCsaT5NJt9T4P0_4core3fmt5Debug3fmt
0000000000005da8 D _RNvXs9_NtNtCsfAleuD0QEI_3std3net11socket_addrNtNtCs4HqcKLWfkFX_5alloc6string6StringNtB5_13ToSocketAddrs15to_socket_addrs
0000000000005dc0 D _RNvXs9_NtNtNtCsfAleuD0QEI_3std3sys2fs4unixNtB5_15FilePermissionsNtNtCsaT5NJt9T4P0_4core3fmt5Debug3fmt
0000000000005dd8 D _RNvXs9_NtNtNtNtCsfAleuD0QEI_3std3sys3net10connection6socketNtB5_11TcpListenerNtNtCsaT5NJt9T4P0_4core3fmt5Debug3fmt
00000000000052f8 D _RNvXsA_NtNtNtCsfAleuD0QEI_3std2os2fd5ownedNtNtNtBb_2io4pipe10PipeWriterNtB5_4AsFd5as_fd
0000000000005df0 D _RNvXsB_NtCsfAleuD0QEI_3std2fsNtB5_8DirEntryNtNtCsaT5NJt9T4P0_4core3fmt5Debug3fmt
0000000000005e08 D _RNvXsD_NtNtCsfAleuD0QEI_3std3ffi6os_strReINtNtCsaT5NJt9T4P0_4core7convert7TryFromRNtB5_5OsStrE8try_from
0000000000004b90 D _RNvXsG_NtCsfAleuD0QEI_3std4pathNtB5_7PathBufNtNtCsaT5NJt9T4P0_4core3fmt5Debug3fmt
0000000000005e50 D _RNvXsL_NtCsfAleuD0QEI_3std7processNtB5_10ExitStatusNtNtCsaT5NJt9T4P0_4core3fmt7Display3fmt
0000000000004998 D _RNvXsO_NtNtCsfAleuD0QEI_3std3ffi6os_strNtB5_5OsStrNtNtCsaT5NJt9T4P0_4core3fmt5Debug3fmt
0000000000005e68 D _RNvXsP_NtCsfAleuD0QEI_3std7processNtB5_15ExitStatusErrorNtNtCsaT5NJt9T4P0_4core3fmt7Display3fmt
0000000000005e80 D _RNvXsP_NtNtCsfAleuD0QEI_3std3ffi6os_strNtB5_7DisplayNtNtCsaT5NJt9T4P0_4core3fmt5Debug3fmt
0000000000005eb0 D _RNvXsQ_NtNtCsfAleuD0QEI_3std3ffi6os_strNtB5_7DisplayNtNtCsaT5NJt9T4P0_4core3fmt7Display3fmt
0000000000006078 D _RNvXs_NtCsfAleuD0QEI_3std2fsNtB4_12TryLockErrorNtNtCsaT5NJt9T4P0_4core3fmt5Debug3fmt
0000000000006090 D _RNvXs_NtCsfAleuD0QEI_3std3envNtB4_4VarsNtNtCsaT5NJt9T4P0_4core3fmt5Debug3fmt
00000000000060a8 D _RNvXs_NtCsfAleuD0QEI_3std4timeNtB4_7InstantINtNtNtCsaT5NJt9T4P0_4core3ops5arith3AddNtNtBM_4time8DurationE3add
00000000000060c0 D _RNvXs_NtCsfAleuD0QEI_3std5panicNtB4_13PanicHookInfoNtNtCsaT5NJt9T4P0_4core3fmt7Display3fmt
00000000000060d8 D _RNvXs_NtCsfAleuD0QEI_3std9backtraceNtB4_14BacktraceFrameNtNtCsaT5NJt9T4P0_4core3fmt5Debug3fmt
0000000000006108 D _RNvXs_NtNtCsfAleuD0QEI_3std12backtrace_rs9backtraceNtB4_5FrameNtNtCsaT5NJt9T4P0_4core3fmt5Debug3fmt
0000000000006120 D _RNvXs_NtNtCsfAleuD0QEI_3std2io5stdioNtB4_9StdoutRawNtB6_5Write14write_vectored
0000000000006138 D _RNvXs_NtNtCsfAleuD0QEI_3std2io5stdioNtB4_9StdoutRawNtB6_5Write18write_all_vectored
0000000000004830 D _RNvXs_NtNtCsfAleuD0QEI_3std2io5stdioNtB4_9StdoutRawNtB6_5Write5flush
0000000000006150 D _RNvXs_NtNtCsfAleuD0QEI_3std2io5stdioNtB4_9StdoutRawNtB6_5Write5write
0000000000006168 D _RNvXs_NtNtCsfAleuD0QEI_3std2io5stdioNtB4_9StdoutRawNtB6_5Write9write_all
0000000000006180 D _RNvXs_NtNtCsfAleuD0QEI_3std2io5stdioNtB4_9StdoutRawNtB6_5Write9write_fmt
0000000000006198 D _RNvXs_NtNtCsfAleuD0QEI_3std3net3tcpNtB4_9TcpStreamNtNtB8_2io4Read13read_vectored
0000000000001ae8 D _RNvXs_NtNtCsfAleuD0QEI_3std3net3tcpNtB4_9TcpStreamNtNtB8_2io4Read4read
00000000000061b0 D _RNvXs_NtNtCsfAleuD0QEI_3std3net3tcpNtB4_9TcpStreamNtNtB8_2io4Read8read_buf
00000000000061c8 D _RNvXs_NtNtCsfAleuD0QEI_3std4sync7barrierNtB4_7BarrierNtNtCsaT5NJt9T4P0_4core3fmt5Debug3fmt
00000000000061e0 D _RNvXs_NtNtCsfAleuD0QEI_3std4sync9nonpoisonNtB4_10WouldBlockNtNtCsaT5NJt9T4P0_4core3fmt7Display3fmt
00000000000061f8 D _RNvXs_NtNtCsfAleuD0QEI_3std6thread5localNtB4_11AccessErrorNtNtCsaT5NJt9T4P0_4core3fmt5Debug3fmt
0000000000006228 D _RNvXs_NtNtNtCsfAleuD0QEI_3std2os4unix2ioNtNtNtBa_2io5stdio10StdoutLockNtB4_8StdioExt7take_fd
00000000000056b8 D _RNvXs_NtNtNtCsfAleuD0QEI_3std3sys2fd4unixRNtB4_8FileDescNtNtBa_2io4Read13read_vectored
00000000000056d0 D _RNvXs_NtNtNtCsfAleuD0QEI_3std3sys2fd4unixRNtB4_8FileDescNtNtBa_2io4Read4read
00000000000056e8 D _RNvXs_NtNtNtCsfAleuD0QEI_3std3sys2fd4unixRNtB4_8FileDescNtNtBa_2io4Read8read_buf
0000000000006240 D _RNvXs_NtNtNtCsfAleuD0QEI_3std3sys2fs6commonNtB4_3DirNtNtCsaT5NJt9T4P0_4core3fmt5Debug3fmt
0000000000006258 D _RNvXs_NtNtNtCsfAleuD0QEI_3std3sys3env6commonNtB4_3EnvNtNtCsaT5NJt9T4P0_4core3fmt5Debug3fmt
0000000000006270 D _RNvXs_NtNtNtCsfAleuD0QEI_3std3sys4time4unixNtB4_10SystemTimeNtNtCsaT5NJt9T4P0_4core3fmt5Debug3fmt
0000000000006288 D _RNvXs_NtNtNtCsfAleuD0QEI_3std3sys5stdio4unixNtB4_5StdinNtNtBa_2io4Read13read_vectored
00000000000062a0 D _RNvXs_NtNtNtCsfAleuD0QEI_3std3sys5stdio4unixNtB4_5StdinNtNtBa_2io4Read4read
00000000000062b8 D _RNvXs_NtNtNtCsfAleuD0QEI_3std3sys5stdio4unixNtB4_5StdinNtNtBa_2io4Read8read_buf
00000000000062d0 D _RNvXs_NtNtNtCsfAleuD0QEI_3std3sys7helpers4wstrNtB4_9WStrUnitsNtNtNtNtCsaT5NJt9T4P0_4core4iter6traits8iterator8Iterator4next
00000000000062e8 D _RNvXs_NtNtNtCsfAleuD0QEI_3std4sync4mpmc4zeroNtB4_9ZeroTokenNtNtCsaT5NJt9T4P0_4core3fmt5Debug3fmt
0000000000006300 D _RNvXs_NtNtNtCsfAleuD0QEI_3std4sync6poison7condvarNtB4_7CondvarNtNtCsaT5NJt9T4P0_4core3fmt5Debug3fmt
0000000000006300 D _RNvXs_NtNtNtCsfAleuD0QEI_3std4sync9nonpoison7condvarNtB4_7CondvarNtNtCsaT5NJt9T4P0_4core3fmt5Debug3fmt
0000000000006318 D _RNvXs_NtNtNtNtCsfAleuD0QEI_3std12backtrace_rs9symbolize5gimli19parse_running_mmapsNtB4_9MapsEntryNtNtNtCsaT5NJt9T4P0_4core3str6traits7FromStr8from_str
0000000000006330 D _RNvXs_NtNtNtNtCsfAleuD0QEI_3std12backtrace_rs9symbolize5gimli4mmapNtB4_4MmapNtNtNtCsaT5NJt9T4P0_4core3ops5deref5Deref5deref
0000000000006348 D _RNvXs_NtNtNtNtCsfAleuD0QEI_3std2os3net9linux_ext3tcpNtNtNtBc_3net3tcp9TcpStreamNtB4_12TcpStreamExt11deferaccept
0000000000006360 D _RNvXs_NtNtNtNtCsfAleuD0QEI_3std2os3net9linux_ext3tcpNtNtNtBc_3net3tcp9TcpStreamNtB4_12TcpStreamExt12set_quickack
0000000000006378 D _RNvXs_NtNtNtNtCsfAleuD0QEI_3std2os3net9linux_ext3tcpNtNtNtBc_3net3tcp9TcpStreamNtB4_12TcpStreamExt15set_deferaccept
0000000000006390 D _RNvXs_NtNtNtNtCsfAleuD0QEI_3std2os3net9linux_ext3tcpNtNtNtBc_3net3tcp9TcpStreamNtB4_12TcpStreamExt8quickack
00000000000044d0 D _RNvXs_NtNtNtNtCsfAleuD0QEI_3std2os3net9linux_ext6socketNtNtNtNtBa_4unix3net6stream10UnixStreamNtB4_13UnixSocketExt12set_passcred
00000000000044e8 D _RNvXs_NtNtNtNtCsfAleuD0QEI_3std2os3net9linux_ext6socketNtNtNtNtBa_4unix3net6stream10UnixStreamNtB4_13UnixSocketExt8passcred
00000000000063a8 D _RNvXs_NtNtNtNtCsfAleuD0QEI_3std2os4unix3net6streamNtB4_10UnixStreamNtNtCsaT5NJt9T4P0_4core3fmt5Debug3fmt
00000000000063c0 D _RNvXs_NtNtNtNtCsfAleuD0QEI_3std2os4unix3net8datagramNtB4_12UnixDatagramNtNtCsaT5NJt9T4P0_4core3fmt5Debug3fmt
00000000000063d8 D _RNvXs_NtNtNtNtCsfAleuD0QEI_3std3sys2fs4unix3cfmNtB4_18CachedFileMetadataNtNtBc_2io5Write14write_vectored
00000000000063f0 D _RNvXs_NtNtNtNtCsfAleuD0QEI_3std3sys2fs4unix3cfmNtB4_18CachedFileMetadataNtNtBc_2io5Write5write
0000000000006408 D _RNvXs_NtNtNtNtCsfAleuD0QEI_3std3sys2fs4unix3dirNtB4_3DirNtNtCsaT5NJt9T4P0_4core3fmt5Debug3fmt
0000000000006420 D _RNvXs_NtNtNtNtCsfAleuD0QEI_3std3sys3net10connection6socketNtB4_10LookupHostNtNtNtNtCsaT5NJt9T4P0_4core4iter6traits8iterator8Iterator4next
0000000000006438 D _RNvXs_NtNtNtNtCsfAleuD0QEI_3std3sys3pal4unix14stack_overflowNtB4_7HandlerNtNtNtCsaT5NJt9T4P0_4core3ops4drop4Drop4drop
0000000000006450 D _RNvXs_NtNtNtNtCsfAleuD0QEI_3std3sys4sync4once5futexNtB4_15CompletionGuardNtNtNtCsaT5NJt9T4P0_4core3ops4drop4Drop4drop
0000000000006468 D _RNvXs_NtNtNtNtNtCsfAleuD0QEI_3std3sys7process4unix6common13cstring_arrayNtB4_12CStringArrayINtNtNtCsaT5NJt9T4P0_4core3ops5index5IndexjE5index
0000000000006480 D _RNvXs_NvMNtNtNtNtCsfAleuD0QEI_3std3sys7process4unix4unixNtNtB9_6common7Command11posix_spawnNtB4_14PosixSpawnattrNtNtNtCsaT5NJt9T4P0_4core3ops4drop4Drop4drop
0000000000006498 D _RNvXs_NvMs_NtNtNtCsfAleuD0QEI_3std2io8buffered9bufwriterINtB9_9BufWriterpE9flush_bufNtB4_8BufGuardNtNtNtCsaT5NJt9T4P0_4core3ops4drop4Drop4drop
00000000000064c8 D _RNvXs_NvNtCsfAleuD0QEI_3std9panicking13panic_handlerNtB4_19FormatStringPayloadNtNtCsaT5NJt9T4P0_4core5panic12PanicPayload3get
00000000000064e0 D _RNvXs_NvNtCsfAleuD0QEI_3std9panicking13panic_handlerNtB4_19FormatStringPayloadNtNtCsaT5NJt9T4P0_4core5panic12PanicPayload8take_box
00000000000064f8 D _RNvXs_NvNtCsfAleuD0QEI_3std9panicking13resume_unwindNtB4_9RewrapBoxNtNtCsaT5NJt9T4P0_4core3fmt7Display3fmt
0000000000006528 D _RNvXsa_NtCsfAleuD0QEI_3std2fsNtB5_4FileNtNtB7_2io4Read11read_to_end
0000000000006540 D _RNvXsa_NtCsfAleuD0QEI_3std2fsNtB5_4FileNtNtB7_2io4Read13read_vectored
0000000000006558 D _RNvXsa_NtCsfAleuD0QEI_3std2fsNtB5_4FileNtNtB7_2io4Read14read_to_string
0000000000006570 D _RNvXsa_NtCsfAleuD0QEI_3std2fsNtB5_4FileNtNtB7_2io4Read4read
0000000000006588 D _RNvXsa_NtCsfAleuD0QEI_3std2fsNtB5_4FileNtNtB7_2io4Read8read_buf
00000000000065a0 D _RNvXsa_NtCsfAleuD0QEI_3std3envNtB5_4ArgsNtNtNtNtCsaT5NJt9T4P0_4core4iter6traits8iterator8Iterator4next
00000000000065b8 D _RNvXsa_NtCsfAleuD0QEI_3std4timeNtB5_10SystemTimeNtNtCsaT5NJt9T4P0_4core3fmt5Debug3fmt
00000000000065d0 D _RNvXsa_NtNtCsfAleuD0QEI_3std3net3tcpNtB5_12IntoIncomingNtNtNtNtCsaT5NJt9T4P0_4core4iter6traits8iterator8Iterator4next
00000000000065e8 D _RNvXsa_NtNtNtCsfAleuD0QEI_3std3sys2fs4unixNtB5_7ReadDirNtNtCsaT5NJt9T4P0_4core3fmt5Debug3fmt
0000000000006600 D _RNvXsa_NtNtNtNtCsfAleuD0QEI_3std3sys7process4unix6commonNtB5_11CommandArgsNtNtNtNtCsaT5NJt9T4P0_4core4iter6traits8iterator8Iterator4next
0000000000006618 D _RNvXsa_NtNtNtNtCsfAleuD0QEI_3std3sys7process4unix6commonNtB5_11CommandArgsNtNtNtNtCsaT5NJt9T4P0_4core4iter6traits8iterator8Iterator9size_hint
0000000000005598 D _RNvXsb_NtCsfAleuD0QEI_3std2fsNtB5_4FileNtNtB7_2io5Write14write_vectored
0000000000006648 D _RNvXsb_NtCsfAleuD0QEI_3std2fsNtB5_4FileNtNtB7_2io5Write5write
0000000000006660 D _RNvXsb_NtCsfAleuD0QEI_3std4pathNtB5_4IterNtNtCsaT5NJt9T4P0_4core3fmt5Debug3fmt
0000000000006678 D _RNvXsb_NtNtNtCsfAleuD0QEI_3std3sys2fs4unixNtB5_7ReadDirNtNtNtNtCsaT5NJt9T4P0_4core4iter6traits8iterator8Iterator4next
0000000000006690 D _RNvXsb_NtNtNtNtCsfAleuD0QEI_3std3sys7process4unix6commonNtB5_11CommandArgsNtNtNtNtCsaT5NJt9T4P0_4core4iter6traits10exact_size17ExactSizeIterator3len
00000000000066a8 D _RNvXsc_NtCsfAleuD0QEI_3std2fsNtB5_4FileNtNtB7_2io4Seek10stream_len
00000000000066c0 D _RNvXsc_NtCsfAleuD0QEI_3std2fsNtB5_4FileNtNtB7_2io4Seek15stream_position
00000000000066d8 D _RNvXsc_NtCsfAleuD0QEI_3std2fsNtB5_4FileNtNtB7_2io4Seek4seek
00000000000066f0 D _RNvXsc_NtCsfAleuD0QEI_3std3envNtB5_4ArgsNtNtNtNtCsaT5NJt9T4P0_4core4iter6traits12double_ended19DoubleEndedIterator9next_back
0000000000006708 D _RNvXsc_NtNtNtCsfAleuD0QEI_3std3sys2fs4unixNtB5_9DirStreamNtNtNtCsaT5NJt9T4P0_4core3ops4drop4Drop4drop
0000000000006720 D _RNvXsc_NtNtNtNtCsfAleuD0QEI_3std3sys3net10connection6socketNtB5_9UdpSocketNtNtCsaT5NJt9T4P0_4core3fmt5Debug3fmt
0000000000006738 D _RNvXsc_NtNtNtNtCsfAleuD0QEI_3std3sys7process4unix6commonNtB5_11CommandArgsNtNtCsaT5NJt9T4P0_4core3fmt5Debug3fmt
0000000000006750 D _RNvXsd_NtCsfAleuD0QEI_3std3envNtB5_4ArgsNtNtCsaT5NJt9T4P0_4core3fmt5Debug3fmt
0000000000006768 D _RNvXsd_NtCsfAleuD0QEI_3std4timeNtB5_15SystemTimeErrorNtNtCsaT5NJt9T4P0_4core3fmt7Display3fmt
0000000000006780 D _RNvXsd_NtCsfAleuD0QEI_3std7processNtB5_11ChildStdoutNtNtCsaT5NJt9T4P0_4core3fmt5Debug3fmt
0000000000006798 D _RNvXsd_NtNtCsfAleuD0QEI_3std2io5stdioNtB5_6StdoutNtNtCsaT5NJt9T4P0_4core3fmt5Debug3fmt
0000000000005880 D _RNvXse_NtCsfAleuD0QEI_3std7processNtB5_11ChildStderrNtNtB7_2io4Read11read_to_end
0000000000003108 D _RNvXse_NtCsfAleuD0QEI_3std7processNtB5_11ChildStderrNtNtB7_2io4Read13read_vectored
0000000000003120 D _RNvXse_NtCsfAleuD0QEI_3std7processNtB5_11ChildStderrNtNtB7_2io4Read4read
0000000000003150 D _RNvXse_NtCsfAleuD0QEI_3std7processNtB5_11ChildStderrNtNtB7_2io4Read8read_buf
00000000000067b0 D _RNvXse_NtNtCsfAleuD0QEI_3std2io5stdioNtB5_6StdoutNtB7_5Write14write_vectored
00000000000067c8 D _RNvXse_NtNtCsfAleuD0QEI_3std2io5stdioNtB5_6StdoutNtB7_5Write18write_all_vectored
00000000000067e0 D _RNvXse_NtNtCsfAleuD0QEI_3std2io5stdioNtB5_6StdoutNtB7_5Write5flush
00000000000067f8 D _RNvXse_NtNtCsfAleuD0QEI_3std2io5stdioNtB5_6StdoutNtB7_5Write5write
0000000000006810 D _RNvXse_NtNtCsfAleuD0QEI_3std2io5stdioNtB5_6StdoutNtB7_5Write9write_all
0000000000006828 D _RNvXse_NtNtCsfAleuD0QEI_3std2io5stdioNtB5_6StdoutNtB7_5Write9write_fmt
0000000000006858 D _RNvXsf_NtNtCsfAleuD0QEI_3std2io5stdioRNtB5_6StdoutNtB7_5Write14write_vectored
0000000000006870 D _RNvXsf_NtNtCsfAleuD0QEI_3std2io5stdioRNtB5_6StdoutNtB7_5Write18write_all_vectored
0000000000006888 D _RNvXsf_NtNtCsfAleuD0QEI_3std2io5stdioRNtB5_6StdoutNtB7_5Write5flush
00000000000068a0 D _RNvXsf_NtNtCsfAleuD0QEI_3std2io5stdioRNtB5_6StdoutNtB7_5Write5write
00000000000068b8 D _RNvXsf_NtNtCsfAleuD0QEI_3std2io5stdioRNtB5_6StdoutNtB7_5Write9write_all
00000000000068d0 D _RNvXsf_NtNtCsfAleuD0QEI_3std2io5stdioRNtB5_6StdoutNtB7_5Write9write_fmt
00000000000068e8 D _RNvXsf_NtNtCsfAleuD0QEI_3std3net3tcpNtB5_11TcpListenerNtNtCsaT5NJt9T4P0_4core3fmt5Debug3fmt
0000000000005310 D _RNvXsf_NtNtNtCsfAleuD0QEI_3std2os2fd3rawNtNtNtBb_2io4pipe10PipeReaderNtB5_9FromRawFd11from_raw_fd
0000000000006900 D _RNvXsh_NtNtNtCsfAleuD0QEI_3std3sys2fs4unixNtB5_11OpenOptionsNtNtCsaT5NJt9T4P0_4core3fmt5Debug3fmt
0000000000006918 D _RNvXsi_NtCsfAleuD0QEI_3std2fsNtB5_3DirNtNtCsaT5NJt9T4P0_4core3fmt5Debug3fmt
0000000000006930 D _RNvXsi_NtCsfAleuD0QEI_3std4pathNtB5_10ComponentsNtNtNtNtCsaT5NJt9T4P0_4core4iter6traits8iterator8Iterator4next
0000000000006948 D _RNvXsi_NtCsfAleuD0QEI_3std7processNtB5_11ChildStderrNtNtCsaT5NJt9T4P0_4core3fmt5Debug3fmt
0000000000006960 D _RNvXsi_NtNtCsfAleuD0QEI_3std2io5stdioNtB5_10StdoutLockNtB7_5Write14write_vectored
0000000000006978 D _RNvXsi_NtNtCsfAleuD0QEI_3std2io5stdioNtB5_10StdoutLockNtB7_5Write18write_all_vectored
0000000000006990 D _RNvXsi_NtNtCsfAleuD0QEI_3std2io5stdioNtB5_10StdoutLockNtB7_5Write5flush
00000000000069a8 D _RNvXsi_NtNtCsfAleuD0QEI_3std2io5stdioNtB5_10StdoutLockNtB7_5Write5write
00000000000069c0 D _RNvXsi_NtNtCsfAleuD0QEI_3std2io5stdioNtB5_10StdoutLockNtB7_5Write9write_all
0000000000005310 D _RNvXsi_NtNtNtCsfAleuD0QEI_3std2os2fd3rawNtNtNtBb_2io4pipe10PipeWriterNtB5_9FromRawFd11from_raw_fd
00000000000069d8 D _RNvXsj_NtCsfAleuD0QEI_3std3envNtB5_6ArgsOsNtNtCsaT5NJt9T4P0_4core3fmt5Debug3fmt
00000000000069f0 D _RNvXsj_NtCsfAleuD0QEI_3std4pathNtB5_10ComponentsNtNtNtNtCsaT5NJt9T4P0_4core4iter6traits12double_ended19DoubleEndedIterator9next_back
0000000000006a08 D _RNvXsj_NtNtCsfAleuD0QEI_3std2io5stdioNtB5_10StdoutLockNtNtCsaT5NJt9T4P0_4core3fmt5Debug3fmt
0000000000006a20 D _RNvXsk_NtNtCsfAleuD0QEI_3std3ffi6os_strNtB5_8OsStringNtNtCsaT5NJt9T4P0_4core3fmt5Write9write_str
0000000000006a50 D _RNvXsk_NtNtNtCsfAleuD0QEI_3std3sys2fs4unixNtB5_10DirBuilderNtNtCsaT5NJt9T4P0_4core3fmt5Debug3fmt
0000000000006a68 D _RNvXsl_NtCsfAleuD0QEI_3std7processNtB5_7CommandNtNtCsaT5NJt9T4P0_4core3fmt5Debug3fmt
0000000000006a80 D _RNvXsm_NtNtNtNtCsfAleuD0QEI_3std3sys2io11kernel_copy5linuxNtNtNtBd_2io5stdio9StdinLockNtB5_8CopyRead10properties
0000000000006a98 D _RNvXsn_NtCsfAleuD0QEI_3std2fsNtB5_8MetadataNtNtCsaT5NJt9T4P0_4core3fmt5Debug3fmt
0000000000006ab0 D _RNvXsn_NtNtCsfAleuD0QEI_3std2io5stdioNtB5_6StderrNtNtCsaT5NJt9T4P0_4core3fmt5Debug3fmt
0000000000006ac8 D _RNvXsn_NtNtCsfAleuD0QEI_3std4sync4mpscNtB5_9RecvErrorNtNtCsaT5NJt9T4P0_4core3fmt7Display3fmt
0000000000006ae0 D _RNvXsn_NtNtNtNtCsfAleuD0QEI_3std3sys2io11kernel_copy5linuxNtNtNtBd_2io5stdio10StdoutLockNtB5_9CopyWrite10properties
0000000000006af8 D _RNvXso_NtCsfAleuD0QEI_3std7processNtB5_11CommandArgsNtNtNtNtCsaT5NJt9T4P0_4core4iter6traits8iterator8Iterator4next
0000000000006b10 D _RNvXso_NtCsfAleuD0QEI_3std7processNtB5_11CommandArgsNtNtNtNtCsaT5NJt9T4P0_4core4iter6traits8iterator8Iterator9size_hint
0000000000006b28 D _RNvXso_NtNtCsfAleuD0QEI_3std2io5stdioNtB5_6StderrNtB7_5Write14write_vectored
0000000000006b40 D _RNvXso_NtNtCsfAleuD0QEI_3std2io5stdioNtB5_6StderrNtB7_5Write18write_all_vectored
0000000000006b58 D _RNvXso_NtNtCsfAleuD0QEI_3std2io5stdioNtB5_6StderrNtB7_5Write5flush
0000000000006b70 D _RNvXso_NtNtCsfAleuD0QEI_3std2io5stdioNtB5_6StderrNtB7_5Write5write
0000000000006b88 D _RNvXso_NtNtCsfAleuD0QEI_3std2io5stdioNtB5_6StderrNtB7_5Write9write_all
0000000000006ba0 D _RNvXso_NtNtCsfAleuD0QEI_3std2io5stdioNtB5_6StderrNtB7_5Write9write_fmt
0000000000006bb8 D _RNvXso_NtNtNtNtCsfAleuD0QEI_3std3sys2io11kernel_copy5linuxNtNtNtBd_2io5stdio10StderrLockNtB5_9CopyWrite10properties
0000000000006bd0 D _RNvXsp_NtCsfAleuD0QEI_3std7processNtB5_11CommandArgsNtNtNtNtCsaT5NJt9T4P0_4core4iter6traits10exact_size17ExactSizeIterator3len
0000000000006be8 D _RNvXsp_NtNtCsfAleuD0QEI_3std2io5stdioRNtB5_6StderrNtB7_5Write14write_vectored
0000000000006c00 D _RNvXsp_NtNtCsfAleuD0QEI_3std2io5stdioRNtB5_6StderrNtB7_5Write18write_all_vectored
0000000000006c18 D _RNvXsp_NtNtCsfAleuD0QEI_3std2io5stdioRNtB5_6StderrNtB7_5Write5flush
0000000000006c30 D _RNvXsp_NtNtCsfAleuD0QEI_3std2io5stdioRNtB5_6StderrNtB7_5Write5write
0000000000006c48 D _RNvXsp_NtNtCsfAleuD0QEI_3std2io5stdioRNtB5_6StderrNtB7_5Write9write_all
0000000000006c60 D _RNvXsp_NtNtCsfAleuD0QEI_3std2io5stdioRNtB5_6StderrNtB7_5Write9write_fmt
0000000000006c78 D _RNvXsp_NtNtCsfAleuD0QEI_3std4sync4mpscNtB5_12TryRecvErrorNtNtCsaT5NJt9T4P0_4core3fmt7Display3fmt
0000000000006cd8 D _RNvXsq_NtCsfAleuD0QEI_3std7processNtB5_11CommandEnvsNtNtNtNtCsaT5NJt9T4P0_4core4iter6traits8iterator8Iterator4next
0000000000006d20 D _RNvXss_NtCsfAleuD0QEI_3std7processNtB5_11CommandEnvsNtNtCsaT5NJt9T4P0_4core3fmt5Debug3fmt
0000000000006d38 D _RNvXss_NtNtCsfAleuD0QEI_3std2io5stdioNtB5_10StderrLockNtB7_5Write14write_vectored
0000000000006d50 D _RNvXss_NtNtCsfAleuD0QEI_3std2io5stdioNtB5_10StderrLockNtB7_5Write18write_all_vectored
0000000000006d68 D _RNvXss_NtNtCsfAleuD0QEI_3std2io5stdioNtB5_10StderrLockNtB7_5Write5flush
0000000000006d80 D _RNvXss_NtNtCsfAleuD0QEI_3std2io5stdioNtB5_10StderrLockNtB7_5Write5write
0000000000006d98 D _RNvXss_NtNtCsfAleuD0QEI_3std2io5stdioNtB5_10StderrLockNtB7_5Write9write_all
0000000000006db0 D _RNvXss_NtNtCsfAleuD0QEI_3std4sync4mpscNtB5_16RecvTimeoutErrorNtNtCsaT5NJt9T4P0_4core3fmt7Display3fmt
0000000000005310 D _RNvXss_NtNtNtCsfAleuD0QEI_3std3sys2fs4unixNtB5_4FileNtNtNtNtBb_2os2fd3raw9FromRawFd11from_raw_fd
0000000000006de0 D _RNvXst_NtCsfAleuD0QEI_3std4pathINtNtCs4HqcKLWfkFX_5alloc5boxed3BoxNtB5_4PathEINtNtCsaT5NJt9T4P0_4core7convert4FromRB12_E4from
0000000000006e10 D _RNvXst_NtNtCsfAleuD0QEI_3std2io5stdioNtB5_10StderrLockNtNtCsaT5NJt9T4P0_4core3fmt5Debug3fmt
0000000000006e28 D _RNvXst_NtNtNtCsfAleuD0QEI_3std3sys2fs4unixNtB5_4FileNtNtCsaT5NJt9T4P0_4core3fmt5Debug3fmt
0000000000006de0 D _RNvXsu_NtCsfAleuD0QEI_3std4pathINtNtCs4HqcKLWfkFX_5alloc5boxed3BoxNtB5_4PathEINtNtCsaT5NJt9T4P0_4core7convert4FromQB12_E4from
0000000000006e40 D _RNvXsu_NtCsfAleuD0QEI_3std7processNtB5_6OutputNtNtCsaT5NJt9T4P0_4core3fmt5Debug3fmt
0000000000006e58 D _RNvXsu_NtNtNtCsfAleuD0QEI_3std3sys2fs4unixNtB5_4ModeNtNtCsaT5NJt9T4P0_4core3fmt5Debug3fmt
0000000000006e70 D _RNvXsv_NtCsfAleuD0QEI_3std2fsNtB5_8FileTypeNtNtCsaT5NJt9T4P0_4core3fmt5Debug3fmt
0000000000006e88 D _RNvXsx_NtCsfAleuD0QEI_3std7processNtB5_5StdioNtNtCsaT5NJt9T4P0_4core3fmt5Debug3fmt
00000000000052f8 D _RNvXsy_NtNtNtCsfAleuD0QEI_3std2os2fd5ownedNtNtNtBb_2io4pipe10PipeReaderNtB5_4AsFd5as_fd
0000000000006ea0 D _RNvXsz_NtCsfAleuD0QEI_3std2fsNtB5_7ReadDirNtNtNtNtCsaT5NJt9T4P0_4core4iter6traits8iterator8Iterator4next
0000000000007290 D rust_eh_personality

panic_unwind-5e8fcf8660c930b0.panic_unwind.cf0cbeac3afb601f-cgu.0.rcgu.o:
0000000000000000 V DW.ref.rust_eh_personality
0000000000000030 D _RNvCs9wFQrvczXsK_7___rustc18___rust_start_panic
0000000000000048 D _RNvCs9wFQrvczXsK_7___rustc20___rust_panic_cleanup

object-213ba2a4ac895f8d.object.98e2628d8e8c1481-cgu.0.rcgu.o:
0000000000000000 V DW.ref.rust_eh_personality
0000000000000018 D _RNvMNtNtNtCsd7NzLNlX57x_6object4read2pe10relocationNtB2_23RelocationBlockIterator4next
0000000000000030 D _RNvMNtNtNtCsd7NzLNlX57x_6object4read2pe14data_directoryNtB2_15DataDirectories3get
0000000000000048 D _RNvMNtNtNtCsd7NzLNlX57x_6object4read2pe14data_directoryNtB2_15DataDirectories5parse
0000000000000060 D _RNvMNtNtNtCsd7NzLNlX57x_6object4read2pe6importNtB2_11ImportTable4name
0000000000000078 D _RNvMNtNtNtCsd7NzLNlX57x_6object4read2pe6importNtB2_11ImportTable9hint_name
0000000000000090 D _RNvMNtNtNtCsd7NzLNlX57x_6object4read2pe8resourceNtB2_17ResourceDirectory4root
00000000000000a8 D _RNvMNtNtNtCsd7NzLNlX57x_6object4read3elf10relocationNtB2_18RelocationSections3get
00000000000000c0 D _RNvMs0_NtNtNtCsd7NzLNlX57x_6object4read2pe8resourceNtNtBb_2pe27ImageResourceDirectoryEntry4data
00000000000000d8 D _RNvMs1_NtNtNtCsd7NzLNlX57x_6object4read2pe6exportNtB5_11ExportTable14forward_string
00000000000000f0 D _RNvMs1_NtNtNtCsd7NzLNlX57x_6object4read2pe6exportNtB5_11ExportTable15parse_directory
0000000000000108 D _RNvMs1_NtNtNtCsd7NzLNlX57x_6object4read2pe6exportNtB5_11ExportTable15target_by_index
0000000000000120 D _RNvMs1_NtNtNtCsd7NzLNlX57x_6object4read2pe6exportNtB5_11ExportTable17name_from_pointer
0000000000000138 D _RNvMs1_NtNtNtCsd7NzLNlX57x_6object4read2pe6exportNtB5_11ExportTable17target_by_ordinal
0000000000000150 D _RNvMs1_NtNtNtCsd7NzLNlX57x_6object4read2pe6exportNtB5_11ExportTable18address_by_ordinal
0000000000000168 D _RNvMs1_NtNtNtCsd7NzLNlX57x_6object4read2pe6exportNtB5_11ExportTable19target_from_address
0000000000000180 D _RNvMs1_NtNtNtCsd7NzLNlX57x_6object4read2pe6exportNtB5_11ExportTable5parse
0000000000000198 D _RNvMs1_NtNtNtCsd7NzLNlX57x_6object4read2pe6exportNtB5_11ExportTable7exports
00000000000001b0 D _RNvMs1_NtNtNtCsd7NzLNlX57x_6object4read2pe6exportNtB5_11ExportTable9name_iter
00000000000001c8 D _RNvMs2_NtNtNtCsd7NzLNlX57x_6object4read2pe8resourceNtB5_12ResourceName15to_string_lossy
00000000000001e0 D _RNvMs2_NtNtNtCsd7NzLNlX57x_6object4read2pe8resourceNtB5_12ResourceName4data
00000000000001f8 D _RNvMs2_NtNtNtCsd7NzLNlX57x_6object4read2pe8resourceNtB5_12ResourceName8raw_data
0000000000000210 D _RNvMs3_NtCs4HqcKLWfkFX_5alloc7raw_vecINtB5_6RawVecNtNtNtNtCsd7NzLNlX57x_6object4read2pe6export6ExportE8grow_oneBU_
0000000000000060 D _RNvMs4_NtNtNtCsd7NzLNlX57x_6object4read2pe6importNtB5_20DelayLoadImportTable4name
0000000000000240 D _RNvMs4_NtNtNtCsd7NzLNlX57x_6object4read2pe6importNtB5_20DelayLoadImportTable9hint_name
0000000000000258 D _RNvMs5_NtNtNtCsd7NzLNlX57x_6object4read2pe6importNtB5_27DelayLoadDescriptorIterator4next
0000000000000270 D _RNvMs5_NtNtNtCsd7NzLNlX57x_6object4read3elf10attributesNtB5_22AttributeIndexIterator4next
0000000000000288 D _RNvMs6_NtNtNtCsd7NzLNlX57x_6object4read2pe7sectionNtNtNtB9_4coff7section12SectionTable16pe_file_range_at
00000000000002a0 D _RNvMs6_NtNtNtCsd7NzLNlX57x_6object4read2pe7sectionNtNtNtB9_4coff7section12SectionTable18section_containing
00000000000002b8 D _RNvMs7_NtNtNtCsd7NzLNlX57x_6object4read2pe7sectionNtNtBb_2pe18ImageSectionHeader13pe_file_range
00000000000002d0 D _RNvMs7_NtNtNtCsd7NzLNlX57x_6object4read2pe7sectionNtNtBb_2pe18ImageSectionHeader16pe_file_range_at
00000000000002e8 D _RNvMs7_NtNtNtCsd7NzLNlX57x_6object4read3elf10attributesNtB5_15AttributeReader11read_string
0000000000000300 D _RNvMs7_NtNtNtCsd7NzLNlX57x_6object4read3elf10attributesNtB5_15AttributeReader12read_integer
0000000000000318 D _RNvMs7_NtNtNtCsd7NzLNlX57x_6object4read3elf10attributesNtB5_15AttributeReader8read_tag
0000000000000330 D _RNvMs8_NtNtNtCsd7NzLNlX57x_6object4read4coff7sectionNtNtBb_2pe18ImageSectionHeader11name_offset
0000000000000348 D _RNvMs8_NtNtNtCsd7NzLNlX57x_6object4read4coff7sectionNtNtBb_2pe18ImageSectionHeader8raw_name
0000000000000360 D _RNvMs_NtNtCsd7NzLNlX57x_6object4read4utilNtB4_5Bytes12read_sleb128
0000000000000378 D _RNvMs_NtNtCsd7NzLNlX57x_6object4read4utilNtB4_5Bytes12read_uleb128
0000000000000390 D _RNvMs_NtNtNtCsd7NzLNlX57x_6object4read2pe14data_directoryNtNtBa_2pe18ImageDataDirectory10file_range
00000000000003a8 D _RNvMs_NtNtNtCsd7NzLNlX57x_6object4read2pe6importNtB4_24ImportDescriptorIterator4next
00000000000003c0 D _RNvMsa_NtCsd7NzLNlX57x_6object4readNtB5_9ObjectMap3get
00000000000003d8 D _RNvMse_NtNtNtCsd7NzLNlX57x_6object4read3elf10relocationNtB5_12CrelIterator3new
00000000000003f0 D _RNvMsi_NtCsd7NzLNlX57x_6object4readNtB5_13RelocationMap8relocate
0000000000000408 D _RNvNtNtCsd7NzLNlX57x_6object4read7archive16parse_u64_digits
0000000000000420 D _RNvNtNtCsd7NzLNlX57x_6object4read7archive24parse_sysv_extended_name
0000000000000438 D _RNvNvMNtNtNtCsd7NzLNlX57x_6object4read4coff6importNtB4_10ImportFile5parse12strip_prefix
0000000000000450 D _RNvXNtNtCsd7NzLNlX57x_6object4read4utilNtB2_5BytesNtNtCsaT5NJt9T4P0_4core3fmt5Debug3fmt
0000000000000468 D _RNvXNtNtCsd7NzLNlX57x_6object4read8read_refRShNtB2_7ReadRef19read_bytes_at_until
0000000000000480 D _RNvXs0_NtNtCsd7NzLNlX57x_6object4read4utilNtB5_9DebugByteNtNtCsaT5NJt9T4P0_4core3fmt5Debug3fmt
0000000000000498 D _RNvXs0_NtNtNtCsd7NzLNlX57x_6object4read2pe6exportNtB5_12ExportTargetNtNtCsaT5NJt9T4P0_4core3fmt5Debug3fmt
00000000000004b0 D _RNvXs0_NtNtNtCsd7NzLNlX57x_6object4read2pe6importNtB5_24ImportDescriptorIteratorNtNtNtNtCsaT5NJt9T4P0_4core4iter6traits8iterator8Iterator4next
00000000000004c8 D _RNvXs1_NtNtCsd7NzLNlX57x_6object4read4utilNtB5_8DebugLenNtNtCsaT5NJt9T4P0_4core3fmt5Debug3fmt
0000000000000540 D _RNvXs2_NtNtCsd7NzLNlX57x_6object4read4utilNtB5_10ByteStringNtNtCsaT5NJt9T4P0_4core3fmt5Debug3fmt
0000000000000558 D _RNvXs2_NtNtCsd7NzLNlX57x_6object4read7archiveNtB5_21ArchiveSymbolIteratorNtNtNtNtCsaT5NJt9T4P0_4core4iter6traits8iterator8Iterator4next
0000000000000570 D _RNvXs2_NtNtCsd7NzLNlX57x_6object4read7archiveNtB5_21ArchiveSymbolIteratorNtNtNtNtCsaT5NJt9T4P0_4core4iter6traits8iterator8Iterator9size_hint
00000000000005a0 D _RNvXs4_NtCsd7NzLNlX57x_6object4readNtB5_12SectionIndexNtNtCsaT5NJt9T4P0_4core3fmt7Display3fmt
00000000000005a0 D _RNvXs5_NtCsd7NzLNlX57x_6object4readNtB5_11SymbolIndexNtNtCsaT5NJt9T4P0_4core3fmt7Display3fmt
00000000000005b8 D _RNvXs6_NtNtNtCsd7NzLNlX57x_6object4read2pe6importNtB5_27DelayLoadDescriptorIteratorNtNtNtNtCsaT5NJt9T4P0_4core4iter6traits8iterator8Iterator4next
00000000000005d0 D _RNvXs6_NtNtNtCsd7NzLNlX57x_6object4read3elf10attributesNtB5_22AttributeIndexIteratorNtNtNtNtCsaT5NJt9T4P0_4core4iter6traits8iterator8Iterator4next
00000000000005e8 D _RNvXs9_NtNtNtCsd7NzLNlX57x_6object4read5macho10dyld_cacheNtB5_14DyldRelocationNtNtCsaT5NJt9T4P0_4core3fmt5Debug3fmt
0000000000000600 D _RNvXs9_NtNtNtCsd7NzLNlX57x_6object4read5xcoff6symbolNtNtBb_5xcoff8Symbol32NtB5_6Symbol11name_offset
0000000000000660 D _RNvXs_NtNtNtCsd7NzLNlX57x_6object4read2pe10relocationNtB4_23RelocationBlockIteratorNtNtNtNtCsaT5NJt9T4P0_4core4iter6traits8iterator8Iterator4next
0000000000000678 D _RNvXs_NtNtNtCsd7NzLNlX57x_6object4read2pe6exportNtB4_6ExportNtNtCsaT5NJt9T4P0_4core3fmt5Debug3fmt
0000000000000690 D _RNvXsa_NtNtNtCsd7NzLNlX57x_6object4read5macho10dyld_cacheNtB5_18DyldRelocationAuthNtNtCsaT5NJt9T4P0_4core3fmt5Debug3fmt
00000000000006d8 D _RNvXsf_NtNtNtCsd7NzLNlX57x_6object4read3elf10relocationNtB5_12CrelIteratorNtNtNtNtCsaT5NJt9T4P0_4core4iter6traits8iterator8Iterator4next

memchr-87c9ca9bcfdcb52d.memchr.d662f8e7294d04b0-cgu.0.rcgu.o:
0000000000000000 D _RNvMs0_NtNtNtCsipaQiP841BQ_6memchr4arch3all6twowayNtB5_5Shift7forward
0000000000000018 D _RNvMs0_NtNtNtCsipaQiP841BQ_6memchr4arch3all6twowayNtB5_5Shift7reverse
0000000000000030 D _RNvNtNtCsipaQiP841BQ_6memchr6memmem8searcher21searcher_kind_two_way
0000000000000048 D _RNvNtNtCsipaQiP841BQ_6memchr6memmem8searcher22searcher_kind_one_byte
0000000000000060 D _RNvNtNtCsipaQiP841BQ_6memchr6memmem8searcher23prefilter_kind_fallback
0000000000000078 D _RNvNtNtCsipaQiP841BQ_6memchr6memmem8searcher36searcher_kind_two_way_with_prefilter
0000000000000090 D _RNvNtNtNtCsipaQiP841BQ_6memchr4arch3all9rabinkarp12is_equal_raw
00000000000000a8 D _RNvXs1_NtCsipaQiP841BQ_6memchr6memmemNtB5_11FindRevIterNtNtNtNtCsaT5NJt9T4P0_4core4iter6traits8iterator8Iterator4next
0000000000000108 D _RNvXs4_NtNtCsipaQiP841BQ_6memchr6memmem8searcherNtB5_9PrefilterNtNtCsaT5NJt9T4P0_4core3fmt5Debug3fmt
0000000000000150 D _RNvXs_NtCsipaQiP841BQ_6memchr6memmemNtB4_8FindIterNtNtNtNtCsaT5NJt9T4P0_4core4iter6traits8iterator8Iterator4next
0000000000000168 D _RNvXs_NtNtCsipaQiP841BQ_6memchr6memmem8searcherNtB4_8SearcherNtNtCsaT5NJt9T4P0_4core3fmt5Debug3fmt

addr2line-55dd95c8cead0909.addr2line.ef9ff9d4134c36d9-cgu.0.rcgu.o:
0000000000000000 V DW.ref.rust_eh_personality
0000000000000018 D _RINvNvMs2_NtCs4HqcKLWfkFX_5alloc7raw_vecINtB8_11RawVecInnerpE7reserve21do_reserve_and_handleNtNtBa_5alloc6GlobalECskzw6exGm0zd_9addr2line
0000000000000030 D _RNvMNtCsaT5NJt9T4P0_4core5sliceSh11starts_withCskzw6exGm0zd_9addr2line
0000000000000048 D _RNvMNtCsaT5NJt9T4P0_4core5sliceSh9ends_withCskzw6exGm0zd_9addr2line
0000000000000060 D _RNvMs_NtCs4HqcKLWfkFX_5alloc3vecINtB4_3VechE7reserveCskzw6exGm0zd_9addr2line
0000000000000078 D _RNvMs_NtCskzw6exGm0zd_9addr2line4lineNtB4_5Lines13find_location
0000000000000090 D _RNvMs_NtCskzw6exGm0zd_9addr2line4lineNtB4_5Lines19find_location_range
00000000000000c0 D _RNvNtCskzw6exGm0zd_9addr2line4line9path_push
00000000000000d8 D _RNvNtCskzw6exGm0zd_9addr2line5frame13demangle_auto
00000000000000f0 D _RNvXNvNtCsaT5NJt9T4P0_4core4hint20select_unpredictableINtB2_11DropOnPanicjENtNtNtB6_3ops4drop4Drop4dropCskzw6exGm0zd_9addr2line
0000000000000108 D _RNvXs0_NtCskzw6exGm0zd_9addr2line4lineNtB5_21LineLocationRangeIterNtNtNtNtCsaT5NJt9T4P0_4core4iter6traits8iterator8Iterator4next

gimli-1acb0c1833e71670.gimli.be7fd57f4dd3149a-cgu.0.rcgu.o:
0000000000000000 V DW.ref.rust_eh_personality
0000000000000000 D _RINvMs0_NtNtNtCs4HqcKLWfkFX_5alloc11collections5btree6searchINtNtB8_4node7NodeRefNtNtBZ_6marker3MutyNtNtNtCsgm1sDeNt0Pm_5gimli4read6abbrev12AbbreviationNtB1j_14LeafOrInternalE14find_key_indexyEB1G_
0000000000000000 D _RINvMs0_NtNtNtCs4HqcKLWfkFX_5alloc11collections5btree6searchINtNtB8_4node7NodeRefNtNtBZ_6marker5ImmutyNtNtNtCsgm1sDeNt0Pm_5gimli4read6abbrev12AbbreviationNtB1j_14LeafOrInternalE14find_key_indexyEB1I_
0000000000000018 D _RINvMs5_NtNtCsaT5NJt9T4P0_4core3fmt8buildersNtB6_9DebugList7entriesNtNtNtCsgm1sDeNt0Pm_5gimli4read12endian_slice9DebugByteINtNtNtNtBa_4iter8adapters3map3MapINtNtB21_6copied6CopiedINtNtB21_4take4TakeINtNtNtBa_5slice4iter4IterhEEENcB13_0EEB19_
0000000000000030 D _RINvMs5_NtNtCsaT5NJt9T4P0_4core3fmt8buildersNtB6_9DebugList7entriesRNtNtNtCsgm1sDeNt0Pm_5gimli4read6abbrev22AttributeSpecificationINtNtNtBa_5slice4iter4IterB14_EEB1a_
0000000000000048 D _RINvMs8_NtNtNtCs4HqcKLWfkFX_5alloc11collections5btree4nodeINtB6_7NodeRefNtNtB6_6marker5OwnedyNtNtNtCsgm1sDeNt0Pm_5gimli4read6abbrev12AbbreviationNtB1a_4LeafE13from_new_leafNtNtBc_5alloc6GlobalEB1z_
0000000000000060 D _RINvMs8_NtNtNtCs4HqcKLWfkFX_5alloc11collections5btree4nodeINtB6_7NodeRefNtNtB6_6marker5OwnedyNtNtNtCsgm1sDeNt0Pm_5gimli4read6abbrev12AbbreviationNtB1a_4LeafE8new_leafNtNtBc_5alloc6GlobalEB1z_
0000000000000078 D _RINvMs9_NtNtNtCs4HqcKLWfkFX_5alloc11collections5btree4nodeINtB6_7NodeRefNtNtB6_6marker5OwnedyNtNtNtCsgm1sDeNt0Pm_5gimli4read6abbrev12AbbreviationNtB1a_8InternalE12new_internalNtNtBc_5alloc6GlobalEB1z_
0000000000000090 D _RINvMs9_NtNtNtCs4HqcKLWfkFX_5alloc11collections5btree4nodeINtB6_7NodeRefNtNtB6_6marker5OwnedyNtNtNtCsgm1sDeNt0Pm_5gimli4read6abbrev12AbbreviationNtB1a_8InternalE17from_new_internalNtNtBc_5alloc6GlobalEB1z_
00000000000000a8 D _RINvMsK_NtNtNtCs4HqcKLWfkFX_5alloc11collections5btree4nodeINtB6_6HandleINtB6_7NodeRefNtNtB6_6marker3MutyNtNtNtCsgm1sDeNt0Pm_5gimli4read6abbrev12AbbreviationNtB1n_4LeafENtB1n_4EdgeE6insertNtNtBc_5alloc6GlobalEB1K_
00000000000000c0 D _RINvMsM_NtNtNtCs4HqcKLWfkFX_5alloc11collections5btree4nodeINtB6_6HandleINtB6_7NodeRefNtNtB6_6marker3MutyNtNtNtCsgm1sDeNt0Pm_5gimli4read6abbrev12AbbreviationNtB1n_8InternalENtB1n_4EdgeE6insertNtNtBc_5alloc6GlobalEB1K_
00000000000000d8 D _RINvMsN_NtNtNtCs4HqcKLWfkFX_5alloc11collections5btree4nodeINtB6_6HandleINtB6_7NodeRefNtNtB6_6marker3MutyNtNtNtCsgm1sDeNt0Pm_5gimli4read6abbrev12AbbreviationNtB1n_4LeafENtB1n_4EdgeE16insert_recursingNtNtBc_5alloc6GlobalNCNvMs4_NtNtB8_3map5entryINtB3C_11VacantEntryyB1E_E12insert_entry0EB1K_
00000000000000f0 D _RINvMsV_NtNtNtCs4HqcKLWfkFX_5alloc11collections5btree4nodeINtB6_6HandleINtB6_7NodeRefNtNtB6_6marker3MutyNtNtNtCsgm1sDeNt0Pm_5gimli4read6abbrev12AbbreviationNtB1n_4LeafENtB1n_2KVE5splitNtNtBc_5alloc6GlobalEB1K_
0000000000000108 D _RINvMsW_NtNtNtCs4HqcKLWfkFX_5alloc11collections5btree4nodeINtB6_6HandleINtB6_7NodeRefNtNtB6_6marker3MutyNtNtNtCsgm1sDeNt0Pm_5gimli4read6abbrev12AbbreviationNtB1n_8InternalENtB1n_2KVE5splitNtNtBc_5alloc6GlobalEB1K_
0000000000000120 D _RINvMs_NtNtNtCs4HqcKLWfkFX_5alloc11collections5btree6searchINtNtB7_4node7NodeRefNtNtBY_6marker3MutyNtNtNtCsgm1sDeNt0Pm_5gimli4read6abbrev12AbbreviationNtB1i_14LeafOrInternalE11search_treeyEB1F_
0000000000000120 D _RINvMs_NtNtNtCs4HqcKLWfkFX_5alloc11collections5btree6searchINtNtB7_4node7NodeRefNtNtBY_6marker5ImmutyNtNtNtCsgm1sDeNt0Pm_5gimli4read6abbrev12AbbreviationNtB1i_14LeafOrInternalE11search_treeyEB1H_
0000000000000138 D _RINvMsi_NtNtNtCs4HqcKLWfkFX_5alloc11collections5btree3mapINtB6_8BTreeMapyNtNtNtCsgm1sDeNt0Pm_5gimli4read6abbrev12AbbreviationE3getyEB1f_
0000000000000150 D _RINvMsp_NtNtNtCs4HqcKLWfkFX_5alloc11collections5btree4nodeINtB6_7NodeRefNtNtB6_6marker3MutyNtNtNtCsgm1sDeNt0Pm_5gimli4read6abbrev12AbbreviationNtB1a_8InternalE30correct_childrens_parent_linksINtNtNtCsaT5NJt9T4P0_4core3ops5range14RangeInclusivejEEB1x_
0000000000000168 D _RINvMsp_NtNtNtCs4HqcKLWfkFX_5alloc11collections5btree4nodeINtB6_7NodeRefNtNtB6_6marker3MutyNtNtNtCsgm1sDeNt0Pm_5gimli4read6abbrev12AbbreviationNtB1a_8InternalE30correct_childrens_parent_linksINtNtNtCsaT5NJt9T4P0_4core3ops5range5RangejEEB1x_
0000000000000180 D _RINvNtNtNtCs4HqcKLWfkFX_5alloc11collections5btree4node12slice_insertINtNtNtCsaT5NJt9T4P0_4core3ptr8non_null7NonNullINtB2_8LeafNodeyNtNtNtCsgm1sDeNt0Pm_5gimli4read6abbrev12AbbreviationEEEB2b_
0000000000000198 D _RINvNtNtNtCs4HqcKLWfkFX_5alloc11collections5btree4node12slice_insertNtNtNtCsgm1sDeNt0Pm_5gimli4read6abbrev12AbbreviationEB1a_
00000000000001b0 D _RINvNtNtNtCs4HqcKLWfkFX_5alloc11collections5btree4node12slice_insertyECsgm1sDeNt0Pm_5gimli
00000000000001c8 D _RINvNtNtNtCs4HqcKLWfkFX_5alloc11collections5btree4node13move_to_sliceINtNtNtCsaT5NJt9T4P0_4core3ptr8non_null7NonNullINtB2_8LeafNodeyNtNtNtCsgm1sDeNt0Pm_5gimli4read6abbrev12AbbreviationEEEB2c_
00000000000001e0 D _RINvNtNtNtCs4HqcKLWfkFX_5alloc11collections5btree4node13move_to_sliceNtNtNtCsgm1sDeNt0Pm_5gimli4read6abbrev12AbbreviationEB1b_
00000000000001c8 D _RINvNtNtNtCs4HqcKLWfkFX_5alloc11collections5btree4node13move_to_sliceyECsgm1sDeNt0Pm_5gimli
00000000000001f8 D _RNvMs1b_NtCsgm1sDeNt0Pm_5gimli9constantsNtB6_4DwAt13static_string
0000000000000210 D _RNvMs1n_NtCsgm1sDeNt0Pm_5gimli9constantsNtB6_6DwForm13static_string
0000000000000228 D _RNvMs2V_NtCsgm1sDeNt0Pm_5gimli9constantsNtB6_6DwLang13static_string
0000000000000240 D _RNvMs2_NtCs4HqcKLWfkFX_5alloc7raw_vecNtB5_11RawVecInner10deallocateCsgm1sDeNt0Pm_5gimli
0000000000000258 D _RNvMs3_NtCs4HqcKLWfkFX_5alloc7raw_vecINtB5_6RawVecNtNtNtCsgm1sDeNt0Pm_5gimli4read6abbrev12AbbreviationE8grow_oneBS_
0000000000000270 D _RNvMs3_NtCs4HqcKLWfkFX_5alloc7raw_vecINtB5_6RawVecNtNtNtCsgm1sDeNt0Pm_5gimli4read6abbrev22AttributeSpecificationE8grow_oneBS_
0000000000000288 D _RNvMs3_NtCsgm1sDeNt0Pm_5gimli4archNtB5_3Arm13register_name
00000000000002a0 D _RNvMs3_NtCsgm1sDeNt0Pm_5gimli4archNtB5_3Arm16name_to_register
00000000000002b8 D _RNvMs4_NtCs4HqcKLWfkFX_5alloc7raw_vecNtB5_11RawVecInner11finish_growCsgm1sDeNt0Pm_5gimli
00000000000002d0 D _RNvMs4_NtCs4HqcKLWfkFX_5alloc7raw_vecNtB5_11RawVecInner14grow_amortizedCsgm1sDeNt0Pm_5gimli
00000000000002e8 D _RNvMs4_NtCs4HqcKLWfkFX_5alloc7raw_vecNtB5_11RawVecInner15try_allocate_inCsgm1sDeNt0Pm_5gimli
0000000000000300 D _RNvMs4_NtNtCsgm1sDeNt0Pm_5gimli4read6abbrevNtB5_13Abbreviations6insert
0000000000000318 D _RNvMs4_NtNtNtNtCs4HqcKLWfkFX_5alloc11collections5btree3map5entryINtB5_11VacantEntryyNtNtNtCsgm1sDeNt0Pm_5gimli4read6abbrev12AbbreviationE12insert_entryB1q_
0000000000000330 D _RNvMs5P_NtCsgm1sDeNt0Pm_5gimli9constantsNtB6_4DwOp13static_string
0000000000000348 D _RNvMs5_NtNtCsgm1sDeNt0Pm_5gimli4read6abbrevNtB5_12Abbreviation3new
0000000000000360 D _RNvMs5_NtNtNtNtCs4HqcKLWfkFX_5alloc11collections5btree3map5entryINtB5_13OccupiedEntryyNtNtNtCsgm1sDeNt0Pm_5gimli4read6abbrev12AbbreviationE8into_mutB1s_
0000000000000378 D _RNvMs6_NtNtCsgm1sDeNt0Pm_5gimli4read6abbrevNtB5_10Attributes4push
0000000000000390 D _RNvMs9_NtCsgm1sDeNt0Pm_5gimli4archNtB5_7AArch6413register_name
00000000000003a8 D _RNvMs9_NtCsgm1sDeNt0Pm_5gimli4archNtB5_7AArch6416name_to_register
00000000000003c0 D _RNvMsD_NtCsgm1sDeNt0Pm_5gimli4archNtB5_6X86_6413register_name
00000000000003d8 D _RNvMsD_NtCsgm1sDeNt0Pm_5gimli4archNtB5_6X86_6416name_to_register
00000000000003f0 D _RNvMsJ_NtCsgm1sDeNt0Pm_5gimli4archNtB5_9PowerPc6413register_name
0000000000000408 D _RNvMsJ_NtCsgm1sDeNt0Pm_5gimli4archNtB5_9PowerPc6416name_to_register
0000000000000420 D _RNvMsJ_NtNtNtCs4HqcKLWfkFX_5alloc11collections5btree4nodeINtB5_6HandleINtB5_7NodeRefNtNtB5_6marker3MutyNtNtNtCsgm1sDeNt0Pm_5gimli4read6abbrev12AbbreviationNtB1m_4LeafENtB1m_4EdgeE10insert_fitB1J_
0000000000000438 D _RNvMsL_NtNtNtCs4HqcKLWfkFX_5alloc11collections5btree4nodeINtB5_6HandleINtB5_7NodeRefNtNtB5_6marker3MutyNtNtNtCsgm1sDeNt0Pm_5gimli4read6abbrev12AbbreviationNtB1m_8InternalENtB1m_4EdgeE19correct_parent_linkB1J_
0000000000000450 D _RNvMsM_NtNtNtCs4HqcKLWfkFX_5alloc11collections5btree4nodeINtB5_6HandleINtB5_7NodeRefNtNtB5_6marker3MutyNtNtNtCsgm1sDeNt0Pm_5gimli4read6abbrev12AbbreviationNtB1m_8InternalENtB1m_4EdgeE10insert_fitB1J_
0000000000000468 D _RNvMsP_NtNtNtCs4HqcKLWfkFX_5alloc11collections5btree4nodeINtB5_6HandleINtB5_7NodeRefNtNtB5_6marker5ImmutyNtNtNtCsgm1sDeNt0Pm_5gimli4read6abbrev12AbbreviationNtB1m_14LeafOrInternalENtB1m_2KVE7into_kvB1L_
0000000000000480 D _RNvMsQ_NtNtNtCs4HqcKLWfkFX_5alloc11collections5btree4nodeINtB5_6HandleINtB5_7NodeRefNtNtB5_6marker3MutyNtNtNtCsgm1sDeNt0Pm_5gimli4read6abbrev12AbbreviationNtB1m_14LeafOrInternalENtB1m_2KVE12into_val_mutB1J_
0000000000000498 D _RNvMsU_NtNtNtCs4HqcKLWfkFX_5alloc11collections5btree4nodeINtB5_6HandleINtB5_7NodeRefNtNtB5_6marker3MutyNtNtNtCsgm1sDeNt0Pm_5gimli4read6abbrev12AbbreviationNtB1m_4LeafENtB1m_2KVE15split_leaf_dataB1J_
0000000000000498 D _RNvMsU_NtNtNtCs4HqcKLWfkFX_5alloc11collections5btree4nodeINtB5_6HandleINtB5_7NodeRefNtNtB5_6marker3MutyNtNtNtCsgm1sDeNt0Pm_5gimli4read6abbrev12AbbreviationNtB1m_8InternalENtB1m_2KVE15split_leaf_dataB1J_
00000000000004b0 D _RNvMsZ_NtCsgm1sDeNt0Pm_5gimli9constantsNtB5_5DwTag13static_string
00000000000004c8 D _RNvMs_NtCs4HqcKLWfkFX_5alloc5boxedINtB4_3BoxINtNtNtNtB6_11collections5btree4node12InternalNodeyNtNtNtCsgm1sDeNt0Pm_5gimli4read6abbrev12AbbreviationEE13new_uninit_inB1B_
00000000000004e0 D _RNvMs_NtCs4HqcKLWfkFX_5alloc5boxedINtB4_3BoxINtNtNtNtB6_11collections5btree4node12InternalNodeyNtNtNtCsgm1sDeNt0Pm_5gimli4read6abbrev12AbbreviationEE17try_new_uninit_inB1B_
00000000000004f8 D _RNvMs_NtCs4HqcKLWfkFX_5alloc5boxedINtB4_3BoxINtNtNtNtB6_11collections5btree4node8LeafNodeyNtNtNtCsgm1sDeNt0Pm_5gimli4read6abbrev12AbbreviationEE13new_uninit_inB1w_
0000000000000510 D _RNvMs_NtCs4HqcKLWfkFX_5alloc5boxedINtB4_3BoxINtNtNtNtB6_11collections5btree4node8LeafNodeyNtNtNtCsgm1sDeNt0Pm_5gimli4read6abbrev12AbbreviationEE17try_new_uninit_inB1w_
0000000000000528 D _RNvMs_NtCsgm1sDeNt0Pm_5gimli4readNtB4_5Error11description
0000000000000540 D _RNvMs_NtNtCsgm1sDeNt0Pm_5gimli4read5valueNtB4_5Value11reinterpret
0000000000000570 D _RNvMs_NtNtCsgm1sDeNt0Pm_5gimli4read5valueNtB4_5Value2or
0000000000000588 D _RNvMs_NtNtCsgm1sDeNt0Pm_5gimli4read5valueNtB4_5Value3and
00000000000005a0 D _RNvMs_NtNtCsgm1sDeNt0Pm_5gimli4read5valueNtB4_5Value3div
00000000000005b8 D _RNvMs_NtNtCsgm1sDeNt0Pm_5gimli4read5valueNtB4_5Value3not
00000000000005d0 D _RNvMs_NtNtCsgm1sDeNt0Pm_5gimli4read5valueNtB4_5Value3rem
00000000000005e8 D _RNvMs_NtNtCsgm1sDeNt0Pm_5gimli4read5valueNtB4_5Value3shl
0000000000000600 D _RNvMs_NtNtCsgm1sDeNt0Pm_5gimli4read5valueNtB4_5Value3shr
0000000000000618 D _RNvMs_NtNtCsgm1sDeNt0Pm_5gimli4read5valueNtB4_5Value3xor
0000000000000630 D _RNvMs_NtNtCsgm1sDeNt0Pm_5gimli4read5valueNtB4_5Value4shra
0000000000000660 D _RNvMs_NtNtCsgm1sDeNt0Pm_5gimli4read5valueNtB4_5Value7convert
0000000000000690 D _RNvMsf_NtCsgm1sDeNt0Pm_5gimli4archNtB5_9LoongArch13register_name
00000000000006a8 D _RNvMsf_NtCsgm1sDeNt0Pm_5gimli4archNtB5_9LoongArch16name_to_register
00000000000006c0 D _RNvMsi_NtNtNtCs4HqcKLWfkFX_5alloc11collections5btree3mapINtB5_8BTreeMapyNtNtNtCsgm1sDeNt0Pm_5gimli4read6abbrev12AbbreviationE5entryB1e_
00000000000006d8 D _RNvMsl_NtCsgm1sDeNt0Pm_5gimli4archNtB5_4MIPS13register_name
00000000000006f0 D _RNvMsl_NtCsgm1sDeNt0Pm_5gimli4archNtB5_4MIPS16name_to_register
0000000000000708 D _RNvMsr_NtCsgm1sDeNt0Pm_5gimli4archNtB5_5RiscV13register_name
0000000000000720 D _RNvMsr_NtCsgm1sDeNt0Pm_5gimli4archNtB5_5RiscV16name_to_register
0000000000000738 D _RNvMsu_NtNtNtCs4HqcKLWfkFX_5alloc11collections5btree4nodeINtB5_7NodeRefNtNtB5_6marker3MutyNtNtNtCsgm1sDeNt0Pm_5gimli4read6abbrev12AbbreviationNtB19_4LeafE16push_with_handleB1w_
0000000000000750 D _RNvMsv_NtNtNtCs4HqcKLWfkFX_5alloc11collections5btree4nodeINtB5_7NodeRefNtNtB5_6marker3MutyNtNtNtCsgm1sDeNt0Pm_5gimli4read6abbrev12AbbreviationNtB19_8InternalE4pushB1w_
0000000000000768 D _RNvMsx_NtCsgm1sDeNt0Pm_5gimli4archNtB5_3X8616name_to_register
0000000000000780 D _RNvXs10_NtCsgm1sDeNt0Pm_5gimli9constantsNtB6_5DwTagNtNtCsaT5NJt9T4P0_4core3fmt7Display3fmt
0000000000000798 D _RNvXs1A_NtCsgm1sDeNt0Pm_5gimli9constantsNtB6_5DwAteNtNtCsaT5NJt9T4P0_4core3fmt7Display3fmt
00000000000007b0 D _RNvXs1M_NtCsgm1sDeNt0Pm_5gimli9constantsNtB6_5DwLleNtNtCsaT5NJt9T4P0_4core3fmt7Display3fmt
00000000000007c8 D _RNvXs1Y_NtCsgm1sDeNt0Pm_5gimli9constantsNtB6_4DwDsNtNtCsaT5NJt9T4P0_4core3fmt7Display3fmt
00000000000007e0 D _RNvXs1_NtCs4HqcKLWfkFX_5alloc7raw_vecINtB5_6RawVecNtNtNtCsgm1sDeNt0Pm_5gimli4read6abbrev22AttributeSpecificationENtNtNtCsaT5NJt9T4P0_4core3ops4drop4Drop4dropBS_
00000000000007f8 D _RNvXs1_NtCs4HqcKLWfkFX_5alloc7raw_vecINtB5_6RawVechENtNtNtCsaT5NJt9T4P0_4core3ops4drop4Drop4dropCsgm1sDeNt0Pm_5gimli
0000000000000810 D _RNvXs1c_NtCsgm1sDeNt0Pm_5gimli9constantsNtB6_4DwAtNtNtCsaT5NJt9T4P0_4core3fmt7Display3fmt
0000000000000840 D _RNvXs1g_NtCsaT5NJt9T4P0_4core3fmtRNtNtNtCsgm1sDeNt0Pm_5gimli4read6abbrev22AttributeSpecificationNtB6_5Debug3fmtBC_
0000000000000858 D _RNvXs1g_NtCsaT5NJt9T4P0_4core3fmtRtNtB6_5Debug3fmtCsgm1sDeNt0Pm_5gimli
0000000000000870 D _RNvXs1g_NtCsaT5NJt9T4P0_4core3fmtRxNtB6_5Debug3fmtCsgm1sDeNt0Pm_5gimli
0000000000000888 D _RNvXs1o_NtCsgm1sDeNt0Pm_5gimli9constantsNtB6_6DwFormNtNtCsaT5NJt9T4P0_4core3fmt7Display3fmt
00000000000008b8 D _RNvXs2K_NtCsgm1sDeNt0Pm_5gimli9constantsNtB6_12DwVirtualityNtNtCsaT5NJt9T4P0_4core3fmt7Display3fmt
00000000000008d0 D _RNvXs2W_NtCsgm1sDeNt0Pm_5gimli9constantsNtB6_6DwLangNtNtCsaT5NJt9T4P0_4core3fmt7Display3fmt
00000000000008e8 D _RNvXs2_NtCsgm1sDeNt0Pm_5gimli9constantsNtB5_6DwSectNtNtCsaT5NJt9T4P0_4core3fmt7Display3fmt
0000000000000900 D _RNvXs2_NtNtCsaT5NJt9T4P0_4core5slice3cmpNtNtNtCsgm1sDeNt0Pm_5gimli4read6abbrev22AttributeSpecificationINtB5_14SlicePartialEqBC_E17equal_same_lengthBI_
0000000000000918 D _RNvXs2_NtNtCsgm1sDeNt0Pm_5gimli4read12endian_sliceNtB5_10DebugBytesNtNtCsaT5NJt9T4P0_4core3fmt5Debug3fmt
0000000000000930 D _RNvXs2a_NtCsgm1sDeNt0Pm_5gimli9constantsNtB6_5DwEndNtNtCsaT5NJt9T4P0_4core3fmt7Display3fmt
0000000000000948 D _RNvXs2m_NtCsgm1sDeNt0Pm_5gimli9constantsNtB6_8DwAccessNtNtCsaT5NJt9T4P0_4core3fmt7Display3fmt
0000000000000960 D _RNvXs2y_NtCsgm1sDeNt0Pm_5gimli9constantsNtB6_5DwVisNtNtCsaT5NJt9T4P0_4core3fmt7Display3fmt
0000000000000978 D _RNvXs38_NtCsgm1sDeNt0Pm_5gimli9constantsNtB6_6DwAddrNtNtCsaT5NJt9T4P0_4core3fmt7Display3fmt
0000000000000990 D _RNvXs3I_NtCsgm1sDeNt0Pm_5gimli9constantsNtB6_5DwInlNtNtCsaT5NJt9T4P0_4core3fmt7Display3fmt
00000000000009a8 D _RNvXs3U_NtCsgm1sDeNt0Pm_5gimli9constantsNtB6_5DwOrdNtNtCsaT5NJt9T4P0_4core3fmt7Display3fmt
00000000000009c0 D _RNvXs3_NtNtCsgm1sDeNt0Pm_5gimli4read12endian_sliceNtB5_9DebugByteNtNtCsaT5NJt9T4P0_4core3fmt5Debug3fmt
00000000000009d8 D _RNvXs3k_NtCsgm1sDeNt0Pm_5gimli9constantsNtB6_4DwIdNtNtCsaT5NJt9T4P0_4core3fmt7Display3fmt
00000000000009f0 D _RNvXs3w_NtCsgm1sDeNt0Pm_5gimli9constantsNtB6_4DwCcNtNtCsaT5NJt9T4P0_4core3fmt7Display3fmt
0000000000000a08 D _RNvXs46_NtCsgm1sDeNt0Pm_5gimli9constantsNtB6_5DwDscNtNtCsaT5NJt9T4P0_4core3fmt7Display3fmt
0000000000000a20 D _RNvXs4G_NtCsgm1sDeNt0Pm_5gimli9constantsNtB6_5DwLnsNtNtCsaT5NJt9T4P0_4core3fmt7Display3fmt
0000000000000a38 D _RNvXs4S_NtCsgm1sDeNt0Pm_5gimli9constantsNtB6_5DwLneNtNtCsaT5NJt9T4P0_4core3fmt7Display3fmt
0000000000000a50 D _RNvXs4_NtNtCsgm1sDeNt0Pm_5gimli4read12endian_sliceNtB5_8DebugLenNtNtCsaT5NJt9T4P0_4core3fmt5Debug3fmt
0000000000000a68 D _RNvXs4i_NtCsgm1sDeNt0Pm_5gimli9constantsNtB6_5DwIdxNtNtCsaT5NJt9T4P0_4core3fmt7Display3fmt
0000000000000a80 D _RNvXs4u_NtCsgm1sDeNt0Pm_5gimli9constantsNtB6_11DwDefaultedNtNtCsaT5NJt9T4P0_4core3fmt7Display3fmt
0000000000000a98 D _RNvXs54_NtCsgm1sDeNt0Pm_5gimli9constantsNtB6_6DwLnctNtNtCsaT5NJt9T4P0_4core3fmt7Display3fmt
0000000000000ab0 D _RNvXs5E_NtCsgm1sDeNt0Pm_5gimli9constantsNtB6_5DwRleNtNtCsaT5NJt9T4P0_4core3fmt7Display3fmt
0000000000000ac8 D _RNvXs5Q_NtCsgm1sDeNt0Pm_5gimli9constantsNtB6_4DwOpNtNtCsaT5NJt9T4P0_4core3fmt7Display3fmt
0000000000000ae0 D _RNvXs5g_NtCsgm1sDeNt0Pm_5gimli9constantsNtB6_9DwMacinfoNtNtCsaT5NJt9T4P0_4core3fmt7Display3fmt
0000000000000af8 D _RNvXs5s_NtCsgm1sDeNt0Pm_5gimli9constantsNtB6_7DwMacroNtNtCsaT5NJt9T4P0_4core3fmt7Display3fmt
0000000000000b10 D _RNvXs62_NtCsgm1sDeNt0Pm_5gimli9constantsNtB6_6DwEhPeNtNtCsaT5NJt9T4P0_4core3fmt7Display3fmt
0000000000000b28 D _RNvXs7_NtNtCsgm1sDeNt0Pm_5gimli4read6abbrevNtB5_10AttributesNtNtCsaT5NJt9T4P0_4core3fmt5Debug3fmt
0000000000000b40 D _RNvXs8_NtNtCsgm1sDeNt0Pm_5gimli4read6abbrevNtB5_10AttributesNtNtCsaT5NJt9T4P0_4core3cmp9PartialEq2eq
0000000000000b58 D _RNvXsC_NtCsgm1sDeNt0Pm_5gimli9constantsNtB5_5DwCfaNtNtCsaT5NJt9T4P0_4core3fmt7Display3fmt
0000000000000b70 D _RNvXsO_NtCsgm1sDeNt0Pm_5gimli9constantsNtB5_10DwChildrenNtNtCsaT5NJt9T4P0_4core3fmt7Display3fmt
0000000000000b88 D _RNvXs_NtNtNtCsaT5NJt9T4P0_4core4iter8adapters6copiedINtB4_6CopiedINtNtB6_4take4TakeINtNtNtBa_5slice4iter4IterhEEENtNtNtB8_6traits8iterator8Iterator4nextCsgm1sDeNt0Pm_5gimli
0000000000000ba0 D _RNvXsa_NtNtCsgm1sDeNt0Pm_5gimli4read6abbrevNtB5_10AttributesNtNtNtCsaT5NJt9T4P0_4core3ops5deref5Deref5deref
0000000000000bb8 D _RNvXse_NtCsgm1sDeNt0Pm_5gimli9constantsNtB5_8DwSectV2NtNtCsaT5NJt9T4P0_4core3fmt7Display3fmt
0000000000000bd0 D _RNvXso_NtCs4HqcKLWfkFX_5alloc3vecINtB5_3VecNtNtNtCsgm1sDeNt0Pm_5gimli4read6abbrev22AttributeSpecificationENtNtNtCsaT5NJt9T4P0_4core3ops4drop4Drop4dropBL_
0000000000000bd0 D _RNvXso_NtCs4HqcKLWfkFX_5alloc3vecINtB5_3VechENtNtNtCsaT5NJt9T4P0_4core3ops4drop4Drop4dropCsgm1sDeNt0Pm_5gimli
0000000000000be8 D _RNvXsq_NtCsgm1sDeNt0Pm_5gimli9constantsNtB5_4DwUtNtNtCsaT5NJt9T4P0_4core3fmt7Display3fmt
0000000000000c00 D _RNvXsr_NtCsaT5NJt9T4P0_4core3fmtSNtNtNtCsgm1sDeNt0Pm_5gimli4read6abbrev22AttributeSpecificationNtB5_5Debug3fmtBB_

cfg_if-53e81e5cefe7c70a.cfg_if.34925dd04277fa7b-cgu.0.rcgu.o:

rustc_demangle-df37346027db5fc1.rustc_demangle.c944825856f1a5b9-cgu.0.rcgu.o:
0000000000000000 D _RINvMNtCsaT5NJt9T4P0_4core3stre18trim_start_matchesReECshhlfFwo8G0f_14rustc_demangle
0000000000000150 D _RINvMs5_NtNtCsaT5NJt9T4P0_4core3fmt8buildersNtB6_9DebugList7entriesRhINtNtNtBa_5slice4iter4IterhEECshhlfFwo8G0f_14rustc_demangle
0000000000000180 D _RINvXs0_NtNtNtCsaT5NJt9T4P0_4core4iter8adapters6copiedINtB6_6CopiedINtNtNtBc_5slice4iter4IterhEENtNtNtBa_6traits12double_ended19DoubleEndedIterator9try_rfoldjNCINvNvNtNtB1A_8iterator8Iterator9rposition5checkhNCNvMs2_NtCshhlfFwo8G0f_14rustc_demangle2v0NtB3s_6Parser5ident0E0INtNtNtBc_3ops12control_flow11ControlFlowjjEEB3u_
00000000000001b0 D _RNvCshhlfFwo8G0f_14rustc_demangle12try_demangle
00000000000001c8 D _RNvCshhlfFwo8G0f_14rustc_demangle8demangle
00000000000001e0 D _RNvMNtCsaT5NJt9T4P0_4core5sliceSh11starts_withCshhlfFwo8G0f_14rustc_demangle
00000000000001f8 D _RNvMs0_NtCsaT5NJt9T4P0_4core6escapeINtB5_15EscapeIterInnerKja_NtB5_12MaybeEscapedE4nextCshhlfFwo8G0f_14rustc_demangle
0000000000000390 D _RNvXNtCsaT5NJt9T4P0_4core3fmtQNtB2_9FormatterNtB2_5Write9write_strCshhlfFwo8G0f_14rustc_demangle
00000000000003a8 D _RNvXNtCshhlfFwo8G0f_14rustc_demangle2v0NtB2_8DemangleNtNtCsaT5NJt9T4P0_4core3fmt7Display3fmt
00000000000003c0 D _RNvXNtCshhlfFwo8G0f_14rustc_demangle6legacyNtB2_8DemangleNtNtCsaT5NJt9T4P0_4core3fmt7Display3fmt
0000000000000408 D _RNvXs0_CshhlfFwo8G0f_14rustc_demangleINtB5_21SizeLimitedFmtAdapterQNtNtCsaT5NJt9T4P0_4core3fmt9FormatterENtB15_5Write9write_strB5_
0000000000000420 D _RNvXs0_NtCshhlfFwo8G0f_14rustc_demangle2v0NtB5_5IdentNtNtCsaT5NJt9T4P0_4core3fmt7Display3fmt
0000000000000438 D _RNvXs1_CshhlfFwo8G0f_14rustc_demangleNtB5_8DemangleNtNtCsaT5NJt9T4P0_4core3fmt7Display3fmt
0000000000000450 D _RNvXs1_NtNtNtCsaT5NJt9T4P0_4core4iter8adapters6copiedINtB5_6CopiedINtNtNtBb_5slice4iter4IterhEENtNtNtB9_6traits10exact_size17ExactSizeIterator3lenCshhlfFwo8G0f_14rustc_demangle
0000000000000468 D _RNvXs1g_NtCsaT5NJt9T4P0_4core3fmtRNtNtNtB8_3num5error12IntErrorKindNtB6_5Debug3fmtCshhlfFwo8G0f_14rustc_demangle
0000000000000480 D _RNvXs1g_NtCsaT5NJt9T4P0_4core3fmtReNtB6_5Debug3fmtCshhlfFwo8G0f_14rustc_demangle
0000000000000498 D _RNvXs1g_NtCsaT5NJt9T4P0_4core3fmtRhNtB6_5Debug3fmtCshhlfFwo8G0f_14rustc_demangle
00000000000004b0 D _RNvXs1h_NtCsaT5NJt9T4P0_4core3fmtQShNtB6_5Debug3fmtCshhlfFwo8G0f_14rustc_demangle
00000000000004c8 D _RNvXs1i_NtCsaT5NJt9T4P0_4core3fmtRNtCshhlfFwo8G0f_14rustc_demangle13DemangleStyleNtB6_7Display3fmtBy_
00000000000004e0 D _RNvXs1i_NtCsaT5NJt9T4P0_4core3fmtReNtB6_7Display3fmtCshhlfFwo8G0f_14rustc_demangle
00000000000004f8 D _RNvXs2_CshhlfFwo8G0f_14rustc_demangleNtB5_8DemangleNtNtCsaT5NJt9T4P0_4core3fmt5Debug3fmt
0000000000000540 D _RNvXs_CshhlfFwo8G0f_14rustc_demangleNtB4_13DemangleStyleNtNtCsaT5NJt9T4P0_4core3fmt7Display3fmt
0000000000000570 D _RNvXsr_NtCsaT5NJt9T4P0_4core3fmtShNtB5_5Debug3fmtCshhlfFwo8G0f_14rustc_demangle
00000000000005b8 D _RNvYINtCshhlfFwo8G0f_14rustc_demangle21SizeLimitedFmtAdapterQNtNtCsaT5NJt9T4P0_4core3fmt9FormatterENtBZ_5Write10write_charB5_
00000000000005d0 D _RNvYINtCshhlfFwo8G0f_14rustc_demangle21SizeLimitedFmtAdapterQNtNtCsaT5NJt9T4P0_4core3fmt9FormatterENtBZ_5Write9write_fmtB5_

std_detect-a649de7965d1e583.std_detect.6a470529ae41eb08-cgu.0.rcgu.o:
0000000000000000 V DW.ref.rust_eh_personality
0000000000000018 D _RNvMNtNtNtCs97I9NtnsCEe_10std_detect6detect4arch9powerpc64NtB2_7Feature6to_str
0000000000000048 D _RNvNtNtCs97I9NtnsCEe_10std_detect6detect5cache21detect_and_initialize
0000000000000000 B _RNvNtNtCs97I9NtnsCEe_10std_detect6detect5cache5CACHE

hashbrown-2feb622756d0867c.hashbrown.e86a637262fdd012-cgu.0.rcgu.o:
0000000000000000 D _RNvMNtCsjX8QsfDNj7a_9hashbrown3rawNtB2_11Fallibility17capacity_overflow
0000000000000018 D _RNvMNtCsjX8QsfDNj7a_9hashbrown3rawNtB2_11Fallibility9alloc_err
0000000000000030 D _RNvXsR_NtCsjX8QsfDNj7a_9hashbrown3rawNtB5_18RawIterHashIndicesNtNtCsaT5NJt9T4P0_4core7default7Default7default
0000000000000060 D _RNvXs_CsjX8QsfDNj7a_9hashbrownNtB4_15TryReserveErrorNtNtCsaT5NJt9T4P0_4core3fmt7Display3fmt
0000000000000078 D _RNvXs_NtNtCsjX8QsfDNj7a_9hashbrown7control3tagNtB4_3TagNtNtCsaT5NJt9T4P0_4core3fmt5Debug3fmt

rustc_std_workspace_alloc-0eaf28871ebbdc19.rustc_std_workspace_alloc.ca3e8cd093ca645-cgu.0.rcgu.o:

miniz_oxide-f0da162d3b9d0411.miniz_oxide.4e9117db920b9d78-cgu.0.rcgu.o:
0000000000000000 D _RINvMNtCsaT5NJt9T4P0_4core5sliceSh11copy_withinINtNtNtB5_3ops5range14RangeInclusivejEECs6KcXGlK6FIq_11miniz_oxide
0000000000000018 D _RINvMNtCsaT5NJt9T4P0_4core6optionINtB3_6OptionRINtNtB5_4cell4CellhEE3zipBI_ECs6KcXGlK6FIq_11miniz_oxide
0000000000000030 D _RINvMNtCsaT5NJt9T4P0_4core6optionINtB3_6OptionTRINtNtB5_4cell4CellhEBJ_EE3zipBJ_ECs6KcXGlK6FIq_11miniz_oxide
0000000000000048 D _RINvNtCsaT5NJt9T4P0_4core5slice20copy_from_slice_implhECs6KcXGlK6FIq_11miniz_oxide
0000000000000060 D _RINvNtNtCsaT5NJt9T4P0_4core5slice5index5rangeINtNtNtB6_3ops5range14RangeInclusivejEECs6KcXGlK6FIq_11miniz_oxide
0000000000000078 D _RNvMNtNtNtCsaT5NJt9T4P0_4core4iter8adapters3zipINtB2_3ZipINtNtNtB8_5slice4iter4ItertEINtBW_7IterMutmEE9super_nthCs6KcXGlK6FIq_11miniz_oxide
0000000000000090 D _RNvNtCs6KcXGlK6FIq_11miniz_oxide6shared14update_adler32
00000000000000a8 D _RNvNtNtCs6KcXGlK6FIq_11miniz_oxide7inflate4core10decompress
0000000000000120 D _RNvXs3_NtNtNtCsaT5NJt9T4P0_4core4iter8adapters3zipINtB5_3ZipINtNtNtBb_5slice4iter4ItertEINtBZ_7IterMutmEEINtB5_7ZipImplBW_B1o_E3newCs6KcXGlK6FIq_11miniz_oxide
0000000000000150 D _RNvXsX_NtCsaT5NJt9T4P0_4core5arrayAhj4_NtNtB7_7default7Default7defaultCs6KcXGlK6FIq_11miniz_oxide
0000000000000168 D _RNvXsZ_NtCsaT5NJt9T4P0_4core5arrayAhj2_NtNtB7_7default7Default7defaultCs6KcXGlK6FIq_11miniz_oxide
0000000000000180 D _RNvYINtNtNtCsaT5NJt9T4P0_4core5slice4iter4ItertENtNtNtNtB9_4iter8adapters3zip27TrustedRandomAccessNoCoerce4sizeCs6KcXGlK6FIq_11miniz_oxide
0000000000000198 D _RNvYINtNtNtCsaT5NJt9T4P0_4core5slice4iter7IterMutmENtNtNtNtB9_4iter8adapters3zip27TrustedRandomAccessNoCoerce4sizeCs6KcXGlK6FIq_11miniz_oxide

adler2-a4ff16fab44df4ef.adler2.caaf7b818ed2a3a4-cgu.0.rcgu.o:
0000000000000000 D _RNvCshoTbkDRp8hY_6adler213adler32_slice
0000000000000018 D _RNvMCshoTbkDRp8hY_6adler2NtB2_7Adler3211write_slice
0000000000000030 D _RNvXs0_CshoTbkDRp8hY_6adler2NtB5_7Adler32NtNtCsaT5NJt9T4P0_4core4hash6Hasher5write

unwind-e82bd8afe3736074.unwind.caab46fb6b4c4f4b-cgu.0.rcgu.o:

libc-244031c0964aedab.libc.150a24a21821f01c-cgu.0.rcgu.o:
0000000000000000 D _RNvXNtNtNtNtCs1NZAFL6UsvE_4libc3new10linux_uapi5linux3canNtB2_35___c_anonymous_sockaddr_can_can_addrNtNtCsaT5NJt9T4P0_4core3fmt5Debug3fmt
0000000000000018 D _RNvXs1Y_NtNtNtCs1NZAFL6UsvE_4libc4unix10linux_like17linux_l4re_sharedNtB6_22___c_anonymous_ifr_ifruNtNtCsaT5NJt9T4P0_4core3fmt5Debug3fmt
0000000000000030 D _RNvXs24_NtNtNtNtCs1NZAFL6UsvE_4libc4unix10linux_like5linux3gnuNtB6_8sifieldsNtNtCsaT5NJt9T4P0_4core3fmt5Debug3fmt
0000000000000048 D _RNvXs26_NtNtNtCs1NZAFL6UsvE_4libc4unix10linux_like17linux_l4re_sharedNtB6_22___c_anonymous_ifc_ifcuNtNtCsaT5NJt9T4P0_4core3fmt5Debug3fmt
0000000000000060 D _RNvXs2c_NtNtNtNtCs1NZAFL6UsvE_4libc4unix10linux_like5linux3gnuNtB6_38___c_anonymous_ptrace_syscall_info_dataNtNtCsaT5NJt9T4P0_4core3fmt5Debug3fmt
0000000000000078 D _RNvXs8C_NtNtNtCs1NZAFL6UsvE_4libc4unix10linux_like5linuxNtB6_19___c_anonymous_iwreqNtNtCsaT5NJt9T4P0_4core3fmt5Debug3fmt
0000000000000090 D _RNvXs8K_NtNtNtCs1NZAFL6UsvE_4libc4unix10linux_like5linuxNtB6_34___c_anonymous_ptp_perout_request_1NtNtCsaT5NJt9T4P0_4core3fmt5Debug3fmt
00000000000000a8 D _RNvXs8O_NtNtNtCs1NZAFL6UsvE_4libc4unix10linux_like5linuxNtB6_34___c_anonymous_ptp_perout_request_2NtNtCsaT5NJt9T4P0_4core3fmt5Debug3fmt
00000000000000c0 D _RNvXs8e_NtNtNtCs1NZAFL6UsvE_4libc4unix10linux_like5linuxNtB6_13tpacket_req_uNtNtCsaT5NJt9T4P0_4core3fmt5Debug3fmt
00000000000000d8 D _RNvXs8i_NtNtNtCs1NZAFL6UsvE_4libc4unix10linux_like5linuxNtB6_19tpacket_bd_header_uNtNtCsaT5NJt9T4P0_4core3fmt5Debug3fmt
00000000000000f0 D _RNvXs8u_NtNtNtCs1NZAFL6UsvE_4libc4unix10linux_like5linuxNtB6_10iwreq_dataNtNtCsaT5NJt9T4P0_4core3fmt5Debug3fmt
0000000000000108 D _RNvXs90_NtNtNtCs1NZAFL6UsvE_4libc4unix10linux_like5linuxNtB6_35___c_anonymous_xsk_tx_metadata_unionNtNtCsaT5NJt9T4P0_4core3fmt5Debug3fmt

rustc_std_workspace_core-f62719fc6643a640.rustc_std_workspace_core.c72b2bae22f2c91f-cgu.0.rcgu.o:

alloc-74e9247fe6422e23.alloc.36bf8147c2eed643-cgu.0.rcgu.o:
0000000000000000 V DW.ref.rust_eh_personality
0000000000000060 D _RNvCs9wFQrvczXsK_7___rustc25___rdl_alloc_error_handler
0000000000000078 D _RNvMNtCs4HqcKLWfkFX_5alloc6stringNtB2_6String10from_utf16
0000000000000090 D _RNvMNtCs4HqcKLWfkFX_5alloc6stringNtB2_6String11try_reserve
00000000000000a8 D _RNvMNtCs4HqcKLWfkFX_5alloc6stringNtB2_6String12from_utf16be
00000000000000c0 D _RNvMNtCs4HqcKLWfkFX_5alloc6stringNtB2_6String12from_utf16le
00000000000000d8 D _RNvMNtCs4HqcKLWfkFX_5alloc6stringNtB2_6String15from_utf8_lossy
00000000000000f0 D _RNvMNtCs4HqcKLWfkFX_5alloc6stringNtB2_6String17try_reserve_exact
0000000000000108 D _RNvMNtCs4HqcKLWfkFX_5alloc6stringNtB2_6String18from_utf16be_lossy
0000000000000120 D _RNvMNtCs4HqcKLWfkFX_5alloc6stringNtB2_6String18from_utf16le_lossy
0000000000000138 D _RNvMNtCs4HqcKLWfkFX_5alloc6stringNtB2_6String21from_utf8_lossy_owned
0000000000000150 D _RNvMs19_NtCs4HqcKLWfkFX_5alloc6stringNtB6_5Drain6as_str
0000000000000168 D _RNvMs2_NtCs4HqcKLWfkFX_5alloc4wtf8NtB5_7Wtf8Buf11into_string
0000000000000180 D _RNvMs2_NtCs4HqcKLWfkFX_5alloc4wtf8NtB5_7Wtf8Buf17into_string_lossy
0000000000000198 D _RNvMs2_NtCs4HqcKLWfkFX_5alloc4wtf8NtB5_7Wtf8Buf25push_code_point_unchecked
00000000000001b0 D _RNvMs2_NtCs4HqcKLWfkFX_5alloc4wtf8NtB5_7Wtf8Buf8from_box
00000000000001c8 D _RNvMs2_NtCs4HqcKLWfkFX_5alloc4wtf8NtB5_7Wtf8Buf9from_wide
00000000000001e0 D _RNvMs3_NtCs4HqcKLWfkFX_5alloc3stre12to_lowercase
00000000000001f8 D _RNvMs3_NtCs4HqcKLWfkFX_5alloc3stre12to_uppercase
0000000000000210 D _RNvMs3_NtCs4HqcKLWfkFX_5alloc3stre17word_to_titlecase
0000000000000228 D _RNvMs3_NtCs4HqcKLWfkFX_5alloc7raw_vecINtB5_6RawVechE8grow_oneB7_
0000000000000258 D _RNvMs5_NtCs4HqcKLWfkFX_5alloc4wtf8NtNtCsaT5NJt9T4P0_4core4wtf84Wtf810clone_into
0000000000000270 D _RNvMs5_NtCs4HqcKLWfkFX_5alloc4wtf8NtNtCsaT5NJt9T4P0_4core4wtf84Wtf815to_string_lossy
0000000000000288 D _RNvMs5_NtCs4HqcKLWfkFX_5alloc4wtf8NtNtCsaT5NJt9T4P0_4core4wtf84Wtf87into_rc
00000000000002a0 D _RNvMs5_NtCs4HqcKLWfkFX_5alloc4wtf8NtNtCsaT5NJt9T4P0_4core4wtf84Wtf88into_arc
00000000000002b8 D _RNvMs5_NtCs4HqcKLWfkFX_5alloc4wtf8NtNtCsaT5NJt9T4P0_4core4wtf84Wtf88into_box
00000000000002d0 D _RNvMs5_NtCs4HqcKLWfkFX_5alloc4wtf8NtNtCsaT5NJt9T4P0_4core4wtf84Wtf88to_owned
00000000000002e8 D _RNvMsD_NtNtCs4HqcKLWfkFX_5alloc3ffi5c_strNtNtNtCsaT5NJt9T4P0_4core3ffi5c_str4CStr13into_c_string
0000000000000300 D _RNvMsD_NtNtCs4HqcKLWfkFX_5alloc3ffi5c_strNtNtNtCsaT5NJt9T4P0_4core3ffi5c_str4CStr15to_string_lossy
0000000000000318 D _RNvMs_NtCs4HqcKLWfkFX_5alloc6stringNtB4_13FromUtf8Error15into_utf8_lossy
0000000000000330 D _RNvMs_NtNtCs4HqcKLWfkFX_5alloc3ffi5c_strNtB4_7CString10into_bytes
0000000000000348 D _RNvMs_NtNtCs4HqcKLWfkFX_5alloc3ffi5c_strNtB4_7CString11into_string
00000000000002e8 D _RNvMs_NtNtCs4HqcKLWfkFX_5alloc3ffi5c_strNtB4_7CString16into_boxed_c_str
0000000000000360 D _RNvMs_NtNtCs4HqcKLWfkFX_5alloc3ffi5c_strNtB4_7CString17from_vec_with_nul
0000000000000378 D _RNvMs_NtNtCs4HqcKLWfkFX_5alloc3ffi5c_strNtB4_7CString18from_vec_unchecked
0000000000000390 D _RNvMs_NtNtCs4HqcKLWfkFX_5alloc3ffi5c_strNtB4_7CString19__from_vec_unchecked
00000000000003a8 D _RNvMs_NtNtCs4HqcKLWfkFX_5alloc3ffi5c_strNtB4_7CString19into_bytes_with_nul
00000000000003c0 D _RNvMs_NtNtCs4HqcKLWfkFX_5alloc3ffi5c_strNtB4_7CString27from_vec_with_nul_unchecked
00000000000003d8 D _RNvMs_NtNtCs4HqcKLWfkFX_5alloc3ffi5c_strNtB4_7CString8from_raw
00000000000003f0 D _RNvNtCs4HqcKLWfkFX_5alloc2rc32rc_inner_layout_for_value_layout
0000000000000000 D _RNvNtCs4HqcKLWfkFX_5alloc4sync18STATIC_INNER_SLICE
0000000000000420 D _RNvNtCs4HqcKLWfkFX_5alloc4sync32arcinner_layout_for_value_layout
0000000000000438 D _RNvNtCs4HqcKLWfkFX_5alloc5alloc18handle_alloc_error
0000000000000450 D _RNvNtCs4HqcKLWfkFX_5alloc7raw_vec12handle_error
0000000000000468 D _RNvNtCs4HqcKLWfkFX_5alloc7raw_vec17capacity_overflow
0000000000000480 D _RNvNvMs_NtCs4HqcKLWfkFX_5alloc3vecINtB6_3VecppE10insert_mut13assert_failed
0000000000000498 D _RNvNvMs_NtCs4HqcKLWfkFX_5alloc3vecINtB6_3VecppE11swap_remove13assert_failed
00000000000004b0 D _RNvNvMs_NtCs4HqcKLWfkFX_5alloc3vecINtB6_3VecppE6remove13assert_failed
00000000000004c8 D _RNvNvMs_NtCs4HqcKLWfkFX_5alloc3vecINtB6_3VecppE9split_off13assert_failed
00000000000004e0 D _RNvNvNtCs4HqcKLWfkFX_5alloc3fmt6format12format_inner
00000000000004f8 D _RNvNvNtCs4HqcKLWfkFX_5alloc5alloc18handle_alloc_error8ct_error
0000000000000510 D _RNvXNvMNtCs4HqcKLWfkFX_5alloc6stringNtB5_6String6retainNtB2_12SetLenOnDropNtNtNtCsaT5NJt9T4P0_4core3ops4drop4Drop4drop
0000000000000528 D _RNvXs0_NtCs4HqcKLWfkFX_5alloc6stringNtB5_13FromUtf8ErrorNtNtCsaT5NJt9T4P0_4core3fmt7Display3fmt
0000000000000540 D _RNvXs0_NtNtNtCs4HqcKLWfkFX_5alloc11collections9vec_deque5indexNtB5_12WrappedIndexNtNtCsaT5NJt9T4P0_4core3fmt7Display3fmt
0000000000000558 D _RNvXs0_NvMs_NtNtCs4HqcKLWfkFX_5alloc3ffi5c_strNtBa_7CString3newReNtB5_11SpecNewImpl13spec_new_impl
0000000000000570 D _RNvXs0_NvXsf_NtNtCs4HqcKLWfkFX_5alloc5boxed7convertINtBd_3BoxDNtNtCsaT5NJt9T4P0_4core5error5ErrorNtNtB12_6marker4SendNtB1z_4SyncEL_EINtNtB12_7convert4FromNtNtBf_6string6StringE4fromNtB5_11StringErrorNtNtB12_3fmt5Debug3fmt
0000000000000588 D _RNvXs10_NtCs4HqcKLWfkFX_5alloc6stringNtB6_9IntoCharsNtNtCsaT5NJt9T4P0_4core3fmt5Debug3fmt
00000000000005a0 D _RNvXs15_NtCs4HqcKLWfkFX_5alloc6stringNtB6_5DrainNtNtCsaT5NJt9T4P0_4core3fmt5Debug3fmt
00000000000005b8 D _RNvXs18_NtCs4HqcKLWfkFX_5alloc6stringNtB6_5DrainNtNtNtCsaT5NJt9T4P0_4core3ops4drop4Drop4drop
00000000000005d0 D _RNvXs1K_NtNtNtCs4HqcKLWfkFX_5alloc11collections5btree3mapNtB6_17UnorderedKeyErrorNtNtCsaT5NJt9T4P0_4core3fmt7Display3fmt
00000000000005e8 D _RNvXs1_NtCs4HqcKLWfkFX_5alloc4wtf8NtB5_7Wtf8BufNtNtCsaT5NJt9T4P0_4core3fmt7Display3fmt
0000000000000600 D _RNvXs1_NtCs4HqcKLWfkFX_5alloc6stringNtB5_14FromUtf16ErrorNtNtCsaT5NJt9T4P0_4core3fmt7Display3fmt
0000000000000618 D _RNvXs1_NvMs_NtNtCs4HqcKLWfkFX_5alloc3ffi5c_strNtBa_7CString3newQShNtB5_11SpecNewImpl13spec_new_impl
0000000000000630 D _RNvXs1a_NtCs4HqcKLWfkFX_5alloc6stringNtB6_5DrainINtNtCsaT5NJt9T4P0_4core7convert5AsRefeE6as_ref
0000000000000630 D _RNvXs1b_NtCs4HqcKLWfkFX_5alloc6stringNtB6_5DrainINtNtCsaT5NJt9T4P0_4core7convert5AsRefShE6as_ref
0000000000000648 D _RNvXs1c_NtCs4HqcKLWfkFX_5alloc6stringNtB6_5DrainNtNtNtNtCsaT5NJt9T4P0_4core4iter6traits8iterator8Iterator9size_hint
0000000000000678 D _RNvXs2_NtCs4HqcKLWfkFX_5alloc11collectionsNtB5_15TryReserveErrorNtNtCsaT5NJt9T4P0_4core3fmt7Display3fmt
0000000000000690 D _RNvXs2_NtNtCs4HqcKLWfkFX_5alloc3ffi5c_strNtB5_7CStringNtNtCsaT5NJt9T4P0_4core3fmt5Debug3fmt
00000000000006a8 D _RNvXs4_NtCs4HqcKLWfkFX_5alloc6stringNtB5_6StringNtNtCsaT5NJt9T4P0_4core5clone5Clone10clone_from
00000000000006c0 D _RNvXs4_NtCs4HqcKLWfkFX_5alloc6stringNtB5_6StringNtNtCsaT5NJt9T4P0_4core5clone5Clone5clone
00000000000006d8 D _RNvXs4_NtNtCs4HqcKLWfkFX_5alloc3ffi5c_strNtB5_7CStringNtNtCsaT5NJt9T4P0_4core7default7Default7default
00000000000006f0 D _RNvXs7_NtNtCs4HqcKLWfkFX_5alloc3ffi5c_strINtNtB9_5boxed3BoxNtNtNtCsaT5NJt9T4P0_4core3ffi5c_str4CStrEINtNtB11_7convert4FromRBV_E4from
0000000000000708 D _RNvXs8_NtNtCs4HqcKLWfkFX_5alloc3ffi5c_strINtNtB9_5boxed3BoxNtNtNtCsaT5NJt9T4P0_4core3ffi5c_str4CStrEINtNtB11_7convert4FromQBV_E4from
0000000000000720 D _RNvXsD_NtCs4HqcKLWfkFX_5alloc3vecINtB5_3VechEINtNtCsaT5NJt9T4P0_4core7convert4FromReE4from
00000000000003a8 D _RNvXsN_NtCs4HqcKLWfkFX_5alloc6stringNtB5_6StringINtNtCsaT5NJt9T4P0_4core7convert4FromINtNtB7_5boxed3BoxeEE4from
0000000000000750 D _RNvXsO_NtCs4HqcKLWfkFX_5alloc6stringINtNtB7_5boxed3BoxeEINtNtCsaT5NJt9T4P0_4core7convert4FromNtB5_6StringE4from
0000000000000768 D _RNvXsP_NtCs4HqcKLWfkFX_5alloc6stringNtB5_6StringINtNtCsaT5NJt9T4P0_4core7convert4FromINtNtB7_6borrow3CoweEE4from
0000000000000780 D _RNvXsY_NtCs4HqcKLWfkFX_5alloc6stringNtB5_6StringINtNtCsaT5NJt9T4P0_4core7convert7TryFromINtNtB7_3vec3VechEE8try_from
00000000000007c8 D _RNvXs_NvMs_NtNtCs4HqcKLWfkFX_5alloc3ffi5c_strNtB9_7CString3newRShNtB4_11SpecNewImpl13spec_new_impl
00000000000007e0 D _RNvXs_NvXsf_NtNtCs4HqcKLWfkFX_5alloc5boxed7convertINtBc_3BoxDNtNtCsaT5NJt9T4P0_4core5error5ErrorNtNtB11_6marker4SendNtB1y_4SyncEL_EINtNtB11_7convert4FromNtNtBe_6string6StringE4fromNtB4_11StringErrorNtNtB11_3fmt7Display3fmt
0000000000000810 D _RNvXsf_NtCs4HqcKLWfkFX_5alloc5boxedINtB5_3BoxeENtNtCsaT5NJt9T4P0_4core5clone5Clone5clone
0000000000000828 D _RNvXsg_NtNtCs4HqcKLWfkFX_5alloc5boxed7convertINtB7_3BoxDNtNtCsaT5NJt9T4P0_4core5error5ErrorEL_EINtNtBW_7convert4FromNtNtB9_6string6StringE4from
0000000000000840 D _RNvXsh_NtCs4HqcKLWfkFX_5alloc6borrowINtB5_3CoweEINtNtNtCsaT5NJt9T4P0_4core3ops5arith9AddAssignReE10add_assign
0000000000000858 D _RNvXsh_NtCs4HqcKLWfkFX_5alloc6stringSReNtB5_13SpecExtendStr16spec_extend_into
0000000000000870 D _RNvXsi_NtCs4HqcKLWfkFX_5alloc6borrowINtB5_3CoweENtNtNtCsaT5NJt9T4P0_4core3ops5arith9AddAssign10add_assign
0000000000000888 D _RNvXsi_NtNtCs4HqcKLWfkFX_5alloc5boxed7convertINtB7_3BoxDNtNtCsaT5NJt9T4P0_4core5error5ErrorEL_EINtNtBW_7convert4FromReE4from
00000000000008a0 D _RNvXsj_NtNtCs4HqcKLWfkFX_5alloc5boxed7convertINtB7_3BoxDNtNtCsaT5NJt9T4P0_4core5error5ErrorNtNtBW_6marker4SendNtB1t_4SyncEL_EINtNtBW_7convert4FromINtNtB9_6borrow3CoweEE4from
00000000000008a0 D _RNvXsk_NtNtCs4HqcKLWfkFX_5alloc5boxed7convertINtB7_3BoxDNtNtCsaT5NJt9T4P0_4core5error5ErrorEL_EINtNtBW_7convert4FromINtNtB9_6borrow3CoweEE4from
00000000000008b8 D _RNvXso_NtCs4HqcKLWfkFX_5alloc6stringRNtB5_6StringNtNtNtCsaT5NJt9T4P0_4core3str7pattern7Pattern13into_searcher
00000000000008d0 D _RNvXsq_NtNtCs4HqcKLWfkFX_5alloc3ffi5c_strINtNtB9_5boxed3BoxNtNtNtCsaT5NJt9T4P0_4core3ffi5c_str4CStrENtNtB11_7default7Default7default
00000000000008e8 D _RNvXss_NtNtCs4HqcKLWfkFX_5alloc3ffi5c_strNtB5_8NulErrorNtNtCsaT5NJt9T4P0_4core3fmt7Display3fmt
0000000000000900 D _RNvXst_NtNtCs4HqcKLWfkFX_5alloc3ffi5c_strNtB5_19FromVecWithNulErrorNtNtCsaT5NJt9T4P0_4core3fmt7Display3fmt
0000000000000918 D _RNvXsv_NtNtCs4HqcKLWfkFX_5alloc3ffi5c_strNtB5_15IntoStringErrorNtNtCsaT5NJt9T4P0_4core3fmt7Display3fmt
0000000000000930 D _RNvXsw_NtNtCs4HqcKLWfkFX_5alloc3ffi5c_strNtNtNtCsaT5NJt9T4P0_4core3ffi5c_str4CStrNtNtB9_6borrow7ToOwned10clone_into
00000000000002b8 D _RNvXsw_NtNtCs4HqcKLWfkFX_5alloc3ffi5c_strNtNtNtCsaT5NJt9T4P0_4core3ffi5c_str4CStrNtNtB9_6borrow7ToOwned8to_owned
00000000000002b8 D _RNvXsx_NtNtCs4HqcKLWfkFX_5alloc3ffi5c_strNtB5_7CStringINtNtCsaT5NJt9T4P0_4core7convert4FromRNtNtNtBV_3ffi5c_str4CStrE4from

core-346bf3b806d1c735.core.7ed38a6b03e13664-cgu.0.rcgu.o:
0000000000000000 V DW.ref.rust_eh_personality
0000000000000000 D _RINvNtCsaT5NJt9T4P0_4core9panicking13assert_failedINtNtB4_6option6OptionjEBM_EB4_
0000000000000018 D _RINvNtCsaT5NJt9T4P0_4core9panicking13assert_failedjjEB4_
0000000000000030 D _RINvNtCsaT5NJt9T4P0_4core9panicking13assert_failedyyEB4_
00000000000001e0 D _RNvMNtCsaT5NJt9T4P0_4core3stre12escape_debug
00000000000001f8 D _RNvMNtCsaT5NJt9T4P0_4core3stre12substr_range
0000000000000210 D _RNvMNtCsaT5NJt9T4P0_4core3stre13from_utf8_mut
0000000000000228 D _RNvMNtCsaT5NJt9T4P0_4core3stre22split_at_mut_unchecked
0000000000000240 D _RNvMNtCsaT5NJt9T4P0_4core3stre9from_utf8
00000000000002b8 D _RNvMNtNtNtCsaT5NJt9T4P0_4core3num3imp3fmtNtB2_4Part3len
00000000000002d0 D _RNvMNtNtNtCsaT5NJt9T4P0_4core3num3imp3fmtNtB2_4Part5write
00000000000002e8 D _RNvMNtNtNtCsaT5NJt9T4P0_4core3num3imp9diy_floatNtB2_2Fp12normalize_to
0000000000000300 D _RNvMNtNtNtNtCsaT5NJt9T4P0_4core3num3imp6bignum5testsNtB2_6Big8x310bit_length
0000000000000318 D _RNvMNtNtNtNtCsaT5NJt9T4P0_4core3num3imp6bignum5testsNtB2_6Big8x310mul_digits
0000000000000330 D _RNvMNtNtNtNtCsaT5NJt9T4P0_4core3num3imp6bignum5testsNtB2_6Big8x313div_rem_small
0000000000000348 D _RNvMNtNtNtNtCsaT5NJt9T4P0_4core3num3imp6bignum5testsNtB2_6Big8x33add
0000000000000360 D _RNvMNtNtNtNtCsaT5NJt9T4P0_4core3num3imp6bignum5testsNtB2_6Big8x33sub
0000000000000378 D _RNvMNtNtNtNtCsaT5NJt9T4P0_4core3num3imp6bignum5testsNtB2_6Big8x36digits
0000000000000390 D _RNvMNtNtNtNtCsaT5NJt9T4P0_4core3num3imp6bignum5testsNtB2_6Big8x37is_zero
00000000000003a8 D _RNvMNtNtNtNtCsaT5NJt9T4P0_4core3num3imp6bignum5testsNtB2_6Big8x38mul_pow2
00000000000003c0 D _RNvMNtNtNtNtCsaT5NJt9T4P0_4core3num3imp6bignum5testsNtB2_6Big8x38mul_pow5
00000000000003d8 D _RNvMNtNtNtNtCsaT5NJt9T4P0_4core3num3imp6bignum5testsNtB2_6Big8x39mul_small
0000000000000408 D _RNvMs0_NtNtCsaT5NJt9T4P0_4core3fmt3numo11format_into
0000000000000420 D _RNvMs0_NtNtCsaT5NJt9T4P0_4core3fmt3numo4__fmt
0000000000000438 D _RNvMs0_NtNtNtCsaT5NJt9T4P0_4core3fmt3num3imph4__fmt
0000000000000450 D _RNvMs1_NtNtCsaT5NJt9T4P0_4core3fmt3numn11format_into
0000000000000468 D _RNvMs1_NtNtCsaT5NJt9T4P0_4core3fmt8buildersNtB5_11DebugStruct21finish_non_exhaustive
0000000000000480 D _RNvMs1_NtNtCsaT5NJt9T4P0_4core3fmt8buildersNtB5_11DebugStruct5field
0000000000000498 D _RNvMs1_NtNtCsaT5NJt9T4P0_4core3fmt8buildersNtB5_11DebugStruct6finish
00000000000004b0 D _RNvMs1_NtNtCsaT5NJt9T4P0_4core3net6parserNtNtB7_7ip_addr8Ipv4Addr11parse_ascii
00000000000004c8 D _RNvMs1_NtNtNtCsaT5NJt9T4P0_4core3fmt3num3impa11format_into
00000000000004e0 D _RNvMs2_NtNtCsaT5NJt9T4P0_4core3fmt8buildersNtB5_10DebugTuple21finish_non_exhaustive
00000000000004f8 D _RNvMs2_NtNtCsaT5NJt9T4P0_4core3fmt8buildersNtB5_10DebugTuple5field
0000000000000510 D _RNvMs2_NtNtCsaT5NJt9T4P0_4core3fmt8buildersNtB5_10DebugTuple6finish
0000000000000528 D _RNvMs2_NtNtNtCsaT5NJt9T4P0_4core3fmt3num3imph11format_into
0000000000000540 D _RNvMs2_NtNtNtCsaT5NJt9T4P0_4core3num3imp6bignumNtB5_8Big32x4010bit_length
0000000000000558 D _RNvMs2_NtNtNtCsaT5NJt9T4P0_4core3num3imp6bignumNtB5_8Big32x4010mul_digits
0000000000000570 D _RNvMs2_NtNtNtCsaT5NJt9T4P0_4core3num3imp6bignumNtB5_8Big32x4013div_rem_small
0000000000000588 D _RNvMs2_NtNtNtCsaT5NJt9T4P0_4core3num3imp6bignumNtB5_8Big32x403add
00000000000005a0 D _RNvMs2_NtNtNtCsaT5NJt9T4P0_4core3num3imp6bignumNtB5_8Big32x403sub
00000000000005b8 D _RNvMs2_NtNtNtCsaT5NJt9T4P0_4core3num3imp6bignumNtB5_8Big32x406digits
00000000000005d0 D _RNvMs2_NtNtNtCsaT5NJt9T4P0_4core3num3imp6bignumNtB5_8Big32x407is_zero
00000000000005e8 D _RNvMs2_NtNtNtCsaT5NJt9T4P0_4core3num3imp6bignumNtB5_8Big32x408mul_pow2
0000000000000600 D _RNvMs2_NtNtNtCsaT5NJt9T4P0_4core3num3imp6bignumNtB5_8Big32x408mul_pow5
0000000000000618 D _RNvMs2_NtNtNtCsaT5NJt9T4P0_4core3num3imp6bignumNtB5_8Big32x409mul_small
0000000000000630 D _RNvMs3_NtNtCsaT5NJt9T4P0_4core3ffi5c_strNtB5_4CStr19from_bytes_with_nul
0000000000000648 D _RNvMs3_NtNtCsaT5NJt9T4P0_4core3ffi5c_strNtB5_4CStr20from_bytes_until_nul
0000000000000660 D _RNvMs3_NtNtCsaT5NJt9T4P0_4core3ffi5c_strNtB5_4CStr6to_str
0000000000000678 D _RNvMs3_NtNtCsaT5NJt9T4P0_4core3net6parserNtNtB7_7ip_addr8Ipv6Addr11parse_ascii
0000000000000690 D _RNvMs4_NtNtCsaT5NJt9T4P0_4core3fmt8buildersNtB5_8DebugSet21finish_non_exhaustive
00000000000006a8 D _RNvMs4_NtNtCsaT5NJt9T4P0_4core3fmt8buildersNtB5_8DebugSet5entry
00000000000006c0 D _RNvMs4_NtNtCsaT5NJt9T4P0_4core3fmt8buildersNtB5_8DebugSet6finish
00000000000006d8 D _RNvMs5_NtNtCsaT5NJt9T4P0_4core3fmt8buildersNtB5_9DebugList21finish_non_exhaustive
00000000000006a8 D _RNvMs5_NtNtCsaT5NJt9T4P0_4core3fmt8buildersNtB5_9DebugList5entry
00000000000006f0 D _RNvMs5_NtNtCsaT5NJt9T4P0_4core3fmt8buildersNtB5_9DebugList6finish
0000000000000708 D _RNvMs5_NtNtCsaT5NJt9T4P0_4core3net6parserNtNtB7_11socket_addr12SocketAddrV411parse_ascii
0000000000000720 D _RNvMs5_NtNtNtCsaT5NJt9T4P0_4core3fmt3num3impt4__fmt
0000000000000738 D _RNvMs6_NtNtCsaT5NJt9T4P0_4core3fmt8buildersNtB5_8DebugMap21finish_non_exhaustive
0000000000000750 D _RNvMs6_NtNtCsaT5NJt9T4P0_4core3fmt8buildersNtB5_8DebugMap3key
0000000000000768 D _RNvMs6_NtNtCsaT5NJt9T4P0_4core3fmt8buildersNtB5_8DebugMap5entry
0000000000000780 D _RNvMs6_NtNtCsaT5NJt9T4P0_4core3fmt8buildersNtB5_8DebugMap5value
0000000000000798 D _RNvMs6_NtNtCsaT5NJt9T4P0_4core3fmt8buildersNtB5_8DebugMap6finish
00000000000007b0 D _RNvMs6_NtNtNtCsaT5NJt9T4P0_4core3fmt3num3imps11format_into
00000000000007c8 D _RNvMs7_NtNtCsaT5NJt9T4P0_4core3net6parserNtNtB7_11socket_addr12SocketAddrV611parse_ascii
00000000000007e0 D _RNvMs7_NtNtNtCsaT5NJt9T4P0_4core3fmt3num3impt11format_into
00000000000007f8 D _RNvMs9_NtNtCsaT5NJt9T4P0_4core3net6parserNtNtB7_11socket_addr10SocketAddr11parse_ascii
0000000000000810 D _RNvMs_NtCsaT5NJt9T4P0_4core3fmtNtB4_17FormattingOptions8get_fill
0000000000000828 D _RNvMs_NtNtCsaT5NJt9T4P0_4core3fmt8buildersNtB4_10PadAdapter4wrap
0000000000000840 D _RNvMs_NtNtCsaT5NJt9T4P0_4core3net6parserNtNtB6_7ip_addr6IpAddr11parse_ascii
0000000000000858 D _RNvMs_NtNtNtCsaT5NJt9T4P0_4core3num3imp3fmtNtB4_9Formatted3len
0000000000000870 D _RNvMs_NtNtNtCsaT5NJt9T4P0_4core3num3imp3fmtNtB4_9Formatted5write
0000000000000888 D _RNvMs_NtNtNtNtCsaT5NJt9T4P0_4core3num3imp7dec2flt11decimal_seqNtB4_10DecimalSeq10left_shift
00000000000008a0 D _RNvMs_NtNtNtNtCsaT5NJt9T4P0_4core3num3imp7dec2flt11decimal_seqNtB4_10DecimalSeq11right_shift
00000000000008b8 D _RNvMs_NtNtNtNtCsaT5NJt9T4P0_4core3num3imp7dec2flt11decimal_seqNtB4_10DecimalSeq5round
00000000000008d0 D _RNvMsa_NtCsaT5NJt9T4P0_4core3fmtNtB5_9Formatter10debug_list
00000000000008e8 D _RNvMsa_NtCsaT5NJt9T4P0_4core3fmtNtB5_9Formatter11debug_tuple
0000000000000900 D _RNvMsa_NtCsaT5NJt9T4P0_4core3fmtNtB5_9Formatter12debug_struct
0000000000000918 D _RNvMsa_NtCsaT5NJt9T4P0_4core3fmtNtB5_9Formatter12pad_integral
0000000000000960 D _RNvMsa_NtCsaT5NJt9T4P0_4core3fmtNtB5_9Formatter25debug_tuple_field1_finish
0000000000000978 D _RNvMsa_NtCsaT5NJt9T4P0_4core3fmtNtB5_9Formatter25debug_tuple_field2_finish
0000000000000990 D _RNvMsa_NtCsaT5NJt9T4P0_4core3fmtNtB5_9Formatter25debug_tuple_field3_finish
00000000000009a8 D _RNvMsa_NtCsaT5NJt9T4P0_4core3fmtNtB5_9Formatter25debug_tuple_field4_finish
00000000000009c0 D _RNvMsa_NtCsaT5NJt9T4P0_4core3fmtNtB5_9Formatter25debug_tuple_field5_finish
00000000000009d8 D _RNvMsa_NtCsaT5NJt9T4P0_4core3fmtNtB5_9Formatter25debug_tuple_fields_finish
00000000000009f0 D _RNvMsa_NtCsaT5NJt9T4P0_4core3fmtNtB5_9Formatter26debug_struct_field1_finish
0000000000000a08 D _RNvMsa_NtCsaT5NJt9T4P0_4core3fmtNtB5_9Formatter26debug_struct_field2_finish
0000000000000a20 D _RNvMsa_NtCsaT5NJt9T4P0_4core3fmtNtB5_9Formatter26debug_struct_field3_finish
0000000000000a38 D _RNvMsa_NtCsaT5NJt9T4P0_4core3fmtNtB5_9Formatter26debug_struct_field4_finish
0000000000000a50 D _RNvMsa_NtCsaT5NJt9T4P0_4core3fmtNtB5_9Formatter26debug_struct_field5_finish
0000000000000a68 D _RNvMsa_NtCsaT5NJt9T4P0_4core3fmtNtB5_9Formatter26debug_struct_fields_finish
0000000000000a80 D _RNvMsa_NtCsaT5NJt9T4P0_4core3fmtNtB5_9Formatter3pad
0000000000000a98 D _RNvMsa_NtCsaT5NJt9T4P0_4core3fmtNtB5_9Formatter4fill
0000000000000ab0 D _RNvMsa_NtCsaT5NJt9T4P0_4core3fmtNtB5_9Formatter9debug_map
0000000000000ac8 D _RNvMsa_NtCsaT5NJt9T4P0_4core3fmtNtB5_9Formatter9debug_set
0000000000000ae0 D _RNvMsa_NtCsaT5NJt9T4P0_4core3fmtNtB5_9Formatter9write_str
0000000000000af8 D _RNvMsa_NtNtNtCsaT5NJt9T4P0_4core3fmt3num3impm4__fmt
0000000000000b10 D _RNvMsb_NtNtNtCsaT5NJt9T4P0_4core3fmt3num3impl11format_into
0000000000000b28 D _RNvMsc_NtNtNtCsaT5NJt9T4P0_4core3fmt3num3impm11format_into
0000000000000b58 D _RNvMsf_NtNtNtCsaT5NJt9T4P0_4core3fmt3num3impy4__fmt
0000000000000b70 D _RNvMsg_NtNtNtCsaT5NJt9T4P0_4core3fmt3num3impx11format_into
0000000000000b88 D _RNvMsh_NtNtNtCsaT5NJt9T4P0_4core3fmt3num3impy11format_into
0000000000000b58 D _RNvMsk_NtNtNtCsaT5NJt9T4P0_4core3fmt3num3impj4__fmt
0000000000000b70 D _RNvMsl_NtNtNtCsaT5NJt9T4P0_4core3fmt3num3impi11format_into
0000000000000b88 D _RNvMsm_NtNtNtCsaT5NJt9T4P0_4core3fmt3num3impj11format_into
0000000000000ba0 D _RNvMsu_NtNtCsaT5NJt9T4P0_4core3str7patternNtB5_11StrSearcher3new
0000000000000bb8 D _RNvNtCsaT5NJt9T4P0_4core3fmt17pointer_fmt_inner
0000000000000bd0 D _RNvNtCsaT5NJt9T4P0_4core3fmt5write
0000000000000be8 D _RNvNtCsaT5NJt9T4P0_4core3num22from_ascii_radix_panic
0000000000000c00 D _RNvNtCsaT5NJt9T4P0_4core3str16slice_error_fail
0000000000000c18 D _RNvNtCsaT5NJt9T4P0_4core3str19slice_error_fail_ct
0000000000000c30 D _RNvNtCsaT5NJt9T4P0_4core3str19slice_error_fail_rt
0000000000000c48 D _RNvNtCsaT5NJt9T4P0_4core4cell22panic_already_borrowed
0000000000000c60 D _RNvNtCsaT5NJt9T4P0_4core4cell30panic_already_mutably_borrowed
0000000000000c78 D _RNvNtCsaT5NJt9T4P0_4core4wtf816slice_error_fail
0000000000000c90 D _RNvNtCsaT5NJt9T4P0_4core5ascii14escape_default
0000000000000ca8 D _RNvNtCsaT5NJt9T4P0_4core6option13expect_failed
0000000000000cc0 D _RNvNtCsaT5NJt9T4P0_4core6option13unwrap_failed
0000000000000cd8 D _RNvNtCsaT5NJt9T4P0_4core6result13unwrap_failed
0000000000000cf0 D _RNvNtCsaT5NJt9T4P0_4core9panicking14panic_nounwind
0000000000000d08 D _RNvNtCsaT5NJt9T4P0_4core9panicking15const_panic_fmt
0000000000000d20 D _RNvNtCsaT5NJt9T4P0_4core9panicking16panic_in_cleanup
0000000000000d38 D _RNvNtCsaT5NJt9T4P0_4core9panicking18panic_bounds_check
0000000000000d50 D _RNvNtCsaT5NJt9T4P0_4core9panicking18panic_nounwind_fmt
0000000000000d68 D _RNvNtCsaT5NJt9T4P0_4core9panicking19assert_failed_inner
0000000000000d80 D _RNvNtCsaT5NJt9T4P0_4core9panicking19panic_cannot_unwind
0000000000000d98 D _RNvNtCsaT5NJt9T4P0_4core9panicking26panic_nounwind_nobacktrace
0000000000000db0 D _RNvNtCsaT5NJt9T4P0_4core9panicking30panic_null_pointer_dereference
0000000000000dc8 D _RNvNtCsaT5NJt9T4P0_4core9panicking31panic_invalid_enum_construction
0000000000000de0 D _RNvNtCsaT5NJt9T4P0_4core9panicking36panic_misaligned_pointer_dereference
0000000000000df8 D _RNvNtCsaT5NJt9T4P0_4core9panicking5panic
0000000000000e10 D _RNvNtCsaT5NJt9T4P0_4core9panicking9panic_fmt
0000000000000e40 D _RNvNtNtCsaT5NJt9T4P0_4core3str5count14do_count_chars
0000000000000e58 D _RNvNtNtCsaT5NJt9T4P0_4core3str5count23char_count_general_case
0000000000000e70 D _RNvNtNtCsaT5NJt9T4P0_4core3str8converts13from_utf8_mut
0000000000000e88 D _RNvNtNtCsaT5NJt9T4P0_4core3str8converts9from_utf8
0000000000000ea0 D _RNvNtNtCsaT5NJt9T4P0_4core4cell4lazy14panic_poisoned
0000000000000eb8 D _RNvNtNtCsaT5NJt9T4P0_4core5slice5index16slice_index_fail
0000000000000ed0 D _RNvNtNtCsaT5NJt9T4P0_4core5slice6memchr14memchr_aligned
0000000000000ee8 D _RNvNtNtCsaT5NJt9T4P0_4core5slice6memchr7memrchr
0000000000000f00 D _RNvNtNtCsaT5NJt9T4P0_4core7unicode9printable12is_printable
0000000000000f18 D _RNvNtNtCsaT5NJt9T4P0_4core9panicking11panic_const23panic_const_div_by_zero
0000000000000f30 D _RNvNtNtCsaT5NJt9T4P0_4core9panicking11panic_const23panic_const_gen_fn_none
0000000000000f48 D _RNvNtNtCsaT5NJt9T4P0_4core9panicking11panic_const23panic_const_rem_by_zero
0000000000000f60 D _RNvNtNtCsaT5NJt9T4P0_4core9panicking11panic_const24panic_const_add_overflow
0000000000000f78 D _RNvNtNtCsaT5NJt9T4P0_4core9panicking11panic_const24panic_const_div_overflow
0000000000000f90 D _RNvNtNtCsaT5NJt9T4P0_4core9panicking11panic_const24panic_const_mul_overflow
0000000000000fa8 D _RNvNtNtCsaT5NJt9T4P0_4core9panicking11panic_const24panic_const_neg_overflow
0000000000000fc0 D _RNvNtNtCsaT5NJt9T4P0_4core9panicking11panic_const24panic_const_rem_overflow
0000000000000fd8 D _RNvNtNtCsaT5NJt9T4P0_4core9panicking11panic_const24panic_const_shl_overflow
0000000000000ff0 D _RNvNtNtCsaT5NJt9T4P0_4core9panicking11panic_const24panic_const_shr_overflow
0000000000001008 D _RNvNtNtCsaT5NJt9T4P0_4core9panicking11panic_const24panic_const_sub_overflow
0000000000001020 D _RNvNtNtCsaT5NJt9T4P0_4core9panicking11panic_const28panic_const_async_fn_resumed
0000000000001038 D _RNvNtNtCsaT5NJt9T4P0_4core9panicking11panic_const28panic_const_gen_fn_none_drop
0000000000001050 D _RNvNtNtCsaT5NJt9T4P0_4core9panicking11panic_const29panic_const_coroutine_resumed
0000000000001068 D _RNvNtNtCsaT5NJt9T4P0_4core9panicking11panic_const29panic_const_gen_fn_none_panic
0000000000001080 D _RNvNtNtCsaT5NJt9T4P0_4core9panicking11panic_const32panic_const_async_gen_fn_resumed
0000000000001098 D _RNvNtNtCsaT5NJt9T4P0_4core9panicking11panic_const33panic_const_async_fn_resumed_drop
00000000000010b0 D _RNvNtNtCsaT5NJt9T4P0_4core9panicking11panic_const34panic_const_async_fn_resumed_panic
00000000000010c8 D _RNvNtNtCsaT5NJt9T4P0_4core9panicking11panic_const34panic_const_coroutine_resumed_drop
00000000000010e0 D _RNvNtNtCsaT5NJt9T4P0_4core9panicking11panic_const35panic_const_coroutine_resumed_panic
00000000000010f8 D _RNvNtNtCsaT5NJt9T4P0_4core9panicking11panic_const37panic_const_async_gen_fn_resumed_drop
0000000000001110 D _RNvNtNtCsaT5NJt9T4P0_4core9panicking11panic_const38panic_const_async_gen_fn_resumed_panic
0000000000001140 D _RNvNtNtNtCsaT5NJt9T4P0_4core3num3imp14overflow_panic12cast_integer
0000000000001158 D _RNvNtNtNtCsaT5NJt9T4P0_4core3num3imp14overflow_panic3add
0000000000001170 D _RNvNtNtNtCsaT5NJt9T4P0_4core3num3imp14overflow_panic3div
0000000000001188 D _RNvNtNtNtCsaT5NJt9T4P0_4core3num3imp14overflow_panic3mul
00000000000011a0 D _RNvNtNtNtCsaT5NJt9T4P0_4core3num3imp14overflow_panic3neg
00000000000011b8 D _RNvNtNtNtCsaT5NJt9T4P0_4core3num3imp14overflow_panic3rem
00000000000011d0 D _RNvNtNtNtCsaT5NJt9T4P0_4core3num3imp14overflow_panic3shl
00000000000011e8 D _RNvNtNtNtCsaT5NJt9T4P0_4core3num3imp14overflow_panic3shr
0000000000001200 D _RNvNtNtNtCsaT5NJt9T4P0_4core3num3imp14overflow_panic3sub
0000000000001218 D _RNvNtNtNtCsaT5NJt9T4P0_4core3num3imp7flt2dec17digits_to_dec_str
0000000000001230 D _RNvNtNtNtCsaT5NJt9T4P0_4core3num3imp7flt2dec17digits_to_exp_str
0000000000001248 D _RNvNtNtNtCsaT5NJt9T4P0_4core3num3imp7flt2dec8round_up
0000000000001260 D _RNvNtNtNtCsaT5NJt9T4P0_4core3num3imp8int_sqrt27panic_for_negative_argument
0000000000001278 D _RNvNtNtNtCsaT5NJt9T4P0_4core3num3imp9int_log1030panic_for_nonpositive_argument
0000000000001290 D _RNvNtNtNtCsaT5NJt9T4P0_4core7unicode12unicode_data10alphabetic11lookup_slow
00000000000012c0 D _RNvNtNtNtCsaT5NJt9T4P0_4core7unicode12unicode_data11conversions8to_lower
00000000000012d8 D _RNvNtNtNtCsaT5NJt9T4P0_4core7unicode12unicode_data11conversions8to_title
00000000000012f0 D _RNvNtNtNtCsaT5NJt9T4P0_4core7unicode12unicode_data11conversions8to_upper
0000000000000000 R _RNvNtNtNtCsaT5NJt9T4P0_4core7unicode12unicode_data11white_space14WHITESPACE_MAP
0000000000001308 D _RNvNtNtNtCsaT5NJt9T4P0_4core7unicode12unicode_data14case_ignorable11lookup_slow
0000000000001320 D _RNvNtNtNtCsaT5NJt9T4P0_4core7unicode12unicode_data15grapheme_extend11lookup_slow
0000000000001338 D _RNvNtNtNtCsaT5NJt9T4P0_4core7unicode12unicode_data1n11lookup_slow
0000000000001350 D _RNvNtNtNtCsaT5NJt9T4P0_4core7unicode12unicode_data2lt11lookup_slow
0000000000000000 R _RNvNtNtNtCsaT5NJt9T4P0_4core7unicode12unicode_data9lowercase14BITSET_MAPPING
0000000000000000 R _RNvNtNtNtCsaT5NJt9T4P0_4core7unicode12unicode_data9lowercase16BITSET_CANONICAL
0000000000000000 R _RNvNtNtNtCsaT5NJt9T4P0_4core7unicode12unicode_data9lowercase17BITSET_CHUNKS_MAP
0000000000000000 R _RNvNtNtNtCsaT5NJt9T4P0_4core7unicode12unicode_data9lowercase19BITSET_INDEX_CHUNKS
0000000000001368 D _RNvNtNtNtCsaT5NJt9T4P0_4core7unicode12unicode_data9lowercase6lookup
0000000000000000 R _RNvNtNtNtCsaT5NJt9T4P0_4core7unicode12unicode_data9uppercase14BITSET_MAPPING
0000000000000000 R _RNvNtNtNtCsaT5NJt9T4P0_4core7unicode12unicode_data9uppercase16BITSET_CANONICAL
0000000000000000 R _RNvNtNtNtCsaT5NJt9T4P0_4core7unicode12unicode_data9uppercase17BITSET_CHUNKS_MAP
0000000000000000 R _RNvNtNtNtCsaT5NJt9T4P0_4core7unicode12unicode_data9uppercase19BITSET_INDEX_CHUNKS
0000000000001380 D _RNvNtNtNtCsaT5NJt9T4P0_4core7unicode12unicode_data9uppercase6lookup
0000000000001398 D _RNvNtNtNtNtCsaT5NJt9T4P0_4core3num3imp7dec2flt11decimal_seq17parse_decimal_seq
00000000000013b0 D _RNvNtNtNtNtCsaT5NJt9T4P0_4core3num3imp7dec2flt5parse12parse_number
0000000000000000 R _RNvNtNtNtNtCsaT5NJt9T4P0_4core3num3imp7dec2flt5table17POWER_OF_FIVE_128
00000000000013c8 D _RNvNtNtNtNtCsaT5NJt9T4P0_4core5slice4sort6shared9smallsort22panic_on_ord_violation
00000000000013e0 D _RNvNtNtNtNtCsaT5NJt9T4P0_4core5slice4sort6stable5drift11sqrt_approx
0000000000000000 R _RNvNtNtNtNtNtCsaT5NJt9T4P0_4core3num3imp7flt2dec8strategy5grisu12CACHED_POW10
00000000000013f8 D _RNvNtNtNtNtNtCsaT5NJt9T4P0_4core3num3imp7flt2dec8strategy5grisu12format_exact
0000000000001410 D _RNvNtNtNtNtNtCsaT5NJt9T4P0_4core3num3imp7flt2dec8strategy5grisu15format_shortest
0000000000001428 D _RNvNtNtNtNtNtCsaT5NJt9T4P0_4core3num3imp7flt2dec8strategy5grisu16format_exact_opt
0000000000001440 D _RNvNtNtNtNtNtCsaT5NJt9T4P0_4core3num3imp7flt2dec8strategy5grisu19format_shortest_opt
0000000000001458 D _RNvNtNtNtNtNtCsaT5NJt9T4P0_4core3num3imp7flt2dec8strategy6dragon12format_exact
0000000000001470 D _RNvNtNtNtNtNtCsaT5NJt9T4P0_4core3num3imp7flt2dec8strategy6dragon15format_shortest
0000000000001488 D _RNvNtNtNtNtNtCsaT5NJt9T4P0_4core3num3imp7flt2dec8strategy6dragon9mul_pow10
00000000000014a0 D _RNvNvMNtCsaT5NJt9T4P0_4core5sliceSp16align_to_offsets3gcd
0000000000000000 D _RNvNvMs6_NtNtCsaT5NJt9T4P0_4core4task4wakeNtB7_5Waker11from_fn_ptr6VTABLE
0000000000000000 D _RNvNvMsb_NtNtCsaT5NJt9T4P0_4core4task4wakeNtB7_10LocalWaker11from_fn_ptr6VTABLE
00000000000014e8 D _RNvNvNtCsaT5NJt9T4P0_4core5slice20copy_from_slice_impl17len_mismatch_fail
0000000000001548 D _RNvXNtCsaT5NJt9T4P0_4core3ffiNtB2_6c_voidNtNtB4_3fmt5Debug3fmt
0000000000001560 D _RNvXNtCsaT5NJt9T4P0_4core3patcNtB2_12RangePattern7sub_one
0000000000001578 D _RNvXNtNtCsaT5NJt9T4P0_4core2io12borrowed_bufNtB2_11BorrowedBufNtNtB6_3fmt5Debug3fmt
0000000000001590 D _RNvXNtNtCsaT5NJt9T4P0_4core2io4utilNtB2_6RepeatNtNtB6_3fmt5Debug3fmt
00000000000015a8 D _RNvXNtNtCsaT5NJt9T4P0_4core3ffi5c_strNtB2_21FromBytesWithNulErrorNtNtB6_3fmt7Display3fmt
00000000000015c0 D _RNvXNtNtCsaT5NJt9T4P0_4core3ffi7va_listNtB2_6VaListNtNtB6_3fmt5Debug3fmt
00000000000015d8 D _RNvXNtNtCsaT5NJt9T4P0_4core3fmt3numoNtB4_7Display3fmt
00000000000015f0 D _RNvXNtNtCsaT5NJt9T4P0_4core3ops5rangeNtB2_9RangeFullNtNtB6_3fmt5Debug3fmt
0000000000001608 D _RNvXNtNtNtCsaT5NJt9T4P0_4core3fmt3num3imphNtB6_7Display3fmt
0000000000001620 D _RNvXNvNtCsaT5NJt9T4P0_4core9panicking21assert_matches_failedNtB2_7PatternNtNtB6_3fmt5Debug3fmt
0000000000001638 D _RNvXNvXNtCsaT5NJt9T4P0_4core5fieldINtB5_21FieldRepresentingTypepKpKpENtNtB7_3fmt5Debug3fmtNtB2_6MemberNtB17_7Display3fmt
0000000000001650 D _RNvXNvXsd_NtCsaT5NJt9T4P0_4core4wtf8NtB8_10EncodeWideNtNtBa_3fmt5Debug3fmtNtB2_8CodeUnitBP_3fmt
0000000000001668 D _RNvXs0_NtCsaT5NJt9T4P0_4core3anyDNtB5_3AnyNtNtB7_6marker4SendEL_NtNtB7_3fmt5Debug3fmt
0000000000001680 D _RNvXs0_NtNtCsaT5NJt9T4P0_4core3ffi5c_strNtB5_22FromBytesUntilNulErrorNtNtB9_3fmt7Display3fmt
0000000000001698 D _RNvXs0_NtNtCsaT5NJt9T4P0_4core3fmt8buildersNtB5_10PadAdapterNtB7_5Write10write_char
00000000000016b0 D _RNvXs0_NtNtCsaT5NJt9T4P0_4core3fmt8buildersNtB5_10PadAdapterNtB7_5Write9write_str
00000000000016c8 D _RNvXs0_NtNtCsaT5NJt9T4P0_4core3net6parserNtNtB7_7ip_addr6IpAddrNtNtNtB9_3str6traits7FromStr8from_str
00000000000016e0 D _RNvXs0_NtNtCsaT5NJt9T4P0_4core3num11float_parseC3f16NtNtNtB9_3str6traits7FromStr8from_str
00000000000016f8 D _RNvXs0_NtNtCsaT5NJt9T4P0_4core3str5lossyNtB5_5DebugNtNtB9_3fmt5Debug3fmt
0000000000001710 D _RNvXs0_NtNtCsaT5NJt9T4P0_4core5alloc6layoutNtB5_11LayoutErrorNtNtB9_3fmt7Display3fmt
0000000000001728 D _RNvXs0_NtNtCsaT5NJt9T4P0_4core5ascii10ascii_charNtB5_9AsciiCharNtNtB9_3fmt7Display3fmt
0000000000001740 D _RNvXs0_NtNtCsaT5NJt9T4P0_4core5slice5asciiNtB5_11EscapeAsciiNtNtNtNtB9_4iter6traits12double_ended19DoubleEndedIterator9next_back
0000000000001758 D _RNvXs10_NtNtCsaT5NJt9T4P0_4core3fmt3numnNtB8_8LowerExp3fmt
0000000000001770 D _RNvXs11_NtNtCsaT5NJt9T4P0_4core3fmt3numoNtB8_8LowerExp3fmt
0000000000001788 D _RNvXs11_NtNtCsaT5NJt9T4P0_4core3num7nonzeroINtB6_7NonZerotENtNtNtBa_3str6traits7FromStr8from_str
00000000000017a0 D _RNvXs12_NtNtCsaT5NJt9T4P0_4core3fmt3numnNtB8_8UpperExp3fmt
00000000000017b8 D _RNvXs12_NtNtCsaT5NJt9T4P0_4core3num11niche_typesNtB6_14NonZeroI8InnerNtNtBa_3fmt5Debug3fmt
00000000000017d0 D _RNvXs13_NtNtCsaT5NJt9T4P0_4core3fmt3numoNtB8_8UpperExp3fmt
00000000000017e8 D _RNvXs13_NtNtCsaT5NJt9T4P0_4core4sync6atomicINtB6_6AtomicmENtNtBa_3fmt5Debug3fmt
0000000000001800 D _RNvXs17_NtNtCsaT5NJt9T4P0_4core3net7ip_addrNtB6_8Ipv4AddrINtNtNtBa_3ops3bit12BitAndAssignRBF_E13bitand_assign
0000000000001818 D _RNvXs17_NtNtCsaT5NJt9T4P0_4core4sync6atomicINtB6_6AtomicxENtNtBa_3fmt5Debug3fmt
0000000000001830 D _RNvXs18_NtNtCsaT5NJt9T4P0_4core3num7nonzeroINtB6_7NonZeromENtNtNtBa_3str6traits7FromStr8from_str
0000000000001848 D _RNvXs1A_NtNtCsaT5NJt9T4P0_4core3num7nonzeroINtB6_7NonZeroaENtNtNtBa_3str6traits7FromStr8from_str
0000000000001860 D _RNvXs1E_NtNtCsaT5NJt9T4P0_4core3num7nonzeroINtB6_7NonZerosENtNtNtBa_3str6traits7FromStr8from_str
0000000000001878 D _RNvXs1G_NtNtCsaT5NJt9T4P0_4core3num11niche_typesNtB6_14UsizeNoHighBitNtNtBa_3fmt5Debug3fmt
0000000000001890 D _RNvXs1I_NtNtCsaT5NJt9T4P0_4core3num7nonzeroINtB6_7NonZerolENtNtNtBa_3str6traits7FromStr8from_str
00000000000018a8 D _RNvXs1M_NtNtCsaT5NJt9T4P0_4core3num7nonzeroINtB6_7NonZeroxENtNtNtBa_3str6traits7FromStr8from_str
00000000000018c0 D _RNvXs1O_NtNtCsaT5NJt9T4P0_4core3num11niche_typesNtB6_17NonZeroUsizeInnerNtNtBa_3fmt5Debug3fmt
00000000000018d8 D _RNvXs1Q_NtNtCsaT5NJt9T4P0_4core3num7nonzeroINtB6_7NonZeronENtNtNtBa_3str6traits7FromStr8from_str
00000000000018a8 D _RNvXs1U_NtNtCsaT5NJt9T4P0_4core3num7nonzeroINtB6_7NonZeroiENtNtNtBa_3str6traits7FromStr8from_str
00000000000018f0 D _RNvXs1W_NtNtCsaT5NJt9T4P0_4core3num11niche_typesNtB6_17NonZeroIsizeInnerNtNtBa_3fmt5Debug3fmt
0000000000001668 D _RNvXs1_NtCsaT5NJt9T4P0_4core3anyDNtB5_3AnyNtNtB7_6marker4SendNtBG_4SyncEL_NtNtB7_3fmt5Debug3fmt
0000000000001908 D _RNvXs1_NtCsaT5NJt9T4P0_4core4wtf8NtB5_4Wtf8NtNtB7_3fmt5Debug3fmt
0000000000001920 D _RNvXs1_NtCsaT5NJt9T4P0_4core5cloneNtNtNtB7_3ffi5c_str4CStrNtB5_13CloneToUninit15clone_to_uninit
0000000000001938 D _RNvXs1_NtNtCsaT5NJt9T4P0_4core3ffi5c_strNtB5_4CStrNtNtB9_3fmt5Debug3fmt
0000000000001950 D _RNvXs1_NtNtCsaT5NJt9T4P0_4core3mem15transmutabilityNtB5_6AssumeNtNtNtB9_3ops5arith3Sub3sub
0000000000001968 D _RNvXs1_NtNtCsaT5NJt9T4P0_4core3num11float_parsefNtNtNtB9_3str6traits7FromStr8from_str
0000000000001980 D _RNvXs1_NtNtCsaT5NJt9T4P0_4core3str5errorNtB5_14ParseBoolErrorNtNtB9_3fmt7Display3fmt
0000000000001998 D _RNvXs1_NtNtCsaT5NJt9T4P0_4core4char6decodeNtB5_16DecodeUtf16ErrorNtNtB9_3fmt7Display3fmt
00000000000019b0 D _RNvXs1_NtNtCsaT5NJt9T4P0_4core4task4wakeNtB5_7ContextNtNtB9_3fmt5Debug3fmt
00000000000019c8 D _RNvXs1_NtNtCsaT5NJt9T4P0_4core5ascii10ascii_charNtB5_9AsciiCharNtNtB9_3fmt5Debug3fmt
00000000000019e0 D _RNvXs1_NtNtCsaT5NJt9T4P0_4core5panic8locationNtB5_8LocationNtNtB9_3cmp10PartialOrd11partial_cmp
00000000000019f8 D _RNvXs1_NtNtCsaT5NJt9T4P0_4core6marker8varianceNtB5_24PhantomCovariantLifetimeNtNtB9_3fmt5Debug3fmt
0000000000001a10 D _RNvXs1_NtNtNtNtCsaT5NJt9T4P0_4core3num3imp6bignum5testsNtB5_6Big8x3NtNtBd_3cmp10PartialOrd11partial_cmp
0000000000001a28 D _RNvXs1a_NtNtCsaT5NJt9T4P0_4core3num11niche_typesNtB6_15NonZeroI16InnerNtNtBa_3fmt5Debug3fmt
0000000000001a40 D _RNvXs1b_NtNtCsaT5NJt9T4P0_4core4sync6atomicINtB6_6AtomicyENtNtBa_3fmt5Debug3fmt
0000000000001a58 D _RNvXs1d_NtNtCsaT5NJt9T4P0_4core3net7ip_addrNtB6_8Ipv4AddrINtNtNtBa_3ops3bit11BitOrAssignRBF_E12bitor_assign
0000000000001a70 D _RNvXs1f_NtNtCsaT5NJt9T4P0_4core3num7nonzeroINtB6_7NonZeroyENtNtNtBa_3str6traits7FromStr8from_str
0000000000001818 D _RNvXs1f_NtNtCsaT5NJt9T4P0_4core4sync6atomicINtB6_6AtomiciENtNtBa_3fmt5Debug3fmt
0000000000001b90 D _RNvXs1i_NtNtCsaT5NJt9T4P0_4core3num11niche_typesNtB6_15NonZeroI32InnerNtNtBa_3fmt5Debug3fmt
0000000000001ba8 D _RNvXs1j_NtNtCsaT5NJt9T4P0_4core3net7ip_addrNtB6_8Ipv6AddrINtNtNtBa_3ops3bit12BitAndAssignRBF_E13bitand_assign
0000000000001bc0 D _RNvXs1j_NtNtCsaT5NJt9T4P0_4core4sync6atomicINtB6_6AtomicjENtNtBa_3fmt5Debug3fmt
0000000000001bd8 D _RNvXs1m_NtNtCsaT5NJt9T4P0_4core3num7nonzeroINtB6_7NonZerooENtNtNtBa_3str6traits7FromStr8from_str
0000000000001c08 D _RNvXs1p_NtNtCsaT5NJt9T4P0_4core3net7ip_addrNtB6_8Ipv6AddrINtNtNtBa_3ops3bit11BitOrAssignRBF_E12bitor_assign
00000000000018f0 D _RNvXs1q_NtNtCsaT5NJt9T4P0_4core3num11niche_typesNtB6_15NonZeroI64InnerNtNtBa_3fmt5Debug3fmt
0000000000001a70 D _RNvXs1t_NtNtCsaT5NJt9T4P0_4core3num7nonzeroINtB6_7NonZerojENtNtNtBa_3str6traits7FromStr8from_str
0000000000001c20 D _RNvXs1y_NtNtCsaT5NJt9T4P0_4core3num11niche_typesNtB6_16NonZeroI128InnerNtNtBa_3fmt5Debug3fmt
0000000000001c38 D _RNvXs20_NtNtCsaT5NJt9T4P0_4core3str4iterNtB6_11EscapeDebugNtNtBa_3fmt7Display3fmt
0000000000001c50 D _RNvXs23_NtNtCsaT5NJt9T4P0_4core3str4iterNtB6_13EscapeDefaultNtNtBa_3fmt7Display3fmt
0000000000001c68 D _RNvXs24_NtNtCsaT5NJt9T4P0_4core3num11niche_typesNtB6_13U32NotAllOnesNtNtBa_3fmt5Debug3fmt
0000000000001c80 D _RNvXs26_NtNtCsaT5NJt9T4P0_4core3str4iterNtB6_13EscapeUnicodeNtNtBa_3fmt7Display3fmt
0000000000001c98 D _RNvXs2A_NtNtCsaT5NJt9T4P0_4core3num11niche_typesNtB6_16NonZeroCharInnerNtNtBa_3fmt5Debug3fmt
0000000000001cb0 D _RNvXs2_NtCsaT5NJt9T4P0_4core4bstrNtB5_7ByteStrNtNtB7_3fmt5Debug3fmt
0000000000001cc8 D _RNvXs2_NtCsaT5NJt9T4P0_4core4charNtB5_13EscapeUnicodeNtNtB7_3fmt7Display3fmt
0000000000001ce0 D _RNvXs2_NtCsaT5NJt9T4P0_4core4wtf8NtB5_4Wtf8NtNtB7_3fmt7Display3fmt
0000000000001cf8 D _RNvXs2_NtNtCsaT5NJt9T4P0_4core3fmt3numjNtB7_6Binary3fmt
0000000000001d10 D _RNvXs2_NtNtCsaT5NJt9T4P0_4core3fmt5floatfNtB7_5Debug3fmt
0000000000001d28 D _RNvXs2_NtNtCsaT5NJt9T4P0_4core3net6parserNtNtB7_7ip_addr8Ipv4AddrNtNtNtB9_3str6traits7FromStr8from_str
0000000000001d40 D _RNvXs2_NtNtCsaT5NJt9T4P0_4core3net7ip_addrNtB5_6IpAddrNtNtB9_3fmt7Display3fmt
0000000000001d58 D _RNvXs2_NtNtCsaT5NJt9T4P0_4core3num11float_parsedNtNtNtB9_3str6traits7FromStr8from_str
0000000000001d70 D _RNvXs2_NtNtCsaT5NJt9T4P0_4core3str5lossyNtB5_10Utf8ChunksNtNtNtNtB9_4iter6traits8iterator8Iterator4next
0000000000001d88 D _RNvXs2_NtNtCsaT5NJt9T4P0_4core5slice5asciiNtB5_11EscapeAsciiNtNtB9_3fmt7Display3fmt
0000000000001da0 D _RNvXs2_NtNtNtNtCsaT5NJt9T4P0_4core3num3imp6bignum5testsNtB5_6Big8x3NtNtBd_3cmp3Ord3cmp
0000000000001db8 D _RNvXs2c_NtNtCsaT5NJt9T4P0_4core3num11niche_typesNtB6_13I32NotAllOnesNtNtBa_3fmt5Debug3fmt
0000000000001dd0 D _RNvXs2k_NtNtCsaT5NJt9T4P0_4core3num11niche_typesNtB6_13U64NotAllOnesNtNtBa_3fmt5Debug3fmt
0000000000001de8 D _RNvXs2s_NtNtCsaT5NJt9T4P0_4core3num11niche_typesNtB6_13I64NotAllOnesNtNtBa_3fmt5Debug3fmt
0000000000001e00 D _RNvXs3A_NtNtCsaT5NJt9T4P0_4core3num11niche_typesNtB6_14CodePointInnerNtNtBa_3fmt5Debug3fmt
0000000000001e18 D _RNvXs3_NtCsaT5NJt9T4P0_4core4bstrNtB5_7ByteStrNtNtB7_3fmt7Display3fmt
0000000000001e30 D _RNvXs3_NtCsaT5NJt9T4P0_4core5asciiNtB5_13EscapeDefaultNtNtB7_3fmt7Display3fmt
0000000000001e48 D _RNvXs3_NtNtCsaT5NJt9T4P0_4core3fmt3numiNtB7_6Binary3fmt
0000000000001e60 D _RNvXs3_NtNtCsaT5NJt9T4P0_4core3fmt5floatfNtB7_7Display3fmt
0000000000001e78 D _RNvXs3_NtNtCsaT5NJt9T4P0_4core3net7ip_addrNtB5_6IpAddrNtNtB9_3fmt5Debug3fmt
0000000000001e90 D _RNvXs3_NtNtCsaT5NJt9T4P0_4core5panic8locationNtB5_8LocationNtNtB9_3fmt5Debug3fmt
0000000000001ea8 D _RNvXs3_NtNtCsaT5NJt9T4P0_4core5slice5asciiNtB5_11EscapeAsciiNtNtB9_3fmt5Debug3fmt
0000000000001ec0 D _RNvXs3_NtNtNtCsaT5NJt9T4P0_4core3fmt3num3imptNtB9_7Display3fmt
0000000000001ed8 D _RNvXs4_NtCsaT5NJt9T4P0_4core3pataNtB5_12RangePattern7sub_one
0000000000001ef0 D _RNvXs4_NtCsaT5NJt9T4P0_4core5asciiNtB5_13EscapeDefaultNtNtB7_3fmt5Debug3fmt
0000000000001f08 D _RNvXs4_NtCsaT5NJt9T4P0_4core5errorNtB5_7RequestNtNtB7_3fmt5Debug3fmt
0000000000001f20 D _RNvXs4_NtNtCsaT5NJt9T4P0_4core3fmt3numjNtB7_5Octal3fmt
0000000000001f38 D _RNvXs4_NtNtCsaT5NJt9T4P0_4core3fmt5floatfNtB7_8LowerExp3fmt
0000000000001f50 D _RNvXs4_NtNtCsaT5NJt9T4P0_4core3net11socket_addrNtB5_10SocketAddrNtNtB9_3fmt7Display3fmt
0000000000001f68 D _RNvXs4_NtNtCsaT5NJt9T4P0_4core3net6parserNtNtB7_7ip_addr8Ipv6AddrNtNtNtB9_3str6traits7FromStr8from_str
0000000000001f80 D _RNvXs4_NtNtCsaT5NJt9T4P0_4core3num5errorNtB5_13ParseIntErrorNtNtB9_3fmt7Display3fmt
0000000000001f98 D _RNvXs4_NtNtCsaT5NJt9T4P0_4core3str5lossyNtB5_10Utf8ChunksNtNtB9_3fmt5Debug3fmt
0000000000001fb0 D _RNvXs4_NtNtNtCsaT5NJt9T4P0_4core3fmt3num3impsNtB9_7Display3fmt
0000000000001fc8 D _RNvXs5_NtCsaT5NJt9T4P0_4core3patsNtB5_12RangePattern7sub_one
0000000000001fe0 D _RNvXs5_NtNtCsaT5NJt9T4P0_4core3fmt3numiNtB7_5Octal3fmt
0000000000001ff8 D _RNvXs5_NtNtCsaT5NJt9T4P0_4core3fmt5floatfNtB7_8UpperExp3fmt
0000000000002010 D _RNvXs5_NtNtCsaT5NJt9T4P0_4core3net11socket_addrNtB5_10SocketAddrNtNtB9_3fmt5Debug3fmt
0000000000002028 D _RNvXs5_NtNtCsaT5NJt9T4P0_4core6marker8varianceNtB5_28PhantomContravariantLifetimeNtNtB9_3fmt5Debug3fmt
0000000000002040 D _RNvXs5_NtNtNtCsaT5NJt9T4P0_4core3num3imp6bignumNtB5_8Big32x40NtNtBb_3cmp10PartialOrd11partial_cmp
0000000000002058 D _RNvXs5_NtNtNtNtCsaT5NJt9T4P0_4core3num3imp6bignum5testsNtB5_6Big8x3NtNtBd_3fmt5Debug3fmt
0000000000002070 D _RNvXs6_NtCsaT5NJt9T4P0_4core3patlNtB5_12RangePattern7sub_one
0000000000002088 D _RNvXs6_NtNtCsaT5NJt9T4P0_4core3fmt3numjNtB7_8LowerHex3fmt
00000000000020a0 D _RNvXs6_NtNtCsaT5NJt9T4P0_4core3fmt5floatdNtB7_5Debug3fmt
00000000000020b8 D _RNvXs6_NtNtCsaT5NJt9T4P0_4core3net11socket_addrNtB5_12SocketAddrV4NtNtB9_3fmt7Display3fmt
00000000000020d0 D _RNvXs6_NtNtCsaT5NJt9T4P0_4core3net6parserNtNtB7_11socket_addr12SocketAddrV4NtNtNtB9_3str6traits7FromStr8from_str
00000000000020e8 D _RNvXs6_NtNtCsaT5NJt9T4P0_4core3net7ip_addrNtB5_8Ipv4AddrNtNtB9_3fmt7Display3fmt
0000000000002100 D _RNvXs6_NtNtCsaT5NJt9T4P0_4core4char7convertNtB5_14ParseCharErrorNtNtB9_3fmt7Display3fmt
0000000000002118 D _RNvXs6_NtNtCsaT5NJt9T4P0_4core4sync6atomicINtB5_6AtomicbENtNtB9_3fmt5Debug3fmt
0000000000002130 D _RNvXs6_NtNtNtCsaT5NJt9T4P0_4core3num3imp6bignumNtB5_8Big32x40NtNtBb_3cmp3Ord3cmp
0000000000002148 D _RNvXs7_NtCsaT5NJt9T4P0_4core3fmtNtB5_9ArgumentsNtB5_5Debug3fmt
0000000000002160 D _RNvXs7_NtCsaT5NJt9T4P0_4core3patxNtB5_12RangePattern7sub_one
0000000000002178 D _RNvXs7_NtNtCsaT5NJt9T4P0_4core3fmt3numiNtB7_8LowerHex3fmt
0000000000002190 D _RNvXs7_NtNtCsaT5NJt9T4P0_4core3fmt5floatdNtB7_7Display3fmt
00000000000021a8 D _RNvXs7_NtNtCsaT5NJt9T4P0_4core3net11socket_addrNtB5_12SocketAddrV4NtNtB9_3fmt5Debug3fmt
00000000000021c0 D _RNvXs7_NtNtCsaT5NJt9T4P0_4core3net7ip_addrNtB5_8Ipv4AddrNtNtB9_3fmt5Debug3fmt
00000000000021d8 D _RNvXs8_NtCsaT5NJt9T4P0_4core3fmtNtB5_9ArgumentsNtB5_7Display3fmt
00000000000021f0 D _RNvXs8_NtCsaT5NJt9T4P0_4core3patnNtB5_12RangePattern7sub_one
0000000000002208 D _RNvXs8_NtCsaT5NJt9T4P0_4core5errorNtB5_6SourceNtNtNtNtB7_4iter6traits8iterator8Iterator4next
0000000000002220 D _RNvXs8_NtNtCsaT5NJt9T4P0_4core3fmt3numjNtB7_8UpperHex3fmt
0000000000002238 D _RNvXs8_NtNtCsaT5NJt9T4P0_4core3fmt5floatdNtB7_8LowerExp3fmt
0000000000002250 D _RNvXs8_NtNtCsaT5NJt9T4P0_4core3net11socket_addrNtB5_12SocketAddrV6NtNtB9_3fmt7Display3fmt
0000000000002268 D _RNvXs8_NtNtCsaT5NJt9T4P0_4core3net6parserNtNtB7_11socket_addr12SocketAddrV6NtNtNtB9_3str6traits7FromStr8from_str
0000000000002280 D _RNvXs8_NtNtNtCsaT5NJt9T4P0_4core3fmt3num3impmNtB9_7Display3fmt
0000000000002160 D _RNvXs9_NtCsaT5NJt9T4P0_4core3patiNtB5_12RangePattern7sub_one
0000000000002298 D _RNvXs9_NtCsaT5NJt9T4P0_4core5sliceNtB5_19GetDisjointMutErrorNtNtB7_3fmt7Display3fmt
00000000000022b0 D _RNvXs9_NtNtCsaT5NJt9T4P0_4core3fmt3numiNtB7_8UpperHex3fmt
00000000000022c8 D _RNvXs9_NtNtCsaT5NJt9T4P0_4core3fmt5floatdNtB7_8UpperExp3fmt
00000000000022e0 D _RNvXs9_NtNtCsaT5NJt9T4P0_4core3net11socket_addrNtB5_12SocketAddrV6NtNtB9_3fmt5Debug3fmt
00000000000022f8 D _RNvXs9_NtNtCsaT5NJt9T4P0_4core4char7convertNtB5_16CharTryFromErrorNtNtB9_3fmt7Display3fmt
0000000000002310 D _RNvXs9_NtNtCsaT5NJt9T4P0_4core4task4wakeNtB5_5WakerNtNtB9_3fmt5Debug3fmt
0000000000002328 D _RNvXs9_NtNtCsaT5NJt9T4P0_4core6marker8varianceNtB5_24PhantomInvariantLifetimeNtNtB9_3fmt5Debug3fmt
0000000000002340 D _RNvXs9_NtNtNtCsaT5NJt9T4P0_4core3fmt3num3implNtB9_7Display3fmt
0000000000002358 D _RNvXs9_NtNtNtCsaT5NJt9T4P0_4core3num3imp6bignumNtB5_8Big32x40NtNtBb_3fmt5Debug3fmt
0000000000001f20 D _RNvXsA_NtNtCsaT5NJt9T4P0_4core3fmt3numyNtB7_5Octal3fmt
0000000000002370 D _RNvXsA_NtNtNtCsaT5NJt9T4P0_4core3fmt3num3impyNtB9_8LowerExp3fmt
0000000000001fe0 D _RNvXsB_NtNtCsaT5NJt9T4P0_4core3fmt3numxNtB7_5Octal3fmt
0000000000002388 D _RNvXsB_NtNtNtCsaT5NJt9T4P0_4core3fmt3num3impxNtB9_8UpperExp3fmt
0000000000002088 D _RNvXsC_NtNtCsaT5NJt9T4P0_4core3fmt3numyNtB7_8LowerHex3fmt
00000000000023a0 D _RNvXsC_NtNtNtCsaT5NJt9T4P0_4core3fmt3num3impyNtB9_8UpperExp3fmt
0000000000002178 D _RNvXsD_NtNtCsaT5NJt9T4P0_4core3fmt3numxNtB7_8LowerHex3fmt
00000000000023b8 D _RNvXsD_NtNtNtCsaT5NJt9T4P0_4core3fmt3num3impiNtB9_8LowerExp3fmt
00000000000023d0 D _RNvXsE_NtCsaT5NJt9T4P0_4core4charNtB5_11ToTitlecaseNtNtNtNtB7_4iter6traits8iterator8Iterator10advance_by
00000000000023e8 D _RNvXsE_NtCsaT5NJt9T4P0_4core4charNtB5_11ToTitlecaseNtNtNtNtB7_4iter6traits8iterator8Iterator24___iterator_get_unchecked
0000000000002400 D _RNvXsE_NtCsaT5NJt9T4P0_4core4charNtB5_11ToTitlecaseNtNtNtNtB7_4iter6traits8iterator8Iterator4last
0000000000002418 D _RNvXsE_NtCsaT5NJt9T4P0_4core4charNtB5_11ToTitlecaseNtNtNtNtB7_4iter6traits8iterator8Iterator4next
0000000000002430 D _RNvXsE_NtCsaT5NJt9T4P0_4core4charNtB5_11ToTitlecaseNtNtNtNtB7_4iter6traits8iterator8Iterator5count
0000000000002220 D _RNvXsE_NtNtCsaT5NJt9T4P0_4core3fmt3numyNtB7_8UpperHex3fmt
0000000000002448 D _RNvXsE_NtNtCsaT5NJt9T4P0_4core3num11niche_typesNtB5_15NonZeroU32InnerNtNtB9_3fmt5Debug3fmt
0000000000002370 D _RNvXsE_NtNtNtCsaT5NJt9T4P0_4core3fmt3num3impjNtB9_8LowerExp3fmt
0000000000002460 D _RNvXsF_NtCsaT5NJt9T4P0_4core4charNtB5_11ToTitlecaseNtNtNtNtB7_4iter6traits12double_ended19DoubleEndedIterator15advance_back_by
0000000000002478 D _RNvXsF_NtCsaT5NJt9T4P0_4core4charNtB5_11ToTitlecaseNtNtNtNtB7_4iter6traits12double_ended19DoubleEndedIterator9next_back
00000000000022b0 D _RNvXsF_NtNtCsaT5NJt9T4P0_4core3fmt3numxNtB7_8UpperHex3fmt
0000000000002388 D _RNvXsF_NtNtNtCsaT5NJt9T4P0_4core3fmt3num3impiNtB9_8UpperExp3fmt
00000000000024a8 D _RNvXsG_NtNtCsaT5NJt9T4P0_4core3fmt3numoNtB7_6Binary3fmt
00000000000023a0 D _RNvXsG_NtNtNtCsaT5NJt9T4P0_4core3fmt3num3impjNtB9_8UpperExp3fmt
00000000000024c0 D _RNvXsH_NtNtCsaT5NJt9T4P0_4core3fmt3numnNtB7_6Binary3fmt
00000000000024d8 D _RNvXsI_NtNtCsaT5NJt9T4P0_4core3fmt3numoNtB7_5Octal3fmt
00000000000024f0 D _RNvXsJ_NtNtCsaT5NJt9T4P0_4core3fmt3numnNtB7_5Octal3fmt
0000000000002508 D _RNvXsJ_NtNtCsaT5NJt9T4P0_4core4sync6atomicINtB5_6AtomicaENtNtB9_3fmt5Debug3fmt
0000000000002538 D _RNvXsK_NtNtCsaT5NJt9T4P0_4core3fmt3numoNtB7_8LowerHex3fmt
0000000000002550 D _RNvXsL_NtNtCsaT5NJt9T4P0_4core3fmt3numnNtB7_8LowerHex3fmt
0000000000002568 D _RNvXsM_NtNtCsaT5NJt9T4P0_4core3fmt3numoNtB7_8UpperHex3fmt
0000000000002580 D _RNvXsM_NtNtCsaT5NJt9T4P0_4core3num11niche_typesNtB5_15NonZeroU64InnerNtNtB9_3fmt5Debug3fmt
0000000000002598 D _RNvXsN_NtNtCsaT5NJt9T4P0_4core3fmt3numnNtB7_8UpperHex3fmt
00000000000025b0 D _RNvXsN_NtNtCsaT5NJt9T4P0_4core3str4iterNtB5_11EncodeUtf16NtNtB9_3fmt5Debug3fmt
00000000000025c8 D _RNvXsN_NtNtCsaT5NJt9T4P0_4core4sync6atomicINtB5_6AtomichENtNtB9_3fmt5Debug3fmt
00000000000023d0 D _RNvXsO_NtCsaT5NJt9T4P0_4core4charNtB5_11ToLowercaseNtNtNtNtB7_4iter6traits8iterator8Iterator10advance_by
00000000000023e8 D _RNvXsO_NtCsaT5NJt9T4P0_4core4charNtB5_11ToLowercaseNtNtNtNtB7_4iter6traits8iterator8Iterator24___iterator_get_unchecked
0000000000002400 D _RNvXsO_NtCsaT5NJt9T4P0_4core4charNtB5_11ToLowercaseNtNtNtNtB7_4iter6traits8iterator8Iterator4last
0000000000002418 D _RNvXsO_NtCsaT5NJt9T4P0_4core4charNtB5_11ToLowercaseNtNtNtNtB7_4iter6traits8iterator8Iterator4next
0000000000002430 D _RNvXsO_NtCsaT5NJt9T4P0_4core4charNtB5_11ToLowercaseNtNtNtNtB7_4iter6traits8iterator8Iterator5count
0000000000002460 D _RNvXsP_NtCsaT5NJt9T4P0_4core4charNtB5_11ToLowercaseNtNtNtNtB7_4iter6traits12double_ended19DoubleEndedIterator15advance_back_by
0000000000002478 D _RNvXsP_NtCsaT5NJt9T4P0_4core4charNtB5_11ToLowercaseNtNtNtNtB7_4iter6traits12double_ended19DoubleEndedIterator9next_back
0000000000002610 D _RNvXsR_NtNtCsaT5NJt9T4P0_4core4sync6atomicINtB5_6AtomicsENtNtB9_3fmt5Debug3fmt
0000000000002640 D _RNvXsU_NtNtCsaT5NJt9T4P0_4core3num11niche_typesNtB5_16NonZeroU128InnerNtNtB9_3fmt5Debug3fmt
0000000000002658 D _RNvXsU_NtNtCsaT5NJt9T4P0_4core3num7nonzeroINtB5_7NonZerohENtNtNtB9_3str6traits7FromStr8from_str
0000000000002688 D _RNvXsV_NtNtCsaT5NJt9T4P0_4core4sync6atomicINtB5_6AtomictENtNtB9_3fmt5Debug3fmt
00000000000026e8 D _RNvXsZ_NtNtCsaT5NJt9T4P0_4core4sync6atomicINtB5_6AtomiclENtNtB9_3fmt5Debug3fmt
0000000000001668 D _RNvXs_NtCsaT5NJt9T4P0_4core3anyDNtB4_3AnyEL_NtNtB6_3fmt5Debug3fmt
0000000000002700 D _RNvXs_NtCsaT5NJt9T4P0_4core5allocNtB4_10AllocErrorNtNtB6_3fmt7Display3fmt
0000000000002718 D _RNvXs_NtNtCsaT5NJt9T4P0_4core2io5errorNtB4_9ErrorKindNtNtB8_3fmt7Display3fmt
0000000000002730 D _RNvXs_NtNtCsaT5NJt9T4P0_4core3fmt3numnNtB6_7Display3fmt
0000000000002748 D _RNvXs_NtNtCsaT5NJt9T4P0_4core3mem9alignmentNtB4_9AlignmentNtNtB8_3fmt5Debug3fmt
00000000000027c0 D _RNvXs_NtNtCsaT5NJt9T4P0_4core3num11float_parseNtB4_15ParseFloatErrorNtNtB8_3fmt7Display3fmt
00000000000027d8 D _RNvXs_NtNtCsaT5NJt9T4P0_4core3num5errorNtB4_15TryFromIntErrorNtNtB8_3fmt7Display3fmt
0000000000002808 D _RNvXs_NtNtCsaT5NJt9T4P0_4core3str4iterNtB4_5CharsNtNtB8_3fmt5Debug3fmt
0000000000002820 D _RNvXs_NtNtCsaT5NJt9T4P0_4core3str5errorNtB4_9Utf8ErrorNtNtB8_3fmt7Display3fmt
0000000000002838 D _RNvXs_NtNtCsaT5NJt9T4P0_4core5panic10panic_infoNtB4_9PanicInfoNtNtB8_3fmt7Display3fmt
0000000000002850 D _RNvXs_NtNtNtCsaT5NJt9T4P0_4core3fmt3num3impaNtB8_7Display3fmt
0000000000002868 D _RNvXsa_NtCsaT5NJt9T4P0_4core3anyNtB5_6TypeIdNtNtB7_3fmt5Debug3fmt
0000000000002880 D _RNvXsa_NtCsaT5NJt9T4P0_4core3pathNtB5_12RangePattern7sub_one
0000000000002898 D _RNvXsa_NtCsaT5NJt9T4P0_4core4timeNtB5_8DurationNtNtB7_3fmt5Debug3fmt
00000000000028b0 D _RNvXsa_NtCsaT5NJt9T4P0_4core4wtf8NtB5_14Wtf8CodePointsNtNtB7_3fmt5Debug3fmt
00000000000028c8 D _RNvXsa_NtNtCsaT5NJt9T4P0_4core3fmt3numhNtB7_6Binary3fmt
00000000000028e0 D _RNvXsa_NtNtCsaT5NJt9T4P0_4core3fmt5floatC3f16NtB7_5Debug3fmt
00000000000028f8 D _RNvXsa_NtNtCsaT5NJt9T4P0_4core3net6parserNtNtB7_11socket_addr10SocketAddrNtNtNtB9_3str6traits7FromStr8from_str
0000000000002910 D _RNvXsb_NtCsaT5NJt9T4P0_4core3fmtNtB5_9FormatterNtB5_5Write10write_char
0000000000000ae0 D _RNvXsb_NtCsaT5NJt9T4P0_4core3fmtNtB5_9FormatterNtB5_5Write9write_str
0000000000002928 D _RNvXsb_NtCsaT5NJt9T4P0_4core3pattNtB5_12RangePattern7sub_one
0000000000002940 D _RNvXsb_NtCsaT5NJt9T4P0_4core4timeNtB5_21TryFromFloatSecsErrorNtNtB7_3fmt7Display3fmt
0000000000002958 D _RNvXsb_NtNtCsaT5NJt9T4P0_4core3fmt3numaNtB7_6Binary3fmt
0000000000002970 D _RNvXsb_NtNtCsaT5NJt9T4P0_4core3fmt5floatC3f16NtB7_7Display3fmt
0000000000002988 D _RNvXsb_NtNtCsaT5NJt9T4P0_4core3net6parserNtB5_14AddrParseErrorNtNtB9_3fmt7Display3fmt
00000000000029a0 D _RNvXsc_NtCsaT5NJt9T4P0_4core3fmtNtB5_5ErrorNtB5_7Display3fmt
00000000000029b8 D _RNvXsc_NtCsaT5NJt9T4P0_4core3patmNtB5_12RangePattern7sub_one
00000000000029e8 D _RNvXsc_NtNtCsaT5NJt9T4P0_4core3fmt3numhNtB7_5Octal3fmt
0000000000002a00 D _RNvXsc_NtNtCsaT5NJt9T4P0_4core3fmt5floatC3f16NtB7_8LowerExp3fmt
0000000000002a18 D _RNvXsd_NtCsaT5NJt9T4P0_4core3patyNtB5_12RangePattern7sub_one
0000000000002a30 D _RNvXsd_NtCsaT5NJt9T4P0_4core4wtf8NtB5_10EncodeWideNtNtB7_3fmt5Debug3fmt
0000000000002a48 D _RNvXsd_NtNtCsaT5NJt9T4P0_4core3fmt3numaNtB7_5Octal3fmt
0000000000002a60 D _RNvXsd_NtNtCsaT5NJt9T4P0_4core3fmt5floatC3f16NtB7_8UpperExp3fmt
0000000000002a78 D _RNvXsd_NtNtCsaT5NJt9T4P0_4core3num11niche_typesNtB5_11NanosecondsNtNtB9_3fmt5Debug3fmt
0000000000002a90 D _RNvXsd_NtNtNtCsaT5NJt9T4P0_4core3fmt3num3impyNtB9_7Display3fmt
0000000000002aa8 D _RNvXse_NtCsaT5NJt9T4P0_4core3patoNtB5_12RangePattern7sub_one
0000000000002ac0 D _RNvXse_NtCsaT5NJt9T4P0_4core4charNtB5_15CaseMappingIterNtNtNtNtB7_4iter6traits8iterator8Iterator10advance_by
0000000000002ad8 D _RNvXse_NtCsaT5NJt9T4P0_4core4charNtB5_15CaseMappingIterNtNtNtNtB7_4iter6traits8iterator8Iterator24___iterator_get_unchecked
0000000000002af0 D _RNvXse_NtCsaT5NJt9T4P0_4core4charNtB5_15CaseMappingIterNtNtNtNtB7_4iter6traits8iterator8Iterator4last
0000000000002b08 D _RNvXse_NtCsaT5NJt9T4P0_4core4charNtB5_15CaseMappingIterNtNtNtNtB7_4iter6traits8iterator8Iterator4next
0000000000002b20 D _RNvXse_NtCsaT5NJt9T4P0_4core4charNtB5_15CaseMappingIterNtNtNtNtB7_4iter6traits8iterator8Iterator5count
0000000000002b38 D _RNvXse_NtNtCsaT5NJt9T4P0_4core3fmt3numhNtB7_8LowerHex3fmt
0000000000002b50 D _RNvXse_NtNtNtCsaT5NJt9T4P0_4core3fmt3num3impxNtB9_7Display3fmt
0000000000002a18 D _RNvXsf_NtCsaT5NJt9T4P0_4core3patjNtB5_12RangePattern7sub_one
0000000000002b80 D _RNvXsf_NtCsaT5NJt9T4P0_4core4charNtB5_15CaseMappingIterNtNtNtNtB7_4iter6traits12double_ended19DoubleEndedIterator15advance_back_by
0000000000002b98 D _RNvXsf_NtCsaT5NJt9T4P0_4core4charNtB5_15CaseMappingIterNtNtNtNtB7_4iter6traits12double_ended19DoubleEndedIterator9next_back
0000000000002bb0 D _RNvXsf_NtNtCsaT5NJt9T4P0_4core3fmt3numaNtB7_8LowerHex3fmt
0000000000002bc8 D _RNvXsf_NtNtCsaT5NJt9T4P0_4core4task4wakeNtB5_10LocalWakerNtNtB9_3fmt5Debug3fmt
0000000000002be0 D _RNvXsg_NtCsaT5NJt9T4P0_4core3fmtbNtB5_7Display3fmt
0000000000002bf8 D _RNvXsg_NtNtCsaT5NJt9T4P0_4core3fmt3numhNtB7_8UpperHex3fmt
0000000000002c10 D _RNvXsh_NtCsaT5NJt9T4P0_4core3fmteNtB5_5Debug3fmt
0000000000002c28 D _RNvXsh_NtNtCsaT5NJt9T4P0_4core3fmt3numaNtB7_8UpperHex3fmt
0000000000002c40 D _RNvXsi_NtCsaT5NJt9T4P0_4core3fmteNtB5_7Display3fmt
0000000000002c58 D _RNvXsi_NtNtCsaT5NJt9T4P0_4core3fmt3numtNtB7_6Binary3fmt
0000000000002a90 D _RNvXsi_NtNtNtCsaT5NJt9T4P0_4core3fmt3num3impjNtB9_7Display3fmt
0000000000002c70 D _RNvXsj_NtCsaT5NJt9T4P0_4core3fmtcNtB5_5Debug3fmt
0000000000002c88 D _RNvXsj_NtNtCsaT5NJt9T4P0_4core3fmt3numsNtB7_6Binary3fmt
0000000000002ca0 D _RNvXsj_NtNtCsaT5NJt9T4P0_4core3net7ip_addrNtB5_8Ipv6AddrNtNtB9_3fmt7Display3fmt
0000000000002b50 D _RNvXsj_NtNtNtCsaT5NJt9T4P0_4core3fmt3num3impiNtB9_7Display3fmt
0000000000002cb8 D _RNvXsk_NtCsaT5NJt9T4P0_4core3fmtcNtB5_7Display3fmt
0000000000002cd0 D _RNvXsk_NtNtCsaT5NJt9T4P0_4core3fmt3numtNtB7_5Octal3fmt
0000000000002ce8 D _RNvXsk_NtNtCsaT5NJt9T4P0_4core3net7ip_addrNtB5_8Ipv6AddrNtNtB9_3fmt5Debug3fmt
0000000000002d00 D _RNvXsl_NtNtCsaT5NJt9T4P0_4core3fmt3numsNtB7_5Octal3fmt
0000000000002d18 D _RNvXsm_NtCsaT5NJt9T4P0_4core4charNtB5_16TryFromCharErrorNtNtB7_3fmt7Display3fmt
0000000000002d30 D _RNvXsm_NtNtCsaT5NJt9T4P0_4core3fmt3numtNtB7_8LowerHex3fmt
0000000000002d48 D _RNvXsn_NtNtCsaT5NJt9T4P0_4core3fmt3numsNtB7_8LowerHex3fmt
0000000000002d60 D _RNvXsn_NtNtNtCsaT5NJt9T4P0_4core3fmt3num3impaNtB9_8LowerExp3fmt
0000000000002d78 D _RNvXso_NtNtCsaT5NJt9T4P0_4core3fmt3numtNtB7_8UpperHex3fmt
0000000000002d90 D _RNvXso_NtNtCsaT5NJt9T4P0_4core3num11niche_typesNtB5_14NonZeroU8InnerNtNtB9_3fmt5Debug3fmt
0000000000002da8 D _RNvXso_NtNtNtCsaT5NJt9T4P0_4core3fmt3num3imphNtB9_8LowerExp3fmt
0000000000002dd8 D _RNvXsp_NtNtCsaT5NJt9T4P0_4core3fmt3numsNtB7_8UpperHex3fmt
0000000000002df0 D _RNvXsp_NtNtNtCsaT5NJt9T4P0_4core3fmt3num3impaNtB9_8UpperExp3fmt
0000000000002e08 D _RNvXsq_NtCsaT5NJt9T4P0_4core4cellNtB5_11BorrowErrorNtNtB7_3fmt7Display3fmt
0000000000002e20 D _RNvXsq_NtNtCsaT5NJt9T4P0_4core3fmt3nummNtB7_6Binary3fmt
0000000000002e38 D _RNvXsq_NtNtNtCsaT5NJt9T4P0_4core3fmt3num3imphNtB9_8UpperExp3fmt
0000000000002e50 D _RNvXsr_NtCsaT5NJt9T4P0_4core4cellNtB5_14BorrowMutErrorNtNtB7_3fmt7Display3fmt
0000000000002e68 D _RNvXsr_NtNtCsaT5NJt9T4P0_4core3fmt3numlNtB7_6Binary3fmt
0000000000002e80 D _RNvXsr_NtNtNtCsaT5NJt9T4P0_4core3fmt3num3impsNtB9_8LowerExp3fmt
0000000000002e98 D _RNvXss_NtNtCsaT5NJt9T4P0_4core3fmt3nummNtB7_5Octal3fmt
0000000000002eb0 D _RNvXss_NtNtNtCsaT5NJt9T4P0_4core3fmt3num3imptNtB9_8LowerExp3fmt
0000000000002ec8 D _RNvXst_NtNtCsaT5NJt9T4P0_4core3fmt3numlNtB7_5Octal3fmt
0000000000002ee0 D _RNvXst_NtNtNtCsaT5NJt9T4P0_4core3fmt3num3impsNtB9_8UpperExp3fmt
00000000000023d0 D _RNvXsu_NtCsaT5NJt9T4P0_4core4charNtB5_11ToUppercaseNtNtNtNtB7_4iter6traits8iterator8Iterator10advance_by
00000000000023e8 D _RNvXsu_NtCsaT5NJt9T4P0_4core4charNtB5_11ToUppercaseNtNtNtNtB7_4iter6traits8iterator8Iterator24___iterator_get_unchecked
0000000000002400 D _RNvXsu_NtCsaT5NJt9T4P0_4core4charNtB5_11ToUppercaseNtNtNtNtB7_4iter6traits8iterator8Iterator4last
0000000000002418 D _RNvXsu_NtCsaT5NJt9T4P0_4core4charNtB5_11ToUppercaseNtNtNtNtB7_4iter6traits8iterator8Iterator4next
0000000000002430 D _RNvXsu_NtCsaT5NJt9T4P0_4core4charNtB5_11ToUppercaseNtNtNtNtB7_4iter6traits8iterator8Iterator5count
0000000000002ef8 D _RNvXsu_NtNtCsaT5NJt9T4P0_4core3fmt3nummNtB7_8LowerHex3fmt
0000000000002f10 D _RNvXsu_NtNtNtCsaT5NJt9T4P0_4core3fmt3num3imptNtB9_8UpperExp3fmt
0000000000002460 D _RNvXsv_NtCsaT5NJt9T4P0_4core4charNtB5_11ToUppercaseNtNtNtNtB7_4iter6traits12double_ended19DoubleEndedIterator15advance_back_by
0000000000002478 D _RNvXsv_NtCsaT5NJt9T4P0_4core4charNtB5_11ToUppercaseNtNtNtNtB7_4iter6traits12double_ended19DoubleEndedIterator9next_back
0000000000002f28 D _RNvXsv_NtNtCsaT5NJt9T4P0_4core3fmt3numlNtB7_8LowerHex3fmt
0000000000002f40 D _RNvXsv_NtNtNtCsaT5NJt9T4P0_4core3fmt3num3implNtB9_8LowerExp3fmt
0000000000002f58 D _RNvXsw_NtNtCsaT5NJt9T4P0_4core3fmt3nummNtB7_8UpperHex3fmt
0000000000002f70 D _RNvXsw_NtNtCsaT5NJt9T4P0_4core3num11niche_typesNtB5_15NonZeroU16InnerNtNtB9_3fmt5Debug3fmt
0000000000002f88 D _RNvXsw_NtNtNtCsaT5NJt9T4P0_4core3fmt3num3impmNtB9_8LowerExp3fmt
0000000000002fa0 D _RNvXsx_NtNtCsaT5NJt9T4P0_4core3fmt3numlNtB7_8UpperHex3fmt
0000000000002fb8 D _RNvXsx_NtNtNtCsaT5NJt9T4P0_4core3fmt3num3implNtB9_8UpperExp3fmt
0000000000001cf8 D _RNvXsy_NtNtCsaT5NJt9T4P0_4core3fmt3numyNtB7_6Binary3fmt
0000000000002fd0 D _RNvXsy_NtNtNtCsaT5NJt9T4P0_4core3fmt3num3impmNtB9_8UpperExp3fmt
0000000000001e48 D _RNvXsz_NtNtCsaT5NJt9T4P0_4core3fmt3numxNtB7_6Binary3fmt
00000000000023b8 D _RNvXsz_NtNtNtCsaT5NJt9T4P0_4core3fmt3num3impxNtB9_8LowerExp3fmt

compiler_builtins-4842803ff0d9c27d.compiler_builtins.5623d9d8737c5a5b-cgu.000.rcgu.o:
0000000000000000 D _RNvNtNtCs7owkmyyjPrX_17compiler_builtins5float4conv11___floatdidf
0000000000000018 D _RNvNtNtCs7owkmyyjPrX_17compiler_builtins5float4conv11___floatdisf
0000000000000030 D _RNvNtNtCs7owkmyyjPrX_17compiler_builtins5float4conv11___floatsidf
0000000000000048 D _RNvNtNtCs7owkmyyjPrX_17compiler_builtins5float4conv11___floatsisf
0000000000000060 D _RNvNtNtCs7owkmyyjPrX_17compiler_builtins5float4conv11___floattidf
0000000000000078 D _RNvNtNtCs7owkmyyjPrX_17compiler_builtins5float4conv11___floattisf
0000000000000090 D _RNvNtNtCs7owkmyyjPrX_17compiler_builtins5float4conv12___fixunsdfdi
00000000000000a8 D _RNvNtNtCs7owkmyyjPrX_17compiler_builtins5float4conv12___fixunsdfsi
00000000000000c0 D _RNvNtNtCs7owkmyyjPrX_17compiler_builtins5float4conv12___fixunsdfti
00000000000000d8 D _RNvNtNtCs7owkmyyjPrX_17compiler_builtins5float4conv12___fixunssfdi
00000000000000f0 D _RNvNtNtCs7owkmyyjPrX_17compiler_builtins5float4conv12___fixunssfsi
0000000000000108 D _RNvNtNtCs7owkmyyjPrX_17compiler_builtins5float4conv12___fixunssfti
0000000000000120 D _RNvNtNtCs7owkmyyjPrX_17compiler_builtins5float4conv13___floatundidf
0000000000000138 D _RNvNtNtCs7owkmyyjPrX_17compiler_builtins5float4conv13___floatundisf
0000000000000150 D _RNvNtNtCs7owkmyyjPrX_17compiler_builtins5float4conv13___floatunsisf
0000000000000168 D _RNvNtNtCs7owkmyyjPrX_17compiler_builtins5float4conv13___floatuntidf
0000000000000180 D _RNvNtNtCs7owkmyyjPrX_17compiler_builtins5float4conv13___floatuntisf
0000000000000198 D _RNvNtNtCs7owkmyyjPrX_17compiler_builtins5float4conv9___fixdfdi
00000000000001b0 D _RNvNtNtCs7owkmyyjPrX_17compiler_builtins5float4conv9___fixdfsi
00000000000001c8 D _RNvNtNtCs7owkmyyjPrX_17compiler_builtins5float4conv9___fixdfti
00000000000001e0 D _RNvNtNtCs7owkmyyjPrX_17compiler_builtins5float4conv9___fixsfdi
00000000000001f8 D _RNvNtNtCs7owkmyyjPrX_17compiler_builtins5float4conv9___fixsfsi
0000000000000210 D _RNvNtNtCs7owkmyyjPrX_17compiler_builtins5float4conv9___fixsfti
0000000000000000 R anon.98659c31b9eafd585013d66f98f5989d.0.llvm.2808344071360326635
0000000000000000 D anon.98659c31b9eafd585013d66f98f5989d.1.llvm.2808344071360326635
0000000000000000 D anon.98659c31b9eafd585013d66f98f5989d.2.llvm.2808344071360326635

compiler_builtins-4842803ff0d9c27d.compiler_builtins.5623d9d8737c5a5b-cgu.001.rcgu.o:
0000000000000000 D _RINvNtNtCs7owkmyyjPrX_17compiler_builtins5float3add3addC3f16EB6_
0000000000000018 D _RNvNtNtCs7owkmyyjPrX_17compiler_builtins5float3add8___adddf3
0000000000000030 D _RNvNtNtCs7owkmyyjPrX_17compiler_builtins5float3add8___addsf3

compiler_builtins-4842803ff0d9c27d.compiler_builtins.5623d9d8737c5a5b-cgu.002.rcgu.o:
0000000000000000 D _RNvNtNtCs7owkmyyjPrX_17compiler_builtins5float3div8___divdf3
0000000000000018 D _RNvNtNtCs7owkmyyjPrX_17compiler_builtins5float3div8___divsf3

compiler_builtins-4842803ff0d9c27d.compiler_builtins.5623d9d8737c5a5b-cgu.003.rcgu.o:
0000000000000000 D _RINvNtNtCs7owkmyyjPrX_17compiler_builtins5float3mul3mulC3f16EB6_
0000000000000018 D _RNvNtNtCs7owkmyyjPrX_17compiler_builtins5float3mul8___muldf3
0000000000000030 D _RNvNtNtCs7owkmyyjPrX_17compiler_builtins5float3mul8___mulsf3

compiler_builtins-4842803ff0d9c27d.compiler_builtins.5623d9d8737c5a5b-cgu.004.rcgu.o:
0000000000000000 D _RNvNtNtNtCs7owkmyyjPrX_17compiler_builtins4math9libm_math3fma3fma
0000000000000018 D _RNvNtNtNtCs7owkmyyjPrX_17compiler_builtins4math9libm_math3fma4fmaf

compiler_builtins-4842803ff0d9c27d.compiler_builtins.5623d9d8737c5a5b-cgu.005.rcgu.o:
0000000000000000 D _RNvNtNtNtCs7owkmyyjPrX_17compiler_builtins4math9libm_math4sqrt4sqrt
0000000000000018 D _RNvNtNtNtCs7owkmyyjPrX_17compiler_builtins4math9libm_math4sqrt5sqrtf
0000000000000000 R anon.4beaccf0027eedb088358f80d10ac759.0.llvm.16709516340577483859
0000000000000000 D anon.4beaccf0027eedb088358f80d10ac759.1.llvm.16709516340577483859
0000000000000000 D anon.4beaccf0027eedb088358f80d10ac759.2.llvm.16709516340577483859

compiler_builtins-4842803ff0d9c27d.compiler_builtins.5623d9d8737c5a5b-cgu.006.rcgu.o:
0000000000000000 D _RINvNtNtNtNtCs7owkmyyjPrX_17compiler_builtins4math9libm_math7support7modular20linear_mul_reductionmEBa_
0000000000000018 D _RINvNtNtNtNtCs7owkmyyjPrX_17compiler_builtins4math9libm_math7support7modular20linear_mul_reductionyEBa_

compiler_builtins-4842803ff0d9c27d.compiler_builtins.5623d9d8737c5a5b-cgu.007.rcgu.o:
0000000000000000 D _RINvNtNtCs7owkmyyjPrX_17compiler_builtins5float5trunc5truncdC3f16EB6_
0000000000000018 D _RINvNtNtCs7owkmyyjPrX_17compiler_builtins5float5trunc5truncfC3f16EB6_
0000000000000030 D _RNvNtNtCs7owkmyyjPrX_17compiler_builtins5float5trunc12___truncdfsf2

compiler_builtins-4842803ff0d9c27d.compiler_builtins.5623d9d8737c5a5b-cgu.008.rcgu.o:
0000000000000000 D _RINvNtNtCs7owkmyyjPrX_17compiler_builtins5float3cmp3cmpC3f16EB6_
0000000000000018 D _RINvNtNtCs7owkmyyjPrX_17compiler_builtins5float3cmp5unordC3f16EB6_
0000000000000030 D _RNvNtNtCs7owkmyyjPrX_17compiler_builtins5float3cmp10___unorddf2
0000000000000048 D _RNvNtNtCs7owkmyyjPrX_17compiler_builtins5float3cmp10___unordsf2
0000000000000060 D _RNvNtNtCs7owkmyyjPrX_17compiler_builtins5float3cmp7___eqdf2
0000000000000078 D _RNvNtNtCs7owkmyyjPrX_17compiler_builtins5float3cmp7___eqsf2
0000000000000090 D _RNvNtNtCs7owkmyyjPrX_17compiler_builtins5float3cmp7___gedf2
00000000000000a8 D _RNvNtNtCs7owkmyyjPrX_17compiler_builtins5float3cmp7___gesf2
0000000000000090 D _RNvNtNtCs7owkmyyjPrX_17compiler_builtins5float3cmp7___gtdf2
00000000000000a8 D _RNvNtNtCs7owkmyyjPrX_17compiler_builtins5float3cmp7___gtsf2
0000000000000060 D _RNvNtNtCs7owkmyyjPrX_17compiler_builtins5float3cmp7___ledf2
0000000000000078 D _RNvNtNtCs7owkmyyjPrX_17compiler_builtins5float3cmp7___lesf2
0000000000000060 D _RNvNtNtCs7owkmyyjPrX_17compiler_builtins5float3cmp7___ltdf2
0000000000000078 D _RNvNtNtCs7owkmyyjPrX_17compiler_builtins5float3cmp7___ltsf2
0000000000000060 D _RNvNtNtCs7owkmyyjPrX_17compiler_builtins5float3cmp7___nedf2
0000000000000078 D _RNvNtNtCs7owkmyyjPrX_17compiler_builtins5float3cmp7___nesf2

compiler_builtins-4842803ff0d9c27d.compiler_builtins.5623d9d8737c5a5b-cgu.009.rcgu.o:
0000000000000000 D _RNvNtCs7owkmyyjPrX_17compiler_builtins3mem6memcpy
0000000000000018 D _RNvNtCs7owkmyyjPrX_17compiler_builtins3mem6memset
0000000000000030 D _RNvNtCs7owkmyyjPrX_17compiler_builtins3mem7memmove

compiler_builtins-4842803ff0d9c27d.compiler_builtins.5623d9d8737c5a5b-cgu.010.rcgu.o:
0000000000000000 D _RNvNtNtCs7owkmyyjPrX_17compiler_builtins3int3mul16___rust_i128_mulo
0000000000000018 D _RNvNtNtCs7owkmyyjPrX_17compiler_builtins3int3mul16___rust_u128_mulo
0000000000000030 D _RNvNtNtCs7owkmyyjPrX_17compiler_builtins3int3mul8___muldi3
0000000000000048 D _RNvNtNtCs7owkmyyjPrX_17compiler_builtins3int3mul8___multi3
0000000000000060 D _RNvNtNtCs7owkmyyjPrX_17compiler_builtins3int3mul9___mulodi4
0000000000000078 D _RNvNtNtCs7owkmyyjPrX_17compiler_builtins3int3mul9___mulosi4
0000000000000000 D _RNvNtNtCs7owkmyyjPrX_17compiler_builtins3int3mul9___muloti4

compiler_builtins-4842803ff0d9c27d.compiler_builtins.5623d9d8737c5a5b-cgu.011.rcgu.o:
0000000000000000 D _RINvNtNtNtNtCs7owkmyyjPrX_17compiler_builtins4math9libm_math7generic4fmod12into_sig_expC3f16EBa_
0000000000000018 D _RINvNtNtNtNtCs7owkmyyjPrX_17compiler_builtins4math9libm_math7generic4fmod12into_sig_expdEBa_
0000000000000030 D _RINvNtNtNtNtCs7owkmyyjPrX_17compiler_builtins4math9libm_math7generic4fmod12into_sig_expfEBa_
0000000000000048 D _RINvNtNtNtNtCs7owkmyyjPrX_17compiler_builtins4math9libm_math7generic4fmod9reductionC3f16EBa_
0000000000000060 D _RINvNtNtNtNtCs7owkmyyjPrX_17compiler_builtins4math9libm_math7generic4fmod9reductiondEBa_
0000000000000078 D _RINvNtNtNtNtCs7owkmyyjPrX_17compiler_builtins4math9libm_math7generic4fmod9reductionfEBa_
0000000000000000 R anon.0f90d7894cd94350a86103ad486c4e8b.0.llvm.3261331554578078097
0000000000000000 D anon.0f90d7894cd94350a86103ad486c4e8b.1.llvm.3261331554578078097

compiler_builtins-4842803ff0d9c27d.compiler_builtins.5623d9d8737c5a5b-cgu.012.rcgu.o:
0000000000000000 W sqrtf16

compiler_builtins-4842803ff0d9c27d.compiler_builtins.5623d9d8737c5a5b-cgu.013.rcgu.o:
0000000000000000 D _RINvNtNtCs7owkmyyjPrX_17compiler_builtins5float6extend6extendC3f16dEB6_
0000000000000018 D _RINvNtNtCs7owkmyyjPrX_17compiler_builtins5float6extend6extendC3f16fEB6_
0000000000000030 D _RNvNtNtCs7owkmyyjPrX_17compiler_builtins5float6extend13___extendsfdf2

compiler_builtins-4842803ff0d9c27d.compiler_builtins.5623d9d8737c5a5b-cgu.014.rcgu.o:
0000000000000000 D _RNvNtNtCs7owkmyyjPrX_17compiler_builtins3int5shift9___ashldi3
0000000000000018 D _RNvNtNtCs7owkmyyjPrX_17compiler_builtins3int5shift9___ashlsi3
0000000000000030 D _RNvNtNtCs7owkmyyjPrX_17compiler_builtins3int5shift9___ashlti3
0000000000000048 D _RNvNtNtCs7owkmyyjPrX_17compiler_builtins3int5shift9___ashrdi3
0000000000000060 D _RNvNtNtCs7owkmyyjPrX_17compiler_builtins3int5shift9___ashrsi3
0000000000000078 D _RNvNtNtCs7owkmyyjPrX_17compiler_builtins3int5shift9___ashrti3
0000000000000090 D _RNvNtNtCs7owkmyyjPrX_17compiler_builtins3int5shift9___lshrdi3
00000000000000a8 D _RNvNtNtCs7owkmyyjPrX_17compiler_builtins3int5shift9___lshrsi3
00000000000000c0 D _RNvNtNtCs7owkmyyjPrX_17compiler_builtins3int5shift9___lshrti3

compiler_builtins-4842803ff0d9c27d.compiler_builtins.5623d9d8737c5a5b-cgu.015.rcgu.o:
0000000000000000 D _RNvNtNtNtCs7owkmyyjPrX_17compiler_builtins4math9libm_math4cbrt4cbrt

compiler_builtins-4842803ff0d9c27d.compiler_builtins.5623d9d8737c5a5b-cgu.016.rcgu.o:
0000000000000000 D _RINvNtNtNtCs7owkmyyjPrX_17compiler_builtins5float4conv12int_to_float6signedldNvB2_15u32_to_f64_bitsEB8_
0000000000000018 D _RINvNtNtNtCs7owkmyyjPrX_17compiler_builtins5float4conv12int_to_float6signedlfNvB2_15u32_to_f32_bitsEB8_
0000000000000030 D _RINvNtNtNtCs7owkmyyjPrX_17compiler_builtins5float4conv12int_to_float6signedndNvB2_16u128_to_f64_bitsEB8_
0000000000000048 D _RINvNtNtNtCs7owkmyyjPrX_17compiler_builtins5float4conv12int_to_float6signednfNvB2_16u128_to_f32_bitsEB8_
0000000000000060 D _RINvNtNtNtCs7owkmyyjPrX_17compiler_builtins5float4conv12int_to_float6signedxdNvB2_15u64_to_f64_bitsEB8_
0000000000000078 D _RINvNtNtNtCs7owkmyyjPrX_17compiler_builtins5float4conv12int_to_float6signedxfNvB2_15u64_to_f32_bitsEB8_
0000000000000090 D _RNvNtNtNtCs7owkmyyjPrX_17compiler_builtins5float4conv12int_to_float15u32_to_f32_bits
00000000000000a8 D _RNvNtNtNtCs7owkmyyjPrX_17compiler_builtins5float4conv12int_to_float15u64_to_f32_bits
00000000000000c0 D _RNvNtNtNtCs7owkmyyjPrX_17compiler_builtins5float4conv12int_to_float15u64_to_f64_bits
00000000000000d8 D _RNvNtNtNtCs7owkmyyjPrX_17compiler_builtins5float4conv12int_to_float16u128_to_f32_bits
00000000000000f0 D _RNvNtNtNtCs7owkmyyjPrX_17compiler_builtins5float4conv12int_to_float16u128_to_f64_bits

compiler_builtins-4842803ff0d9c27d.compiler_builtins.5623d9d8737c5a5b-cgu.017.rcgu.o:
0000000000000000 D _RNvXNtNtNtNtCs7owkmyyjPrX_17compiler_builtins4math9libm_math7support10int_traitsdINtB2_8CastFromaE9cast_fromBa_
0000000000000018 D _RNvXNtNtNtNtCs7owkmyyjPrX_17compiler_builtins4math9libm_math7support10int_traitsdINtB2_8CastFromxE15cast_from_lossyBa_
0000000000000030 D _RNvXNtNtNtNtCs7owkmyyjPrX_17compiler_builtins4math9libm_math7support10int_traitshINtB2_8CastFrommE15cast_from_lossyBa_
0000000000000048 D _RNvXNtNtNtNtCs7owkmyyjPrX_17compiler_builtins4math9libm_math7support10int_traitshINtB2_8CastFromyE15cast_from_lossyBa_
0000000000000060 D _RNvXNtNtNtNtCs7owkmyyjPrX_17compiler_builtins4math9libm_math7support10int_traitsjINtB2_8CastFrommE9cast_fromBa_
0000000000000078 D _RNvXNtNtNtNtCs7owkmyyjPrX_17compiler_builtins4math9libm_math7support10int_traitsjINtB2_8CastFromyE9cast_fromBa_
0000000000000090 D _RNvXNtNtNtNtCs7owkmyyjPrX_17compiler_builtins4math9libm_math7support10int_traitsmINtB2_8CastFromlE15cast_from_lossyBa_
00000000000000a8 D _RNvXNtNtNtNtCs7owkmyyjPrX_17compiler_builtins4math9libm_math7support10int_traitsmINtB2_8CastFrommE9cast_fromBa_
00000000000000c0 D _RNvXNtNtNtNtCs7owkmyyjPrX_17compiler_builtins4math9libm_math7support10int_traitsmINtB2_8CastFromnE15cast_from_lossyBa_
00000000000000d8 D _RNvXNtNtNtNtCs7owkmyyjPrX_17compiler_builtins4math9libm_math7support10int_traitsmINtB2_8CastFromtE9cast_fromBa_
00000000000000f0 D _RNvXNtNtNtNtCs7owkmyyjPrX_17compiler_builtins4math9libm_math7support10int_traitsmINtB2_8CastFromxE15cast_from_lossyBa_
00000000000000f0 D _RNvXNtNtNtNtCs7owkmyyjPrX_17compiler_builtins4math9libm_math7support10int_traitsmINtB2_8CastFromyE15cast_from_lossyBa_
0000000000000108 D _RNvXNtNtNtNtCs7owkmyyjPrX_17compiler_builtins4math9libm_math7support10int_traitsmINtB2_8CastFromyE9cast_fromBa_
0000000000000120 D _RNvXNtNtNtNtCs7owkmyyjPrX_17compiler_builtins4math9libm_math7support10int_traitstINtB2_8CastFrommE15cast_from_lossyBa_
0000000000000138 D _RNvXNtNtNtNtCs7owkmyyjPrX_17compiler_builtins4math9libm_math7support10int_traitstINtB2_8CastFrommE9cast_fromBa_
0000000000000150 D _RNvXNtNtNtNtCs7owkmyyjPrX_17compiler_builtins4math9libm_math7support10int_traitstINtB2_8CastFromtE9cast_fromBa_
0000000000000168 D _RNvXNtNtNtNtCs7owkmyyjPrX_17compiler_builtins4math9libm_math7support10int_traitstINtB2_8CastFromyE15cast_from_lossyBa_
0000000000000180 D _RNvXNtNtNtNtCs7owkmyyjPrX_17compiler_builtins4math9libm_math7support10int_traitsyINtB2_8CastFromlE15cast_from_lossyBa_
0000000000000060 D _RNvXNtNtNtNtCs7owkmyyjPrX_17compiler_builtins4math9libm_math7support10int_traitsyINtB2_8CastFrommE9cast_fromBa_
0000000000000198 D _RNvXNtNtNtNtCs7owkmyyjPrX_17compiler_builtins4math9libm_math7support10int_traitsyINtB2_8CastFromnE15cast_from_lossyBa_
00000000000001b0 D _RNvXNtNtNtNtCs7owkmyyjPrX_17compiler_builtins4math9libm_math7support10int_traitsyINtB2_8CastFromxE15cast_from_lossyBa_
00000000000001c8 D _RNvXs0_NtNtNtNtCs7owkmyyjPrX_17compiler_builtins4math9libm_math7support10int_traitsjNtB5_3Int12unsigned_abs
00000000000001c8 D _RNvXs0_NtNtNtNtCs7owkmyyjPrX_17compiler_builtins4math9libm_math7support10int_traitsjNtB5_3Int3abs
00000000000001e0 D _RNvXs0_NtNtNtNtCs7owkmyyjPrX_17compiler_builtins4math9libm_math7support10int_traitsjNtB5_3Int5ilog2
00000000000001f8 D _RNvXs2_NtNtNtNtCs7owkmyyjPrX_17compiler_builtins4math9libm_math7support10int_traitsiNtB5_3Int5ilog2
0000000000000210 D _RNvXs4_NtNtNtNtCs7owkmyyjPrX_17compiler_builtins4math9libm_math7support10int_traitshNtB5_3Int12unsigned_abs
0000000000000210 D _RNvXs4_NtNtNtNtCs7owkmyyjPrX_17compiler_builtins4math9libm_math7support10int_traitshNtB5_3Int3abs
0000000000000228 D _RNvXs4_NtNtNtNtCs7owkmyyjPrX_17compiler_builtins4math9libm_math7support10int_traitshNtB5_3Int5ilog2
0000000000000240 D _RNvXs6_NtNtNtNtCs7owkmyyjPrX_17compiler_builtins4math9libm_math7support10int_traitsaNtB5_3Int5ilog2
0000000000000258 D _RNvXs8_NtNtNtNtCs7owkmyyjPrX_17compiler_builtins4math9libm_math7support10int_traitstNtB5_3Int12unsigned_abs
0000000000000258 D _RNvXs8_NtNtNtNtCs7owkmyyjPrX_17compiler_builtins4math9libm_math7support10int_traitstNtB5_3Int3abs
0000000000000270 D _RNvXs8_NtNtNtNtCs7owkmyyjPrX_17compiler_builtins4math9libm_math7support10int_traitstNtB5_3Int5ilog2
0000000000000288 D _RNvXsa_NtNtNtNtCs7owkmyyjPrX_17compiler_builtins4math9libm_math7support10int_traitssNtB5_3Int5ilog2
00000000000002a0 D _RNvXsc_NtNtNtNtCs7owkmyyjPrX_17compiler_builtins4math9libm_math7support10int_traitsmNtB5_3Int12unsigned_abs
00000000000002a0 D _RNvXsc_NtNtNtNtCs7owkmyyjPrX_17compiler_builtins4math9libm_math7support10int_traitsmNtB5_3Int3abs
00000000000002b8 D _RNvXsc_NtNtNtNtCs7owkmyyjPrX_17compiler_builtins4math9libm_math7support10int_traitsmNtB5_3Int5ilog2
00000000000002d0 D _RNvXse_NtNtNtNtCs7owkmyyjPrX_17compiler_builtins4math9libm_math7support10int_traitslNtB5_3Int5ilog2
00000000000001c8 D _RNvXsg_NtNtNtNtCs7owkmyyjPrX_17compiler_builtins4math9libm_math7support10int_traitsyNtB5_3Int12unsigned_abs
00000000000001c8 D _RNvXsg_NtNtNtNtCs7owkmyyjPrX_17compiler_builtins4math9libm_math7support10int_traitsyNtB5_3Int3abs
00000000000001e0 D _RNvXsg_NtNtNtNtCs7owkmyyjPrX_17compiler_builtins4math9libm_math7support10int_traitsyNtB5_3Int5ilog2
00000000000001f8 D _RNvXsi_NtNtNtNtCs7owkmyyjPrX_17compiler_builtins4math9libm_math7support10int_traitsxNtB5_3Int5ilog2
00000000000002e8 D _RNvXsk_NtNtNtNtCs7owkmyyjPrX_17compiler_builtins4math9libm_math7support10int_traitsoNtB5_3Int12unsigned_abs
00000000000002e8 D _RNvXsk_NtNtNtNtCs7owkmyyjPrX_17compiler_builtins4math9libm_math7support10int_traitsoNtB5_3Int3abs
0000000000000300 D _RNvXsk_NtNtNtNtCs7owkmyyjPrX_17compiler_builtins4math9libm_math7support10int_traitsoNtB5_3Int5ilog2
0000000000000318 D _RNvXsm_NtNtNtNtCs7owkmyyjPrX_17compiler_builtins4math9libm_math7support10int_traitsnNtB5_3Int5ilog2
0000000000000330 D _RNvYlNtNtNtNtNtCs7owkmyyjPrX_17compiler_builtins4math9libm_math7support10int_traits4DInt10from_lo_hiBd_
0000000000000348 D _RNvYmNtNtNtNtNtCs7owkmyyjPrX_17compiler_builtins4math9libm_math7support10int_traits4DInt10from_lo_hiBd_
0000000000000360 D _RNvYmNtNtNtNtNtCs7owkmyyjPrX_17compiler_builtins4math9libm_math7support10int_traits4DInt5lo_hiBd_
0000000000000378 D _RNvYnNtNtNtNtNtCs7owkmyyjPrX_17compiler_builtins4math9libm_math7support10int_traits4DInt10from_lo_hiBd_
0000000000000390 D _RNvYoNtNtNtNtNtCs7owkmyyjPrX_17compiler_builtins4math9libm_math7support10int_traits4DInt10from_lo_hiBd_
00000000000003a8 D _RNvYoNtNtNtNtNtCs7owkmyyjPrX_17compiler_builtins4math9libm_math7support10int_traits4DInt5lo_hiBd_
00000000000003c0 D _RNvYxNtNtNtNtNtCs7owkmyyjPrX_17compiler_builtins4math9libm_math7support10int_traits4DInt10from_lo_hiBd_
00000000000003d8 D _RNvYyNtNtNtNtNtCs7owkmyyjPrX_17compiler_builtins4math9libm_math7support10int_traits4DInt10from_lo_hiBd_
00000000000003f0 D _RNvYyNtNtNtNtNtCs7owkmyyjPrX_17compiler_builtins4math9libm_math7support10int_traits4DInt5lo_hiBd_

compiler_builtins-4842803ff0d9c27d.compiler_builtins.5623d9d8737c5a5b-cgu.018.rcgu.o:
0000000000000000 D _RNvNtNtCs7owkmyyjPrX_17compiler_builtins3int19specialized_div_rem12u128_div_rem

compiler_builtins-4842803ff0d9c27d.compiler_builtins.5623d9d8737c5a5b-cgu.019.rcgu.o:
0000000000000000 V DW.ref.rust_eh_personality
0000000000000000 D _RNvNtNtCs7owkmyyjPrX_17compiler_builtins3int4udiv12___udivmoddi4
0000000000000018 D _RNvNtNtCs7owkmyyjPrX_17compiler_builtins3int4udiv12___udivmodsi4
0000000000000030 D _RNvNtNtCs7owkmyyjPrX_17compiler_builtins3int4udiv12___udivmodti4
0000000000000048 D _RNvNtNtCs7owkmyyjPrX_17compiler_builtins3int4udiv9___udivdi3
0000000000000060 D _RNvNtNtCs7owkmyyjPrX_17compiler_builtins3int4udiv9___udivsi3
0000000000000078 D _RNvNtNtCs7owkmyyjPrX_17compiler_builtins3int4udiv9___udivti3
0000000000000090 D _RNvNtNtCs7owkmyyjPrX_17compiler_builtins3int4udiv9___umoddi3
00000000000000a8 D _RNvNtNtCs7owkmyyjPrX_17compiler_builtins3int4udiv9___umodsi3
00000000000000c0 D _RNvNtNtCs7owkmyyjPrX_17compiler_builtins3int4udiv9___umodti3

compiler_builtins-4842803ff0d9c27d.compiler_builtins.5623d9d8737c5a5b-cgu.020.rcgu.o:
0000000000000000 V DW.ref.rust_eh_personality
0000000000000000 D _RNvNtNtCs7owkmyyjPrX_17compiler_builtins3int4sdiv11___divmoddi4
0000000000000018 D _RNvNtNtCs7owkmyyjPrX_17compiler_builtins3int4sdiv11___divmodsi4
0000000000000030 D _RNvNtNtCs7owkmyyjPrX_17compiler_builtins3int4sdiv11___divmodti4
0000000000000048 D _RNvNtNtCs7owkmyyjPrX_17compiler_builtins3int4sdiv8___divdi3
0000000000000060 D _RNvNtNtCs7owkmyyjPrX_17compiler_builtins3int4sdiv8___divsi3
0000000000000078 D _RNvNtNtCs7owkmyyjPrX_17compiler_builtins3int4sdiv8___divti3
0000000000000090 D _RNvNtNtCs7owkmyyjPrX_17compiler_builtins3int4sdiv8___moddi3
00000000000000a8 D _RNvNtNtCs7owkmyyjPrX_17compiler_builtins3int4sdiv8___modsi3
00000000000000c0 D _RNvNtNtCs7owkmyyjPrX_17compiler_builtins3int4sdiv8___modti3

compiler_builtins-4842803ff0d9c27d.compiler_builtins.5623d9d8737c5a5b-cgu.021.rcgu.o:
0000000000000000 D _RNvYC3f16NtNtNtNtNtCs7owkmyyjPrX_17compiler_builtins4math9libm_math7support12float_traits5Float10from_partsBh_
0000000000000018 D _RNvYC3f16NtNtNtNtNtCs7owkmyyjPrX_17compiler_builtins4math9libm_math7support12float_traits5Float12canonicalizeBh_
0000000000000030 D _RNvYC3f16NtNtNtNtNtCs7owkmyyjPrX_17compiler_builtins4math9libm_math7support12float_traits5Float12exp_unbiasedBh_
0000000000000048 D _RNvYC3f16NtNtNtNtNtCs7owkmyyjPrX_17compiler_builtins4math9libm_math7support12float_traits5Float14to_bits_signedBh_
0000000000000060 D _RNvYC3f16NtNtNtNtNtCs7owkmyyjPrX_17compiler_builtins4math9libm_math7support12float_traits5Float16is_sign_positiveBh_
0000000000000078 D _RNvYC3f16NtNtNtNtNtCs7owkmyyjPrX_17compiler_builtins4math9libm_math7support12float_traits5Float2exBh_
0000000000000090 D _RNvYC3f16NtNtNtNtNtCs7owkmyyjPrX_17compiler_builtins4math9libm_math7support12float_traits5Float5biteqBh_
00000000000000a8 D _RNvYdNtNtNtNtNtCs7owkmyyjPrX_17compiler_builtins4math9libm_math7support12float_traits5Float10from_partsBd_
00000000000000c0 D _RNvYdNtNtNtNtNtCs7owkmyyjPrX_17compiler_builtins4math9libm_math7support12float_traits5Float12canonicalizeBd_
00000000000000d8 D _RNvYdNtNtNtNtNtCs7owkmyyjPrX_17compiler_builtins4math9libm_math7support12float_traits5Float12exp_unbiasedBd_
00000000000000f0 D _RNvYdNtNtNtNtNtCs7owkmyyjPrX_17compiler_builtins4math9libm_math7support12float_traits5Float14to_bits_signedBd_
0000000000000108 D _RNvYdNtNtNtNtNtCs7owkmyyjPrX_17compiler_builtins4math9libm_math7support12float_traits5Float16is_sign_positiveBd_
0000000000000120 D _RNvYdNtNtNtNtNtCs7owkmyyjPrX_17compiler_builtins4math9libm_math7support12float_traits5Float2exBd_
0000000000000138 D _RNvYdNtNtNtNtNtCs7owkmyyjPrX_17compiler_builtins4math9libm_math7support12float_traits5Float5biteqBd_
0000000000000150 D _RNvYfNtNtNtNtNtCs7owkmyyjPrX_17compiler_builtins4math9libm_math7support12float_traits5Float10from_partsBd_
0000000000000168 D _RNvYfNtNtNtNtNtCs7owkmyyjPrX_17compiler_builtins4math9libm_math7support12float_traits5Float12canonicalizeBd_
0000000000000180 D _RNvYfNtNtNtNtNtCs7owkmyyjPrX_17compiler_builtins4math9libm_math7support12float_traits5Float12exp_unbiasedBd_
0000000000000198 D _RNvYfNtNtNtNtNtCs7owkmyyjPrX_17compiler_builtins4math9libm_math7support12float_traits5Float14to_bits_signedBd_
00000000000001b0 D _RNvYfNtNtNtNtNtCs7owkmyyjPrX_17compiler_builtins4math9libm_math7support12float_traits5Float16is_sign_positiveBd_
00000000000001c8 D _RNvYfNtNtNtNtNtCs7owkmyyjPrX_17compiler_builtins4math9libm_math7support12float_traits5Float2exBd_
00000000000001e0 D _RNvYfNtNtNtNtNtCs7owkmyyjPrX_17compiler_builtins4math9libm_math7support12float_traits5Float5biteqBd_
0000000000000000 R anon.f20e1efec8f9714aa373673c50c987a1.0.llvm.2579937566389021935
0000000000000000 D anon.f20e1efec8f9714aa373673c50c987a1.1.llvm.2579937566389021935

compiler_builtins-4842803ff0d9c27d.compiler_builtins.5623d9d8737c5a5b-cgu.022.rcgu.o:
0000000000000000 D _RNvNtNtNtCs7owkmyyjPrX_17compiler_builtins4math9libm_math4fmod4fmod
0000000000000018 D _RNvNtNtNtCs7owkmyyjPrX_17compiler_builtins4math9libm_math4fmod5fmodf
0000000000000000 R anon.451b545551cc0d518bfcc379626324ae.0.llvm.15281934602095874629
0000000000000000 D anon.451b545551cc0d518bfcc379626324ae.1.llvm.15281934602095874629

compiler_builtins-4842803ff0d9c27d.compiler_builtins.5623d9d8737c5a5b-cgu.023.rcgu.o:
0000000000000000 D _RNvNtNtNtCs7owkmyyjPrX_17compiler_builtins4math9libm_math4ceil4ceil
0000000000000018 D _RNvNtNtNtCs7owkmyyjPrX_17compiler_builtins4math9libm_math4ceil5ceilf

compiler_builtins-4842803ff0d9c27d.compiler_builtins.5623d9d8737c5a5b-cgu.024.rcgu.o:
0000000000000000 D _RINvNtNtNtNtNtCs7owkmyyjPrX_17compiler_builtins4math9libm_math7support10int_traits13narrowing_div23div_three_digits_by_twoyEBc_
0000000000000018 D _RNvYoNtNtNtNtNtNtCs7owkmyyjPrX_17compiler_builtins4math9libm_math7support10int_traits13narrowing_div12NarrowingDiv25checked_narrowing_div_remBf_
0000000000000030 D _RNvYyNtNtNtNtNtNtCs7owkmyyjPrX_17compiler_builtins4math9libm_math7support10int_traits13narrowing_div12NarrowingDiv25checked_narrowing_div_remBf_

compiler_builtins-4842803ff0d9c27d.compiler_builtins.5623d9d8737c5a5b-cgu.025.rcgu.o:
0000000000000000 D _RINvNtNtNtCs7owkmyyjPrX_17compiler_builtins3int13leading_zeros14implementation21leading_zeros_defaultmEB8_
0000000000000018 D _RINvNtNtNtCs7owkmyyjPrX_17compiler_builtins3int13leading_zeros14implementation21leading_zeros_defaultyEB8_
0000000000000000 R anon.34580e23d820f5bba6db9c1bdadd138b.0.llvm.18154607827368016365
0000000000000000 D anon.34580e23d820f5bba6db9c1bdadd138b.1.llvm.18154607827368016365

compiler_builtins-4842803ff0d9c27d.compiler_builtins.5623d9d8737c5a5b-cgu.026.rcgu.o:
0000000000000000 D _RNvNtNtCs7owkmyyjPrX_17compiler_builtins3int6addsub15___rust_i128_add
0000000000000018 D _RNvNtNtCs7owkmyyjPrX_17compiler_builtins3int6addsub15___rust_i128_sub
0000000000000000 D _RNvNtNtCs7owkmyyjPrX_17compiler_builtins3int6addsub15___rust_u128_add
0000000000000018 D _RNvNtNtCs7owkmyyjPrX_17compiler_builtins3int6addsub15___rust_u128_sub
0000000000000030 D _RNvNtNtCs7owkmyyjPrX_17compiler_builtins3int6addsub16___rust_i128_addo
0000000000000048 D _RNvNtNtCs7owkmyyjPrX_17compiler_builtins3int6addsub16___rust_i128_subo
0000000000000060 D _RNvNtNtCs7owkmyyjPrX_17compiler_builtins3int6addsub16___rust_u128_addo
0000000000000078 D _RNvNtNtCs7owkmyyjPrX_17compiler_builtins3int6addsub16___rust_u128_subo

compiler_builtins-4842803ff0d9c27d.compiler_builtins.5623d9d8737c5a5b-cgu.027.rcgu.o:
0000000000000000 D _RNvNtNtNtCs7owkmyyjPrX_17compiler_builtins4math9libm_math5floor5floor
0000000000000018 D _RNvNtNtNtCs7owkmyyjPrX_17compiler_builtins4math9libm_math5floor6floorf

compiler_builtins-4842803ff0d9c27d.compiler_builtins.5623d9d8737c5a5b-cgu.028.rcgu.o:
0000000000000000 D _RNvNtNtNtCs7owkmyyjPrX_17compiler_builtins4math9libm_math5round5round
0000000000000018 D _RNvNtNtNtCs7owkmyyjPrX_17compiler_builtins4math9libm_math5round6roundf

compiler_builtins-4842803ff0d9c27d.compiler_builtins.5623d9d8737c5a5b-cgu.029.rcgu.o:
0000000000000000 D _RNvNtNtNtCs7owkmyyjPrX_17compiler_builtins4math9libm_math17fminimum_fmaximum8fmaximum
0000000000000018 D _RNvNtNtNtCs7owkmyyjPrX_17compiler_builtins4math9libm_math17fminimum_fmaximum8fminimum
0000000000000030 D _RNvNtNtNtCs7owkmyyjPrX_17compiler_builtins4math9libm_math17fminimum_fmaximum9fmaximumf
0000000000000048 D _RNvNtNtNtCs7owkmyyjPrX_17compiler_builtins4math9libm_math17fminimum_fmaximum9fminimumf

compiler_builtins-4842803ff0d9c27d.compiler_builtins.5623d9d8737c5a5b-cgu.030.rcgu.o:
0000000000000000 D _RNvNtNtNtCs7owkmyyjPrX_17compiler_builtins4math9libm_math21fminimum_fmaximum_num12fmaximum_num
0000000000000018 D _RNvNtNtNtCs7owkmyyjPrX_17compiler_builtins4math9libm_math21fminimum_fmaximum_num12fminimum_num
0000000000000030 D _RNvNtNtNtCs7owkmyyjPrX_17compiler_builtins4math9libm_math21fminimum_fmaximum_num13fmaximum_numf
0000000000000048 D _RNvNtNtNtCs7owkmyyjPrX_17compiler_builtins4math9libm_math21fminimum_fmaximum_num13fminimum_numf

compiler_builtins-4842803ff0d9c27d.compiler_builtins.5623d9d8737c5a5b-cgu.031.rcgu.o:
0000000000000000 D _RINvNtNtNtCs7owkmyyjPrX_17compiler_builtins3int14trailing_zeros14implementation14trailing_zerosmEB8_
0000000000000018 D _RINvNtNtNtCs7owkmyyjPrX_17compiler_builtins3int14trailing_zeros14implementation14trailing_zerosyEB8_

compiler_builtins-4842803ff0d9c27d.compiler_builtins.5623d9d8737c5a5b-cgu.032.rcgu.o:
0000000000000000 V DW.ref.rust_eh_personality
0000000000000000 D _RNvNtNtCs7owkmyyjPrX_17compiler_builtins4math17full_availability10roundevenf
0000000000000018 D _RNvNtNtCs7owkmyyjPrX_17compiler_builtins4math17full_availability12fmaximum_num
0000000000000030 D _RNvNtNtCs7owkmyyjPrX_17compiler_builtins4math17full_availability12fminimum_num
0000000000000048 D _RNvNtNtCs7owkmyyjPrX_17compiler_builtins4math17full_availability13fmaximum_numf
0000000000000060 D _RNvNtNtCs7owkmyyjPrX_17compiler_builtins4math17full_availability13fminimum_numf
0000000000000078 D _RNvNtNtCs7owkmyyjPrX_17compiler_builtins4math17full_availability3fma
0000000000000090 D _RNvNtNtCs7owkmyyjPrX_17compiler_builtins4math17full_availability4cbrt
00000000000000a8 D _RNvNtNtCs7owkmyyjPrX_17compiler_builtins4math17full_availability4ceil
00000000000000c0 D _RNvNtNtCs7owkmyyjPrX_17compiler_builtins4math17full_availability4fmaf
00000000000000d8 D _RNvNtNtCs7owkmyyjPrX_17compiler_builtins4math17full_availability4fmax
00000000000000f0 D _RNvNtNtCs7owkmyyjPrX_17compiler_builtins4math17full_availability4fmin
0000000000000108 D _RNvNtNtCs7owkmyyjPrX_17compiler_builtins4math17full_availability4fmod
0000000000000120 D _RNvNtNtCs7owkmyyjPrX_17compiler_builtins4math17full_availability4rint
0000000000000138 D _RNvNtNtCs7owkmyyjPrX_17compiler_builtins4math17full_availability4sqrt
0000000000000150 D _RNvNtNtCs7owkmyyjPrX_17compiler_builtins4math17full_availability5cbrtf
0000000000000168 D _RNvNtNtCs7owkmyyjPrX_17compiler_builtins4math17full_availability5ceilf
0000000000000180 D _RNvNtNtCs7owkmyyjPrX_17compiler_builtins4math17full_availability5floor
0000000000000198 D _RNvNtNtCs7owkmyyjPrX_17compiler_builtins4math17full_availability5fmaxf
00000000000001b0 D _RNvNtNtCs7owkmyyjPrX_17compiler_builtins4math17full_availability5fminf
00000000000001c8 D _RNvNtNtCs7owkmyyjPrX_17compiler_builtins4math17full_availability5fmodf
0000000000000000 D _RNvNtNtCs7owkmyyjPrX_17compiler_builtins4math17full_availability5rintf
00000000000001e0 D _RNvNtNtCs7owkmyyjPrX_17compiler_builtins4math17full_availability5round
00000000000001f8 D _RNvNtNtCs7owkmyyjPrX_17compiler_builtins4math17full_availability5sqrtf
0000000000000210 D _RNvNtNtCs7owkmyyjPrX_17compiler_builtins4math17full_availability5trunc
0000000000000228 D _RNvNtNtCs7owkmyyjPrX_17compiler_builtins4math17full_availability6floorf
0000000000000240 D _RNvNtNtCs7owkmyyjPrX_17compiler_builtins4math17full_availability6roundf
0000000000000258 D _RNvNtNtCs7owkmyyjPrX_17compiler_builtins4math17full_availability6truncf
0000000000000270 D _RNvNtNtCs7owkmyyjPrX_17compiler_builtins4math17full_availability8copysign
0000000000000288 D _RNvNtNtCs7owkmyyjPrX_17compiler_builtins4math17full_availability8fmaximum
00000000000002a0 D _RNvNtNtCs7owkmyyjPrX_17compiler_builtins4math17full_availability8fminimum
00000000000002b8 D _RNvNtNtCs7owkmyyjPrX_17compiler_builtins4math17full_availability9copysignf
00000000000002d0 D _RNvNtNtCs7owkmyyjPrX_17compiler_builtins4math17full_availability9fmaximumf
00000000000002e8 D _RNvNtNtCs7owkmyyjPrX_17compiler_builtins4math17full_availability9fminimumf
0000000000000120 D _RNvNtNtCs7owkmyyjPrX_17compiler_builtins4math17full_availability9roundeven

compiler_builtins-4842803ff0d9c27d.compiler_builtins.5623d9d8737c5a5b-cgu.033.rcgu.o:
0000000000000000 D _RNvNtNtNtCs7owkmyyjPrX_17compiler_builtins4math9libm_math4rint4rint
0000000000000018 D _RNvNtNtNtCs7owkmyyjPrX_17compiler_builtins4math9libm_math4rint5rintf

compiler_builtins-4842803ff0d9c27d.compiler_builtins.5623d9d8737c5a5b-cgu.034.rcgu.o:
0000000000000000 W fmodf16

compiler_builtins-4842803ff0d9c27d.compiler_builtins.5623d9d8737c5a5b-cgu.035.rcgu.o:
0000000000000000 W ceilf16

compiler_builtins-4842803ff0d9c27d.compiler_builtins.5623d9d8737c5a5b-cgu.036.rcgu.o:
0000000000000000 D _RNvNtNtNtCs7owkmyyjPrX_17compiler_builtins4math9libm_math5trunc5trunc
0000000000000018 D _RNvNtNtNtCs7owkmyyjPrX_17compiler_builtins4math9libm_math5trunc6truncf

compiler_builtins-4842803ff0d9c27d.compiler_builtins.5623d9d8737c5a5b-cgu.037.rcgu.o:
0000000000000000 D _RNvXs2_NtNtNtNtCs7owkmyyjPrX_17compiler_builtins4math9libm_math7support3bigoNtNtB7_10int_traits4HInt9widen_mul
0000000000000018 D _RNvXs2_NtNtNtNtNtCs7owkmyyjPrX_17compiler_builtins4math9libm_math7support10int_traits13narrowing_divNtNtB9_3big4u256NtB5_12NarrowingDiv27unchecked_narrowing_div_rem
0000000000000000 D _RNvXs3_NtNtNtNtCs7owkmyyjPrX_17compiler_builtins4math9libm_math7support3bignNtNtB7_10int_traits4HInt14zero_widen_mul
0000000000000030 D _RNvXs3_NtNtNtNtCs7owkmyyjPrX_17compiler_builtins4math9libm_math7support3bignNtNtB7_10int_traits4HInt9widen_mul
0000000000000048 D _RNvXs6_NtNtNtNtCs7owkmyyjPrX_17compiler_builtins4math9libm_math7support3bigNtB5_4u256NtNtCsaT5NJt9T4P0_4core3fmt5Debug3fmt
0000000000000048 D _RNvXs7_NtNtNtNtCs7owkmyyjPrX_17compiler_builtins4math9libm_math7support3bigNtB5_4i256NtNtCsaT5NJt9T4P0_4core3fmt5Debug3fmt
0000000000000048 D _RNvXs8_NtNtNtNtCs7owkmyyjPrX_17compiler_builtins4math9libm_math7support3bigNtB5_4u256NtNtCsaT5NJt9T4P0_4core3fmt8LowerHex3fmt
0000000000000048 D _RNvXs9_NtNtNtNtCs7owkmyyjPrX_17compiler_builtins4math9libm_math7support3bigNtB5_4i256NtNtCsaT5NJt9T4P0_4core3fmt8LowerHex3fmt

compiler_builtins-4842803ff0d9c27d.compiler_builtins.5623d9d8737c5a5b-cgu.038.rcgu.o:
0000000000000000 W floorf16

compiler_builtins-4842803ff0d9c27d.compiler_builtins.5623d9d8737c5a5b-cgu.039.rcgu.o:
0000000000000000 W roundf16

compiler_builtins-4842803ff0d9c27d.compiler_builtins.5623d9d8737c5a5b-cgu.040.rcgu.o:
0000000000000000 D _RNvNtNtNtCs7owkmyyjPrX_17compiler_builtins4math9libm_math9fmin_fmax4fmax
0000000000000018 D _RNvNtNtNtCs7owkmyyjPrX_17compiler_builtins4math9libm_math9fmin_fmax4fmin
0000000000000030 D _RNvNtNtNtCs7owkmyyjPrX_17compiler_builtins4math9libm_math9fmin_fmax5fmaxf
0000000000000048 D _RNvNtNtNtCs7owkmyyjPrX_17compiler_builtins4math9libm_math9fmin_fmax5fminf

compiler_builtins-4842803ff0d9c27d.compiler_builtins.5623d9d8737c5a5b-cgu.041.rcgu.o:
0000000000000000 D _RNvNtNtCs7owkmyyjPrX_17compiler_builtins5float3pow9___powidf2
0000000000000018 D _RNvNtNtCs7owkmyyjPrX_17compiler_builtins5float3pow9___powisf2

compiler_builtins-4842803ff0d9c27d.compiler_builtins.5623d9d8737c5a5b-cgu.042.rcgu.o:
0000000000000000 W roundevenf16

compiler_builtins-4842803ff0d9c27d.compiler_builtins.5623d9d8737c5a5b-cgu.043.rcgu.o:
0000000000000000 W rintf16

compiler_builtins-4842803ff0d9c27d.compiler_builtins.5623d9d8737c5a5b-cgu.044.rcgu.o:
0000000000000000 D _RNvMNtNtNtNtCs7owkmyyjPrX_17compiler_builtins4math9libm_math7generic3fmaINtB2_4NormdE10from_floatBa_

compiler_builtins-4842803ff0d9c27d.compiler_builtins.5623d9d8737c5a5b-cgu.045.rcgu.o:
0000000000000000 W truncf16

compiler_builtins-4842803ff0d9c27d.compiler_builtins.5623d9d8737c5a5b-cgu.046.rcgu.o:
0000000000000000 D _RNvNtNtNtCs7owkmyyjPrX_17compiler_builtins4math9libm_math8copysign8copysign
0000000000000018 D _RNvNtNtNtCs7owkmyyjPrX_17compiler_builtins4math9libm_math8copysign9copysignf

compiler_builtins-4842803ff0d9c27d.compiler_builtins.5623d9d8737c5a5b-cgu.047.rcgu.o:
0000000000000000 W fmaximum_numf16

compiler_builtins-4842803ff0d9c27d.compiler_builtins.5623d9d8737c5a5b-cgu.048.rcgu.o:
0000000000000000 W fminimum_numf16

compiler_builtins-4842803ff0d9c27d.compiler_builtins.5623d9d8737c5a5b-cgu.049.rcgu.o:
0000000000000000 W fmaximumf16

compiler_builtins-4842803ff0d9c27d.compiler_builtins.5623d9d8737c5a5b-cgu.050.rcgu.o:
0000000000000000 W fminimumf16

compiler_builtins-4842803ff0d9c27d.compiler_builtins.5623d9d8737c5a5b-cgu.051.rcgu.o:
0000000000000000 W copysignf16

compiler_builtins-4842803ff0d9c27d.compiler_builtins.5623d9d8737c5a5b-cgu.052.rcgu.o:
0000000000000000 W fminf16

compiler_builtins-4842803ff0d9c27d.compiler_builtins.5623d9d8737c5a5b-cgu.053.rcgu.o:
0000000000000000 W fmaxf16

compiler_builtins-4842803ff0d9c27d.compiler_builtins.5623d9d8737c5a5b-cgu.054.rcgu.o:
0000000000000000 W __floatunsidf

compiler_builtins-4842803ff0d9c27d.compiler_builtins.5623d9d8737c5a5b-cgu.055.rcgu.o:
0000000000000000 D _RNvNtNtCs7owkmyyjPrX_17compiler_builtins3int13leading_zeros8___clzdi2
0000000000000018 D _RNvNtNtCs7owkmyyjPrX_17compiler_builtins3int13leading_zeros8___clzsi2
0000000000000030 D _RNvNtNtCs7owkmyyjPrX_17compiler_builtins3int13leading_zeros8___clzti2

compiler_builtins-4842803ff0d9c27d.compiler_builtins.5623d9d8737c5a5b-cgu.056.rcgu.o:
0000000000000000 W __eqhf2

compiler_builtins-4842803ff0d9c27d.compiler_builtins.5623d9d8737c5a5b-cgu.057.rcgu.o:
0000000000000000 W __gthf2

compiler_builtins-4842803ff0d9c27d.compiler_builtins.5623d9d8737c5a5b-cgu.058.rcgu.o:
0000000000000000 W __gehf2

compiler_builtins-4842803ff0d9c27d.compiler_builtins.5623d9d8737c5a5b-cgu.059.rcgu.o:
0000000000000000 W __lthf2

compiler_builtins-4842803ff0d9c27d.compiler_builtins.5623d9d8737c5a5b-cgu.060.rcgu.o:
0000000000000000 D _RNvNtNtCs7owkmyyjPrX_17compiler_builtins3int14trailing_zeros8___ctzdi2
0000000000000018 D _RNvNtNtCs7owkmyyjPrX_17compiler_builtins3int14trailing_zeros8___ctzsi2
0000000000000030 D _RNvNtNtCs7owkmyyjPrX_17compiler_builtins3int14trailing_zeros8___ctzti2

compiler_builtins-4842803ff0d9c27d.compiler_builtins.5623d9d8737c5a5b-cgu.061.rcgu.o:
0000000000000000 W __lehf2

compiler_builtins-4842803ff0d9c27d.compiler_builtins.5623d9d8737c5a5b-cgu.062.rcgu.o:
0000000000000000 W __nehf2

compiler_builtins-4842803ff0d9c27d.compiler_builtins.5623d9d8737c5a5b-cgu.063.rcgu.o:
0000000000000000 D _RNvNtNtCs7owkmyyjPrX_17compiler_builtins5float3sub8___subdf3
0000000000000018 D _RNvNtNtCs7owkmyyjPrX_17compiler_builtins5float3sub8___subsf3

compiler_builtins-4842803ff0d9c27d.compiler_builtins.5623d9d8737c5a5b-cgu.064.rcgu.o:
0000000000000000 W fdimf16

compiler_builtins-4842803ff0d9c27d.compiler_builtins.5623d9d8737c5a5b-cgu.065.rcgu.o:
0000000000000000 W fdim

compiler_builtins-4842803ff0d9c27d.compiler_builtins.5623d9d8737c5a5b-cgu.066.rcgu.o:
0000000000000000 W fdimf

compiler_builtins-4842803ff0d9c27d.compiler_builtins.5623d9d8737c5a5b-cgu.067.rcgu.o:
0000000000000000 V DW.ref.rust_eh_personality
0000000000000000 W __subhf3

compiler_builtins-4842803ff0d9c27d.compiler_builtins.5623d9d8737c5a5b-cgu.068.rcgu.o:
0000000000000000 W fabsf

compiler_builtins-4842803ff0d9c27d.compiler_builtins.5623d9d8737c5a5b-cgu.069.rcgu.o:
0000000000000000 D _RNvNtNtNtCs7owkmyyjPrX_17compiler_builtins4math9libm_math9roundeven10roundevenf
0000000000000018 D _RNvNtNtNtCs7owkmyyjPrX_17compiler_builtins4math9libm_math9roundeven9roundeven

compiler_builtins-4842803ff0d9c27d.compiler_builtins.5623d9d8737c5a5b-cgu.070.rcgu.o:
0000000000000000 W fabs

compiler_builtins-4842803ff0d9c27d.compiler_builtins.5623d9d8737c5a5b-cgu.071.rcgu.o:
0000000000000000 W fabsf16

compiler_builtins-4842803ff0d9c27d.compiler_builtins.5623d9d8737c5a5b-cgu.072.rcgu.o:
0000000000000000 W __unordhf2

compiler_builtins-4842803ff0d9c27d.compiler_builtins.5623d9d8737c5a5b-cgu.073.rcgu.o:
0000000000000000 W __multi3

compiler_builtins-4842803ff0d9c27d.compiler_builtins.5623d9d8737c5a5b-cgu.074.rcgu.o:
0000000000000000 W __rust_i128_mulo

compiler_builtins-4842803ff0d9c27d.compiler_builtins.5623d9d8737c5a5b-cgu.075.rcgu.o:
0000000000000000 W __unordsf2

compiler_builtins-4842803ff0d9c27d.compiler_builtins.5623d9d8737c5a5b-cgu.076.rcgu.o:
0000000000000000 W __floattisf

compiler_builtins-4842803ff0d9c27d.compiler_builtins.5623d9d8737c5a5b-cgu.077.rcgu.o:
0000000000000000 W trunc

compiler_builtins-4842803ff0d9c27d.compiler_builtins.5623d9d8737c5a5b-cgu.078.rcgu.o:
0000000000000000 W floor

compiler_builtins-4842803ff0d9c27d.compiler_builtins.5623d9d8737c5a5b-cgu.079.rcgu.o:
0000000000000000 V DW.ref.rust_eh_personality
0000000000000000 W sqrt

compiler_builtins-4842803ff0d9c27d.compiler_builtins.5623d9d8737c5a5b-cgu.080.rcgu.o:
0000000000000000 W __clzdi2

compiler_builtins-4842803ff0d9c27d.compiler_builtins.5623d9d8737c5a5b-cgu.081.rcgu.o:
0000000000000000 W __mulosi4

compiler_builtins-4842803ff0d9c27d.compiler_builtins.5623d9d8737c5a5b-cgu.082.rcgu.o:
0000000000000000 W __floattidf

compiler_builtins-4842803ff0d9c27d.compiler_builtins.5623d9d8737c5a5b-cgu.083.rcgu.o:
0000000000000000 W __bswapsi2

compiler_builtins-4842803ff0d9c27d.compiler_builtins.5623d9d8737c5a5b-cgu.084.rcgu.o:
0000000000000000 W __floatundisf

compiler_builtins-4842803ff0d9c27d.compiler_builtins.5623d9d8737c5a5b-cgu.085.rcgu.o:
0000000000000000 W __lshrsi3

compiler_builtins-4842803ff0d9c27d.compiler_builtins.5623d9d8737c5a5b-cgu.086.rcgu.o:
0000000000000000 W __floatuntidf

compiler_builtins-4842803ff0d9c27d.compiler_builtins.5623d9d8737c5a5b-cgu.087.rcgu.o:
0000000000000000 W rint

compiler_builtins-4842803ff0d9c27d.compiler_builtins.5623d9d8737c5a5b-cgu.088.rcgu.o:
0000000000000000 W __ashrsi3

compiler_builtins-4842803ff0d9c27d.compiler_builtins.5623d9d8737c5a5b-cgu.089.rcgu.o:
0000000000000000 W __unorddf2

compiler_builtins-4842803ff0d9c27d.compiler_builtins.5623d9d8737c5a5b-cgu.090.rcgu.o:
0000000000000000 W __udivmodsi4

compiler_builtins-4842803ff0d9c27d.compiler_builtins.5623d9d8737c5a5b-cgu.091.rcgu.o:
0000000000000000 W __modsi3

compiler_builtins-4842803ff0d9c27d.compiler_builtins.5623d9d8737c5a5b-cgu.092.rcgu.o:
0000000000000000 W __lshrti3

compiler_builtins-4842803ff0d9c27d.compiler_builtins.5623d9d8737c5a5b-cgu.093.rcgu.o:
0000000000000000 W __lshrdi3

compiler_builtins-4842803ff0d9c27d.compiler_builtins.5623d9d8737c5a5b-cgu.094.rcgu.o:
0000000000000000 W __divmoddi4

compiler_builtins-4842803ff0d9c27d.compiler_builtins.5623d9d8737c5a5b-cgu.095.rcgu.o:
0000000000000000 W __mulodi4

compiler_builtins-4842803ff0d9c27d.compiler_builtins.5623d9d8737c5a5b-cgu.096.rcgu.o:
0000000000000000 W __floatuntisf

compiler_builtins-4842803ff0d9c27d.compiler_builtins.5623d9d8737c5a5b-cgu.097.rcgu.o:
0000000000000000 W __fixunssfdi

compiler_builtins-4842803ff0d9c27d.compiler_builtins.5623d9d8737c5a5b-cgu.098.rcgu.o:
0000000000000000 W copysignf

compiler_builtins-4842803ff0d9c27d.compiler_builtins.5623d9d8737c5a5b-cgu.099.rcgu.o:
0000000000000000 V DW.ref.rust_eh_personality
0000000000000000 W fmodf

compiler_builtins-4842803ff0d9c27d.compiler_builtins.5623d9d8737c5a5b-cgu.100.rcgu.o:
0000000000000000 W fmax

compiler_builtins-4842803ff0d9c27d.compiler_builtins.5623d9d8737c5a5b-cgu.101.rcgu.o:
0000000000000000 W __rust_i128_sub

compiler_builtins-4842803ff0d9c27d.compiler_builtins.5623d9d8737c5a5b-cgu.102.rcgu.o:
0000000000000000 W __ltsf2

compiler_builtins-4842803ff0d9c27d.compiler_builtins.5623d9d8737c5a5b-cgu.103.rcgu.o:
0000000000000000 W __rust_i128_subo

compiler_builtins-4842803ff0d9c27d.compiler_builtins.5623d9d8737c5a5b-cgu.104.rcgu.o:
0000000000000000 V DW.ref.rust_eh_personality
0000000000000000 W fma

compiler_builtins-4842803ff0d9c27d.compiler_builtins.5623d9d8737c5a5b-cgu.105.rcgu.o:
0000000000000000 W __bswapdi2

compiler_builtins-4842803ff0d9c27d.compiler_builtins.5623d9d8737c5a5b-cgu.106.rcgu.o:
0000000000000000 W __floatsisf

compiler_builtins-4842803ff0d9c27d.compiler_builtins.5623d9d8737c5a5b-cgu.107.rcgu.o:
0000000000000000 W __truncdfsf2

compiler_builtins-4842803ff0d9c27d.compiler_builtins.5623d9d8737c5a5b-cgu.108.rcgu.o:
0000000000000000 W __floatsidf

compiler_builtins-4842803ff0d9c27d.compiler_builtins.5623d9d8737c5a5b-cgu.109.rcgu.o:
0000000000000000 W roundevenf

compiler_builtins-4842803ff0d9c27d.compiler_builtins.5623d9d8737c5a5b-cgu.110.rcgu.o:
0000000000000000 V DW.ref.rust_eh_personality
0000000000000000 W fmod

compiler_builtins-4842803ff0d9c27d.compiler_builtins.5623d9d8737c5a5b-cgu.111.rcgu.o:
0000000000000000 W __ashlsi3

compiler_builtins-4842803ff0d9c27d.compiler_builtins.5623d9d8737c5a5b-cgu.112.rcgu.o:
0000000000000000 W __clzsi2

compiler_builtins-4842803ff0d9c27d.compiler_builtins.5623d9d8737c5a5b-cgu.113.rcgu.o:
0000000000000000 V DW.ref.rust_eh_personality
0000000000000000 W __divti3

compiler_builtins-4842803ff0d9c27d.compiler_builtins.5623d9d8737c5a5b-cgu.114.rcgu.o:
0000000000000000 W __gedf2

compiler_builtins-4842803ff0d9c27d.compiler_builtins.5623d9d8737c5a5b-cgu.115.rcgu.o:
0000000000000000 W __eqdf2

compiler_builtins-4842803ff0d9c27d.compiler_builtins.5623d9d8737c5a5b-cgu.116.rcgu.o:
0000000000000000 W __ashlti3

compiler_builtins-4842803ff0d9c27d.compiler_builtins.5623d9d8737c5a5b-cgu.117.rcgu.o:
0000000000000000 W __ctzsi2

compiler_builtins-4842803ff0d9c27d.compiler_builtins.5623d9d8737c5a5b-cgu.118.rcgu.o:
0000000000000000 W __gesf2

compiler_builtins-4842803ff0d9c27d.compiler_builtins.5623d9d8737c5a5b-cgu.119.rcgu.o:
0000000000000000 W fminimum

compiler_builtins-4842803ff0d9c27d.compiler_builtins.5623d9d8737c5a5b-cgu.120.rcgu.o:
0000000000000000 V DW.ref.rust_eh_personality
0000000000000000 W sqrtf

compiler_builtins-4842803ff0d9c27d.compiler_builtins.5623d9d8737c5a5b-cgu.121.rcgu.o:
0000000000000000 W __gtsf2

compiler_builtins-4842803ff0d9c27d.compiler_builtins.5623d9d8737c5a5b-cgu.122.rcgu.o:
0000000000000000 W __fixunssfti

compiler_builtins-4842803ff0d9c27d.compiler_builtins.5623d9d8737c5a5b-cgu.123.rcgu.o:
0000000000000000 W __bswapti2

compiler_builtins-4842803ff0d9c27d.compiler_builtins.5623d9d8737c5a5b-cgu.124.rcgu.o:
0000000000000000 W __moddi3

compiler_builtins-4842803ff0d9c27d.compiler_builtins.5623d9d8737c5a5b-cgu.125.rcgu.o:
0000000000000000 W __fixunsdfti

compiler_builtins-4842803ff0d9c27d.compiler_builtins.5623d9d8737c5a5b-cgu.126.rcgu.o:
0000000000000000 W __ledf2

compiler_builtins-4842803ff0d9c27d.compiler_builtins.5623d9d8737c5a5b-cgu.127.rcgu.o:
0000000000000000 W __addsf3

compiler_builtins-4842803ff0d9c27d.compiler_builtins.5623d9d8737c5a5b-cgu.128.rcgu.o:
0000000000000000 W __umodsi3

compiler_builtins-4842803ff0d9c27d.compiler_builtins.5623d9d8737c5a5b-cgu.129.rcgu.o:
0000000000000000 W __fixunsdfdi

compiler_builtins-4842803ff0d9c27d.compiler_builtins.5623d9d8737c5a5b-cgu.130.rcgu.o:
0000000000000000 W __gnu_h2f_ieee

compiler_builtins-4842803ff0d9c27d.compiler_builtins.5623d9d8737c5a5b-cgu.131.rcgu.o:
0000000000000000 W fmaxf

compiler_builtins-4842803ff0d9c27d.compiler_builtins.5623d9d8737c5a5b-cgu.132.rcgu.o:
0000000000000000 V DW.ref.rust_eh_personality
0000000000000000 W __divmodti4

compiler_builtins-4842803ff0d9c27d.compiler_builtins.5623d9d8737c5a5b-cgu.133.rcgu.o:
0000000000000000 W __umoddi3

compiler_builtins-4842803ff0d9c27d.compiler_builtins.5623d9d8737c5a5b-cgu.134.rcgu.o:
0000000000000000 W __ashldi3

compiler_builtins-4842803ff0d9c27d.compiler_builtins.5623d9d8737c5a5b-cgu.135.rcgu.o:
0000000000000000 W __extendsfdf2

compiler_builtins-4842803ff0d9c27d.compiler_builtins.5623d9d8737c5a5b-cgu.136.rcgu.o:
0000000000000000 V DW.ref.rust_eh_personality
0000000000000000 W __udivti3

compiler_builtins-4842803ff0d9c27d.compiler_builtins.5623d9d8737c5a5b-cgu.137.rcgu.o:
0000000000000000 W __clzti2

compiler_builtins-4842803ff0d9c27d.compiler_builtins.5623d9d8737c5a5b-cgu.138.rcgu.o:
0000000000000000 W __floatdisf

compiler_builtins-4842803ff0d9c27d.compiler_builtins.5623d9d8737c5a5b-cgu.139.rcgu.o:
0000000000000000 W __floatundidf

compiler_builtins-4842803ff0d9c27d.compiler_builtins.5623d9d8737c5a5b-cgu.140.rcgu.o:
0000000000000000 W __rust_u128_mulo

compiler_builtins-4842803ff0d9c27d.compiler_builtins.5623d9d8737c5a5b-cgu.141.rcgu.o:
0000000000000000 W __ltdf2

compiler_builtins-4842803ff0d9c27d.compiler_builtins.5623d9d8737c5a5b-cgu.142.rcgu.o:
0000000000000000 W copysign

compiler_builtins-4842803ff0d9c27d.compiler_builtins.5623d9d8737c5a5b-cgu.143.rcgu.o:
0000000000000000 W __eqsf2

compiler_builtins-4842803ff0d9c27d.compiler_builtins.5623d9d8737c5a5b-cgu.144.rcgu.o:
0000000000000000 W __divsf3

compiler_builtins-4842803ff0d9c27d.compiler_builtins.5623d9d8737c5a5b-cgu.145.rcgu.o:
0000000000000000 W __muldi3

compiler_builtins-4842803ff0d9c27d.compiler_builtins.5623d9d8737c5a5b-cgu.146.rcgu.o:
0000000000000000 W __lesf2

compiler_builtins-4842803ff0d9c27d.compiler_builtins.5623d9d8737c5a5b-cgu.147.rcgu.o:
0000000000000000 W __divmodsi4

compiler_builtins-4842803ff0d9c27d.compiler_builtins.5623d9d8737c5a5b-cgu.148.rcgu.o:
0000000000000000 W fmaximum_num

compiler_builtins-4842803ff0d9c27d.compiler_builtins.5623d9d8737c5a5b-cgu.149.rcgu.o:
0000000000000000 W __fixsfsi

compiler_builtins-4842803ff0d9c27d.compiler_builtins.5623d9d8737c5a5b-cgu.150.rcgu.o:
0000000000000000 W fminimumf

compiler_builtins-4842803ff0d9c27d.compiler_builtins.5623d9d8737c5a5b-cgu.151.rcgu.o:
0000000000000000 W __floatdidf

compiler_builtins-4842803ff0d9c27d.compiler_builtins.5623d9d8737c5a5b-cgu.152.rcgu.o:
0000000000000000 W __udivmoddi4

compiler_builtins-4842803ff0d9c27d.compiler_builtins.5623d9d8737c5a5b-cgu.153.rcgu.o:
0000000000000000 V DW.ref.rust_eh_personality
0000000000000000 W __addhf3

compiler_builtins-4842803ff0d9c27d.compiler_builtins.5623d9d8737c5a5b-cgu.154.rcgu.o:
0000000000000000 V DW.ref.rust_eh_personality
0000000000000000 W __udivmodti4

compiler_builtins-4842803ff0d9c27d.compiler_builtins.5623d9d8737c5a5b-cgu.155.rcgu.o:
0000000000000000 W __rust_u128_sub

compiler_builtins-4842803ff0d9c27d.compiler_builtins.5623d9d8737c5a5b-cgu.156.rcgu.o:
0000000000000000 W __fixdfti

compiler_builtins-4842803ff0d9c27d.compiler_builtins.5623d9d8737c5a5b-cgu.157.rcgu.o:
0000000000000000 W __ashrdi3

compiler_builtins-4842803ff0d9c27d.compiler_builtins.5623d9d8737c5a5b-cgu.158.rcgu.o:
0000000000000000 W __nesf2

compiler_builtins-4842803ff0d9c27d.compiler_builtins.5623d9d8737c5a5b-cgu.159.rcgu.o:
0000000000000000 W __mulsf3

compiler_builtins-4842803ff0d9c27d.compiler_builtins.5623d9d8737c5a5b-cgu.160.rcgu.o:
0000000000000000 W ceil

compiler_builtins-4842803ff0d9c27d.compiler_builtins.5623d9d8737c5a5b-cgu.161.rcgu.o:
0000000000000000 W fmaximumf

compiler_builtins-4842803ff0d9c27d.compiler_builtins.5623d9d8737c5a5b-cgu.162.rcgu.o:
0000000000000000 W __ctzdi2

compiler_builtins-4842803ff0d9c27d.compiler_builtins.5623d9d8737c5a5b-cgu.163.rcgu.o:
0000000000000000 W __truncsfhf2

compiler_builtins-4842803ff0d9c27d.compiler_builtins.5623d9d8737c5a5b-cgu.164.rcgu.o:
0000000000000000 W __powisf2

compiler_builtins-4842803ff0d9c27d.compiler_builtins.5623d9d8737c5a5b-cgu.165.rcgu.o:
0000000000000000 W __adddf3

compiler_builtins-4842803ff0d9c27d.compiler_builtins.5623d9d8737c5a5b-cgu.166.rcgu.o:
0000000000000000 W __rust_u128_add

compiler_builtins-4842803ff0d9c27d.compiler_builtins.5623d9d8737c5a5b-cgu.167.rcgu.o:
0000000000000000 W roundeven

compiler_builtins-4842803ff0d9c27d.compiler_builtins.5623d9d8737c5a5b-cgu.168.rcgu.o:
0000000000000000 W __powidf2

compiler_builtins-4842803ff0d9c27d.compiler_builtins.5623d9d8737c5a5b-cgu.169.rcgu.o:
0000000000000000 W __rust_u128_addo

compiler_builtins-4842803ff0d9c27d.compiler_builtins.5623d9d8737c5a5b-cgu.170.rcgu.o:
0000000000000000 W fmaximum

compiler_builtins-4842803ff0d9c27d.compiler_builtins.5623d9d8737c5a5b-cgu.171.rcgu.o:
0000000000000000 W fmaf

compiler_builtins-4842803ff0d9c27d.compiler_builtins.5623d9d8737c5a5b-cgu.172.rcgu.o:
0000000000000000 W rintf

compiler_builtins-4842803ff0d9c27d.compiler_builtins.5623d9d8737c5a5b-cgu.173.rcgu.o:
0000000000000000 W round

compiler_builtins-4842803ff0d9c27d.compiler_builtins.5623d9d8737c5a5b-cgu.174.rcgu.o:
0000000000000000 W __ashrti3

compiler_builtins-4842803ff0d9c27d.compiler_builtins.5623d9d8737c5a5b-cgu.175.rcgu.o:
0000000000000000 W __muloti4

compiler_builtins-4842803ff0d9c27d.compiler_builtins.5623d9d8737c5a5b-cgu.176.rcgu.o:
0000000000000000 W __fixdfdi

compiler_builtins-4842803ff0d9c27d.compiler_builtins.5623d9d8737c5a5b-cgu.177.rcgu.o:
0000000000000000 W __fixdfsi

compiler_builtins-4842803ff0d9c27d.compiler_builtins.5623d9d8737c5a5b-cgu.178.rcgu.o:
0000000000000000 W __subsf3

compiler_builtins-4842803ff0d9c27d.compiler_builtins.5623d9d8737c5a5b-cgu.179.rcgu.o:
0000000000000000 W fminimum_numf

compiler_builtins-4842803ff0d9c27d.compiler_builtins.5623d9d8737c5a5b-cgu.180.rcgu.o:
0000000000000000 W __muldf3

compiler_builtins-4842803ff0d9c27d.compiler_builtins.5623d9d8737c5a5b-cgu.181.rcgu.o:
0000000000000000 W floorf

compiler_builtins-4842803ff0d9c27d.compiler_builtins.5623d9d8737c5a5b-cgu.182.rcgu.o:
0000000000000000 W __truncdfhf2

compiler_builtins-4842803ff0d9c27d.compiler_builtins.5623d9d8737c5a5b-cgu.183.rcgu.o:
0000000000000000 W __gtdf2

compiler_builtins-4842803ff0d9c27d.compiler_builtins.5623d9d8737c5a5b-cgu.184.rcgu.o:
0000000000000000 W __fixunsdfsi

compiler_builtins-4842803ff0d9c27d.compiler_builtins.5623d9d8737c5a5b-cgu.185.rcgu.o:
0000000000000000 W roundf

compiler_builtins-4842803ff0d9c27d.compiler_builtins.5623d9d8737c5a5b-cgu.186.rcgu.o:
0000000000000000 W __extendhfsf2

compiler_builtins-4842803ff0d9c27d.compiler_builtins.5623d9d8737c5a5b-cgu.187.rcgu.o:
0000000000000000 W __gnu_f2h_ieee

compiler_builtins-4842803ff0d9c27d.compiler_builtins.5623d9d8737c5a5b-cgu.188.rcgu.o:
0000000000000000 V DW.ref.rust_eh_personality
0000000000000000 W cbrt

compiler_builtins-4842803ff0d9c27d.compiler_builtins.5623d9d8737c5a5b-cgu.189.rcgu.o:
0000000000000000 W __nedf2

compiler_builtins-4842803ff0d9c27d.compiler_builtins.5623d9d8737c5a5b-cgu.190.rcgu.o:
0000000000000000 W fmin

compiler_builtins-4842803ff0d9c27d.compiler_builtins.5623d9d8737c5a5b-cgu.191.rcgu.o:
0000000000000000 W __fixsfdi

compiler_builtins-4842803ff0d9c27d.compiler_builtins.5623d9d8737c5a5b-cgu.192.rcgu.o:
0000000000000000 W __divdf3

compiler_builtins-4842803ff0d9c27d.compiler_builtins.5623d9d8737c5a5b-cgu.193.rcgu.o:
0000000000000000 W __subdf3

compiler_builtins-4842803ff0d9c27d.compiler_builtins.5623d9d8737c5a5b-cgu.194.rcgu.o:
0000000000000000 W __extendhfdf2

compiler_builtins-4842803ff0d9c27d.compiler_builtins.5623d9d8737c5a5b-cgu.195.rcgu.o:
0000000000000000 W __divdi3

compiler_builtins-4842803ff0d9c27d.compiler_builtins.5623d9d8737c5a5b-cgu.196.rcgu.o:
0000000000000000 V DW.ref.rust_eh_personality
0000000000000000 W __umodti3

compiler_builtins-4842803ff0d9c27d.compiler_builtins.5623d9d8737c5a5b-cgu.197.rcgu.o:
0000000000000000 W __fixunssfsi

compiler_builtins-4842803ff0d9c27d.compiler_builtins.5623d9d8737c5a5b-cgu.198.rcgu.o:
0000000000000000 W ceilf

compiler_builtins-4842803ff0d9c27d.compiler_builtins.5623d9d8737c5a5b-cgu.199.rcgu.o:
0000000000000000 W fmaximum_numf

compiler_builtins-4842803ff0d9c27d.compiler_builtins.5623d9d8737c5a5b-cgu.200.rcgu.o:
0000000000000000 W cbrtf

compiler_builtins-4842803ff0d9c27d.compiler_builtins.5623d9d8737c5a5b-cgu.201.rcgu.o:
0000000000000000 W __rust_u128_subo

compiler_builtins-4842803ff0d9c27d.compiler_builtins.5623d9d8737c5a5b-cgu.202.rcgu.o:
0000000000000000 W truncf

compiler_builtins-4842803ff0d9c27d.compiler_builtins.5623d9d8737c5a5b-cgu.203.rcgu.o:
0000000000000000 W __ctzti2

compiler_builtins-4842803ff0d9c27d.compiler_builtins.5623d9d8737c5a5b-cgu.204.rcgu.o:
0000000000000000 V DW.ref.rust_eh_personality
0000000000000000 W __modti3

compiler_builtins-4842803ff0d9c27d.compiler_builtins.5623d9d8737c5a5b-cgu.205.rcgu.o:
0000000000000000 W __rust_i128_addo

compiler_builtins-4842803ff0d9c27d.compiler_builtins.5623d9d8737c5a5b-cgu.206.rcgu.o:
0000000000000000 W __fixsfti

compiler_builtins-4842803ff0d9c27d.compiler_builtins.5623d9d8737c5a5b-cgu.207.rcgu.o:
0000000000000000 W fminf

compiler_builtins-4842803ff0d9c27d.compiler_builtins.5623d9d8737c5a5b-cgu.208.rcgu.o:
0000000000000000 V DW.ref.rust_eh_personality
0000000000000000 W __mulhf3

compiler_builtins-4842803ff0d9c27d.compiler_builtins.5623d9d8737c5a5b-cgu.209.rcgu.o:
0000000000000000 W __divsi3

compiler_builtins-4842803ff0d9c27d.compiler_builtins.5623d9d8737c5a5b-cgu.210.rcgu.o:
0000000000000000 W __udivsi3

compiler_builtins-4842803ff0d9c27d.compiler_builtins.5623d9d8737c5a5b-cgu.211.rcgu.o:
0000000000000000 W __floatunsisf

compiler_builtins-4842803ff0d9c27d.compiler_builtins.5623d9d8737c5a5b-cgu.212.rcgu.o:
0000000000000000 W __rust_i128_add

compiler_builtins-4842803ff0d9c27d.compiler_builtins.5623d9d8737c5a5b-cgu.213.rcgu.o:
0000000000000000 W fminimum_num

compiler_builtins-4842803ff0d9c27d.compiler_builtins.5623d9d8737c5a5b-cgu.214.rcgu.o:
0000000000000000 W __udivdi3

compiler_builtins-4842803ff0d9c27d.compiler_builtins.5623d9d8737c5a5b-cgu.215.rcgu.o:

compiler_builtins-4842803ff0d9c27d.compiler_builtins.5623d9d8737c5a5b-cgu.216.rcgu.o:

compiler_builtins-4842803ff0d9c27d.compiler_builtins.5623d9d8737c5a5b-cgu.217.rcgu.o:

compiler_builtins-4842803ff0d9c27d.compiler_builtins.5623d9d8737c5a5b-cgu.218.rcgu.o:
0000000000000000 R _RNvNtNtNtNtCs7owkmyyjPrX_17compiler_builtins4math9libm_math7generic4sqrt9RSQRT_TAB

compiler_builtins-4842803ff0d9c27d.compiler_builtins.5623d9d8737c5a5b-cgu.219.rcgu.o:
0000000000000000 D _RNvXs2_NtNtNtNtNtCs7owkmyyjPrX_17compiler_builtins4math9libm_math7support9hex_float7hex_fmtbNtB5_10DisplayHex3fmt

45c91108d938afe8-absvdi2.o:
0000000000000000 D __absvdi2

45c91108d938afe8-absvsi2.o:
0000000000000000 D __absvsi2

45c91108d938afe8-absvti2.o:
0000000000000000 D __absvti2

45c91108d938afe8-addvdi3.o:
0000000000000000 D __addvdi3

45c91108d938afe8-addvsi3.o:
0000000000000000 D __addvsi3

45c91108d938afe8-addvti3.o:
0000000000000000 D __addvti3

45c91108d938afe8-cmpdi2.o:
0000000000000000 D __cmpdi2

45c91108d938afe8-cmpti2.o:
0000000000000000 D __cmpti2

45c91108d938afe8-divdc3.o:
0000000000000000 D __divdc3

45c91108d938afe8-divsc3.o:
0000000000000000 D __divsc3

45c91108d938afe8-ffsti2.o:
0000000000000000 D __ffsti2

45c91108d938afe8-int_util.o:
0000000000000000 W __compilerrt_abort_impl

45c91108d938afe8-muldc3.o:
0000000000000000 D __muldc3

45c91108d938afe8-mulsc3.o:
0000000000000000 D __mulsc3

45c91108d938afe8-mulvdi3.o:
0000000000000000 D __mulvdi3

45c91108d938afe8-mulvsi3.o:
0000000000000000 D __mulvsi3

45c91108d938afe8-mulvti3.o:
0000000000000000 D __mulvti3

45c91108d938afe8-negdf2.o:
0000000000000000 D __negdf2

45c91108d938afe8-negdi2.o:
0000000000000000 D __negdi2

45c91108d938afe8-negsf2.o:
0000000000000000 D __negsf2

45c91108d938afe8-negti2.o:
0000000000000000 D __negti2

45c91108d938afe8-negvdi2.o:
0000000000000000 D __negvdi2

45c91108d938afe8-negvsi2.o:
0000000000000000 D __negvsi2

45c91108d938afe8-negvti2.o:
0000000000000000 D __negvti2

45c91108d938afe8-paritydi2.o:
0000000000000000 D __paritydi2

45c91108d938afe8-paritysi2.o:
0000000000000000 D __paritysi2

45c91108d938afe8-parityti2.o:
0000000000000000 D __parityti2

45c91108d938afe8-popcountdi2.o:
0000000000000000 D __popcountdi2

45c91108d938afe8-popcountsi2.o:
0000000000000000 D __popcountsi2

45c91108d938afe8-popcountti2.o:
0000000000000000 D __popcountti2

45c91108d938afe8-subvdi3.o:
0000000000000000 D __subvdi3

45c91108d938afe8-subvsi3.o:
0000000000000000 D __subvsi3

45c91108d938afe8-subvti3.o:
0000000000000000 D __subvti3

45c91108d938afe8-ucmpdi2.o:
0000000000000000 D __ucmpdi2

45c91108d938afe8-ucmpti2.o:
0000000000000000 D __ucmpti2
