
libffi_c2rust_aarch64_linux_gnu-e4675d216ecf7445.libffi_c2rust_aarch64_linux_gnu.6d7f9e2a5dadc5e2-cgu.0.rcgu.o:
0000000000000000 V DW.ref.rust_eh_personality
0000000000000000 T _RNvNtNtCs9oRc5FyPckM_31libffi_c2rust_aarch64_linux_gnu3src8closures23open_temp_exec_file_dir.llvm.3807202112580249494
0000000000000000 T _RNvNtNtCs9oRc5FyPckM_31libffi_c2rust_aarch64_linux_gnu3src8closures23open_temp_exec_file_env.llvm.3807202112580249494
0000000000000000 T _RNvNtNtCs9oRc5FyPckM_31libffi_c2rust_aarch64_linux_gnu3src8closures23open_temp_exec_file_mnt.llvm.3807202112580249494
0000000000000000 D _RNvNtNtCs9oRc5FyPckM_31libffi_c2rust_aarch64_linux_gnu3src8closures24open_temp_exec_file_opts.llvm.3807202112580249494
0000000000000000 T _RNvNtNtCs9oRc5FyPckM_31libffi_c2rust_aarch64_linux_gnu3src8closures25open_temp_exec_file_memfd.llvm.3807202112580249494
0000000000000010 B _RNvNtNtCs9oRc5FyPckM_31libffi_c2rust_aarch64_linux_gnu3src8closures28open_temp_exec_file_opts_idx.0.llvm.3807202112580249494
0000000000000080 B _RNvNtNtCs9oRc5FyPckM_31libffi_c2rust_aarch64_linux_gnu3src8closures4__gm_.llvm.3807202112580249494
000000000000000b R anon.b88346096aafdbada30346fe08e96c66.0.llvm.3807202112580249494
000000000000005f R anon.b88346096aafdbada30346fe08e96c66.11.llvm.3807202112580249494
0000000000000066 R anon.b88346096aafdbada30346fe08e96c66.12.llvm.3807202112580249494
0000000000000074 R anon.b88346096aafdbada30346fe08e96c66.13.llvm.3807202112580249494
000000000000007b R anon.b88346096aafdbada30346fe08e96c66.14.llvm.3807202112580249494
0000000000000080 R anon.b88346096aafdbada30346fe08e96c66.15.llvm.3807202112580249494
0000000000000089 R anon.b88346096aafdbada30346fe08e96c66.16.llvm.3807202112580249494
0000000000000092 R anon.b88346096aafdbada30346fe08e96c66.17.llvm.3807202112580249494
0000000000000097 R anon.b88346096aafdbada30346fe08e96c66.18.llvm.3807202112580249494
0000000000000000 D anon.b88346096aafdbada30346fe08e96c66.20.llvm.3807202112580249494
0000000000000000 D anon.b88346096aafdbada30346fe08e96c66.21.llvm.3807202112580249494
000000000000003d R anon.b88346096aafdbada30346fe08e96c66.6.llvm.3807202112580249494
0000000000000000 T dlbulk_free
0000000000000000 T dlmalloc_footprint_limit
0000000000000000 T dlmalloc_set_footprint_limit
0000000000000000 T dlposix_memalign
0000000000000000 T dlrealloc_in_place
0000000000000000 T ffi_closure_alloc
0000000000000000 T ffi_closure_free
0000000000000000 T ffi_data_to_code_pointer
0000000000000000 T ffi_tramp_is_present
0000000000000000 T open_temp_exec_file

libffi_c2rust_aarch64_linux_gnu-e4675d216ecf7445.libffi_c2rust_aarch64_linux_gnu.6d7f9e2a5dadc5e2-cgu.1.rcgu.o:
0000000000000000 V DW.ref.rust_eh_personality
0000000000000000 T _RNvMs3_NtCsi2GJixwxVUa_5alloc7raw_vecINtB5_6RawVecINtNtB7_3vec3VecNtNtNtNtCs9oRc5FyPckM_31libffi_c2rust_aarch64_linux_gnu3src7aarch643ffi9Aligned16EE8grow_oneB1a_
0000000000000000 T _RNvMs4_NtCsi2GJixwxVUa_5alloc7raw_vecNtB5_11RawVecInner15try_allocate_inCs9oRc5FyPckM_31libffi_c2rust_aarch64_linux_gnu
0000000000000030 B _RNvNtNtCs9oRc5FyPckM_31libffi_c2rust_aarch64_linux_gnu3src5tramp13tramp_globals.6.llvm.12652850261489370567
0000000000000020 B _RNvNtNtCs9oRc5FyPckM_31libffi_c2rust_aarch64_linux_gnu3src5tramp13tramp_globals.7.llvm.12652850261489370567
0000000000000000 T _RNvNtNtCs9oRc5FyPckM_31libffi_c2rust_aarch64_linux_gnu3src5tramp14ffi_tramp_init.llvm.12652850261489370567
0000000000000000 T _RNvNtNtCs9oRc5FyPckM_31libffi_c2rust_aarch64_linux_gnu3src5tramp17tramp_table_alloc.llvm.12652850261489370567
0000000000000038 B _RNvNtNtCs9oRc5FyPckM_31libffi_c2rust_aarch64_linux_gnu3src5tramp19tramp_globals_mutex.llvm.12652850261489370567
0000000000000000 T _RNvNtNtCs9oRc5FyPckM_31libffi_c2rust_aarch64_linux_gnu3src5tramp9tramp_add.llvm.12652850261489370567
0000000000000000 D _RNvNtNtCs9oRc5FyPckM_31libffi_c2rust_aarch64_linux_gnu3src5types26ffi_elements_complex_float
0000000000000000 D _RNvNtNtCs9oRc5FyPckM_31libffi_c2rust_aarch64_linux_gnu3src5types27ffi_elements_complex_double
0000000000000000 D _RNvNtNtCs9oRc5FyPckM_31libffi_c2rust_aarch64_linux_gnu3src5types31ffi_elements_complex_longdouble
0000000000000000 T _RNvXCs9oRc5FyPckM_31libffi_c2rust_aarch64_linux_gnulNtB2_11AtomicValue4load
0000000000000000 T _RNvXCs9oRc5FyPckM_31libffi_c2rust_aarch64_linux_gnulNtB2_11AtomicValue5store
0000000000000000 T _RNvXs1_NtCsi2GJixwxVUa_5alloc7raw_vecINtB5_6RawVecINtNtB7_3vec3VechEENtNtNtCsfo0Ls1ZyrQZ_4core3ops4drop4Drop4dropCs9oRc5FyPckM_31libffi_c2rust_aarch64_linux_gnu
0000000000000000 T _RNvXs1_NtCsi2GJixwxVUa_5alloc7raw_vecINtB5_6RawVechENtNtNtCsfo0Ls1ZyrQZ_4core3ops4drop4Drop4dropCs9oRc5FyPckM_31libffi_c2rust_aarch64_linux_gnu
0000000000000000 T _RNvXs_Cs9oRc5FyPckM_31libffi_c2rust_aarch64_linux_gnujNtB4_11AtomicValue4load
0000000000000000 T _RNvXs_Cs9oRc5FyPckM_31libffi_c2rust_aarch64_linux_gnujNtB4_11AtomicValue5store
0000000000000000 T _RNvXso_NtCsi2GJixwxVUa_5alloc3vecINtB5_3VecIBw_hEENtNtNtCsfo0Ls1ZyrQZ_4core3ops4drop4Drop4dropCs9oRc5FyPckM_31libffi_c2rust_aarch64_linux_gnu
0000000000000000 T _RNvXso_NtCsi2GJixwxVUa_5alloc3vecINtB5_3VechENtNtNtCsfo0Ls1ZyrQZ_4core3ops4drop4Drop4dropCs9oRc5FyPckM_31libffi_c2rust_aarch64_linux_gnu
0000000000000000 R anon.d313549e8fab1103197e0c23e26a7ba6.0.llvm.12652850261489370567
0000000000000000 R anon.d313549e8fab1103197e0c23e26a7ba6.1.llvm.12652850261489370567
0000000000000000 D anon.d313549e8fab1103197e0c23e26a7ba6.2.llvm.12652850261489370567
0000000000000000 R anon.d313549e8fab1103197e0c23e26a7ba6.3.llvm.12652850261489370567
0000000000000000 D anon.d313549e8fab1103197e0c23e26a7ba6.4.llvm.12652850261489370567
0000000000000000 R anon.d313549e8fab1103197e0c23e26a7ba6.5.llvm.12652850261489370567
0000000000000000 D anon.d313549e8fab1103197e0c23e26a7ba6.6.llvm.12652850261489370567
0000000000000000 R anon.d313549e8fab1103197e0c23e26a7ba6.7.llvm.12652850261489370567
0000000000000000 D anon.d313549e8fab1103197e0c23e26a7ba6.8.llvm.12652850261489370567
0000000000000000 T ffi_call
0000000000000000 T ffi_call_go
0000000000000000 T ffi_closure_SYSV_inner
0000000000000000 T ffi_get_closure_size
0000000000000000 T ffi_get_default_abi
0000000000000000 T ffi_get_struct_offsets
0000000000000000 T ffi_get_version
0000000000000000 T ffi_get_version_number
0000000000000000 T ffi_java_ptrarray_to_raw
0000000000000000 T ffi_java_raw_call
0000000000000000 T ffi_java_raw_size
0000000000000000 T ffi_java_raw_to_ptrarray
0000000000000000 T ffi_prep_cif
0000000000000000 T ffi_prep_cif_core
0000000000000000 T ffi_prep_cif_machdep
0000000000000000 T ffi_prep_cif_machdep_var
0000000000000000 T ffi_prep_cif_var
0000000000000000 T ffi_prep_closure
0000000000000000 T ffi_prep_closure_loc
0000000000000000 T ffi_prep_go_closure
0000000000000000 T ffi_prep_java_raw_closure
0000000000000000 T ffi_prep_java_raw_closure_loc
0000000000000000 T ffi_prep_raw_closure
0000000000000000 T ffi_prep_raw_closure_loc
0000000000000000 T ffi_ptrarray_to_raw
0000000000000000 T ffi_raw_call
0000000000000000 T ffi_raw_size
0000000000000000 T ffi_raw_to_ptrarray
0000000000000000 T ffi_tramp_alloc
0000000000000000 T ffi_tramp_arch
0000000000000000 T ffi_tramp_free
0000000000000000 T ffi_tramp_get_addr
0000000000000000 T ffi_tramp_is_supported
0000000000000000 T ffi_tramp_set_parms
0000000000000000 D ffi_type_complex_double
0000000000000000 D ffi_type_complex_float
0000000000000000 D ffi_type_complex_longdouble
0000000000000000 D ffi_type_double
0000000000000000 D ffi_type_float
0000000000000000 D ffi_type_longdouble
0000000000000000 D ffi_type_pointer
0000000000000000 D ffi_type_sint128
0000000000000000 D ffi_type_sint16
0000000000000000 D ffi_type_sint32
0000000000000000 D ffi_type_sint64
0000000000000000 D ffi_type_sint8
0000000000000000 D ffi_type_uint128
0000000000000000 D ffi_type_uint16
0000000000000000 D ffi_type_uint32
0000000000000000 D ffi_type_uint64
0000000000000000 D ffi_type_uint8
0000000000000000 D ffi_type_void

libffi_c2rust_aarch64_linux_gnu-e4675d216ecf7445.0ommdfpj38y8w484wi4ohnoq8.rcgu.o:
0000000000000000 T _RNvCs9wFQrvczXsK_7___rustc12___rust_alloc
0000000000000000 T _RNvCs9wFQrvczXsK_7___rustc14___rust_dealloc
0000000000000000 T _RNvCs9wFQrvczXsK_7___rustc14___rust_realloc
0000000000000000 T _RNvCs9wFQrvczXsK_7___rustc19___rust_alloc_zeroed
0000000000000000 T _RNvCs9wFQrvczXsK_7___rustc35___rust_no_alloc_shim_is_unstable_v2

05bbf1b1536ca661-sysv.o:
0000000000000000 T ffi_call_SYSV
00000000000002b0 T ffi_closure_SYSV
0000000000000290 T ffi_closure_SYSV_V
0000000000000500 T ffi_closure_SYSV_V_alt
0000000000000510 T ffi_closure_SYSV_alt
0000000000008020 T ffi_go_closure_SYSV
0000000000008000 T ffi_go_closure_SYSV_V
0000000000004000 T trampoline_code_table

std-55999f89fc36b51f.std.e04eed4b29a65078-cgu.0.rcgu.o:
0000000000000000 V DW.ref.rust_eh_personality
0000000000000000 T _RINvMs3_NtNtCsjfZfl7cBLOC_3std2io5errorNtB6_5Error3newNtNtNtCsfo0Ls1ZyrQZ_4core3num5error15TryFromIntErrorEBa_
0000000000000000 T _RINvMs3_NtNtCsjfZfl7cBLOC_3std2io5errorNtB6_5Error3newReEBa_
0000000000000000 T _RINvNtCsfo0Ls1ZyrQZ_4core9panicking13assert_failedAhj4_RShECsjfZfl7cBLOC_3std
0000000000000000 T _RINvNtCsfo0Ls1ZyrQZ_4core9panicking13assert_failedllECsjfZfl7cBLOC_3std
0000000000000000 T _RINvNtCsfo0Ls1ZyrQZ_4core9panicking13assert_failedmmECsjfZfl7cBLOC_3std
0000000000000000 T _RINvNtCsfo0Ls1ZyrQZ_4core9panicking13assert_failedssECsjfZfl7cBLOC_3std
0000000000000000 T _RINvNtCsjfZfl7cBLOC_3std9panicking11begin_panicReEB4_
0000000000000000 T _RINvNtNtCsjfZfl7cBLOC_3std3sys9backtrace26___rust_end_short_backtraceNCINvNtB6_9panicking11begin_panicReE0zEB6_
0000000000000000 T _RINvNtNtCsjfZfl7cBLOC_3std3sys9backtrace26___rust_end_short_backtraceNCNvNtB6_5alloc8rust_oom0zEB6_
0000000000000000 T _RINvNtNtCsjfZfl7cBLOC_3std3sys9backtrace26___rust_end_short_backtraceNCNvNtB6_9panicking13panic_handler0zEB6_
0000000000000000 T _RINvNtNtNtCsfo0Ls1ZyrQZ_4core5slice4sort6stable14driftsort_mainNtNtCshbouhvQBlb6_9addr2line4line12LineSequenceNCINvMNtCsi2GJixwxVUa_5alloc5sliceSBZ_11sort_by_keyyNCINvMs_B11_NtB11_5Lines5parseINtNtNtCs1eQApc8mWYw_5gimli4read12endian_slice11EndianSliceNtNtB3b_9endianity12LittleEndianEEs_0E0INtNtB1S_3vec3VecBZ_EECsjfZfl7cBLOC_3std
0000000000000000 T _RINvNtNtNtCsfo0Ls1ZyrQZ_4core5slice4sort6stable14driftsort_mainNtNtCshbouhvQBlb6_9addr2line4unit9UnitRangeNCINvMNtCsi2GJixwxVUa_5alloc5sliceSBZ_11sort_by_keyyNCNvMs_B11_INtB11_8ResUnitsINtNtNtCs1eQApc8mWYw_5gimli4read12endian_slice11EndianSliceNtNtB34_9endianity12LittleEndianEE5parses2_0E0INtNtB1O_3vec3VecBZ_EECsjfZfl7cBLOC_3std
0000000000000000 T _RINvNtNtNtCsfo0Ls1ZyrQZ_4core5slice4sort6stable14driftsort_mainNtNtCshbouhvQBlb6_9addr2line8function15FunctionAddressNCINvMNtCsi2GJixwxVUa_5alloc5sliceSBZ_11sort_by_keyyNCNvMs0_B11_INtB11_9FunctionsINtNtNtCs1eQApc8mWYw_5gimli4read12endian_slice11EndianSliceNtNtB3h_9endianity12LittleEndianEE5parses_0E0INtNtB1Z_3vec3VecBZ_EECsjfZfl7cBLOC_3std
0000000000000000 T _RINvNtNtNtCsfo0Ls1ZyrQZ_4core5slice4sort6stable14driftsort_mainNtNtCshbouhvQBlb6_9addr2line8function22InlinedFunctionAddressNCINvMNtCsi2GJixwxVUa_5alloc5sliceSBZ_7sort_byNCNvMs1_B11_INtB11_8FunctionINtNtNtCs1eQApc8mWYw_5gimli4read12endian_slice11EndianSliceNtNtB3h_9endianity12LittleEndianEE5parse0E0INtNtB26_3vec3VecBZ_EECsjfZfl7cBLOC_3std
0000000000000000 T _RINvNtNtNtCsfo0Ls1ZyrQZ_4core5slice4sort6stable14driftsort_mainTNtNtCs1eQApc8mWYw_5gimli6common15DebugInfoOffsetNtB12_18DebugArangesOffsetENCINvMNtCsi2GJixwxVUa_5alloc5sliceSBZ_11sort_by_keyB10_NCNvMs_NtCshbouhvQBlb6_9addr2line4unitINtB3d_8ResUnitsINtNtNtB14_4read12endian_slice11EndianSliceNtNtB14_9endianity12LittleEndianEE5parse0E0INtNtB2l_3vec3VecBZ_EECsjfZfl7cBLOC_3std
0000000000000000 T _RINvNtNtNtCsfo0Ls1ZyrQZ_4core5slice4sort8unstable7ipnsortNtNtNtNtNtCsjfZfl7cBLOC_3std12backtrace_rs9symbolize5gimli3elf9ParsedSymNCINvMB6_SBT_20sort_unstable_by_keyyNCNvMs_BV_NtBV_6Object5parses1_0E0EB13_
0000000000000000 T _RINvNtNtNtNtCsfo0Ls1ZyrQZ_4core5slice4sort6stable9quicksort9quicksortNtNtCshbouhvQBlb6_9addr2line4line12LineSequenceNCINvMNtCsi2GJixwxVUa_5alloc5sliceSB15_11sort_by_keyyNCINvMs_B17_NtB17_5Lines5parseINtNtNtCs1eQApc8mWYw_5gimli4read12endian_slice11EndianSliceNtNtB3i_9endianity12LittleEndianEEs_0E0ECsjfZfl7cBLOC_3std
0000000000000000 T _RINvNtNtNtNtCsfo0Ls1ZyrQZ_4core5slice4sort6stable9quicksort9quicksortNtNtCshbouhvQBlb6_9addr2line4unit9UnitRangeNCINvMNtCsi2GJixwxVUa_5alloc5sliceSB15_11sort_by_keyyNCNvMs_B17_INtB17_8ResUnitsINtNtNtCs1eQApc8mWYw_5gimli4read12endian_slice11EndianSliceNtNtB3b_9endianity12LittleEndianEE5parses2_0E0ECsjfZfl7cBLOC_3std
0000000000000000 T _RINvNtNtNtNtCsfo0Ls1ZyrQZ_4core5slice4sort6stable9quicksort9quicksortNtNtCshbouhvQBlb6_9addr2line8function15FunctionAddressNCINvMNtCsi2GJixwxVUa_5alloc5sliceSB15_11sort_by_keyyNCNvMs0_B17_INtB17_9FunctionsINtNtNtCs1eQApc8mWYw_5gimli4read12endian_slice11EndianSliceNtNtB3o_9endianity12LittleEndianEE5parses_0E0ECsjfZfl7cBLOC_3std
0000000000000000 T _RINvNtNtNtNtCsfo0Ls1ZyrQZ_4core5slice4sort6stable9quicksort9quicksortNtNtCshbouhvQBlb6_9addr2line8function22InlinedFunctionAddressNCINvMNtCsi2GJixwxVUa_5alloc5sliceSB15_7sort_byNCNvMs1_B17_INtB17_8FunctionINtNtNtCs1eQApc8mWYw_5gimli4read12endian_slice11EndianSliceNtNtB3o_9endianity12LittleEndianEE5parse0E0ECsjfZfl7cBLOC_3std
0000000000000000 T _RINvNtNtNtNtCsfo0Ls1ZyrQZ_4core5slice4sort6stable9quicksort9quicksortTNtNtCs1eQApc8mWYw_5gimli6common15DebugInfoOffsetNtB18_18DebugArangesOffsetENCINvMNtCsi2GJixwxVUa_5alloc5sliceSB15_11sort_by_keyB16_NCNvMs_NtCshbouhvQBlb6_9addr2line4unitINtB3k_8ResUnitsINtNtNtB1a_4read12endian_slice11EndianSliceNtNtB1a_9endianity12LittleEndianEE5parse0E0ECsjfZfl7cBLOC_3std
0000000000000000 T _RINvNtNtNtNtCsfo0Ls1ZyrQZ_4core5slice4sort8unstable8heapsort8heapsortNtNtNtNtNtCsjfZfl7cBLOC_3std12backtrace_rs9symbolize5gimli3elf9ParsedSymNCINvMB8_SB15_20sort_unstable_by_keyyNCNvMs_B17_NtB17_6Object5parses1_0E0EB1f_
0000000000000000 T _RNvCs9wFQrvczXsK_7___rustc10rust_panic
0000000000000000 T _RNvCs9wFQrvczXsK_7___rustc11___rdl_alloc
0000000000000000 T _RNvCs9wFQrvczXsK_7___rustc12___rust_abort
0000000000000000 T _RNvCs9wFQrvczXsK_7___rustc13___rdl_dealloc
0000000000000000 T _RNvCs9wFQrvczXsK_7___rustc13___rdl_realloc
0000000000000000 T _RNvCs9wFQrvczXsK_7___rustc17___rust_drop_panic
0000000000000000 T _RNvCs9wFQrvczXsK_7___rustc17rust_begin_unwind
0000000000000000 T _RNvCs9wFQrvczXsK_7___rustc18___rdl_alloc_zeroed
0000000000000000 T _RNvCs9wFQrvczXsK_7___rustc24___rust_foreign_exception
0000000000000000 T _RNvCs9wFQrvczXsK_7___rustc26___rust_alloc_error_handler
0000000000000000 T _RNvMNtCsjfZfl7cBLOC_3std4timeNtB2_7Instant11checked_add
0000000000000000 T _RNvMNtCsjfZfl7cBLOC_3std4timeNtB2_7Instant11checked_sub
0000000000000000 T _RNvMNtCsjfZfl7cBLOC_3std4timeNtB2_7Instant14duration_since
0000000000000000 T _RNvMNtCsjfZfl7cBLOC_3std4timeNtB2_7Instant22checked_duration_since
0000000000000000 T _RNvMNtCsjfZfl7cBLOC_3std4timeNtB2_7Instant25saturating_duration_since
0000000000000000 T _RNvMNtCsjfZfl7cBLOC_3std4timeNtB2_7Instant3now
0000000000000000 T _RNvMNtCsjfZfl7cBLOC_3std4timeNtB2_7Instant7elapsed
0000000000000000 T _RNvMNtNtCsjfZfl7cBLOC_3std3net3tcpNtB2_9TcpStream10local_addr
0000000000000000 T _RNvMNtNtCsjfZfl7cBLOC_3std3net3tcpNtB2_9TcpStream10set_linger
0000000000000000 T _RNvMNtNtCsjfZfl7cBLOC_3std3net3tcpNtB2_9TcpStream10take_error
0000000000000000 T _RNvMNtNtCsjfZfl7cBLOC_3std3net3tcpNtB2_9TcpStream11set_nodelay
0000000000000000 T _RNvMNtNtCsjfZfl7cBLOC_3std3net3tcpNtB2_9TcpStream12read_timeout
0000000000000000 T _RNvMNtNtCsjfZfl7cBLOC_3std3net3tcpNtB2_9TcpStream13set_keepalive
0000000000000000 T _RNvMNtNtCsjfZfl7cBLOC_3std3net3tcpNtB2_9TcpStream13write_timeout
0000000000000000 T _RNvMNtNtCsjfZfl7cBLOC_3std3net3tcpNtB2_9TcpStream15connect_timeout
0000000000000000 T _RNvMNtNtCsjfZfl7cBLOC_3std3net3tcpNtB2_9TcpStream15set_nonblocking
0000000000000000 T _RNvMNtNtCsjfZfl7cBLOC_3std3net3tcpNtB2_9TcpStream16set_read_timeout
0000000000000000 T _RNvMNtNtCsjfZfl7cBLOC_3std3net3tcpNtB2_9TcpStream17set_write_timeout
0000000000000000 T _RNvMNtNtCsjfZfl7cBLOC_3std3net3tcpNtB2_9TcpStream3ttl
0000000000000000 T _RNvMNtNtCsjfZfl7cBLOC_3std3net3tcpNtB2_9TcpStream4peek
0000000000000000 T _RNvMNtNtCsjfZfl7cBLOC_3std3net3tcpNtB2_9TcpStream6linger
0000000000000000 T _RNvMNtNtCsjfZfl7cBLOC_3std3net3tcpNtB2_9TcpStream7nodelay
0000000000000000 T _RNvMNtNtCsjfZfl7cBLOC_3std3net3tcpNtB2_9TcpStream7set_ttl
0000000000000000 T _RNvMNtNtCsjfZfl7cBLOC_3std3net3tcpNtB2_9TcpStream8shutdown
0000000000000000 T _RNvMNtNtCsjfZfl7cBLOC_3std3net3tcpNtB2_9TcpStream9keepalive
0000000000000000 T _RNvMNtNtCsjfZfl7cBLOC_3std3net3tcpNtB2_9TcpStream9peer_addr
0000000000000000 T _RNvMNtNtCsjfZfl7cBLOC_3std3net3tcpNtB2_9TcpStream9try_clone
0000000000000000 T _RNvMNtNtCsjfZfl7cBLOC_3std3net3udpNtB2_9UdpSocket10local_addr
0000000000000000 T _RNvMNtNtCsjfZfl7cBLOC_3std3net3udpNtB2_9UdpSocket10take_error
0000000000000000 T _RNvMNtNtCsjfZfl7cBLOC_3std3net3udpNtB2_9UdpSocket12read_timeout
0000000000000000 T _RNvMNtNtCsjfZfl7cBLOC_3std3net3udpNtB2_9UdpSocket13set_broadcast
0000000000000000 T _RNvMNtNtCsjfZfl7cBLOC_3std3net3udpNtB2_9UdpSocket13write_timeout
0000000000000000 T _RNvMNtNtCsjfZfl7cBLOC_3std3net3udpNtB2_9UdpSocket15set_nonblocking
0000000000000000 T _RNvMNtNtCsjfZfl7cBLOC_3std3net3udpNtB2_9UdpSocket16multicast_ttl_v4
0000000000000000 T _RNvMNtNtCsjfZfl7cBLOC_3std3net3udpNtB2_9UdpSocket16set_read_timeout
0000000000000000 T _RNvMNtNtCsjfZfl7cBLOC_3std3net3udpNtB2_9UdpSocket17join_multicast_v4
0000000000000000 T _RNvMNtNtCsjfZfl7cBLOC_3std3net3udpNtB2_9UdpSocket17join_multicast_v6
0000000000000000 T _RNvMNtNtCsjfZfl7cBLOC_3std3net3udpNtB2_9UdpSocket17multicast_loop_v4
0000000000000000 T _RNvMNtNtCsjfZfl7cBLOC_3std3net3udpNtB2_9UdpSocket17multicast_loop_v6
0000000000000000 T _RNvMNtNtCsjfZfl7cBLOC_3std3net3udpNtB2_9UdpSocket17set_write_timeout
0000000000000000 T _RNvMNtNtCsjfZfl7cBLOC_3std3net3udpNtB2_9UdpSocket18leave_multicast_v4
0000000000000000 T _RNvMNtNtCsjfZfl7cBLOC_3std3net3udpNtB2_9UdpSocket18leave_multicast_v6
0000000000000000 T _RNvMNtNtCsjfZfl7cBLOC_3std3net3udpNtB2_9UdpSocket20set_multicast_ttl_v4
0000000000000000 T _RNvMNtNtCsjfZfl7cBLOC_3std3net3udpNtB2_9UdpSocket21set_multicast_loop_v4
0000000000000000 T _RNvMNtNtCsjfZfl7cBLOC_3std3net3udpNtB2_9UdpSocket21set_multicast_loop_v6
0000000000000000 T _RNvMNtNtCsjfZfl7cBLOC_3std3net3udpNtB2_9UdpSocket3ttl
0000000000000000 T _RNvMNtNtCsjfZfl7cBLOC_3std3net3udpNtB2_9UdpSocket4peek
0000000000000000 T _RNvMNtNtCsjfZfl7cBLOC_3std3net3udpNtB2_9UdpSocket4recv
0000000000000000 T _RNvMNtNtCsjfZfl7cBLOC_3std3net3udpNtB2_9UdpSocket4send
0000000000000000 T _RNvMNtNtCsjfZfl7cBLOC_3std3net3udpNtB2_9UdpSocket7set_ttl
0000000000000000 T _RNvMNtNtCsjfZfl7cBLOC_3std3net3udpNtB2_9UdpSocket9broadcast
0000000000000000 T _RNvMNtNtCsjfZfl7cBLOC_3std3net3udpNtB2_9UdpSocket9peek_from
0000000000000000 T _RNvMNtNtCsjfZfl7cBLOC_3std3net3udpNtB2_9UdpSocket9peer_addr
0000000000000000 T _RNvMNtNtCsjfZfl7cBLOC_3std3net3udpNtB2_9UdpSocket9recv_from
0000000000000000 T _RNvMNtNtCsjfZfl7cBLOC_3std3net3udpNtB2_9UdpSocket9try_clone
0000000000000000 T _RNvMNtNtCsjfZfl7cBLOC_3std6thread2idNtB2_8ThreadId3new
0000000000000000 T _RNvMNtNtCsjfZfl7cBLOC_3std6thread6scopedNtB2_9ScopeData29decrement_num_running_threads
0000000000000000 T _RNvMNtNtCsjfZfl7cBLOC_3std6thread6scopedNtB2_9ScopeData29increment_num_running_threads
0000000000000000 T _RNvMNtNtCsjfZfl7cBLOC_3std6thread7builderNtB2_7Builder4name
0000000000000000 T _RNvMNtNtNtCsjfZfl7cBLOC_3std2os5linux7processNtB2_5PidFd4kill
0000000000000000 T _RNvMNtNtNtCsjfZfl7cBLOC_3std2os5linux7processNtB2_5PidFd4wait
0000000000000000 T _RNvMNtNtNtCsjfZfl7cBLOC_3std2os5linux7processNtB2_5PidFd8try_wait
0000000000000000 T _RNvMNtNtNtCsjfZfl7cBLOC_3std3sys2fd4unixNtB2_8FileDesc11read_buf_at
0000000000000000 T _RNvMNtNtNtCsjfZfl7cBLOC_3std3sys2fd4unixNtB2_8FileDesc11read_to_end
0000000000000000 T _RNvMNtNtNtCsjfZfl7cBLOC_3std3sys2fd4unixNtB2_8FileDesc11set_cloexec
0000000000000000 T _RNvMNtNtNtCsjfZfl7cBLOC_3std3sys2fd4unixNtB2_8FileDesc13read_vectored
0000000000000000 T _RNvMNtNtNtCsjfZfl7cBLOC_3std3sys2fd4unixNtB2_8FileDesc14write_vectored
0000000000000000 T _RNvMNtNtNtCsjfZfl7cBLOC_3std3sys2fd4unixNtB2_8FileDesc15set_nonblocking
0000000000000000 T _RNvMNtNtNtCsjfZfl7cBLOC_3std3sys2fd4unixNtB2_8FileDesc16read_vectored_at
0000000000000000 T _RNvMNtNtNtCsjfZfl7cBLOC_3std3sys2fd4unixNtB2_8FileDesc17write_vectored_at
0000000000000000 T _RNvMNtNtNtCsjfZfl7cBLOC_3std3sys2fd4unixNtB2_8FileDesc4read
0000000000000000 T _RNvMNtNtNtCsjfZfl7cBLOC_3std3sys2fd4unixNtB2_8FileDesc5write
0000000000000000 T _RNvMNtNtNtCsjfZfl7cBLOC_3std3sys2fd4unixNtB2_8FileDesc7read_at
0000000000000000 T _RNvMNtNtNtCsjfZfl7cBLOC_3std3sys2fd4unixNtB2_8FileDesc8read_buf
0000000000000000 T _RNvMNtNtNtCsjfZfl7cBLOC_3std3sys2fd4unixNtB2_8FileDesc8write_at
0000000000000000 T _RNvMNtNtNtCsjfZfl7cBLOC_3std4sync4mpmc7contextNtB2_7Context3new
0000000000000000 T _RNvMNtNtNtCsjfZfl7cBLOC_3std4sync6poison7condvarNtB2_7Condvar10notify_all
0000000000000000 T _RNvMNtNtNtCsjfZfl7cBLOC_3std4sync6poison7condvarNtB2_7Condvar10notify_one
0000000000000000 T _RNvMNtNtNtCsjfZfl7cBLOC_3std4sync9nonpoison7condvarNtB2_7Condvar10notify_all
0000000000000000 T _RNvMNtNtNtCsjfZfl7cBLOC_3std4sync9nonpoison7condvarNtB2_7Condvar10notify_one
0000000000000000 T _RNvMNtNtNtNtCsjfZfl7cBLOC_3std2io8buffered9bufreader6bufferNtB2_6Buffer9backshift
0000000000000000 T _RNvMNtNtNtNtCsjfZfl7cBLOC_3std2os4unix3net4addrNtB2_10SocketAddr10from_parts
0000000000000000 T _RNvMNtNtNtNtCsjfZfl7cBLOC_3std2os4unix3net4addrNtB2_10SocketAddr10is_unnamed
0000000000000000 T _RNvMNtNtNtNtCsjfZfl7cBLOC_3std2os4unix3net4addrNtB2_10SocketAddr11as_pathname
0000000000000000 T _RNvMNtNtNtNtCsjfZfl7cBLOC_3std3sys2fs4unix3dirNtB2_3Dir4open
0000000000000000 T _RNvMNtNtNtNtCsjfZfl7cBLOC_3std3sys2fs4unix3dirNtB2_3Dir9open_file
0000000000000000 T _RNvMNtNtNtNtCsjfZfl7cBLOC_3std3sys4sync5mutex5futexNtB2_5Mutex14lock_contended
0000000000000000 T _RNvMNtNtNtNtCsjfZfl7cBLOC_3std3sys4sync5mutex5futexNtB2_5Mutex4wake
0000000000000000 T _RNvMNtNtNtNtCsjfZfl7cBLOC_3std3sys4sync6rwlock5futexNtB2_6RwLock14read_contended
0000000000000000 T _RNvMNtNtNtNtCsjfZfl7cBLOC_3std3sys4sync6rwlock5futexNtB2_6RwLock15write_contended
0000000000000000 T _RNvMNtNtNtNtCsjfZfl7cBLOC_3std3sys4sync6rwlock5futexNtB2_6RwLock22wake_writer_or_readers
0000000000000000 T _RNvMNtNtNtNtCsjfZfl7cBLOC_3std3sys4sync7condvar5futexNtB2_7Condvar12wait_timeout
0000000000000000 T _RNvMNtNtNtNtCsjfZfl7cBLOC_3std3sys4sync7condvar5futexNtB2_7Condvar4wait
0000000000000000 T _RNvMNtNtNtNtNtCsjfZfl7cBLOC_3std3sys3net10connection6socket4unixNtB2_6Socket3new
0000000000000000 T _RNvMNvMs_NtNtNtCsjfZfl7cBLOC_3std2io8buffered9bufwriterINtB7_9BufWriterpE9flush_bufNtB2_8BufGuard9remaining
0000000000000000 T _RNvMs0_NtNtCsjfZfl7cBLOC_3std3ffi6os_strNtB5_8OsString17into_boxed_os_str
0000000000000000 T _RNvMs0_NtNtCsjfZfl7cBLOC_3std4sync4onceNtB5_4Once10wait_force
0000000000000000 T _RNvMs0_NtNtCsjfZfl7cBLOC_3std4sync4onceNtB5_4Once4wait
0000000000000000 T _RNvMs0_NtNtCsjfZfl7cBLOC_3std4sync7barrierNtB5_7Barrier4wait
0000000000000000 T _RNvMs0_NtNtNtCsjfZfl7cBLOC_3std2os2fd5ownedNtB5_10BorrowedFd18try_clone_to_owned
0000000000000000 T _RNvMs0_NtNtNtCsjfZfl7cBLOC_3std3sys6thread4unixNtB5_6Thread3new
0000000000000000 T _RNvMs0_NtNtNtCsjfZfl7cBLOC_3std3sys6thread4unixNtB5_6Thread4join
0000000000000000 T _RNvMs0_NtNtNtNtCsjfZfl7cBLOC_3std2os4unix3net6streamNtB5_10UnixStream10local_addr
0000000000000000 T _RNvMs0_NtNtNtNtCsjfZfl7cBLOC_3std2os4unix3net6streamNtB5_10UnixStream10take_error
0000000000000000 T _RNvMs0_NtNtNtNtCsjfZfl7cBLOC_3std2os4unix3net6streamNtB5_10UnixStream12connect_addr
0000000000000000 T _RNvMs0_NtNtNtNtCsjfZfl7cBLOC_3std2os4unix3net6streamNtB5_10UnixStream12read_timeout
0000000000000000 T _RNvMs0_NtNtNtNtCsjfZfl7cBLOC_3std2os4unix3net6streamNtB5_10UnixStream13write_timeout
0000000000000000 T _RNvMs0_NtNtNtNtCsjfZfl7cBLOC_3std2os4unix3net6streamNtB5_10UnixStream15set_nonblocking
0000000000000000 T _RNvMs0_NtNtNtNtCsjfZfl7cBLOC_3std2os4unix3net6streamNtB5_10UnixStream16set_read_timeout
0000000000000000 T _RNvMs0_NtNtNtNtCsjfZfl7cBLOC_3std2os4unix3net6streamNtB5_10UnixStream17set_write_timeout
0000000000000000 T _RNvMs0_NtNtNtNtCsjfZfl7cBLOC_3std2os4unix3net6streamNtB5_10UnixStream28recv_vectored_with_ancillary
0000000000000000 T _RNvMs0_NtNtNtNtCsjfZfl7cBLOC_3std2os4unix3net6streamNtB5_10UnixStream28send_vectored_with_ancillary
0000000000000000 T _RNvMs0_NtNtNtNtCsjfZfl7cBLOC_3std2os4unix3net6streamNtB5_10UnixStream4pair
0000000000000000 T _RNvMs0_NtNtNtNtCsjfZfl7cBLOC_3std2os4unix3net6streamNtB5_10UnixStream4peek
0000000000000000 T _RNvMs0_NtNtNtNtCsjfZfl7cBLOC_3std2os4unix3net6streamNtB5_10UnixStream8set_mark
0000000000000000 T _RNvMs0_NtNtNtNtCsjfZfl7cBLOC_3std2os4unix3net6streamNtB5_10UnixStream8shutdown
0000000000000000 T _RNvMs0_NtNtNtNtCsjfZfl7cBLOC_3std2os4unix3net6streamNtB5_10UnixStream9peer_addr
0000000000000000 T _RNvMs0_NtNtNtNtCsjfZfl7cBLOC_3std2os4unix3net6streamNtB5_10UnixStream9peer_cred
0000000000000000 T _RNvMs0_NtNtNtNtCsjfZfl7cBLOC_3std2os4unix3net6streamNtB5_10UnixStream9try_clone
0000000000000000 T _RNvMs0_NtNtNtNtCsjfZfl7cBLOC_3std2os4unix3net8datagramNtB5_12UnixDatagram10local_addr
0000000000000000 T _RNvMs0_NtNtNtNtCsjfZfl7cBLOC_3std2os4unix3net8datagramNtB5_12UnixDatagram10take_error
0000000000000000 T _RNvMs0_NtNtNtNtCsjfZfl7cBLOC_3std2os4unix3net8datagramNtB5_12UnixDatagram12connect_addr
0000000000000000 T _RNvMs0_NtNtNtNtCsjfZfl7cBLOC_3std2os4unix3net8datagramNtB5_12UnixDatagram12read_timeout
0000000000000000 T _RNvMs0_NtNtNtNtCsjfZfl7cBLOC_3std2os4unix3net8datagramNtB5_12UnixDatagram12send_to_addr
0000000000000000 T _RNvMs0_NtNtNtNtCsjfZfl7cBLOC_3std2os4unix3net8datagramNtB5_12UnixDatagram13write_timeout
0000000000000000 T _RNvMs0_NtNtNtNtCsjfZfl7cBLOC_3std2os4unix3net8datagramNtB5_12UnixDatagram15set_nonblocking
0000000000000000 T _RNvMs0_NtNtNtNtCsjfZfl7cBLOC_3std2os4unix3net8datagramNtB5_12UnixDatagram16set_read_timeout
0000000000000000 T _RNvMs0_NtNtNtNtCsjfZfl7cBLOC_3std2os4unix3net8datagramNtB5_12UnixDatagram17set_write_timeout
0000000000000000 T _RNvMs0_NtNtNtNtCsjfZfl7cBLOC_3std2os4unix3net8datagramNtB5_12UnixDatagram28recv_vectored_with_ancillary
0000000000000000 T _RNvMs0_NtNtNtNtCsjfZfl7cBLOC_3std2os4unix3net8datagramNtB5_12UnixDatagram28send_vectored_with_ancillary
0000000000000000 T _RNvMs0_NtNtNtNtCsjfZfl7cBLOC_3std2os4unix3net8datagramNtB5_12UnixDatagram33recv_vectored_with_ancillary_from
0000000000000000 T _RNvMs0_NtNtNtNtCsjfZfl7cBLOC_3std2os4unix3net8datagramNtB5_12UnixDatagram4pair
0000000000000000 T _RNvMs0_NtNtNtNtCsjfZfl7cBLOC_3std2os4unix3net8datagramNtB5_12UnixDatagram4peek
0000000000000000 T _RNvMs0_NtNtNtNtCsjfZfl7cBLOC_3std2os4unix3net8datagramNtB5_12UnixDatagram4recv
0000000000000000 T _RNvMs0_NtNtNtNtCsjfZfl7cBLOC_3std2os4unix3net8datagramNtB5_12UnixDatagram4send
0000000000000000 T _RNvMs0_NtNtNtNtCsjfZfl7cBLOC_3std2os4unix3net8datagramNtB5_12UnixDatagram7unbound
0000000000000000 T _RNvMs0_NtNtNtNtCsjfZfl7cBLOC_3std2os4unix3net8datagramNtB5_12UnixDatagram8set_mark
0000000000000000 T _RNvMs0_NtNtNtNtCsjfZfl7cBLOC_3std2os4unix3net8datagramNtB5_12UnixDatagram8shutdown
0000000000000000 T _RNvMs0_NtNtNtNtCsjfZfl7cBLOC_3std2os4unix3net8datagramNtB5_12UnixDatagram9bind_addr
0000000000000000 T _RNvMs0_NtNtNtNtCsjfZfl7cBLOC_3std2os4unix3net8datagramNtB5_12UnixDatagram9peek_from
0000000000000000 T _RNvMs0_NtNtNtNtCsjfZfl7cBLOC_3std2os4unix3net8datagramNtB5_12UnixDatagram9peer_addr
0000000000000000 T _RNvMs0_NtNtNtNtCsjfZfl7cBLOC_3std2os4unix3net8datagramNtB5_12UnixDatagram9recv_from
0000000000000000 T _RNvMs0_NtNtNtNtCsjfZfl7cBLOC_3std2os4unix3net8datagramNtB5_12UnixDatagram9try_clone
0000000000000000 T _RNvMs0_NtNtNtNtCsjfZfl7cBLOC_3std3sys4sync4once5futexNtB5_4Once4call
0000000000000000 T _RNvMs16_NtCsjfZfl7cBLOC_3std4pathNtB6_4Path10__ends_with
0000000000000000 T _RNvMs16_NtCsjfZfl7cBLOC_3std4pathNtB6_4Path10components
0000000000000000 T _RNvMs16_NtCsjfZfl7cBLOC_3std4pathNtB6_4Path10is_symlink
0000000000000000 T _RNvMs16_NtCsjfZfl7cBLOC_3std4pathNtB6_4Path11file_prefix
0000000000000000 T _RNvMs16_NtCsjfZfl7cBLOC_3std4pathNtB6_4Path11is_absolute
0000000000000000 T _RNvMs16_NtCsjfZfl7cBLOC_3std4pathNtB6_4Path11to_path_buf
0000000000000000 T _RNvMs16_NtCsjfZfl7cBLOC_3std4pathNtB6_4Path12__starts_with
0000000000000000 T _RNvMs16_NtCsjfZfl7cBLOC_3std4pathNtB6_4Path13__strip_prefix
0000000000000000 T _RNvMs16_NtCsjfZfl7cBLOC_3std4pathNtB6_4Path13into_path_buf
0000000000000000 T _RNvMs16_NtCsjfZfl7cBLOC_3std4pathNtB6_4Path15__with_extension
0000000000000000 T _RNvMs16_NtCsjfZfl7cBLOC_3std4pathNtB6_4Path15__with_file_name
0000000000000000 T _RNvMs16_NtCsjfZfl7cBLOC_3std4pathNtB6_4Path19normalize_lexically
0000000000000000 T _RNvMs16_NtCsjfZfl7cBLOC_3std4pathNtB6_4Path5__join
0000000000000000 T _RNvMs16_NtCsjfZfl7cBLOC_3std4pathNtB6_4Path6is_dir
0000000000000000 T _RNvMs16_NtCsjfZfl7cBLOC_3std4pathNtB6_4Path6parent
0000000000000000 T _RNvMs16_NtCsjfZfl7cBLOC_3std4pathNtB6_4Path7is_file
0000000000000000 T _RNvMs16_NtCsjfZfl7cBLOC_3std4pathNtB6_4Path9extension
0000000000000000 T _RNvMs16_NtCsjfZfl7cBLOC_3std4pathNtB6_4Path9file_name
0000000000000000 T _RNvMs16_NtCsjfZfl7cBLOC_3std4pathNtB6_4Path9file_stem
0000000000000000 T _RNvMs1_NtNtCsjfZfl7cBLOC_3std2io5stdioNtB5_5Stdin4lock
0000000000000000 T _RNvMs1_NtNtCsjfZfl7cBLOC_3std2io5stdioNtB5_5Stdin5lines
0000000000000000 T _RNvMs1_NtNtCsjfZfl7cBLOC_3std2io5stdioNtB5_5Stdin9read_line
0000000000000000 T _RNvMs2_NtCsjfZfl7cBLOC_3std2fsNtB5_4File11lock_shared
0000000000000000 T _RNvMs2_NtCsjfZfl7cBLOC_3std2fsNtB5_4File15set_permissions
0000000000000000 T _RNvMs2_NtCsjfZfl7cBLOC_3std2fsNtB5_4File15try_lock_shared
0000000000000000 T _RNvMs2_NtCsjfZfl7cBLOC_3std2fsNtB5_4File4lock
0000000000000000 T _RNvMs2_NtCsjfZfl7cBLOC_3std2fsNtB5_4File6unlock
0000000000000000 T _RNvMs2_NtCsjfZfl7cBLOC_3std2fsNtB5_4File7set_len
0000000000000000 T _RNvMs2_NtCsjfZfl7cBLOC_3std2fsNtB5_4File8metadata
0000000000000000 T _RNvMs2_NtCsjfZfl7cBLOC_3std2fsNtB5_4File8sync_all
0000000000000000 T _RNvMs2_NtCsjfZfl7cBLOC_3std2fsNtB5_4File8try_lock
0000000000000000 T _RNvMs2_NtCsjfZfl7cBLOC_3std2fsNtB5_4File9set_times
0000000000000000 T _RNvMs2_NtCsjfZfl7cBLOC_3std2fsNtB5_4File9sync_data
0000000000000000 T _RNvMs2_NtCsjfZfl7cBLOC_3std2fsNtB5_4File9try_clone
0000000000000000 T _RNvMs2_NtCsjfZfl7cBLOC_3std2ioNtB5_10IoSliceMut10into_slice
0000000000000000 T _RNvMs2_NtCsjfZfl7cBLOC_3std9backtraceNtB5_9Backtrace13force_capture
0000000000000000 T _RNvMs2_NtCsjfZfl7cBLOC_3std9backtraceNtB5_9Backtrace7capture
0000000000000000 T _RNvMs2_NtNtCsjfZfl7cBLOC_3std2io4pipeNtB5_10PipeReader9try_clone
0000000000000000 T _RNvMs3_NtCsi2GJixwxVUa_5alloc7raw_vecINtB5_6RawVecINtNtB7_3vec3VechEE8grow_oneCsjfZfl7cBLOC_3std
0000000000000000 T _RNvMs3_NtCsi2GJixwxVUa_5alloc7raw_vecINtB5_6RawVecINtNtB7_5boxed3BoxDINtNtNtCsfo0Ls1ZyrQZ_4core3ops8function5FnMutuEp6OutputINtNtB1c_6result6ResultuNtNtNtCsjfZfl7cBLOC_3std2io5error5ErrorENtNtB1c_6marker4SendNtB32_4SyncEL_EE8grow_oneB2s_
0000000000000000 T _RNvMs3_NtCsi2GJixwxVUa_5alloc7raw_vecINtB5_6RawVecINtNtCshbouhvQBlb6_9addr2line4unit7ResUnitINtNtNtCs1eQApc8mWYw_5gimli4read12endian_slice11EndianSliceNtNtB1z_9endianity12LittleEndianEEE8grow_oneCsjfZfl7cBLOC_3std
0000000000000000 T _RNvMs3_NtCsi2GJixwxVUa_5alloc7raw_vecINtB5_6RawVecINtNtCshbouhvQBlb6_9addr2line4unit7SupUnitINtNtNtCs1eQApc8mWYw_5gimli4read12endian_slice11EndianSliceNtNtB1z_9endianity12LittleEndianEEE8grow_oneCsjfZfl7cBLOC_3std
0000000000000000 T _RNvMs3_NtCsi2GJixwxVUa_5alloc7raw_vecINtB5_6RawVecINtNtCshbouhvQBlb6_9addr2line8function12LazyFunctionINtNtNtCs1eQApc8mWYw_5gimli4read12endian_slice11EndianSliceNtNtB1J_9endianity12LittleEndianEEE8grow_oneCsjfZfl7cBLOC_3std
0000000000000000 T _RNvMs3_NtCsi2GJixwxVUa_5alloc7raw_vecINtB5_6RawVecINtNtCshbouhvQBlb6_9addr2line8function15InlinedFunctionINtNtNtCs1eQApc8mWYw_5gimli4read12endian_slice11EndianSliceNtNtB1M_9endianity12LittleEndianEEE8grow_oneCsjfZfl7cBLOC_3std
0000000000000000 T _RNvMs3_NtCsi2GJixwxVUa_5alloc7raw_vecINtB5_6RawVecINtNtNtCs1eQApc8mWYw_5gimli4read4line9FileEntryINtNtBR_12endian_slice11EndianSliceNtNtBT_9endianity12LittleEndianEjEE8grow_oneCsjfZfl7cBLOC_3std
0000000000000000 T _RNvMs3_NtCsi2GJixwxVUa_5alloc7raw_vecINtB5_6RawVecINtNtNtCs1eQApc8mWYw_5gimli4read4unit14AttributeValueINtNtBR_12endian_slice11EndianSliceNtNtBT_9endianity12LittleEndianEjEE8grow_oneCsjfZfl7cBLOC_3std
0000000000000000 T _RNvMs3_NtCsi2GJixwxVUa_5alloc7raw_vecINtB5_6RawVecNtNtB7_6string6StringE8grow_oneCsjfZfl7cBLOC_3std
0000000000000000 T _RNvMs3_NtCsi2GJixwxVUa_5alloc7raw_vecINtB5_6RawVecNtNtCshbouhvQBlb6_9addr2line4line12LineSequenceE8grow_oneCsjfZfl7cBLOC_3std
0000000000000000 T _RNvMs3_NtCsi2GJixwxVUa_5alloc7raw_vecINtB5_6RawVecNtNtCshbouhvQBlb6_9addr2line4line7LineRowE8grow_oneCsjfZfl7cBLOC_3std
0000000000000000 T _RNvMs3_NtCsi2GJixwxVUa_5alloc7raw_vecINtB5_6RawVecNtNtCshbouhvQBlb6_9addr2line4unit9UnitRangeE8grow_oneCsjfZfl7cBLOC_3std
0000000000000000 T _RNvMs3_NtCsi2GJixwxVUa_5alloc7raw_vecINtB5_6RawVecNtNtCshbouhvQBlb6_9addr2line8function15FunctionAddressE8grow_oneCsjfZfl7cBLOC_3std
0000000000000000 T _RNvMs3_NtCsi2GJixwxVUa_5alloc7raw_vecINtB5_6RawVecNtNtCshbouhvQBlb6_9addr2line8function22InlinedFunctionAddressE8grow_oneCsjfZfl7cBLOC_3std
0000000000000000 T _RNvMs3_NtCsi2GJixwxVUa_5alloc7raw_vecINtB5_6RawVecNtNtCsjfZfl7cBLOC_3std9backtrace14BacktraceFrameE8grow_oneBQ_
0000000000000000 T _RNvMs3_NtCsi2GJixwxVUa_5alloc7raw_vecINtB5_6RawVecNtNtCsjfZfl7cBLOC_3std9backtrace15BacktraceSymbolE8grow_oneBQ_
0000000000000000 T _RNvMs3_NtCsi2GJixwxVUa_5alloc7raw_vecINtB5_6RawVecNtNtNtCs1eQApc8mWYw_5gimli4read4line15FileEntryFormatE8grow_oneCsjfZfl7cBLOC_3std
0000000000000000 T _RNvMs3_NtCsi2GJixwxVUa_5alloc7raw_vecINtB5_6RawVecNtNtNtCsjfZfl7cBLOC_3std3ffi6os_str8OsStringE8grow_oneBS_
0000000000000000 T _RNvMs3_NtCsi2GJixwxVUa_5alloc7raw_vecINtB5_6RawVecNtNtNtNtCsjfZfl7cBLOC_3std12backtrace_rs9symbolize5gimli7LibraryE8grow_oneBU_
0000000000000000 T _RNvMs3_NtCsi2GJixwxVUa_5alloc7raw_vecINtB5_6RawVecNtNtNtNtNtCsjfZfl7cBLOC_3std12backtrace_rs9symbolize5gimli19parse_running_mmaps9MapsEntryE8grow_oneBW_
0000000000000000 T _RNvMs3_NtCsi2GJixwxVUa_5alloc7raw_vecINtB5_6RawVecNtNtNtNtNtCsjfZfl7cBLOC_3std12backtrace_rs9symbolize5gimli4mmap4MmapE8grow_oneBW_
0000000000000000 T _RNvMs3_NtCsi2GJixwxVUa_5alloc7raw_vecINtB5_6RawVecPhE8grow_oneCsjfZfl7cBLOC_3std
0000000000000000 T _RNvMs3_NtCsi2GJixwxVUa_5alloc7raw_vecINtB5_6RawVecRINtNtCshbouhvQBlb6_9addr2line8function15InlinedFunctionINtNtNtCs1eQApc8mWYw_5gimli4read12endian_slice11EndianSliceNtNtB1N_9endianity12LittleEndianEEE8grow_oneCsjfZfl7cBLOC_3std
0000000000000000 T _RNvMs3_NtCsi2GJixwxVUa_5alloc7raw_vecINtB5_6RawVecTNtNtCs1eQApc8mWYw_5gimli6common15DebugInfoOffsetNtBP_18DebugArangesOffsetEE8grow_oneCsjfZfl7cBLOC_3std
0000000000000000 T _RNvMs3_NtCsi2GJixwxVUa_5alloc7raw_vecINtB5_6RawVecTNtNtNtCsjfZfl7cBLOC_3std3ffi6os_str8OsStringBN_EE8grow_oneBT_
0000000000000000 T _RNvMs3_NtCsi2GJixwxVUa_5alloc7raw_vecINtB5_6RawVecTOhFUKCBN_EuENtNtCsjfZfl7cBLOC_3std5alloc6SystemE8grow_oneB13_
0000000000000000 T _RNvMs3_NtCsjfZfl7cBLOC_3std9backtraceNtB5_9Backtrace6frames
0000000000000000 T _RNvMs3_NtNtCsjfZfl7cBLOC_3std2io4pipeNtB5_10PipeWriter9try_clone
0000000000000000 T _RNvMs3_NtNtCsjfZfl7cBLOC_3std2io5errorNtB5_5Error4__new
0000000000000000 T _RNvMs5_NtCsjfZfl7cBLOC_3std4timeNtB5_10SystemTime11checked_add
0000000000000000 T _RNvMs5_NtCsjfZfl7cBLOC_3std4timeNtB5_10SystemTime11checked_sub
0000000000000000 T _RNvMs5_NtCsjfZfl7cBLOC_3std4timeNtB5_10SystemTime14duration_since
0000000000000000 T _RNvMs5_NtCsjfZfl7cBLOC_3std4timeNtB5_10SystemTime14saturating_add
0000000000000000 T _RNvMs5_NtCsjfZfl7cBLOC_3std4timeNtB5_10SystemTime14saturating_sub
0000000000000000 T _RNvMs5_NtCsjfZfl7cBLOC_3std4timeNtB5_10SystemTime25saturating_duration_since
0000000000000000 T _RNvMs5_NtCsjfZfl7cBLOC_3std4timeNtB5_10SystemTime3now
0000000000000000 T _RNvMs5_NtCsjfZfl7cBLOC_3std4timeNtB5_10SystemTime7elapsed
0000000000000000 T _RNvMs5_NtNtNtNtCsjfZfl7cBLOC_3std2os4unix3net9ancillaryNtB5_15SocketAncillary7add_fds
0000000000000000 T _RNvMs5_NtNtNtNtCsjfZfl7cBLOC_3std2os4unix3net9ancillaryNtB5_15SocketAncillary8messages
0000000000000000 T _RNvMs5_NtNtNtNtCsjfZfl7cBLOC_3std2os4unix3net9ancillaryNtB5_15SocketAncillary9add_creds
0000000000000000 T _RNvMs7_NtNtCsjfZfl7cBLOC_3std3net3tcpNtB5_11TcpListener10local_addr
0000000000000000 T _RNvMs7_NtNtCsjfZfl7cBLOC_3std3net3tcpNtB5_11TcpListener10take_error
0000000000000000 T _RNvMs7_NtNtCsjfZfl7cBLOC_3std3net3tcpNtB5_11TcpListener11set_only_v6
0000000000000000 T _RNvMs7_NtNtCsjfZfl7cBLOC_3std3net3tcpNtB5_11TcpListener15set_nonblocking
0000000000000000 T _RNvMs7_NtNtCsjfZfl7cBLOC_3std3net3tcpNtB5_11TcpListener3ttl
0000000000000000 T _RNvMs7_NtNtCsjfZfl7cBLOC_3std3net3tcpNtB5_11TcpListener6accept
0000000000000000 T _RNvMs7_NtNtCsjfZfl7cBLOC_3std3net3tcpNtB5_11TcpListener7only_v6
0000000000000000 T _RNvMs7_NtNtCsjfZfl7cBLOC_3std3net3tcpNtB5_11TcpListener7set_ttl
0000000000000000 T _RNvMs7_NtNtCsjfZfl7cBLOC_3std3net3tcpNtB5_11TcpListener9try_clone
0000000000000000 T _RNvMs8_NtCsjfZfl7cBLOC_3std2ioNtB5_7IoSlice8as_slice
0000000000000000 T _RNvMs8_NtCsjfZfl7cBLOC_3std4pathNtB5_10Components7as_path
0000000000000000 T _RNvMsA_NtCsjfZfl7cBLOC_3std2fsNtB5_8DirEntry4path
0000000000000000 T _RNvMsA_NtCsjfZfl7cBLOC_3std2fsNtB5_8DirEntry8metadata
0000000000000000 T _RNvMsA_NtCsjfZfl7cBLOC_3std2fsNtB5_8DirEntry9file_name
0000000000000000 T _RNvMsA_NtCsjfZfl7cBLOC_3std2fsNtB5_8DirEntry9file_type
0000000000000000 T _RNvMsD_NtCsjfZfl7cBLOC_3std2fsNtB5_10DirBuilder7__create
0000000000000000 T _RNvMsN_NtCsjfZfl7cBLOC_3std7processNtB5_15ExitStatusError12code_nonzero
0000000000000000 T _RNvMsN_NtCsjfZfl7cBLOC_3std7processNtB5_15ExitStatusError4code
0000000000000000 T _RNvMsS_NtCsjfZfl7cBLOC_3std7processNtB5_8ExitCode12exit_process
0000000000000000 T _RNvMsY_NtCsjfZfl7cBLOC_3std7processNtB5_5Child16wait_with_output
0000000000000000 T _RNvMsY_NtCsjfZfl7cBLOC_3std7processNtB5_5Child4kill
0000000000000000 T _RNvMsY_NtCsjfZfl7cBLOC_3std7processNtB5_5Child4wait
0000000000000000 T _RNvMsY_NtCsjfZfl7cBLOC_3std7processNtB5_5Child8try_wait
0000000000000000 T _RNvMs_NtNtCsjfZfl7cBLOC_3std12backtrace_rs9symbolizeNtB4_6Symbol12filename_raw
0000000000000000 T _RNvMs_NtNtCsjfZfl7cBLOC_3std12backtrace_rs9symbolizeNtB4_6Symbol4name
0000000000000000 T _RNvMs_NtNtCsjfZfl7cBLOC_3std6thread6threadNtB4_6Thread12park_timeout
0000000000000000 T _RNvMs_NtNtCsjfZfl7cBLOC_3std6thread6threadNtB4_6Thread3new
0000000000000000 T _RNvMs_NtNtCsjfZfl7cBLOC_3std6thread6threadNtB4_6Thread4name
0000000000000000 T _RNvMs_NtNtCsjfZfl7cBLOC_3std6thread6threadNtB4_6Thread4park
0000000000000000 T _RNvMs_NtNtCsjfZfl7cBLOC_3std6thread6threadNtB4_6Thread8from_raw
0000000000000000 T _RNvMs_NtNtCsjfZfl7cBLOC_3std6thread9spawnhookNtB4_15ChildSpawnHooks3run
0000000000000000 T _RNvMs_NtNtNtCsjfZfl7cBLOC_3std2io8buffered9bufwriterINtB4_9BufWriterNtNtB8_5stdio9StdoutRawE10write_coldBa_
0000000000000000 T _RNvMs_NtNtNtCsjfZfl7cBLOC_3std2io8buffered9bufwriterINtB4_9BufWriterNtNtB8_5stdio9StdoutRawE14write_all_coldBa_
0000000000000000 T _RNvMs_NtNtNtCsjfZfl7cBLOC_3std2os2fd5ownedNtB4_7OwnedFd9try_clone
0000000000000000 T _RNvMs_NtNtNtCsjfZfl7cBLOC_3std3sys7process3envNtB4_10CommandEnv3set
0000000000000000 T _RNvMs_NtNtNtCsjfZfl7cBLOC_3std3sys7process3envNtB4_10CommandEnv6remove
0000000000000000 T _RNvMs_NtNtNtNtCsjfZfl7cBLOC_3std2os4unix3net8listenerNtB4_12UnixListener10local_addr
0000000000000000 T _RNvMs_NtNtNtNtCsjfZfl7cBLOC_3std2os4unix3net8listenerNtB4_12UnixListener10take_error
0000000000000000 T _RNvMs_NtNtNtNtCsjfZfl7cBLOC_3std2os4unix3net8listenerNtB4_12UnixListener15set_nonblocking
0000000000000000 T _RNvMs_NtNtNtNtCsjfZfl7cBLOC_3std2os4unix3net8listenerNtB4_12UnixListener6accept
0000000000000000 T _RNvMs_NtNtNtNtCsjfZfl7cBLOC_3std2os4unix3net8listenerNtB4_12UnixListener9bind_addr
0000000000000000 T _RNvMs_NtNtNtNtCsjfZfl7cBLOC_3std2os4unix3net8listenerNtB4_12UnixListener9try_clone
0000000000000000 T _RNvMs_NtNtNtNtCsjfZfl7cBLOC_3std3sys7process4unix6commonNtB4_7Command3arg
0000000000000000 T _RNvMs_NtNtNtNtCsjfZfl7cBLOC_3std3sys7process4unix6commonNtB4_7Command3cwd
0000000000000000 T _RNvMs_NtNtNtNtCsjfZfl7cBLOC_3std3sys7process4unix6commonNtB4_7Command3new
0000000000000000 T _RNvMs_NtNtNtNtCsjfZfl7cBLOC_3std3sys7process4unix6commonNtB4_7Command5stdin
0000000000000000 T _RNvMs_NtNtNtNtCsjfZfl7cBLOC_3std3sys7process4unix6commonNtB4_7Command6chroot
0000000000000000 T _RNvMs_NtNtNtNtCsjfZfl7cBLOC_3std3sys7process4unix6commonNtB4_7Command6stderr
0000000000000000 T _RNvMs_NtNtNtNtCsjfZfl7cBLOC_3std3sys7process4unix6commonNtB4_7Command6stdout
0000000000000000 T _RNvMs_NtNtNtNtCsjfZfl7cBLOC_3std3sys7process4unix6commonNtB4_7Command8pre_exec
0000000000000000 T _RNvMs_NtNtNtNtCsjfZfl7cBLOC_3std3sys7process4unix6commonNtB4_7Command9set_arg_0
0000000000000000 T _RNvMsa_NtNtCsjfZfl7cBLOC_3std2io5stdioNtB5_6Stdout4lock
0000000000000000 T _RNvMsa_NtNtNtNtCsjfZfl7cBLOC_3std3sys3net10connection6socketNtB5_9UdpSocket7send_to
0000000000000000 T _RNvMsi_NtNtNtCsjfZfl7cBLOC_3std3sys2fs4unixNtB5_4File13read_vectored
0000000000000000 T _RNvMsi_NtNtNtCsjfZfl7cBLOC_3std3sys2fs4unixNtB5_4File4read
0000000000000000 T _RNvMsi_NtNtNtCsjfZfl7cBLOC_3std3sys2fs4unixNtB5_4File8read_buf
0000000000000000 T _RNvMsj_NtCsjfZfl7cBLOC_3std2fsNtB5_11OpenOptions5__open
0000000000000000 T _RNvMsk_NtCsjfZfl7cBLOC_3std7processNtB5_7Command11get_program
0000000000000000 T _RNvMsk_NtCsjfZfl7cBLOC_3std7processNtB5_7Command15get_current_dir
0000000000000000 T _RNvMsk_NtCsjfZfl7cBLOC_3std7processNtB5_7Command17get_resolved_envs
0000000000000000 T _RNvMsk_NtCsjfZfl7cBLOC_3std7processNtB5_7Command5spawn
0000000000000000 T _RNvMsk_NtCsjfZfl7cBLOC_3std7processNtB5_7Command6output
0000000000000000 T _RNvMsk_NtCsjfZfl7cBLOC_3std7processNtB5_7Command6status
0000000000000000 T _RNvMsk_NtCsjfZfl7cBLOC_3std7processNtB5_7Command8get_args
0000000000000000 T _RNvMsk_NtCsjfZfl7cBLOC_3std7processNtB5_7Command9env_clear
0000000000000000 T _RNvMsk_NtNtCsjfZfl7cBLOC_3std2io5stdioNtB5_6Stderr4lock
0000000000000000 T _RNvMsl_NtNtCsjfZfl7cBLOC_3std3ffi6os_strNtB5_5OsStr14into_os_string
0000000000000000 T _RNvMsl_NtNtCsjfZfl7cBLOC_3std3ffi6os_strNtB5_5OsStr16split_at_checked
0000000000000000 T _RNvMsl_NtNtCsjfZfl7cBLOC_3std3ffi6os_strNtB5_5OsStr18to_ascii_lowercase
0000000000000000 T _RNvMsl_NtNtCsjfZfl7cBLOC_3std3ffi6os_strNtB5_5OsStr18to_ascii_uppercase
0000000000000000 T _RNvMsl_NtNtCsjfZfl7cBLOC_3std3ffi6os_strNtB5_5OsStr8split_at
0000000000000000 T _RNvMsm_NtCsjfZfl7cBLOC_3std2fsNtB5_8Metadata7created
0000000000000000 T _RNvMsm_NtCsjfZfl7cBLOC_3std2fsNtB5_8Metadata8accessed
0000000000000000 T _RNvMsm_NtCsjfZfl7cBLOC_3std2fsNtB5_8Metadata8modified
0000000000000000 T _RNvMsn_NtCsi2GJixwxVUa_5alloc4syncINtB5_3ArcINtNtNtCs1eQApc8mWYw_5gimli4read5dwarf5DwarfINtNtBL_12endian_slice11EndianSliceNtNtBN_9endianity12LittleEndianEEE9drop_slowCsjfZfl7cBLOC_3std
0000000000000000 T _RNvMsn_NtCsi2GJixwxVUa_5alloc4syncINtB5_3ArcINtNtNtNtCsjfZfl7cBLOC_3std4sync6poison5mutex5MutexINtNtB7_3vec3VechEEE9drop_slowBP_
0000000000000000 T _RNvMsn_NtCsi2GJixwxVUa_5alloc4syncINtB5_3ArcNtNtNtCs1eQApc8mWYw_5gimli4read6abbrev13AbbreviationsE9drop_slowCsjfZfl7cBLOC_3std
0000000000000000 T _RNvMsn_NtCsi2GJixwxVUa_5alloc4syncINtB5_3ArcNtNtNtCsjfZfl7cBLOC_3std6thread6thread5InnerNtNtBM_5alloc6SystemE9drop_slowBM_
0000000000000000 T _RNvMsn_NtCsi2GJixwxVUa_5alloc4syncINtB5_3ArcNtNtNtCsjfZfl7cBLOC_3std6thread9spawnhook9SpawnHookE9drop_slowBM_
0000000000000000 T _RNvMsn_NtCsi2GJixwxVUa_5alloc4syncINtB5_3ArcNtNtNtNtCsjfZfl7cBLOC_3std3sys2fs4unix12InnerReadDirE9drop_slowBO_
0000000000000000 T _RNvMsr_NtCsjfZfl7cBLOC_3std4pathNtB5_7PathBuf11into_string
0000000000000000 T _RNvMsr_NtCsjfZfl7cBLOC_3std4pathNtB5_7PathBuf14__add_extension
0000000000000000 T _RNvMsr_NtCsjfZfl7cBLOC_3std4pathNtB5_7PathBuf14__set_extension
0000000000000000 T _RNvMsr_NtCsjfZfl7cBLOC_3std4pathNtB5_7PathBuf14__set_file_name
0000000000000000 T _RNvMsr_NtCsjfZfl7cBLOC_3std4pathNtB5_7PathBuf16pop_trailing_sep
0000000000000000 T _RNvMsr_NtCsjfZfl7cBLOC_3std4pathNtB5_7PathBuf16set_trailing_sep
0000000000000000 T _RNvMsr_NtCsjfZfl7cBLOC_3std4pathNtB5_7PathBuf17push_trailing_sep
0000000000000000 T _RNvMsr_NtCsjfZfl7cBLOC_3std4pathNtB5_7PathBuf3pop
0000000000000000 T _RNvMsr_NtCsjfZfl7cBLOC_3std4pathNtB5_7PathBuf5__push
0000000000000000 T _RNvMst_NtCsjfZfl7cBLOC_3std7processNtB5_6Output7exit_ok
0000000000000000 B _RNvNCNKNvNtNtCsjfZfl7cBLOC_3std6thread9spawnhook11SPAWN_HOOKS0023___RUST_STD_INTERNAL_VAL
0000000000000000 B _RNvNCNKNvNvMNtNtCsjfZfl7cBLOC_3std4hash6randomNtBa_11RandomState3new4KEYS0s_023___RUST_STD_INTERNAL_VAL
0000000000000000 B _RNvNCNKNvNvMNtNtNtCsjfZfl7cBLOC_3std4sync4mpmc7contextNtBa_7Context4with7CONTEXT0023___RUST_STD_INTERNAL_VAL
0000000000000000 D _RNvNCNKNvNvNtNtNtCsjfZfl7cBLOC_3std4sync4mpmc5waker17current_thread_id5DUMMY0s_023___RUST_STD_INTERNAL_VAL
0000000000000000 B _RNvNCNvNtNtCsjfZfl7cBLOC_3std6thread9lifecycle15spawn_unchecked03MIN
0000000000000000 T _RNvNtCsjfZfl7cBLOC_3std2rt19lang_start_internal
0000000000000000 T _RNvNtCsjfZfl7cBLOC_3std3env11current_dir
0000000000000000 T _RNvNtCsjfZfl7cBLOC_3std3env11current_exe
0000000000000000 T _RNvNtCsjfZfl7cBLOC_3std3env4__var
0000000000000000 T _RNvNtCsjfZfl7cBLOC_3std3env4args
0000000000000000 T _RNvNtCsjfZfl7cBLOC_3std3env4vars
0000000000000000 T _RNvNtCsjfZfl7cBLOC_3std3env7__var_os
0000000000000000 T _RNvNtCsjfZfl7cBLOC_3std3env7args_os
0000000000000000 T _RNvNtCsjfZfl7cBLOC_3std3env7vars_os
0000000000000000 T _RNvNtCsjfZfl7cBLOC_3std3env8home_dir
0000000000000000 T _RNvNtCsjfZfl7cBLOC_3std3env8temp_dir
0000000000000000 T _RNvNtCsjfZfl7cBLOC_3std4path18compare_components
0000000000000000 T _RNvNtCsjfZfl7cBLOC_3std5alloc20set_alloc_error_hook
0000000000000000 T _RNvNtCsjfZfl7cBLOC_3std5alloc24default_alloc_error_hook
0000000000000000 B _RNvNtCsjfZfl7cBLOC_3std5alloc4HOOK
0000000000000000 T _RNvNtCsjfZfl7cBLOC_3std5alloc8rust_oom
0000000000000000 T _RNvNtCsjfZfl7cBLOC_3std5panic13resume_unwind
0000000000000000 T _RNvNtCsjfZfl7cBLOC_3std5panic19get_backtrace_style
0000000000000000 T _RNvNtCsjfZfl7cBLOC_3std5panic19set_backtrace_style
0000000000000000 T _RNvNtCsjfZfl7cBLOC_3std7process2id
0000000000000000 T _RNvNtCsjfZfl7cBLOC_3std7process4exit
0000000000000000 T _RNvNtCsjfZfl7cBLOC_3std7process5abort
0000000000000000 D _RNvNtCsjfZfl7cBLOC_3std9panicking11EMPTY_PANIC
0000000000000000 T _RNvNtCsjfZfl7cBLOC_3std9panicking12default_hook
0000000000000000 T _RNvNtCsjfZfl7cBLOC_3std9panicking14payload_as_str
0000000000000000 T _RNvNtCsjfZfl7cBLOC_3std9panicking15panic_with_hook
0000000000000000 B _RNvNtCsjfZfl7cBLOC_3std9panicking4HOOK
0000000000000000 T _RNvNtCsjfZfl7cBLOC_3std9panicking8set_hook
0000000000000000 T _RNvNtCsjfZfl7cBLOC_3std9panicking9take_hook
0000000000000000 T _RNvNtNtCsjfZfl7cBLOC_3std2io5stdio18set_output_capture
0000000000000000 T _RNvNtNtCsjfZfl7cBLOC_3std2io5stdio22try_set_output_capture
0000000000000000 T _RNvNtNtCsjfZfl7cBLOC_3std2io5stdio23attempt_print_to_stderr
0000000000000000 T _RNvNtNtCsjfZfl7cBLOC_3std2io5stdio5stdin
0000000000000000 T _RNvNtNtCsjfZfl7cBLOC_3std2io5stdio6__print
0000000000000000 T _RNvNtNtCsjfZfl7cBLOC_3std2io5stdio6stdout
0000000000000000 T _RNvNtNtCsjfZfl7cBLOC_3std2io5stdio7__eprint
0000000000000000 T _RNvNtNtCsjfZfl7cBLOC_3std3net8hostname8hostname
0000000000000000 T _RNvNtNtCsjfZfl7cBLOC_3std3sys2fs10remove_dir
0000000000000000 T _RNvNtNtCsjfZfl7cBLOC_3std3sys2fs11remove_file
0000000000000000 T _RNvNtNtCsjfZfl7cBLOC_3std3sys2fs12canonicalize
0000000000000000 T _RNvNtNtCsjfZfl7cBLOC_3std3sys2fs14remove_dir_all
0000000000000000 T _RNvNtNtCsjfZfl7cBLOC_3std3sys2fs15set_permissions
0000000000000000 T _RNvNtNtCsjfZfl7cBLOC_3std3sys2fs16symlink_metadata
0000000000000000 T _RNvNtNtCsjfZfl7cBLOC_3std3sys2fs18set_times_nofollow
0000000000000000 T _RNvNtNtCsjfZfl7cBLOC_3std3sys2fs24set_permissions_nofollow
0000000000000000 T _RNvNtNtCsjfZfl7cBLOC_3std3sys2fs4copy
0000000000000000 T _RNvNtNtCsjfZfl7cBLOC_3std3sys2fs6exists
0000000000000000 T _RNvNtNtCsjfZfl7cBLOC_3std3sys2fs6rename
0000000000000000 T _RNvNtNtCsjfZfl7cBLOC_3std3sys2fs7symlink
0000000000000000 T _RNvNtNtCsjfZfl7cBLOC_3std3sys2fs8metadata
0000000000000000 T _RNvNtNtCsjfZfl7cBLOC_3std3sys2fs8read_dir
0000000000000000 T _RNvNtNtCsjfZfl7cBLOC_3std3sys2fs9hard_link
0000000000000000 T _RNvNtNtCsjfZfl7cBLOC_3std3sys2fs9read_link
0000000000000000 T _RNvNtNtCsjfZfl7cBLOC_3std3sys2fs9set_times
0000000000000000 T _RNvNtNtCsjfZfl7cBLOC_3std3sys5alloc16realloc_fallback
0000000000000000 T _RNvNtNtCsjfZfl7cBLOC_3std3sys9backtrace4lock
0000000000000000 T _RNvNtNtCsjfZfl7cBLOC_3std4sync9lazy_lock14panic_poisoned
0000000000000000 T _RNvNtNtCsjfZfl7cBLOC_3std6thread5local18panic_access_error
0000000000000000 T _RNvNtNtCsjfZfl7cBLOC_3std6thread7current18current_or_unnamed
0000000000000000 B _RNvNtNtCsjfZfl7cBLOC_3std6thread7current7CURRENT
0000000000000000 T _RNvNtNtCsjfZfl7cBLOC_3std6thread7current7current
0000000000000000 T _RNvNtNtCsjfZfl7cBLOC_3std6thread9functions11sleep_until
0000000000000000 T _RNvNtNtCsjfZfl7cBLOC_3std6thread9functions12park_timeout
0000000000000000 T _RNvNtNtCsjfZfl7cBLOC_3std6thread9functions15park_timeout_ms
0000000000000000 T _RNvNtNtCsjfZfl7cBLOC_3std6thread9functions21available_parallelism
0000000000000000 T _RNvNtNtCsjfZfl7cBLOC_3std6thread9functions4park
0000000000000000 T _RNvNtNtCsjfZfl7cBLOC_3std6thread9functions5sleep
0000000000000000 T _RNvNtNtCsjfZfl7cBLOC_3std6thread9functions8sleep_ms
0000000000000000 T _RNvNtNtCsjfZfl7cBLOC_3std6thread9functions9yield_now
0000000000000000 T _RNvNtNtCsjfZfl7cBLOC_3std6thread9spawnhook15run_spawn_hooks
0000000000000000 T _RNvNtNtCsjfZfl7cBLOC_3std9panicking11panic_count17is_zero_slow_path
0000000000000000 B _RNvNtNtCsjfZfl7cBLOC_3std9panicking11panic_count18GLOBAL_PANIC_COUNT
0000000000000000 T _RNvNtNtCsjfZfl7cBLOC_3std9panicking11panic_count19finished_panic_hook
0000000000000000 T _RNvNtNtCsjfZfl7cBLOC_3std9panicking11panic_count8decrease
0000000000000000 T _RNvNtNtCsjfZfl7cBLOC_3std9panicking11panic_count8increase
0000000000000000 T _RNvNtNtCsjfZfl7cBLOC_3std9panicking11panic_count9get_count
0000000000000000 T _RNvNtNtNtCsjfZfl7cBLOC_3std12backtrace_rs9symbolize5gimli7resolve
0000000000000000 T _RNvNtNtNtCsjfZfl7cBLOC_3std2os4unix2io16replace_stdio_fd
0000000000000000 T _RNvNtNtNtCsjfZfl7cBLOC_3std2os4unix7process9parent_id
0000000000000000 T _RNvNtNtNtCsjfZfl7cBLOC_3std3sys2fs4unix5chown
0000000000000000 T _RNvNtNtNtCsjfZfl7cBLOC_3std3sys2fs4unix6chroot
0000000000000000 T _RNvNtNtNtCsjfZfl7cBLOC_3std3sys2fs4unix6fchown
0000000000000000 T _RNvNtNtNtCsjfZfl7cBLOC_3std3sys2fs4unix6lchown
0000000000000000 T _RNvNtNtNtCsjfZfl7cBLOC_3std3sys2fs4unix6mkfifo
0000000000000000 T _RNvNtNtNtCsjfZfl7cBLOC_3std3sys3env4unix6setenv
0000000000000000 T _RNvNtNtNtCsjfZfl7cBLOC_3std3sys3env4unix8unsetenv
0000000000000000 T _RNvNtNtNtCsjfZfl7cBLOC_3std3sys4path4unix8absolute
0000000000000000 T _RNvNtNtNtCsjfZfl7cBLOC_3std3sys4pipe4unix4pipe
0000000000000000 T _RNvNtNtNtCsjfZfl7cBLOC_3std3sys5paths4unix5chdir
0000000000000000 T _RNvNtNtNtCsjfZfl7cBLOC_3std3sys6random5linux19hashmap_random_keys
0000000000000000 B _RNvNtNtNtCsjfZfl7cBLOC_3std6thread7current2id2ID
0000000000000000 T _RNvNtNtNtNtCsjfZfl7cBLOC_3std2os4unix3net4addr11sockaddr_un
0000000000000000 T _RNvNtNtNtNtCsjfZfl7cBLOC_3std2os4unix3net9ancillary31send_vectored_with_ancillary_to
0000000000000000 T _RNvNtNtNtNtCsjfZfl7cBLOC_3std3sys12thread_local11destructors10linux_like8register
0000000000000000 T _RNvNtNtNtNtCsjfZfl7cBLOC_3std3sys2io11kernel_copy5linux15sendfile_splice
0000000000000000 T _RNvNtNtNtNtCsjfZfl7cBLOC_3std3sys2io11kernel_copy5linux18copy_regular_files
0000000000000000 T _RNvNtNtNtNtCsjfZfl7cBLOC_3std3sys3pal4unix5futex10futex_wake
0000000000000000 T _RNvNtNtNtNtCsjfZfl7cBLOC_3std3sys3pal4unix5futex14futex_wake_all
0000000000000000 D _RNvNtNtNtNtCsjfZfl7cBLOC_3std3sys4args4unix3imp15ARGV_INIT_ARRAY
0000000000000000 T _RNvNvMs3_NtNtNtNtCsjfZfl7cBLOC_3std3sys3net10connection6socketNtB7_9TcpStream7connect5inner
0000000000000000 T _RNvNvMs7_NtNtNtCsjfZfl7cBLOC_3std3sys6os_str5bytesNtB7_5Slice25try_check_public_boundary9slow_path
0000000000000000 T _RNvNvMs7_NtNtNtNtCsjfZfl7cBLOC_3std3sys3net10connection6socketNtB7_11TcpListener4bind5inner
0000000000000000 T _RNvNvMsa_NtNtNtNtCsjfZfl7cBLOC_3std3sys3net10connection6socketNtB7_9UdpSocket4bind5inner
0000000000000000 T _RNvNvMsa_NtNtNtNtCsjfZfl7cBLOC_3std3sys3net10connection6socketNtB7_9UdpSocket7connect5inner
0000000000000000 T _RNvNvNtCsjfZfl7cBLOC_3std2fs14read_to_string5inner
0000000000000000 T _RNvNvNtCsjfZfl7cBLOC_3std2fs4read5inner
0000000000000000 T _RNvNvNtCsjfZfl7cBLOC_3std2fs5write5inner
0000000000000000 T _RNvNvNtCsjfZfl7cBLOC_3std9panicking12catch_unwind7cleanup
0000000000000000 B _RNvNvNtNtCsjfZfl7cBLOC_3std2io5stdio6stderr8INSTANCE
0000000000000000 T _RNvNvNtNtNtCsjfZfl7cBLOC_3std3sys5paths4unix11split_paths12into_pathbuf
0000000000000000 T _RNvNvNtNtNtNtCsjfZfl7cBLOC_3std3sys4args4unix3imp15ARGV_INIT_ARRAY12init_wrapper
0000000000000000 T _RNvXNtCsjfZfl7cBLOC_3std2ioNtB2_5GuardNtNtNtCsfo0Ls1ZyrQZ_4core3ops4drop4Drop4drop
0000000000000000 T _RNvXNtCsjfZfl7cBLOC_3std3envNtB2_4VarsNtNtNtNtCsfo0Ls1ZyrQZ_4core4iter6traits8iterator8Iterator4next
0000000000000000 T _RNvXNtCsjfZfl7cBLOC_3std3envNtB2_4VarsNtNtNtNtCsfo0Ls1ZyrQZ_4core4iter6traits8iterator8Iterator9size_hint
0000000000000000 T _RNvXNtCsjfZfl7cBLOC_3std6randomNtB2_19DefaultRandomSourceNtNtCsfo0Ls1ZyrQZ_4core6random12RandomSource10fill_bytes
0000000000000000 T _RNvXNtCsjfZfl7cBLOC_3std9backtraceNtB2_9BacktraceNtNtCsfo0Ls1ZyrQZ_4core3fmt5Debug3fmt
0000000000000000 T _RNvXNtNtCsjfZfl7cBLOC_3std2io5errorNtB2_5ErrorNtNtCsfo0Ls1ZyrQZ_4core3fmt5Debug3fmt
0000000000000000 T _RNvXNtNtCsjfZfl7cBLOC_3std2io5stdioNtB2_8StdinRawNtB4_4Read10read_exact
0000000000000000 T _RNvXNtNtCsjfZfl7cBLOC_3std2io5stdioNtB2_8StdinRawNtB4_4Read11read_to_end
0000000000000000 T _RNvXNtNtCsjfZfl7cBLOC_3std2io5stdioNtB2_8StdinRawNtB4_4Read13read_vectored
0000000000000000 T _RNvXNtNtCsjfZfl7cBLOC_3std2io5stdioNtB2_8StdinRawNtB4_4Read14read_buf_exact
0000000000000000 T _RNvXNtNtCsjfZfl7cBLOC_3std2io5stdioNtB2_8StdinRawNtB4_4Read14read_to_string
0000000000000000 T _RNvXNtNtCsjfZfl7cBLOC_3std2io5stdioNtB2_8StdinRawNtB4_4Read4read
0000000000000000 T _RNvXNtNtCsjfZfl7cBLOC_3std2io5stdioNtB2_8StdinRawNtB4_4Read8read_buf
0000000000000000 T _RNvXNtNtCsjfZfl7cBLOC_3std4sync9nonpoisonNtB2_10WouldBlockNtNtCsfo0Ls1ZyrQZ_4core3fmt5Debug3fmt
0000000000000000 T _RNvXNtNtCsjfZfl7cBLOC_3std6thread9functionsNtB2_10PanicGuardNtNtNtCsfo0Ls1ZyrQZ_4core3ops4drop4Drop4drop
0000000000000000 T _RNvXNtNtCsjfZfl7cBLOC_3std6thread9spawnhookNtB2_10SpawnHooksNtNtNtCsfo0Ls1ZyrQZ_4core3ops4drop4Drop4drop
0000000000000000 T _RNvXNtNtNtCsjfZfl7cBLOC_3std2os4unix2fsNtNtB8_2fs4FileNtB2_7FileExt11read_buf_at
0000000000000000 T _RNvXNtNtNtCsjfZfl7cBLOC_3std2os4unix2fsNtNtB8_2fs4FileNtB2_7FileExt16read_vectored_at
0000000000000000 T _RNvXNtNtNtCsjfZfl7cBLOC_3std2os4unix2fsNtNtB8_2fs4FileNtB2_7FileExt17write_vectored_at
0000000000000000 T _RNvXNtNtNtCsjfZfl7cBLOC_3std2os4unix2fsNtNtB8_2fs4FileNtB2_7FileExt7read_at
0000000000000000 T _RNvXNtNtNtCsjfZfl7cBLOC_3std2os4unix2fsNtNtB8_2fs4FileNtB2_7FileExt8write_at
0000000000000000 T _RNvXNtNtNtCsjfZfl7cBLOC_3std2os4unix2ioNtNtNtB8_2io5stdio6StdoutNtB2_8StdioExt7take_fd
0000000000000000 T _RNvXNtNtNtCsjfZfl7cBLOC_3std2os4unix7processNtNtB8_7process7CommandNtB2_10CommandExt4exec
0000000000000000 T _RNvXNtNtNtCsjfZfl7cBLOC_3std2os4unix7processNtNtB8_7process7CommandNtB2_10CommandExt6groups
0000000000000000 T _RNvXNtNtNtCsjfZfl7cBLOC_3std3sys5paths4unixNtB2_14JoinPathsErrorNtNtCsfo0Ls1ZyrQZ_4core3fmt7Display3fmt
0000000000000000 T _RNvXNtNtNtCsjfZfl7cBLOC_3std3sys7process3envNtB2_10CommandEnvNtNtCsfo0Ls1ZyrQZ_4core3fmt5Debug3fmt
0000000000000000 T _RNvXNtNtNtCsjfZfl7cBLOC_3std6thread6thread18thread_name_stringNtB2_16ThreadNameStringINtNtCsfo0Ls1ZyrQZ_4core7convert4FromNtNtCsi2GJixwxVUa_5alloc6string6StringE4from
0000000000000000 T _RNvXNtNtNtNtCsjfZfl7cBLOC_3std2os3net9linux_ext6socketNtNtNtNtB8_4unix3net8datagram12UnixDatagramNtB2_13UnixSocketExt12set_passcred
0000000000000000 T _RNvXNtNtNtNtCsjfZfl7cBLOC_3std2os3net9linux_ext6socketNtNtNtNtB8_4unix3net8datagram12UnixDatagramNtB2_13UnixSocketExt8passcred
0000000000000000 T _RNvXNtNtNtNtCsjfZfl7cBLOC_3std2os4unix3net8listenerNtB2_12UnixListenerNtNtCsfo0Ls1ZyrQZ_4core3fmt5Debug3fmt
0000000000000000 T _RNvXNtNtNtNtCsjfZfl7cBLOC_3std3sys2fs4unix3cfmNtB2_18CachedFileMetadataNtNtBa_2io4Read11read_to_end
0000000000000000 T _RNvXNtNtNtNtCsjfZfl7cBLOC_3std3sys2fs4unix3cfmNtB2_18CachedFileMetadataNtNtBa_2io4Read13read_vectored
0000000000000000 T _RNvXNtNtNtNtCsjfZfl7cBLOC_3std3sys2fs4unix3cfmNtB2_18CachedFileMetadataNtNtBa_2io4Read14read_to_string
0000000000000000 T _RNvXNtNtNtNtCsjfZfl7cBLOC_3std3sys2fs4unix3cfmNtB2_18CachedFileMetadataNtNtBa_2io4Read4read
0000000000000000 T _RNvXNtNtNtNtCsjfZfl7cBLOC_3std3sys2fs4unix3cfmNtB2_18CachedFileMetadataNtNtBa_2io4Read8read_buf
0000000000000000 T _RNvXNtNtNtNtNtCsjfZfl7cBLOC_3std3sys3pal4unix14stack_overflow11thread_infoNtB2_12UnlockOnDropNtNtNtCsfo0Ls1ZyrQZ_4core3ops4drop4Drop4drop
0000000000000000 T _RNvXNtNtNtNtNtCsjfZfl7cBLOC_3std3sys7process4unix4unix15linux_child_extNtNtBc_7process5ChildNtNtNtNtBc_2os5linux7process8ChildExt10into_pidfd
0000000000000000 T _RNvXNtNtNtNtNtCsjfZfl7cBLOC_3std3sys7process4unix4unix15linux_child_extNtNtBc_7process5ChildNtNtNtNtBc_2os5linux7process8ChildExt5pidfd
0000000000000000 T _RNvXNvMNtNtCsjfZfl7cBLOC_3std3sys9backtraceNtB5_13BacktraceLock5printNtB2_16DisplayBacktraceNtNtCsfo0Ls1ZyrQZ_4core3fmt7Display3fmt
0000000000000000 T _RNvXNvMNtNtNtNtCsjfZfl7cBLOC_3std3sys7process4unix4unixNtNtB7_6common7Command11posix_spawnNtB2_21PosixSpawnFileActionsNtNtNtCsfo0Ls1ZyrQZ_4core3ops4drop4Drop4drop
0000000000000000 T _RNvXNvNtCsjfZfl7cBLOC_3std9panicking13resume_unwindNtB2_9RewrapBoxNtNtCsfo0Ls1ZyrQZ_4core5panic12PanicPayload8take_box
0000000000000000 T _RNvXNvXs7_NtCsjfZfl7cBLOC_3std4pathNtB8_10ComponentsNtNtCsfo0Ls1ZyrQZ_4core3fmt5Debug3fmtNtB2_11DebugHelperBO_3fmt
0000000000000000 T _RNvXNvXsb_NtCsjfZfl7cBLOC_3std4pathNtB8_4IterNtNtCsfo0Ls1ZyrQZ_4core3fmt5Debug3fmtNtB2_11DebugHelperBH_3fmt
0000000000000000 T _RNvXs0_NtCsjfZfl7cBLOC_3std2fsNtB5_12TryLockErrorNtNtCsfo0Ls1ZyrQZ_4core3fmt7Display3fmt
0000000000000000 T _RNvXs0_NtCsjfZfl7cBLOC_3std3envNtB5_6VarsOsNtNtNtNtCsfo0Ls1ZyrQZ_4core4iter6traits8iterator8Iterator4next
0000000000000000 T _RNvXs0_NtCsjfZfl7cBLOC_3std3envNtB5_6VarsOsNtNtNtNtCsfo0Ls1ZyrQZ_4core4iter6traits8iterator8Iterator9size_hint
0000000000000000 T _RNvXs0_NtCsjfZfl7cBLOC_3std4timeNtB5_7InstantINtNtNtCsfo0Ls1ZyrQZ_4core3ops5arith9AddAssignNtNtBO_4time8DurationE10add_assign
0000000000000000 T _RNvXs0_NtCsjfZfl7cBLOC_3std9backtraceNtB5_15BacktraceSymbolNtNtCsfo0Ls1ZyrQZ_4core3fmt5Debug3fmt
0000000000000000 T _RNvXs0_NtNtCsjfZfl7cBLOC_3std12backtrace_rs9symbolizeNtB5_6SymbolNtNtCsfo0Ls1ZyrQZ_4core3fmt5Debug3fmt
0000000000000000 T _RNvXs0_NtNtCsjfZfl7cBLOC_3std2io5errorNtB5_5ErrorINtNtCsfo0Ls1ZyrQZ_4core7convert4FromNtNtNtCsi2GJixwxVUa_5alloc3ffi5c_str8NulErrorE4from
0000000000000000 T _RNvXs0_NtNtCsjfZfl7cBLOC_3std2io5stdioNtB5_9StderrRawNtB7_5Write14write_vectored
0000000000000000 T _RNvXs0_NtNtCsjfZfl7cBLOC_3std2io5stdioNtB5_9StderrRawNtB7_5Write18write_all_vectored
0000000000000000 T _RNvXs0_NtNtCsjfZfl7cBLOC_3std2io5stdioNtB5_9StderrRawNtB7_5Write5flush
0000000000000000 T _RNvXs0_NtNtCsjfZfl7cBLOC_3std2io5stdioNtB5_9StderrRawNtB7_5Write5write
0000000000000000 T _RNvXs0_NtNtCsjfZfl7cBLOC_3std2io5stdioNtB5_9StderrRawNtB7_5Write9write_all
0000000000000000 T _RNvXs0_NtNtCsjfZfl7cBLOC_3std2io5stdioNtB5_9StderrRawNtB7_5Write9write_fmt
0000000000000000 T _RNvXs0_NtNtCsjfZfl7cBLOC_3std3net3tcpNtB5_9TcpStreamNtNtB9_2io5Write14write_vectored
0000000000000000 T _RNvXs0_NtNtCsjfZfl7cBLOC_3std3net3tcpNtB5_9TcpStreamNtNtB9_2io5Write5write
0000000000000000 T _RNvXs0_NtNtCsjfZfl7cBLOC_3std6thread5localNtB5_11AccessErrorNtNtCsfo0Ls1ZyrQZ_4core3fmt7Display3fmt
0000000000000000 T _RNvXs0_NtNtCsjfZfl7cBLOC_3std6thread6threadNtB5_6ThreadNtNtCsfo0Ls1ZyrQZ_4core3fmt5Debug3fmt
0000000000000000 T _RNvXs0_NtNtNtCsjfZfl7cBLOC_3std2os4unix2ioNtNtNtBb_2io5stdio5StdinNtB5_8StdioExt7take_fd
0000000000000000 T _RNvXs0_NtNtNtCsjfZfl7cBLOC_3std2os4unix7processNtNtBb_7process15ExitStatusErrorNtB5_13ExitStatusExt8from_raw
0000000000000000 T _RNvXs0_NtNtNtCsjfZfl7cBLOC_3std3sys7process3envNtB5_11CommandEnvsNtNtNtNtCsfo0Ls1ZyrQZ_4core4iter6traits8iterator8Iterator4next
0000000000000000 T _RNvXs0_NtNtNtNtCsjfZfl7cBLOC_3std12backtrace_rs9symbolize5gimli4mmapNtB5_4MmapNtNtNtCsfo0Ls1ZyrQZ_4core3ops4drop4Drop4drop
0000000000000000 T _RNvXs0_NtNtNtNtCsjfZfl7cBLOC_3std2os4unix3net4addrNtB5_10SocketAddrNtNtNtNtBb_3net9linux_ext4addr13SocketAddrExt16as_abstract_name
0000000000000000 T _RNvXs0_NtNtNtNtCsjfZfl7cBLOC_3std3sys7process4unix4unixNtB5_10ExitStatusNtNtCsfo0Ls1ZyrQZ_4core3fmt5Debug3fmt
0000000000000000 T _RNvXs0_NtNtNtNtNtCsjfZfl7cBLOC_3std3sys7process4unix6common13cstring_arrayNtB5_12CStringArrayNtNtCsfo0Ls1ZyrQZ_4core3fmt5Debug3fmt
0000000000000000 T _RNvXs0_NvNtCsjfZfl7cBLOC_3std9panicking13panic_handlerNtB5_19FormatStringPayloadNtNtCsfo0Ls1ZyrQZ_4core3fmt7Display3fmt
0000000000000000 T _RNvXs19_NtCsjfZfl7cBLOC_3std4pathNtB6_4PathNtNtCsfo0Ls1ZyrQZ_4core3fmt5Debug3fmt
0000000000000000 T _RNvXs1_NtCsjfZfl7cBLOC_3std2ioNtB5_10IoSliceMutNtNtCsfo0Ls1ZyrQZ_4core3fmt5Debug3fmt
0000000000000000 T _RNvXs1_NtCsjfZfl7cBLOC_3std3envNtB5_6VarsOsNtNtCsfo0Ls1ZyrQZ_4core3fmt5Debug3fmt
0000000000000000 T _RNvXs1_NtCsjfZfl7cBLOC_3std4timeNtB5_7InstantINtNtNtCsfo0Ls1ZyrQZ_4core3ops5arith3SubNtNtBO_4time8DurationE3sub
0000000000000000 T _RNvXs1_NtCsjfZfl7cBLOC_3std7processNtB5_5ChildINtNtB7_3sys9IntoInnerNtNtNtNtBL_7process4unix4unix7ProcessE10into_inner
0000000000000000 T _RNvXs1_NtCsjfZfl7cBLOC_3std9backtraceNtB5_11BytesOrWideNtNtCsfo0Ls1ZyrQZ_4core3fmt5Debug3fmt
0000000000000000 T _RNvXs1_NtNtCsjfZfl7cBLOC_3std3net3tcpRNtB5_9TcpStreamNtNtB9_2io4Read13read_vectored
0000000000000000 T _RNvXs1_NtNtCsjfZfl7cBLOC_3std3net3tcpRNtB5_9TcpStreamNtNtB9_2io4Read4read
0000000000000000 T _RNvXs1_NtNtCsjfZfl7cBLOC_3std3net3tcpRNtB5_9TcpStreamNtNtB9_2io4Read8read_buf
0000000000000000 T _RNvXs1_NtNtCsjfZfl7cBLOC_3std4sync4onceNtB5_4OnceNtNtCsfo0Ls1ZyrQZ_4core3fmt5Debug3fmt
0000000000000000 T _RNvXs1_NtNtCsjfZfl7cBLOC_3std4sync7barrierNtB5_17BarrierWaitResultNtNtCsfo0Ls1ZyrQZ_4core3fmt5Debug3fmt
0000000000000000 T _RNvXs1_NtNtNtCsjfZfl7cBLOC_3std12backtrace_rs9backtrace9libunwindNtB5_5FrameNtNtCsfo0Ls1ZyrQZ_4core5clone5Clone5clone
0000000000000000 T _RNvXs1_NtNtNtCsjfZfl7cBLOC_3std2os4unix2ioNtNtNtBb_2io5stdio9StdinLockNtB5_8StdioExt7take_fd
0000000000000000 T _RNvXs1_NtNtNtCsjfZfl7cBLOC_3std2os4unix7processNtNtBb_7process5ChildNtB5_8ChildExt11send_signal
0000000000000000 T _RNvXs1_NtNtNtCsjfZfl7cBLOC_3std2os4unix7processNtNtBb_7process5ChildNtB5_8ChildExt18kill_process_group
0000000000000000 T _RNvXs1_NtNtNtCsjfZfl7cBLOC_3std2os4unix7processNtNtBb_7process5ChildNtB5_8ChildExt25send_process_group_signal
0000000000000000 T _RNvXs1_NtNtNtCsjfZfl7cBLOC_3std3sys4args6commonNtB5_4ArgsNtNtCsfo0Ls1ZyrQZ_4core3fmt5Debug3fmt
0000000000000000 T _RNvXs1_NtNtNtCsjfZfl7cBLOC_3std3sys5stdio4unixNtB5_6StdoutNtNtBb_2io5Write14write_vectored
0000000000000000 T _RNvXs1_NtNtNtCsjfZfl7cBLOC_3std3sys5stdio4unixNtB5_6StdoutNtNtBb_2io5Write5write
0000000000000000 T _RNvXs1_NtNtNtCsjfZfl7cBLOC_3std3sys6os_str5bytesNtB5_3BufNtNtCsfo0Ls1ZyrQZ_4core3fmt5Debug3fmt
0000000000000000 T _RNvXs1_NtNtNtCsjfZfl7cBLOC_3std3sys6thread4unixNtB5_6ThreadNtNtNtCsfo0Ls1ZyrQZ_4core3ops4drop4Drop4drop
0000000000000000 T _RNvXs1_NtNtNtNtCsjfZfl7cBLOC_3std2os4unix3net4addrNtB5_10SocketAddrNtNtCsfo0Ls1ZyrQZ_4core3fmt5Debug3fmt
0000000000000000 T _RNvXs1_NtNtNtNtCsjfZfl7cBLOC_3std2os4unix3net6streamNtB5_10UnixStreamNtNtBd_2io4Read13read_vectored
0000000000000000 T _RNvXs1_NtNtNtNtCsjfZfl7cBLOC_3std2os4unix3net6streamNtB5_10UnixStreamNtNtBd_2io4Read4read
0000000000000000 T _RNvXs1_NtNtNtNtCsjfZfl7cBLOC_3std2os4unix3net6streamNtB5_10UnixStreamNtNtBd_2io4Read8read_buf
0000000000000000 T _RNvXs1_NtNtNtNtCsjfZfl7cBLOC_3std2os4unix3net9ancillaryNtB5_9ScmRightsNtNtNtNtCsfo0Ls1ZyrQZ_4core4iter6traits8iterator8Iterator4next
0000000000000000 T _RNvXs1_NvNtCsjfZfl7cBLOC_3std9panicking13panic_handlerNtB5_16StaticStrPayloadNtNtCsfo0Ls1ZyrQZ_4core5panic12PanicPayload8take_box
0000000000000000 T _RNvXs1a_NtCsjfZfl7cBLOC_3std4pathNtB6_7DisplayNtNtCsfo0Ls1ZyrQZ_4core3fmt5Debug3fmt
0000000000000000 T _RNvXs1b_NtCsjfZfl7cBLOC_3std4pathNtB6_7DisplayNtNtCsfo0Ls1ZyrQZ_4core3fmt7Display3fmt
0000000000000000 T _RNvXs1u_NtCsjfZfl7cBLOC_3std4pathNtB6_16StripPrefixErrorNtNtCsfo0Ls1ZyrQZ_4core3fmt7Display3fmt
0000000000000000 T _RNvXs1w_NtCsjfZfl7cBLOC_3std4pathNtB6_14NormalizeErrorNtNtCsfo0Ls1ZyrQZ_4core3fmt7Display3fmt
0000000000000000 T _RNvXs2_NtCsjfZfl7cBLOC_3std3envNtB5_8VarErrorNtNtCsfo0Ls1ZyrQZ_4core3fmt7Display3fmt
0000000000000000 T _RNvXs2_NtCsjfZfl7cBLOC_3std4timeNtB5_7InstantINtNtNtCsfo0Ls1ZyrQZ_4core3ops5arith9SubAssignNtNtBO_4time8DurationE10sub_assign
0000000000000000 T _RNvXs2_NtCsjfZfl7cBLOC_3std7processNtB5_5ChildNtNtCsfo0Ls1ZyrQZ_4core3fmt5Debug3fmt
0000000000000000 T _RNvXs2_NtNtCsjfZfl7cBLOC_3std12backtrace_rs9symbolizeNtB5_10SymbolNameNtNtCsfo0Ls1ZyrQZ_4core3fmt7Display3fmt
0000000000000000 T _RNvXs2_NtNtCsjfZfl7cBLOC_3std2io5stdioNtB5_5StdinNtNtCsfo0Ls1ZyrQZ_4core3fmt5Debug3fmt
0000000000000000 T _RNvXs2_NtNtCsjfZfl7cBLOC_3std3net3tcpRNtB5_9TcpStreamNtNtB9_2io5Write14write_vectored
0000000000000000 T _RNvXs2_NtNtCsjfZfl7cBLOC_3std3net3tcpRNtB5_9TcpStreamNtNtB9_2io5Write5write
0000000000000000 T _RNvXs2_NtNtCsjfZfl7cBLOC_3std3net3udpNtB5_9UdpSocketNtNtCsfo0Ls1ZyrQZ_4core3fmt5Debug3fmt
0000000000000000 T _RNvXs2_NtNtCsjfZfl7cBLOC_3std6thread6scopedNtB5_5ScopeNtNtCsfo0Ls1ZyrQZ_4core3fmt5Debug3fmt
0000000000000000 T _RNvXs2_NtNtNtCsjfZfl7cBLOC_3std12backtrace_rs9backtrace9libunwindNtB5_4BombNtNtNtCsfo0Ls1ZyrQZ_4core3ops4drop4Drop4drop
0000000000000000 T _RNvXs2_NtNtNtCsjfZfl7cBLOC_3std2io8buffered9bufwriterNtB5_14WriterPanickedNtNtCsfo0Ls1ZyrQZ_4core3fmt7Display3fmt
0000000000000000 T _RNvXs2_NtNtNtCsjfZfl7cBLOC_3std2os4unix2ioNtNtNtBb_2io5stdio6StderrNtB5_8StdioExt7take_fd
0000000000000000 T _RNvXs2_NtNtNtCsjfZfl7cBLOC_3std3sys3env6commonNtB5_3EnvNtNtNtNtCsfo0Ls1ZyrQZ_4core4iter6traits8iterator8Iterator4next
0000000000000000 T _RNvXs2_NtNtNtCsjfZfl7cBLOC_3std3sys3env6commonNtB5_3EnvNtNtNtNtCsfo0Ls1ZyrQZ_4core4iter6traits8iterator8Iterator9size_hint
0000000000000000 T _RNvXs2_NtNtNtCsjfZfl7cBLOC_3std3sys4time4unixNtB5_7InstantNtNtCsfo0Ls1ZyrQZ_4core3fmt5Debug3fmt
0000000000000000 T _RNvXs2_NtNtNtCsjfZfl7cBLOC_3std3sys6os_str5bytesNtB5_3BufNtNtCsfo0Ls1ZyrQZ_4core3fmt7Display3fmt
0000000000000000 T _RNvXs2_NtNtNtNtCsjfZfl7cBLOC_3std2os4unix3net6streamRNtB5_10UnixStreamNtNtBd_2io4Read13read_vectored
0000000000000000 T _RNvXs2_NtNtNtNtCsjfZfl7cBLOC_3std2os4unix3net6streamRNtB5_10UnixStreamNtNtBd_2io4Read4read
0000000000000000 T _RNvXs2_NtNtNtNtCsjfZfl7cBLOC_3std2os4unix3net6streamRNtB5_10UnixStreamNtNtBd_2io4Read8read_buf
0000000000000000 T _RNvXs2_NtNtNtNtCsjfZfl7cBLOC_3std2os4unix3net9ancillaryNtB5_14ScmCredentialsNtNtNtNtCsfo0Ls1ZyrQZ_4core4iter6traits8iterator8Iterator4next
0000000000000000 T _RNvXs2_NtNtNtNtCsjfZfl7cBLOC_3std3sys2fs4unix3dirNtNtBd_2fs3DirNtNtNtNtBd_2os2fd3raw9FromRawFd11from_raw_fd
0000000000000000 T _RNvXs2_NtNtNtNtCsjfZfl7cBLOC_3std3sys3net10connection6socketNtB5_10LookupHostNtNtNtCsfo0Ls1ZyrQZ_4core3ops4drop4Drop4drop
0000000000000000 T _RNvXs2_NtNtNtNtNtCsjfZfl7cBLOC_3std3sys3net10connection6socket4unixNtB5_6SocketNtNtNtNtBf_2os2fd5owned4AsFd5as_fd
0000000000000000 T _RNvXs2_NtNtNtNtNtCsjfZfl7cBLOC_3std3sys3pal4unix5linux5pidfdNtB5_5PidFdNtNtNtNtBf_2os2fd3raw9FromRawFd11from_raw_fd
0000000000000000 T _RNvXs2_NvNtCsjfZfl7cBLOC_3std9panicking13panic_handlerNtB5_16StaticStrPayloadNtNtCsfo0Ls1ZyrQZ_4core3fmt7Display3fmt
0000000000000000 T _RNvXs3_NtCsjfZfl7cBLOC_3std4timeNtB5_7InstantNtNtNtCsfo0Ls1ZyrQZ_4core3ops5arith3Sub3sub
0000000000000000 T _RNvXs3_NtCsjfZfl7cBLOC_3std7processNtB5_10ChildStdinNtNtB7_2io5Write14write_vectored
0000000000000000 T _RNvXs3_NtCsjfZfl7cBLOC_3std7processNtB5_10ChildStdinNtNtB7_2io5Write5write
0000000000000000 T _RNvXs3_NtNtCsjfZfl7cBLOC_3std12backtrace_rs9symbolizeNtB5_10SymbolNameNtNtCsfo0Ls1ZyrQZ_4core3fmt5Debug3fmt
0000000000000000 T _RNvXs3_NtNtCsjfZfl7cBLOC_3std2io5stdioNtB5_5StdinNtB7_4Read10read_exact
0000000000000000 T _RNvXs3_NtNtCsjfZfl7cBLOC_3std2io5stdioNtB5_5StdinNtB7_4Read11read_to_end
0000000000000000 T _RNvXs3_NtNtCsjfZfl7cBLOC_3std2io5stdioNtB5_5StdinNtB7_4Read13read_vectored
0000000000000000 T _RNvXs3_NtNtCsjfZfl7cBLOC_3std2io5stdioNtB5_5StdinNtB7_4Read14read_buf_exact
0000000000000000 T _RNvXs3_NtNtCsjfZfl7cBLOC_3std2io5stdioNtB5_5StdinNtB7_4Read14read_to_string
0000000000000000 T _RNvXs3_NtNtCsjfZfl7cBLOC_3std2io5stdioNtB5_5StdinNtB7_4Read4read
0000000000000000 T _RNvXs3_NtNtCsjfZfl7cBLOC_3std2io5stdioNtB5_5StdinNtB7_4Read8read_buf
0000000000000000 T _RNvXs3_NtNtCsjfZfl7cBLOC_3std4sync4onceNtB5_9OnceStateNtNtCsfo0Ls1ZyrQZ_4core3fmt5Debug3fmt
0000000000000000 T _RNvXs3_NtNtNtCsjfZfl7cBLOC_3std2io8buffered9bufwriterNtB5_14WriterPanickedNtNtCsfo0Ls1ZyrQZ_4core3fmt5Debug3fmt
0000000000000000 T _RNvXs3_NtNtNtCsjfZfl7cBLOC_3std2os4unix2ioNtNtNtBb_2io5stdio10StderrLockNtB5_8StdioExt7take_fd
0000000000000000 T _RNvXs3_NtNtNtCsjfZfl7cBLOC_3std2os5linux7processNtB5_5PidFdNtNtNtB9_2fd3raw9FromRawFd11from_raw_fd
0000000000000000 T _RNvXs3_NtNtNtCsjfZfl7cBLOC_3std3sys2fd4unixNtB5_8FileDescNtNtNtNtBb_2os2fd5owned4AsFd5as_fd
0000000000000000 T _RNvXs3_NtNtNtCsjfZfl7cBLOC_3std3sys5stdio4unixNtB5_6StderrNtNtBb_2io5Write14write_vectored
0000000000000000 T _RNvXs3_NtNtNtCsjfZfl7cBLOC_3std3sys5stdio4unixNtB5_6StderrNtNtBb_2io5Write5write
0000000000000000 T _RNvXs3_NtNtNtCsjfZfl7cBLOC_3std3sys6os_str5bytesNtB5_5SliceNtNtCsfo0Ls1ZyrQZ_4core3fmt5Debug3fmt
0000000000000000 T _RNvXs3_NtNtNtCsjfZfl7cBLOC_3std3sys7process3envNtB5_19CommandResolvedEnvsNtNtNtNtCsfo0Ls1ZyrQZ_4core4iter6traits8iterator8Iterator4next
0000000000000000 T _RNvXs3_NtNtNtNtCsjfZfl7cBLOC_3std2os4unix3net6streamNtB5_10UnixStreamNtNtBd_2io5Write14write_vectored
0000000000000000 T _RNvXs3_NtNtNtNtCsjfZfl7cBLOC_3std2os4unix3net6streamNtB5_10UnixStreamNtNtBd_2io5Write5write
0000000000000000 T _RNvXs3_NtNtNtNtCsjfZfl7cBLOC_3std3sys2fs4unix3dirNtNtBd_2fs3DirNtNtNtNtBd_2os2fd5owned4AsFd5as_fd
0000000000000000 T _RNvXs3_NtNtNtNtCsjfZfl7cBLOC_3std3sys2io11kernel_copy5linuxNtNtBd_2fs4FileNtB5_8CopyRead10properties
0000000000000000 T _RNvXs3_NtNtNtNtCsjfZfl7cBLOC_3std3sys7process4unix4unixNtB5_10ExitStatusNtNtCsfo0Ls1ZyrQZ_4core3fmt7Display3fmt
0000000000000000 T _RNvXs3_NtNtNtNtNtCsjfZfl7cBLOC_3std3sys7process4unix6common13cstring_arrayNtB5_12CStringArrayNtNtNtCsfo0Ls1ZyrQZ_4core3ops4drop4Drop4drop
0000000000000000 T _RNvXs4_NtCsjfZfl7cBLOC_3std3envNtB5_10SplitPathsNtNtNtNtCsfo0Ls1ZyrQZ_4core4iter6traits8iterator8Iterator4next
0000000000000000 T _RNvXs4_NtCsjfZfl7cBLOC_3std4timeNtB5_7InstantNtNtCsfo0Ls1ZyrQZ_4core3fmt5Debug3fmt
0000000000000000 T _RNvXs4_NtCsjfZfl7cBLOC_3std7processRNtB5_10ChildStdinNtNtB7_2io5Write14write_vectored
0000000000000000 T _RNvXs4_NtCsjfZfl7cBLOC_3std7processRNtB5_10ChildStdinNtNtB7_2io5Write5write
0000000000000000 T _RNvXs4_NtCsjfZfl7cBLOC_3std9backtraceNtB5_9BacktraceNtNtCsfo0Ls1ZyrQZ_4core3fmt7Display3fmt
0000000000000000 T _RNvXs4_NtNtCsjfZfl7cBLOC_3std2io4copyINtNtCsi2GJixwxVUa_5alloc3vec3VechENtB5_18BufferedWriterSpec11buffer_size
0000000000000000 T _RNvXs4_NtNtCsjfZfl7cBLOC_3std2io4pipeRNtB5_10PipeReaderNtB7_4Read11read_to_end
0000000000000000 T _RNvXs4_NtNtCsjfZfl7cBLOC_3std2io4pipeRNtB5_10PipeReaderNtB7_4Read13read_vectored
0000000000000000 T _RNvXs4_NtNtCsjfZfl7cBLOC_3std2io4pipeRNtB5_10PipeReaderNtB7_4Read4read
0000000000000000 T _RNvXs4_NtNtCsjfZfl7cBLOC_3std2io4pipeRNtB5_10PipeReaderNtB7_4Read8read_buf
0000000000000000 T _RNvXs4_NtNtCsjfZfl7cBLOC_3std2io5errorNtNtB5_14repr_bitpacked4ReprNtNtCsfo0Ls1ZyrQZ_4core3fmt5Debug3fmt
0000000000000000 T _RNvXs4_NtNtCsjfZfl7cBLOC_3std2io5stdioRNtB5_5StdinNtB7_4Read10read_exact
0000000000000000 T _RNvXs4_NtNtCsjfZfl7cBLOC_3std2io5stdioRNtB5_5StdinNtB7_4Read11read_to_end
0000000000000000 T _RNvXs4_NtNtCsjfZfl7cBLOC_3std2io5stdioRNtB5_5StdinNtB7_4Read13read_vectored
0000000000000000 T _RNvXs4_NtNtCsjfZfl7cBLOC_3std2io5stdioRNtB5_5StdinNtB7_4Read14read_buf_exact
0000000000000000 T _RNvXs4_NtNtCsjfZfl7cBLOC_3std2io5stdioRNtB5_5StdinNtB7_4Read14read_to_string
0000000000000000 T _RNvXs4_NtNtCsjfZfl7cBLOC_3std2io5stdioRNtB5_5StdinNtB7_4Read4read
0000000000000000 T _RNvXs4_NtNtCsjfZfl7cBLOC_3std2io5stdioRNtB5_5StdinNtB7_4Read8read_buf
0000000000000000 T _RNvXs4_NtNtCsjfZfl7cBLOC_3std3net11socket_addrTRetENtB5_13ToSocketAddrs15to_socket_addrs
0000000000000000 T _RNvXs4_NtNtCsjfZfl7cBLOC_3std4hash6randomNtB5_11RandomStateNtNtCsfo0Ls1ZyrQZ_4core3fmt5Debug3fmt
0000000000000000 T _RNvXs4_NtNtNtCsjfZfl7cBLOC_3std3sys6os_str5bytesNtB5_5SliceNtNtCsfo0Ls1ZyrQZ_4core3fmt7Display3fmt
0000000000000000 T _RNvXs4_NtNtNtNtCsjfZfl7cBLOC_3std2os4unix3net6streamRNtB5_10UnixStreamNtNtBd_2io5Write14write_vectored
0000000000000000 T _RNvXs4_NtNtNtNtCsjfZfl7cBLOC_3std2os4unix3net6streamRNtB5_10UnixStreamNtNtBd_2io5Write5write
0000000000000000 T _RNvXs4_NtNtNtNtCsjfZfl7cBLOC_3std2os4unix3net9ancillaryNtB5_8MessagesNtNtNtNtCsfo0Ls1ZyrQZ_4core4iter6traits8iterator8Iterator4next
0000000000000000 T _RNvXs4_NtNtNtNtCsjfZfl7cBLOC_3std3sys2io11kernel_copy5linuxRNtNtBd_2fs4FileNtB5_8CopyRead10properties
0000000000000000 T _RNvXs4_NtNtNtNtNtCsjfZfl7cBLOC_3std3sys7process4unix6common13cstring_arrayNtB5_11CStringIterNtNtNtNtCsfo0Ls1ZyrQZ_4core4iter6traits8iterator8Iterator4next
0000000000000000 T _RNvXs4_NtNtNtNtNtCsjfZfl7cBLOC_3std3sys7process4unix6common13cstring_arrayNtB5_11CStringIterNtNtNtNtCsfo0Ls1ZyrQZ_4core4iter6traits8iterator8Iterator9size_hint
0000000000000000 T _RNvXs5_NtCsjfZfl7cBLOC_3std3envNtB5_10SplitPathsNtNtCsfo0Ls1ZyrQZ_4core3fmt5Debug3fmt
0000000000000000 T _RNvXs5_NtNtCsjfZfl7cBLOC_3std2io4pipeNtB5_10PipeReaderNtB7_4Read11read_to_end
0000000000000000 T _RNvXs5_NtNtCsjfZfl7cBLOC_3std2io4pipeNtB5_10PipeReaderNtB7_4Read13read_vectored
0000000000000000 T _RNvXs5_NtNtCsjfZfl7cBLOC_3std2io4pipeNtB5_10PipeReaderNtB7_4Read4read
0000000000000000 T _RNvXs5_NtNtCsjfZfl7cBLOC_3std2io4pipeNtB5_10PipeReaderNtB7_4Read8read_buf
0000000000000000 T _RNvXs5_NtNtCsjfZfl7cBLOC_3std2io5errorNtB5_5ErrorNtNtCsfo0Ls1ZyrQZ_4core3fmt7Display3fmt
0000000000000000 T _RNvXs5_NtNtCsjfZfl7cBLOC_3std3net11socket_addrTNtNtCsi2GJixwxVUa_5alloc6string6StringtENtB5_13ToSocketAddrs15to_socket_addrs
0000000000000000 T _RNvXs5_NtNtNtCsjfZfl7cBLOC_3std2os4unix2fsNtNtBb_2fs8DirEntryNtB5_12DirEntryExt213file_name_ref
0000000000000000 T _RNvXs5_NtNtNtCsjfZfl7cBLOC_3std2os5linux7processNtB5_5PidFdNtNtNtB9_2fd5owned4AsFd5as_fd
0000000000000000 T _RNvXs5_NtNtNtNtCsjfZfl7cBLOC_3std3sys2io11kernel_copy5linuxNtNtBd_2fs4FileNtB5_9CopyWrite10properties
0000000000000000 T _RNvXs5_NtNtNtNtCsjfZfl7cBLOC_3std3sys7process4unix4unixNtB5_15ExitStatusErrorNtNtCsfo0Ls1ZyrQZ_4core3fmt5Debug3fmt
0000000000000000 T _RNvXs5_NtNtNtNtNtCsjfZfl7cBLOC_3std3sys3net10connection6socket4unixNtB5_6SocketNtNtNtNtBf_2os2fd3raw9FromRawFd11from_raw_fd
0000000000000000 T _RNvXs5_NtNtNtNtNtCsjfZfl7cBLOC_3std3sys7process4unix6common13cstring_arrayNtB5_11CStringIterNtNtNtNtCsfo0Ls1ZyrQZ_4core4iter6traits10exact_size17ExactSizeIterator3len
0000000000000000 T _RNvXs6_NtCsjfZfl7cBLOC_3std2fsNtB5_4FileNtNtCsfo0Ls1ZyrQZ_4core3fmt5Debug3fmt
0000000000000000 T _RNvXs6_NtCsjfZfl7cBLOC_3std3envNtB5_14JoinPathsErrorNtNtCsfo0Ls1ZyrQZ_4core3fmt7Display3fmt
0000000000000000 T _RNvXs6_NtCsjfZfl7cBLOC_3std4timeNtB5_10SystemTimeINtNtNtCsfo0Ls1ZyrQZ_4core3ops5arith3AddNtNtBS_4time8DurationE3add
0000000000000000 T _RNvXs6_NtNtCsjfZfl7cBLOC_3std2io4pipeRNtB5_10PipeWriterNtB7_5Write14write_vectored
0000000000000000 T _RNvXs6_NtNtCsjfZfl7cBLOC_3std2io4pipeRNtB5_10PipeWriterNtB7_5Write5write
0000000000000000 T _RNvXs6_NtNtCsjfZfl7cBLOC_3std2io5errorNtB5_5ErrorNtNtCsfo0Ls1ZyrQZ_4core5error5Error5cause
0000000000000000 T _RNvXs6_NtNtCsjfZfl7cBLOC_3std2io5errorNtB5_5ErrorNtNtCsfo0Ls1ZyrQZ_4core5error5Error6source
0000000000000000 T _RNvXs6_NtNtCsjfZfl7cBLOC_3std2io5stdioNtB5_9StdinLockNtB7_4Read10read_exact
0000000000000000 T _RNvXs6_NtNtCsjfZfl7cBLOC_3std2io5stdioNtB5_9StdinLockNtB7_4Read11read_to_end
0000000000000000 T _RNvXs6_NtNtCsjfZfl7cBLOC_3std2io5stdioNtB5_9StdinLockNtB7_4Read13read_vectored
0000000000000000 T _RNvXs6_NtNtCsjfZfl7cBLOC_3std2io5stdioNtB5_9StdinLockNtB7_4Read14read_buf_exact
0000000000000000 T _RNvXs6_NtNtCsjfZfl7cBLOC_3std2io5stdioNtB5_9StdinLockNtB7_4Read14read_to_string
0000000000000000 T _RNvXs6_NtNtCsjfZfl7cBLOC_3std2io5stdioNtB5_9StdinLockNtB7_4Read4read
0000000000000000 T _RNvXs6_NtNtCsjfZfl7cBLOC_3std2io5stdioNtB5_9StdinLockNtB7_4Read8read_buf
0000000000000000 T _RNvXs6_NtNtCsjfZfl7cBLOC_3std3net11socket_addreNtB5_13ToSocketAddrs15to_socket_addrs
0000000000000000 T _RNvXs6_NtNtCsjfZfl7cBLOC_3std3net3tcpNtB5_9TcpStreamNtNtCsfo0Ls1ZyrQZ_4core3fmt5Debug3fmt
0000000000000000 T _RNvXs6_NtNtNtCsjfZfl7cBLOC_3std2os2fd5ownedNtB5_10BorrowedFdNtNtCsfo0Ls1ZyrQZ_4core3fmt5Debug3fmt
0000000000000000 T _RNvXs6_NtNtNtCsjfZfl7cBLOC_3std3sys2fd4unixNtB5_8FileDescNtNtNtNtBb_2os2fd3raw9FromRawFd11from_raw_fd
0000000000000000 T _RNvXs6_NtNtNtNtCsjfZfl7cBLOC_3std3sys2io11kernel_copy5linuxRNtNtBd_2fs4FileNtB5_9CopyWrite10properties
0000000000000000 T _RNvXs6_NtNtNtNtCsjfZfl7cBLOC_3std3sys3net10connection6socketNtB5_9TcpStreamNtNtCsfo0Ls1ZyrQZ_4core3fmt5Debug3fmt
0000000000000000 T _RNvXs6_NtNtNtNtCsjfZfl7cBLOC_3std3sys7process4unix6commonNtB5_7CommandNtNtCsfo0Ls1ZyrQZ_4core3fmt5Debug3fmt
0000000000000000 T _RNvXs7_NtCsjfZfl7cBLOC_3std2fsRNtB5_4FileNtNtB7_2io4Read11read_to_end
0000000000000000 T _RNvXs7_NtCsjfZfl7cBLOC_3std2fsRNtB5_4FileNtNtB7_2io4Read14read_to_string
0000000000000000 T _RNvXs7_NtCsjfZfl7cBLOC_3std2ioNtB5_7IoSliceNtNtCsfo0Ls1ZyrQZ_4core3fmt5Debug3fmt
0000000000000000 T _RNvXs7_NtCsjfZfl7cBLOC_3std4pathNtB5_10ComponentsNtNtCsfo0Ls1ZyrQZ_4core3fmt5Debug3fmt
0000000000000000 T _RNvXs7_NtCsjfZfl7cBLOC_3std4timeNtB5_10SystemTimeINtNtNtCsfo0Ls1ZyrQZ_4core3ops5arith9AddAssignNtNtBS_4time8DurationE10add_assign
0000000000000000 T _RNvXs7_NtNtCsjfZfl7cBLOC_3std2io4pipeNtB5_10PipeWriterNtB7_5Write14write_vectored
0000000000000000 T _RNvXs7_NtNtCsjfZfl7cBLOC_3std2io4pipeNtB5_10PipeWriterNtB7_5Write5write
0000000000000000 T _RNvXs7_NtNtNtCsjfZfl7cBLOC_3std2os2fd5ownedNtB5_7OwnedFdNtNtCsfo0Ls1ZyrQZ_4core3fmt5Debug3fmt
0000000000000000 T _RNvXs7_NtNtNtCsjfZfl7cBLOC_3std3sys2fs4unixNtB5_8FileTypeNtNtCsfo0Ls1ZyrQZ_4core3fmt5Debug3fmt
0000000000000000 T _RNvXs7_NtNtNtNtCsjfZfl7cBLOC_3std2os4unix3net8listenerNtB5_8IncomingNtNtNtNtCsfo0Ls1ZyrQZ_4core4iter6traits8iterator8Iterator4next
0000000000000000 T _RNvXs7_NtNtNtNtCsjfZfl7cBLOC_3std3sys7process4unix6commonNtB5_8ExitCodeNtNtCsfo0Ls1ZyrQZ_4core3fmt5Debug3fmt
0000000000000000 T _RNvXs8_NtCsjfZfl7cBLOC_3std2fsRNtB5_4FileNtNtB7_2io5Write14write_vectored
0000000000000000 T _RNvXs8_NtCsjfZfl7cBLOC_3std2fsRNtB5_4FileNtNtB7_2io5Write5write
0000000000000000 T _RNvXs8_NtCsjfZfl7cBLOC_3std4timeNtB5_10SystemTimeINtNtNtCsfo0Ls1ZyrQZ_4core3ops5arith3SubNtNtBS_4time8DurationE3sub
0000000000000000 T _RNvXs8_NtCsjfZfl7cBLOC_3std7processNtB5_10ChildStdinNtNtCsfo0Ls1ZyrQZ_4core3fmt5Debug3fmt
0000000000000000 T _RNvXs8_NtNtCsjfZfl7cBLOC_3std2io5stdioNtB5_9StdinLockNtB7_7BufRead10read_until
0000000000000000 T _RNvXs8_NtNtCsjfZfl7cBLOC_3std2io5stdioNtB5_9StdinLockNtB7_7BufRead7consume
0000000000000000 T _RNvXs8_NtNtCsjfZfl7cBLOC_3std2io5stdioNtB5_9StdinLockNtB7_7BufRead8fill_buf
0000000000000000 T _RNvXs8_NtNtCsjfZfl7cBLOC_3std2io5stdioNtB5_9StdinLockNtB7_7BufRead9read_line
0000000000000000 T _RNvXs8_NtNtCsjfZfl7cBLOC_3std3net3tcpNtB5_8IncomingNtNtNtNtCsfo0Ls1ZyrQZ_4core4iter6traits8iterator8Iterator4next
0000000000000000 T _RNvXs9_NtCsjfZfl7cBLOC_3std2fsRNtB5_4FileNtNtB7_2io4Seek10stream_len
0000000000000000 T _RNvXs9_NtCsjfZfl7cBLOC_3std2fsRNtB5_4FileNtNtB7_2io4Seek15stream_position
0000000000000000 T _RNvXs9_NtCsjfZfl7cBLOC_3std2fsRNtB5_4FileNtNtB7_2io4Seek4seek
0000000000000000 T _RNvXs9_NtCsjfZfl7cBLOC_3std4timeNtB5_10SystemTimeINtNtNtCsfo0Ls1ZyrQZ_4core3ops5arith9SubAssignNtNtBS_4time8DurationE10sub_assign
0000000000000000 T _RNvXs9_NtCsjfZfl7cBLOC_3std7processNtB5_11ChildStdoutNtNtB7_2io4Read11read_to_end
0000000000000000 T _RNvXs9_NtCsjfZfl7cBLOC_3std7processNtB5_11ChildStdoutNtNtB7_2io4Read13read_vectored
0000000000000000 T _RNvXs9_NtCsjfZfl7cBLOC_3std7processNtB5_11ChildStdoutNtNtB7_2io4Read4read
0000000000000000 T _RNvXs9_NtCsjfZfl7cBLOC_3std7processNtB5_11ChildStdoutNtNtB7_2io4Read8read_buf
0000000000000000 T _RNvXs9_NtNtCsjfZfl7cBLOC_3std2io5stdioNtB5_9StdinLockNtNtCsfo0Ls1ZyrQZ_4core3fmt5Debug3fmt
0000000000000000 T _RNvXs9_NtNtCsjfZfl7cBLOC_3std3ffi6os_strNtB5_8OsStringNtNtCsfo0Ls1ZyrQZ_4core3fmt5Debug3fmt
0000000000000000 T _RNvXs9_NtNtCsjfZfl7cBLOC_3std3net11socket_addrNtNtCsi2GJixwxVUa_5alloc6string6StringNtB5_13ToSocketAddrs15to_socket_addrs
0000000000000000 T _RNvXs9_NtNtNtCsjfZfl7cBLOC_3std3sys2fs4unixNtB5_15FilePermissionsNtNtCsfo0Ls1ZyrQZ_4core3fmt5Debug3fmt
0000000000000000 T _RNvXs9_NtNtNtNtCsjfZfl7cBLOC_3std3sys3net10connection6socketNtB5_11TcpListenerNtNtCsfo0Ls1ZyrQZ_4core3fmt5Debug3fmt
0000000000000000 T _RNvXsA_NtNtNtCsjfZfl7cBLOC_3std2os2fd5ownedNtNtNtBb_2io4pipe10PipeWriterNtB5_4AsFd5as_fd
0000000000000000 T _RNvXsB_NtCsjfZfl7cBLOC_3std2fsNtB5_8DirEntryNtNtCsfo0Ls1ZyrQZ_4core3fmt5Debug3fmt
0000000000000000 T _RNvXsD_NtNtCsjfZfl7cBLOC_3std3ffi6os_strReINtNtCsfo0Ls1ZyrQZ_4core7convert7TryFromRNtB5_5OsStrE8try_from
0000000000000000 T _RNvXsG_NtCsjfZfl7cBLOC_3std4pathNtB5_7PathBufNtNtCsfo0Ls1ZyrQZ_4core3fmt5Debug3fmt
0000000000000000 T _RNvXsL_NtCsjfZfl7cBLOC_3std7processNtB5_10ExitStatusNtNtCsfo0Ls1ZyrQZ_4core3fmt7Display3fmt
0000000000000000 T _RNvXsO_NtNtCsjfZfl7cBLOC_3std3ffi6os_strNtB5_5OsStrNtNtCsfo0Ls1ZyrQZ_4core3fmt5Debug3fmt
0000000000000000 T _RNvXsP_NtCsjfZfl7cBLOC_3std7processNtB5_15ExitStatusErrorNtNtCsfo0Ls1ZyrQZ_4core3fmt7Display3fmt
0000000000000000 T _RNvXsP_NtNtCsjfZfl7cBLOC_3std3ffi6os_strNtB5_7DisplayNtNtCsfo0Ls1ZyrQZ_4core3fmt5Debug3fmt
0000000000000000 T _RNvXsQ_NtNtCsjfZfl7cBLOC_3std3ffi6os_strNtB5_7DisplayNtNtCsfo0Ls1ZyrQZ_4core3fmt7Display3fmt
0000000000000000 T _RNvXs_NtCsjfZfl7cBLOC_3std2fsNtB4_12TryLockErrorNtNtCsfo0Ls1ZyrQZ_4core3fmt5Debug3fmt
0000000000000000 T _RNvXs_NtCsjfZfl7cBLOC_3std3envNtB4_4VarsNtNtCsfo0Ls1ZyrQZ_4core3fmt5Debug3fmt
0000000000000000 T _RNvXs_NtCsjfZfl7cBLOC_3std4timeNtB4_7InstantINtNtNtCsfo0Ls1ZyrQZ_4core3ops5arith3AddNtNtBN_4time8DurationE3add
0000000000000000 T _RNvXs_NtCsjfZfl7cBLOC_3std5panicNtB4_13PanicHookInfoNtNtCsfo0Ls1ZyrQZ_4core3fmt7Display3fmt
0000000000000000 T _RNvXs_NtCsjfZfl7cBLOC_3std9backtraceNtB4_14BacktraceFrameNtNtCsfo0Ls1ZyrQZ_4core3fmt5Debug3fmt
0000000000000000 T _RNvXs_NtNtCsjfZfl7cBLOC_3std12backtrace_rs9backtraceNtB4_5FrameNtNtCsfo0Ls1ZyrQZ_4core3fmt5Debug3fmt
0000000000000000 T _RNvXs_NtNtCsjfZfl7cBLOC_3std2io5stdioNtB4_9StdoutRawNtB6_5Write14write_vectored
0000000000000000 T _RNvXs_NtNtCsjfZfl7cBLOC_3std2io5stdioNtB4_9StdoutRawNtB6_5Write18write_all_vectored
0000000000000000 T _RNvXs_NtNtCsjfZfl7cBLOC_3std2io5stdioNtB4_9StdoutRawNtB6_5Write5flush
0000000000000000 T _RNvXs_NtNtCsjfZfl7cBLOC_3std2io5stdioNtB4_9StdoutRawNtB6_5Write5write
0000000000000000 T _RNvXs_NtNtCsjfZfl7cBLOC_3std2io5stdioNtB4_9StdoutRawNtB6_5Write9write_all
0000000000000000 T _RNvXs_NtNtCsjfZfl7cBLOC_3std2io5stdioNtB4_9StdoutRawNtB6_5Write9write_fmt
0000000000000000 T _RNvXs_NtNtCsjfZfl7cBLOC_3std3net3tcpNtB4_9TcpStreamNtNtB8_2io4Read13read_vectored
0000000000000000 T _RNvXs_NtNtCsjfZfl7cBLOC_3std3net3tcpNtB4_9TcpStreamNtNtB8_2io4Read4read
0000000000000000 T _RNvXs_NtNtCsjfZfl7cBLOC_3std3net3tcpNtB4_9TcpStreamNtNtB8_2io4Read8read_buf
0000000000000000 T _RNvXs_NtNtCsjfZfl7cBLOC_3std4sync7barrierNtB4_7BarrierNtNtCsfo0Ls1ZyrQZ_4core3fmt5Debug3fmt
0000000000000000 T _RNvXs_NtNtCsjfZfl7cBLOC_3std4sync9nonpoisonNtB4_10WouldBlockNtNtCsfo0Ls1ZyrQZ_4core3fmt7Display3fmt
0000000000000000 T _RNvXs_NtNtCsjfZfl7cBLOC_3std6thread5localNtB4_11AccessErrorNtNtCsfo0Ls1ZyrQZ_4core3fmt5Debug3fmt
0000000000000000 T _RNvXs_NtNtNtCsjfZfl7cBLOC_3std2os4unix2ioNtNtNtBa_2io5stdio10StdoutLockNtB4_8StdioExt7take_fd
0000000000000000 T _RNvXs_NtNtNtCsjfZfl7cBLOC_3std3sys2fd4unixRNtB4_8FileDescNtNtBa_2io4Read13read_vectored
0000000000000000 T _RNvXs_NtNtNtCsjfZfl7cBLOC_3std3sys2fd4unixRNtB4_8FileDescNtNtBa_2io4Read4read
0000000000000000 T _RNvXs_NtNtNtCsjfZfl7cBLOC_3std3sys2fd4unixRNtB4_8FileDescNtNtBa_2io4Read8read_buf
0000000000000000 T _RNvXs_NtNtNtCsjfZfl7cBLOC_3std3sys2fs6commonNtB4_3DirNtNtCsfo0Ls1ZyrQZ_4core3fmt5Debug3fmt
0000000000000000 T _RNvXs_NtNtNtCsjfZfl7cBLOC_3std3sys3env6commonNtB4_3EnvNtNtCsfo0Ls1ZyrQZ_4core3fmt5Debug3fmt
0000000000000000 T _RNvXs_NtNtNtCsjfZfl7cBLOC_3std3sys4time4unixNtB4_10SystemTimeNtNtCsfo0Ls1ZyrQZ_4core3fmt5Debug3fmt
0000000000000000 T _RNvXs_NtNtNtCsjfZfl7cBLOC_3std3sys5stdio4unixNtB4_5StdinNtNtBa_2io4Read13read_vectored
0000000000000000 T _RNvXs_NtNtNtCsjfZfl7cBLOC_3std3sys5stdio4unixNtB4_5StdinNtNtBa_2io4Read4read
0000000000000000 T _RNvXs_NtNtNtCsjfZfl7cBLOC_3std3sys5stdio4unixNtB4_5StdinNtNtBa_2io4Read8read_buf
0000000000000000 T _RNvXs_NtNtNtCsjfZfl7cBLOC_3std3sys7helpers4wstrNtB4_9WStrUnitsNtNtNtNtCsfo0Ls1ZyrQZ_4core4iter6traits8iterator8Iterator4next
0000000000000000 T _RNvXs_NtNtNtCsjfZfl7cBLOC_3std4sync4mpmc4zeroNtB4_9ZeroTokenNtNtCsfo0Ls1ZyrQZ_4core3fmt5Debug3fmt
0000000000000000 T _RNvXs_NtNtNtCsjfZfl7cBLOC_3std4sync6poison7condvarNtB4_7CondvarNtNtCsfo0Ls1ZyrQZ_4core3fmt5Debug3fmt
0000000000000000 T _RNvXs_NtNtNtCsjfZfl7cBLOC_3std4sync9nonpoison7condvarNtB4_7CondvarNtNtCsfo0Ls1ZyrQZ_4core3fmt5Debug3fmt
0000000000000000 T _RNvXs_NtNtNtNtCsjfZfl7cBLOC_3std12backtrace_rs9symbolize5gimli19parse_running_mmapsNtB4_9MapsEntryNtNtNtCsfo0Ls1ZyrQZ_4core3str6traits7FromStr8from_str
0000000000000000 T _RNvXs_NtNtNtNtCsjfZfl7cBLOC_3std12backtrace_rs9symbolize5gimli4mmapNtB4_4MmapNtNtNtCsfo0Ls1ZyrQZ_4core3ops5deref5Deref5deref
0000000000000000 T _RNvXs_NtNtNtNtCsjfZfl7cBLOC_3std2os3net9linux_ext3tcpNtNtNtBc_3net3tcp9TcpStreamNtB4_12TcpStreamExt11deferaccept
0000000000000000 T _RNvXs_NtNtNtNtCsjfZfl7cBLOC_3std2os3net9linux_ext3tcpNtNtNtBc_3net3tcp9TcpStreamNtB4_12TcpStreamExt12set_quickack
0000000000000000 T _RNvXs_NtNtNtNtCsjfZfl7cBLOC_3std2os3net9linux_ext3tcpNtNtNtBc_3net3tcp9TcpStreamNtB4_12TcpStreamExt15set_deferaccept
0000000000000000 T _RNvXs_NtNtNtNtCsjfZfl7cBLOC_3std2os3net9linux_ext3tcpNtNtNtBc_3net3tcp9TcpStreamNtB4_12TcpStreamExt8quickack
0000000000000000 T _RNvXs_NtNtNtNtCsjfZfl7cBLOC_3std2os3net9linux_ext6socketNtNtNtNtBa_4unix3net6stream10UnixStreamNtB4_13UnixSocketExt12set_passcred
0000000000000000 T _RNvXs_NtNtNtNtCsjfZfl7cBLOC_3std2os3net9linux_ext6socketNtNtNtNtBa_4unix3net6stream10UnixStreamNtB4_13UnixSocketExt8passcred
0000000000000000 T _RNvXs_NtNtNtNtCsjfZfl7cBLOC_3std2os4unix3net6streamNtB4_10UnixStreamNtNtCsfo0Ls1ZyrQZ_4core3fmt5Debug3fmt
0000000000000000 T _RNvXs_NtNtNtNtCsjfZfl7cBLOC_3std2os4unix3net8datagramNtB4_12UnixDatagramNtNtCsfo0Ls1ZyrQZ_4core3fmt5Debug3fmt
0000000000000000 T _RNvXs_NtNtNtNtCsjfZfl7cBLOC_3std3sys2fs4unix3cfmNtB4_18CachedFileMetadataNtNtBc_2io5Write14write_vectored
0000000000000000 T _RNvXs_NtNtNtNtCsjfZfl7cBLOC_3std3sys2fs4unix3cfmNtB4_18CachedFileMetadataNtNtBc_2io5Write5write
0000000000000000 T _RNvXs_NtNtNtNtCsjfZfl7cBLOC_3std3sys2fs4unix3dirNtB4_3DirNtNtCsfo0Ls1ZyrQZ_4core3fmt5Debug3fmt
0000000000000000 T _RNvXs_NtNtNtNtCsjfZfl7cBLOC_3std3sys3net10connection6socketNtB4_10LookupHostNtNtNtNtCsfo0Ls1ZyrQZ_4core4iter6traits8iterator8Iterator4next
0000000000000000 T _RNvXs_NtNtNtNtCsjfZfl7cBLOC_3std3sys3pal4unix14stack_overflowNtB4_7HandlerNtNtNtCsfo0Ls1ZyrQZ_4core3ops4drop4Drop4drop
0000000000000000 T _RNvXs_NtNtNtNtCsjfZfl7cBLOC_3std3sys4sync4once5futexNtB4_15CompletionGuardNtNtNtCsfo0Ls1ZyrQZ_4core3ops4drop4Drop4drop
0000000000000000 T _RNvXs_NtNtNtNtNtCsjfZfl7cBLOC_3std3sys7process4unix6common13cstring_arrayNtB4_12CStringArrayINtNtNtCsfo0Ls1ZyrQZ_4core3ops5index5IndexjE5index
0000000000000000 T _RNvXs_NvMNtNtNtNtCsjfZfl7cBLOC_3std3sys7process4unix4unixNtNtB9_6common7Command11posix_spawnNtB4_14PosixSpawnattrNtNtNtCsfo0Ls1ZyrQZ_4core3ops4drop4Drop4drop
0000000000000000 T _RNvXs_NvMs_NtNtNtCsjfZfl7cBLOC_3std2io8buffered9bufwriterINtB9_9BufWriterpE9flush_bufNtB4_8BufGuardNtNtNtCsfo0Ls1ZyrQZ_4core3ops4drop4Drop4drop
0000000000000000 T _RNvXs_NvNtCsjfZfl7cBLOC_3std9panicking13panic_handlerNtB4_19FormatStringPayloadNtNtCsfo0Ls1ZyrQZ_4core5panic12PanicPayload3get
0000000000000000 T _RNvXs_NvNtCsjfZfl7cBLOC_3std9panicking13panic_handlerNtB4_19FormatStringPayloadNtNtCsfo0Ls1ZyrQZ_4core5panic12PanicPayload8take_box
0000000000000000 T _RNvXs_NvNtCsjfZfl7cBLOC_3std9panicking13resume_unwindNtB4_9RewrapBoxNtNtCsfo0Ls1ZyrQZ_4core3fmt7Display3fmt
0000000000000000 T _RNvXsa_NtCsjfZfl7cBLOC_3std2fsNtB5_4FileNtNtB7_2io4Read11read_to_end
0000000000000000 T _RNvXsa_NtCsjfZfl7cBLOC_3std2fsNtB5_4FileNtNtB7_2io4Read13read_vectored
0000000000000000 T _RNvXsa_NtCsjfZfl7cBLOC_3std2fsNtB5_4FileNtNtB7_2io4Read14read_to_string
0000000000000000 T _RNvXsa_NtCsjfZfl7cBLOC_3std2fsNtB5_4FileNtNtB7_2io4Read4read
0000000000000000 T _RNvXsa_NtCsjfZfl7cBLOC_3std2fsNtB5_4FileNtNtB7_2io4Read8read_buf
0000000000000000 T _RNvXsa_NtCsjfZfl7cBLOC_3std3envNtB5_4ArgsNtNtNtNtCsfo0Ls1ZyrQZ_4core4iter6traits8iterator8Iterator4next
0000000000000000 T _RNvXsa_NtCsjfZfl7cBLOC_3std4timeNtB5_10SystemTimeNtNtCsfo0Ls1ZyrQZ_4core3fmt5Debug3fmt
0000000000000000 T _RNvXsa_NtNtCsjfZfl7cBLOC_3std3net3tcpNtB5_12IntoIncomingNtNtNtNtCsfo0Ls1ZyrQZ_4core4iter6traits8iterator8Iterator4next
0000000000000000 T _RNvXsa_NtNtNtCsjfZfl7cBLOC_3std3sys2fs4unixNtB5_7ReadDirNtNtCsfo0Ls1ZyrQZ_4core3fmt5Debug3fmt
0000000000000000 T _RNvXsa_NtNtNtNtCsjfZfl7cBLOC_3std3sys7process4unix6commonNtB5_11CommandArgsNtNtNtNtCsfo0Ls1ZyrQZ_4core4iter6traits8iterator8Iterator4next
0000000000000000 T _RNvXsa_NtNtNtNtCsjfZfl7cBLOC_3std3sys7process4unix6commonNtB5_11CommandArgsNtNtNtNtCsfo0Ls1ZyrQZ_4core4iter6traits8iterator8Iterator9size_hint
0000000000000000 T _RNvXsb_NtCsjfZfl7cBLOC_3std2fsNtB5_4FileNtNtB7_2io5Write14write_vectored
0000000000000000 T _RNvXsb_NtCsjfZfl7cBLOC_3std2fsNtB5_4FileNtNtB7_2io5Write5write
0000000000000000 T _RNvXsb_NtCsjfZfl7cBLOC_3std4pathNtB5_4IterNtNtCsfo0Ls1ZyrQZ_4core3fmt5Debug3fmt
0000000000000000 T _RNvXsb_NtNtNtCsjfZfl7cBLOC_3std3sys2fs4unixNtB5_7ReadDirNtNtNtNtCsfo0Ls1ZyrQZ_4core4iter6traits8iterator8Iterator4next
0000000000000000 T _RNvXsb_NtNtNtNtCsjfZfl7cBLOC_3std3sys7process4unix6commonNtB5_11CommandArgsNtNtNtNtCsfo0Ls1ZyrQZ_4core4iter6traits10exact_size17ExactSizeIterator3len
0000000000000000 T _RNvXsc_NtCsjfZfl7cBLOC_3std2fsNtB5_4FileNtNtB7_2io4Seek10stream_len
0000000000000000 T _RNvXsc_NtCsjfZfl7cBLOC_3std2fsNtB5_4FileNtNtB7_2io4Seek15stream_position
0000000000000000 T _RNvXsc_NtCsjfZfl7cBLOC_3std2fsNtB5_4FileNtNtB7_2io4Seek4seek
0000000000000000 T _RNvXsc_NtCsjfZfl7cBLOC_3std3envNtB5_4ArgsNtNtNtNtCsfo0Ls1ZyrQZ_4core4iter6traits12double_ended19DoubleEndedIterator9next_back
0000000000000000 T _RNvXsc_NtNtNtCsjfZfl7cBLOC_3std3sys2fs4unixNtB5_9DirStreamNtNtNtCsfo0Ls1ZyrQZ_4core3ops4drop4Drop4drop
0000000000000000 T _RNvXsc_NtNtNtNtCsjfZfl7cBLOC_3std3sys3net10connection6socketNtB5_9UdpSocketNtNtCsfo0Ls1ZyrQZ_4core3fmt5Debug3fmt
0000000000000000 T _RNvXsc_NtNtNtNtCsjfZfl7cBLOC_3std3sys7process4unix6commonNtB5_11CommandArgsNtNtCsfo0Ls1ZyrQZ_4core3fmt5Debug3fmt
0000000000000000 T _RNvXsd_NtCsjfZfl7cBLOC_3std3envNtB5_4ArgsNtNtCsfo0Ls1ZyrQZ_4core3fmt5Debug3fmt
0000000000000000 T _RNvXsd_NtCsjfZfl7cBLOC_3std4timeNtB5_15SystemTimeErrorNtNtCsfo0Ls1ZyrQZ_4core3fmt7Display3fmt
0000000000000000 T _RNvXsd_NtCsjfZfl7cBLOC_3std7processNtB5_11ChildStdoutNtNtCsfo0Ls1ZyrQZ_4core3fmt5Debug3fmt
0000000000000000 T _RNvXsd_NtNtCsjfZfl7cBLOC_3std2io5stdioNtB5_6StdoutNtNtCsfo0Ls1ZyrQZ_4core3fmt5Debug3fmt
0000000000000000 T _RNvXse_NtCsjfZfl7cBLOC_3std7processNtB5_11ChildStderrNtNtB7_2io4Read11read_to_end
0000000000000000 T _RNvXse_NtCsjfZfl7cBLOC_3std7processNtB5_11ChildStderrNtNtB7_2io4Read13read_vectored
0000000000000000 T _RNvXse_NtCsjfZfl7cBLOC_3std7processNtB5_11ChildStderrNtNtB7_2io4Read4read
0000000000000000 T _RNvXse_NtCsjfZfl7cBLOC_3std7processNtB5_11ChildStderrNtNtB7_2io4Read8read_buf
0000000000000000 T _RNvXse_NtNtCsjfZfl7cBLOC_3std2io5stdioNtB5_6StdoutNtB7_5Write14write_vectored
0000000000000000 T _RNvXse_NtNtCsjfZfl7cBLOC_3std2io5stdioNtB5_6StdoutNtB7_5Write18write_all_vectored
0000000000000000 T _RNvXse_NtNtCsjfZfl7cBLOC_3std2io5stdioNtB5_6StdoutNtB7_5Write5flush
0000000000000000 T _RNvXse_NtNtCsjfZfl7cBLOC_3std2io5stdioNtB5_6StdoutNtB7_5Write5write
0000000000000000 T _RNvXse_NtNtCsjfZfl7cBLOC_3std2io5stdioNtB5_6StdoutNtB7_5Write9write_all
0000000000000000 T _RNvXse_NtNtCsjfZfl7cBLOC_3std2io5stdioNtB5_6StdoutNtB7_5Write9write_fmt
0000000000000000 T _RNvXsf_NtNtCsjfZfl7cBLOC_3std2io5stdioRNtB5_6StdoutNtB7_5Write14write_vectored
0000000000000000 T _RNvXsf_NtNtCsjfZfl7cBLOC_3std2io5stdioRNtB5_6StdoutNtB7_5Write18write_all_vectored
0000000000000000 T _RNvXsf_NtNtCsjfZfl7cBLOC_3std2io5stdioRNtB5_6StdoutNtB7_5Write5flush
0000000000000000 T _RNvXsf_NtNtCsjfZfl7cBLOC_3std2io5stdioRNtB5_6StdoutNtB7_5Write5write
0000000000000000 T _RNvXsf_NtNtCsjfZfl7cBLOC_3std2io5stdioRNtB5_6StdoutNtB7_5Write9write_all
0000000000000000 T _RNvXsf_NtNtCsjfZfl7cBLOC_3std2io5stdioRNtB5_6StdoutNtB7_5Write9write_fmt
0000000000000000 T _RNvXsf_NtNtCsjfZfl7cBLOC_3std3net3tcpNtB5_11TcpListenerNtNtCsfo0Ls1ZyrQZ_4core3fmt5Debug3fmt
0000000000000000 T _RNvXsf_NtNtNtCsjfZfl7cBLOC_3std2os2fd3rawNtNtNtBb_2io4pipe10PipeReaderNtB5_9FromRawFd11from_raw_fd
0000000000000000 T _RNvXsh_NtNtNtCsjfZfl7cBLOC_3std3sys2fs4unixNtB5_11OpenOptionsNtNtCsfo0Ls1ZyrQZ_4core3fmt5Debug3fmt
0000000000000000 T _RNvXsi_NtCsjfZfl7cBLOC_3std2fsNtB5_3DirNtNtCsfo0Ls1ZyrQZ_4core3fmt5Debug3fmt
0000000000000000 T _RNvXsi_NtCsjfZfl7cBLOC_3std4pathNtB5_10ComponentsNtNtNtNtCsfo0Ls1ZyrQZ_4core4iter6traits8iterator8Iterator4next
0000000000000000 T _RNvXsi_NtCsjfZfl7cBLOC_3std7processNtB5_11ChildStderrNtNtCsfo0Ls1ZyrQZ_4core3fmt5Debug3fmt
0000000000000000 T _RNvXsi_NtNtCsjfZfl7cBLOC_3std2io5stdioNtB5_10StdoutLockNtB7_5Write14write_vectored
0000000000000000 T _RNvXsi_NtNtCsjfZfl7cBLOC_3std2io5stdioNtB5_10StdoutLockNtB7_5Write18write_all_vectored
0000000000000000 T _RNvXsi_NtNtCsjfZfl7cBLOC_3std2io5stdioNtB5_10StdoutLockNtB7_5Write5flush
0000000000000000 T _RNvXsi_NtNtCsjfZfl7cBLOC_3std2io5stdioNtB5_10StdoutLockNtB7_5Write5write
0000000000000000 T _RNvXsi_NtNtCsjfZfl7cBLOC_3std2io5stdioNtB5_10StdoutLockNtB7_5Write9write_all
0000000000000000 T _RNvXsi_NtNtNtCsjfZfl7cBLOC_3std2os2fd3rawNtNtNtBb_2io4pipe10PipeWriterNtB5_9FromRawFd11from_raw_fd
0000000000000000 T _RNvXsj_NtCsjfZfl7cBLOC_3std3envNtB5_6ArgsOsNtNtCsfo0Ls1ZyrQZ_4core3fmt5Debug3fmt
0000000000000000 T _RNvXsj_NtCsjfZfl7cBLOC_3std4pathNtB5_10ComponentsNtNtNtNtCsfo0Ls1ZyrQZ_4core4iter6traits12double_ended19DoubleEndedIterator9next_back
0000000000000000 T _RNvXsj_NtNtCsjfZfl7cBLOC_3std2io5stdioNtB5_10StdoutLockNtNtCsfo0Ls1ZyrQZ_4core3fmt5Debug3fmt
0000000000000000 T _RNvXsk_NtNtCsjfZfl7cBLOC_3std3ffi6os_strNtB5_8OsStringNtNtCsfo0Ls1ZyrQZ_4core3fmt5Write9write_str
0000000000000000 T _RNvXsk_NtNtNtCsjfZfl7cBLOC_3std3sys2fs4unixNtB5_10DirBuilderNtNtCsfo0Ls1ZyrQZ_4core3fmt5Debug3fmt
0000000000000000 T _RNvXsl_NtCsjfZfl7cBLOC_3std7processNtB5_7CommandNtNtCsfo0Ls1ZyrQZ_4core3fmt5Debug3fmt
0000000000000000 T _RNvXsm_NtNtNtNtCsjfZfl7cBLOC_3std3sys2io11kernel_copy5linuxNtNtNtBd_2io5stdio9StdinLockNtB5_8CopyRead10properties
0000000000000000 T _RNvXsn_NtCsjfZfl7cBLOC_3std2fsNtB5_8MetadataNtNtCsfo0Ls1ZyrQZ_4core3fmt5Debug3fmt
0000000000000000 T _RNvXsn_NtNtCsjfZfl7cBLOC_3std2io5stdioNtB5_6StderrNtNtCsfo0Ls1ZyrQZ_4core3fmt5Debug3fmt
0000000000000000 T _RNvXsn_NtNtCsjfZfl7cBLOC_3std4sync4mpscNtB5_9RecvErrorNtNtCsfo0Ls1ZyrQZ_4core3fmt7Display3fmt
0000000000000000 T _RNvXsn_NtNtNtNtCsjfZfl7cBLOC_3std3sys2io11kernel_copy5linuxNtNtNtBd_2io5stdio10StdoutLockNtB5_9CopyWrite10properties
0000000000000000 T _RNvXso_NtCsjfZfl7cBLOC_3std7processNtB5_11CommandArgsNtNtNtNtCsfo0Ls1ZyrQZ_4core4iter6traits8iterator8Iterator4next
0000000000000000 T _RNvXso_NtCsjfZfl7cBLOC_3std7processNtB5_11CommandArgsNtNtNtNtCsfo0Ls1ZyrQZ_4core4iter6traits8iterator8Iterator9size_hint
0000000000000000 T _RNvXso_NtNtCsjfZfl7cBLOC_3std2io5stdioNtB5_6StderrNtB7_5Write14write_vectored
0000000000000000 T _RNvXso_NtNtCsjfZfl7cBLOC_3std2io5stdioNtB5_6StderrNtB7_5Write18write_all_vectored
0000000000000000 T _RNvXso_NtNtCsjfZfl7cBLOC_3std2io5stdioNtB5_6StderrNtB7_5Write5flush
0000000000000000 T _RNvXso_NtNtCsjfZfl7cBLOC_3std2io5stdioNtB5_6StderrNtB7_5Write5write
0000000000000000 T _RNvXso_NtNtCsjfZfl7cBLOC_3std2io5stdioNtB5_6StderrNtB7_5Write9write_all
0000000000000000 T _RNvXso_NtNtCsjfZfl7cBLOC_3std2io5stdioNtB5_6StderrNtB7_5Write9write_fmt
0000000000000000 T _RNvXso_NtNtNtNtCsjfZfl7cBLOC_3std3sys2io11kernel_copy5linuxNtNtNtBd_2io5stdio10StderrLockNtB5_9CopyWrite10properties
0000000000000000 T _RNvXsp_NtCsjfZfl7cBLOC_3std7processNtB5_11CommandArgsNtNtNtNtCsfo0Ls1ZyrQZ_4core4iter6traits10exact_size17ExactSizeIterator3len
0000000000000000 T _RNvXsp_NtNtCsjfZfl7cBLOC_3std2io5stdioRNtB5_6StderrNtB7_5Write14write_vectored
0000000000000000 T _RNvXsp_NtNtCsjfZfl7cBLOC_3std2io5stdioRNtB5_6StderrNtB7_5Write18write_all_vectored
0000000000000000 T _RNvXsp_NtNtCsjfZfl7cBLOC_3std2io5stdioRNtB5_6StderrNtB7_5Write5flush
0000000000000000 T _RNvXsp_NtNtCsjfZfl7cBLOC_3std2io5stdioRNtB5_6StderrNtB7_5Write5write
0000000000000000 T _RNvXsp_NtNtCsjfZfl7cBLOC_3std2io5stdioRNtB5_6StderrNtB7_5Write9write_all
0000000000000000 T _RNvXsp_NtNtCsjfZfl7cBLOC_3std2io5stdioRNtB5_6StderrNtB7_5Write9write_fmt
0000000000000000 T _RNvXsp_NtNtCsjfZfl7cBLOC_3std4sync4mpscNtB5_12TryRecvErrorNtNtCsfo0Ls1ZyrQZ_4core3fmt7Display3fmt
0000000000000000 T _RNvXsq_NtCsjfZfl7cBLOC_3std7processNtB5_11CommandEnvsNtNtNtNtCsfo0Ls1ZyrQZ_4core4iter6traits8iterator8Iterator4next
0000000000000000 T _RNvXss_NtCsjfZfl7cBLOC_3std7processNtB5_11CommandEnvsNtNtCsfo0Ls1ZyrQZ_4core3fmt5Debug3fmt
0000000000000000 T _RNvXss_NtNtCsjfZfl7cBLOC_3std2io5stdioNtB5_10StderrLockNtB7_5Write14write_vectored
0000000000000000 T _RNvXss_NtNtCsjfZfl7cBLOC_3std2io5stdioNtB5_10StderrLockNtB7_5Write18write_all_vectored
0000000000000000 T _RNvXss_NtNtCsjfZfl7cBLOC_3std2io5stdioNtB5_10StderrLockNtB7_5Write5flush
0000000000000000 T _RNvXss_NtNtCsjfZfl7cBLOC_3std2io5stdioNtB5_10StderrLockNtB7_5Write5write
0000000000000000 T _RNvXss_NtNtCsjfZfl7cBLOC_3std2io5stdioNtB5_10StderrLockNtB7_5Write9write_all
0000000000000000 T _RNvXss_NtNtCsjfZfl7cBLOC_3std4sync4mpscNtB5_16RecvTimeoutErrorNtNtCsfo0Ls1ZyrQZ_4core3fmt7Display3fmt
0000000000000000 T _RNvXss_NtNtNtCsjfZfl7cBLOC_3std3sys2fs4unixNtB5_4FileNtNtNtNtBb_2os2fd3raw9FromRawFd11from_raw_fd
0000000000000000 T _RNvXst_NtCsjfZfl7cBLOC_3std4pathINtNtCsi2GJixwxVUa_5alloc5boxed3BoxNtB5_4PathEINtNtCsfo0Ls1ZyrQZ_4core7convert4FromRB13_E4from
0000000000000000 T _RNvXst_NtNtCsjfZfl7cBLOC_3std2io5stdioNtB5_10StderrLockNtNtCsfo0Ls1ZyrQZ_4core3fmt5Debug3fmt
0000000000000000 T _RNvXst_NtNtNtCsjfZfl7cBLOC_3std3sys2fs4unixNtB5_4FileNtNtCsfo0Ls1ZyrQZ_4core3fmt5Debug3fmt
0000000000000000 T _RNvXsu_NtCsjfZfl7cBLOC_3std4pathINtNtCsi2GJixwxVUa_5alloc5boxed3BoxNtB5_4PathEINtNtCsfo0Ls1ZyrQZ_4core7convert4FromQB13_E4from
0000000000000000 T _RNvXsu_NtCsjfZfl7cBLOC_3std7processNtB5_6OutputNtNtCsfo0Ls1ZyrQZ_4core3fmt5Debug3fmt
0000000000000000 T _RNvXsu_NtNtNtCsjfZfl7cBLOC_3std3sys2fs4unixNtB5_4ModeNtNtCsfo0Ls1ZyrQZ_4core3fmt5Debug3fmt
0000000000000000 T _RNvXsv_NtCsjfZfl7cBLOC_3std2fsNtB5_8FileTypeNtNtCsfo0Ls1ZyrQZ_4core3fmt5Debug3fmt
0000000000000000 T _RNvXsx_NtCsjfZfl7cBLOC_3std7processNtB5_5StdioNtNtCsfo0Ls1ZyrQZ_4core3fmt5Debug3fmt
0000000000000000 T _RNvXsy_NtNtNtCsjfZfl7cBLOC_3std2os2fd5ownedNtNtNtBb_2io4pipe10PipeReaderNtB5_4AsFd5as_fd
0000000000000000 T _RNvXsz_NtCsjfZfl7cBLOC_3std2fsNtB5_7ReadDirNtNtNtNtCsfo0Ls1ZyrQZ_4core4iter6traits8iterator8Iterator4next
0000000000000000 T rust_eh_personality

panic_unwind-bf3adb40f9d11e27.panic_unwind.55db58d535d9bf2c-cgu.0.rcgu.o:
0000000000000000 V DW.ref.rust_eh_personality
0000000000000000 T _RNvCs9wFQrvczXsK_7___rustc18___rust_start_panic
0000000000000000 T _RNvCs9wFQrvczXsK_7___rustc20___rust_panic_cleanup

object-9026c9ecb6cd1f18.object.8c0112e6c6c583ae-cgu.0.rcgu.o:
0000000000000000 V DW.ref.rust_eh_personality
0000000000000000 T _RNvMNtNtNtCsc1eOSDBEXkU_6object4read2pe10relocationNtB2_23RelocationBlockIterator4next
0000000000000000 T _RNvMNtNtNtCsc1eOSDBEXkU_6object4read2pe14data_directoryNtB2_15DataDirectories3get
0000000000000000 T _RNvMNtNtNtCsc1eOSDBEXkU_6object4read2pe14data_directoryNtB2_15DataDirectories5parse
0000000000000000 T _RNvMNtNtNtCsc1eOSDBEXkU_6object4read2pe6importNtB2_11ImportTable4name
0000000000000000 T _RNvMNtNtNtCsc1eOSDBEXkU_6object4read2pe6importNtB2_11ImportTable9hint_name
0000000000000000 T _RNvMNtNtNtCsc1eOSDBEXkU_6object4read2pe8resourceNtB2_17ResourceDirectory4root
0000000000000000 T _RNvMNtNtNtCsc1eOSDBEXkU_6object4read3elf10relocationNtB2_18RelocationSections3get
0000000000000000 T _RNvMs0_NtNtNtCsc1eOSDBEXkU_6object4read2pe8resourceNtNtBb_2pe27ImageResourceDirectoryEntry4data
0000000000000000 T _RNvMs1_NtNtNtCsc1eOSDBEXkU_6object4read2pe6exportNtB5_11ExportTable14forward_string
0000000000000000 T _RNvMs1_NtNtNtCsc1eOSDBEXkU_6object4read2pe6exportNtB5_11ExportTable15parse_directory
0000000000000000 T _RNvMs1_NtNtNtCsc1eOSDBEXkU_6object4read2pe6exportNtB5_11ExportTable15target_by_index
0000000000000000 T _RNvMs1_NtNtNtCsc1eOSDBEXkU_6object4read2pe6exportNtB5_11ExportTable17name_from_pointer
0000000000000000 T _RNvMs1_NtNtNtCsc1eOSDBEXkU_6object4read2pe6exportNtB5_11ExportTable17target_by_ordinal
0000000000000000 T _RNvMs1_NtNtNtCsc1eOSDBEXkU_6object4read2pe6exportNtB5_11ExportTable18address_by_ordinal
0000000000000000 T _RNvMs1_NtNtNtCsc1eOSDBEXkU_6object4read2pe6exportNtB5_11ExportTable19target_from_address
0000000000000000 T _RNvMs1_NtNtNtCsc1eOSDBEXkU_6object4read2pe6exportNtB5_11ExportTable5parse
0000000000000000 T _RNvMs1_NtNtNtCsc1eOSDBEXkU_6object4read2pe6exportNtB5_11ExportTable7exports
0000000000000000 T _RNvMs1_NtNtNtCsc1eOSDBEXkU_6object4read2pe6exportNtB5_11ExportTable9name_iter
0000000000000000 T _RNvMs2_NtNtNtCsc1eOSDBEXkU_6object4read2pe8resourceNtB5_12ResourceName15to_string_lossy
0000000000000000 T _RNvMs2_NtNtNtCsc1eOSDBEXkU_6object4read2pe8resourceNtB5_12ResourceName4data
0000000000000000 T _RNvMs2_NtNtNtCsc1eOSDBEXkU_6object4read2pe8resourceNtB5_12ResourceName8raw_data
0000000000000000 T _RNvMs3_NtCsi2GJixwxVUa_5alloc7raw_vecINtB5_6RawVecNtNtNtNtCsc1eOSDBEXkU_6object4read2pe6export6ExportE8grow_oneBU_
0000000000000000 T _RNvMs4_NtNtNtCsc1eOSDBEXkU_6object4read2pe6importNtB5_20DelayLoadImportTable4name
0000000000000000 T _RNvMs4_NtNtNtCsc1eOSDBEXkU_6object4read2pe6importNtB5_20DelayLoadImportTable9hint_name
0000000000000000 T _RNvMs5_NtNtNtCsc1eOSDBEXkU_6object4read2pe6importNtB5_27DelayLoadDescriptorIterator4next
0000000000000000 T _RNvMs5_NtNtNtCsc1eOSDBEXkU_6object4read3elf10attributesNtB5_22AttributeIndexIterator4next
0000000000000000 T _RNvMs6_NtNtNtCsc1eOSDBEXkU_6object4read2pe7sectionNtNtNtB9_4coff7section12SectionTable16pe_file_range_at
0000000000000000 T _RNvMs6_NtNtNtCsc1eOSDBEXkU_6object4read2pe7sectionNtNtNtB9_4coff7section12SectionTable18section_containing
0000000000000000 T _RNvMs7_NtNtNtCsc1eOSDBEXkU_6object4read2pe7sectionNtNtBb_2pe18ImageSectionHeader13pe_file_range
0000000000000000 T _RNvMs7_NtNtNtCsc1eOSDBEXkU_6object4read2pe7sectionNtNtBb_2pe18ImageSectionHeader16pe_file_range_at
0000000000000000 T _RNvMs7_NtNtNtCsc1eOSDBEXkU_6object4read3elf10attributesNtB5_15AttributeReader11read_string
0000000000000000 T _RNvMs7_NtNtNtCsc1eOSDBEXkU_6object4read3elf10attributesNtB5_15AttributeReader12read_integer
0000000000000000 T _RNvMs7_NtNtNtCsc1eOSDBEXkU_6object4read3elf10attributesNtB5_15AttributeReader8read_tag
0000000000000000 T _RNvMs8_NtNtNtCsc1eOSDBEXkU_6object4read4coff7sectionNtNtBb_2pe18ImageSectionHeader11name_offset
0000000000000000 T _RNvMs8_NtNtNtCsc1eOSDBEXkU_6object4read4coff7sectionNtNtBb_2pe18ImageSectionHeader8raw_name
0000000000000000 T _RNvMs_NtNtCsc1eOSDBEXkU_6object4read4utilNtB4_5Bytes12read_sleb128
0000000000000000 T _RNvMs_NtNtCsc1eOSDBEXkU_6object4read4utilNtB4_5Bytes12read_uleb128
0000000000000000 T _RNvMs_NtNtNtCsc1eOSDBEXkU_6object4read2pe14data_directoryNtNtBa_2pe18ImageDataDirectory10file_range
0000000000000000 T _RNvMs_NtNtNtCsc1eOSDBEXkU_6object4read2pe6importNtB4_24ImportDescriptorIterator4next
0000000000000000 T _RNvMsa_NtCsc1eOSDBEXkU_6object4readNtB5_9ObjectMap3get
0000000000000000 T _RNvMse_NtNtNtCsc1eOSDBEXkU_6object4read3elf10relocationNtB5_12CrelIterator3new
0000000000000000 T _RNvMsi_NtCsc1eOSDBEXkU_6object4readNtB5_13RelocationMap8relocate
0000000000000000 T _RNvNtNtCsc1eOSDBEXkU_6object4read7archive16parse_u64_digits
0000000000000000 T _RNvNtNtCsc1eOSDBEXkU_6object4read7archive24parse_sysv_extended_name
0000000000000000 T _RNvNvMNtNtNtCsc1eOSDBEXkU_6object4read4coff6importNtB4_10ImportFile5parse12strip_prefix
0000000000000000 T _RNvXNtNtCsc1eOSDBEXkU_6object4read4utilNtB2_5BytesNtNtCsfo0Ls1ZyrQZ_4core3fmt5Debug3fmt
0000000000000000 T _RNvXNtNtCsc1eOSDBEXkU_6object4read8read_refRShNtB2_7ReadRef19read_bytes_at_until
0000000000000000 T _RNvXs0_NtNtCsc1eOSDBEXkU_6object4read4utilNtB5_9DebugByteNtNtCsfo0Ls1ZyrQZ_4core3fmt5Debug3fmt
0000000000000000 T _RNvXs0_NtNtNtCsc1eOSDBEXkU_6object4read2pe6exportNtB5_12ExportTargetNtNtCsfo0Ls1ZyrQZ_4core3fmt5Debug3fmt
0000000000000000 T _RNvXs0_NtNtNtCsc1eOSDBEXkU_6object4read2pe6importNtB5_24ImportDescriptorIteratorNtNtNtNtCsfo0Ls1ZyrQZ_4core4iter6traits8iterator8Iterator4next
0000000000000000 T _RNvXs1_NtNtCsc1eOSDBEXkU_6object4read4utilNtB5_8DebugLenNtNtCsfo0Ls1ZyrQZ_4core3fmt5Debug3fmt
0000000000000000 T _RNvXs2_NtNtCsc1eOSDBEXkU_6object4read4utilNtB5_10ByteStringNtNtCsfo0Ls1ZyrQZ_4core3fmt5Debug3fmt
0000000000000000 T _RNvXs2_NtNtCsc1eOSDBEXkU_6object4read7archiveNtB5_21ArchiveSymbolIteratorNtNtNtNtCsfo0Ls1ZyrQZ_4core4iter6traits8iterator8Iterator4next
0000000000000000 T _RNvXs2_NtNtCsc1eOSDBEXkU_6object4read7archiveNtB5_21ArchiveSymbolIteratorNtNtNtNtCsfo0Ls1ZyrQZ_4core4iter6traits8iterator8Iterator9size_hint
0000000000000000 T _RNvXs4_NtCsc1eOSDBEXkU_6object4readNtB5_12SectionIndexNtNtCsfo0Ls1ZyrQZ_4core3fmt7Display3fmt
0000000000000000 T _RNvXs5_NtCsc1eOSDBEXkU_6object4readNtB5_11SymbolIndexNtNtCsfo0Ls1ZyrQZ_4core3fmt7Display3fmt
0000000000000000 T _RNvXs6_NtNtNtCsc1eOSDBEXkU_6object4read2pe6importNtB5_27DelayLoadDescriptorIteratorNtNtNtNtCsfo0Ls1ZyrQZ_4core4iter6traits8iterator8Iterator4next
0000000000000000 T _RNvXs6_NtNtNtCsc1eOSDBEXkU_6object4read3elf10attributesNtB5_22AttributeIndexIteratorNtNtNtNtCsfo0Ls1ZyrQZ_4core4iter6traits8iterator8Iterator4next
0000000000000000 T _RNvXs9_NtNtNtCsc1eOSDBEXkU_6object4read5macho10dyld_cacheNtB5_14DyldRelocationNtNtCsfo0Ls1ZyrQZ_4core3fmt5Debug3fmt
0000000000000000 T _RNvXs9_NtNtNtCsc1eOSDBEXkU_6object4read5xcoff6symbolNtNtBb_5xcoff8Symbol32NtB5_6Symbol11name_offset
0000000000000000 T _RNvXs_NtNtNtCsc1eOSDBEXkU_6object4read2pe10relocationNtB4_23RelocationBlockIteratorNtNtNtNtCsfo0Ls1ZyrQZ_4core4iter6traits8iterator8Iterator4next
0000000000000000 T _RNvXs_NtNtNtCsc1eOSDBEXkU_6object4read2pe6exportNtB4_6ExportNtNtCsfo0Ls1ZyrQZ_4core3fmt5Debug3fmt
0000000000000000 T _RNvXsa_NtNtNtCsc1eOSDBEXkU_6object4read5macho10dyld_cacheNtB5_18DyldRelocationAuthNtNtCsfo0Ls1ZyrQZ_4core3fmt5Debug3fmt
0000000000000000 T _RNvXsf_NtNtNtCsc1eOSDBEXkU_6object4read3elf10relocationNtB5_12CrelIteratorNtNtNtNtCsfo0Ls1ZyrQZ_4core4iter6traits8iterator8Iterator4next

memchr-b7d4aae65421ba0b.memchr.54593e08a79013ab-cgu.0.rcgu.o:
0000000000000000 T _RNvMs0_NtNtNtCs7eZ6M45487D_6memchr4arch3all6twowayNtB5_5Shift7forward
0000000000000000 T _RNvMs0_NtNtNtCs7eZ6M45487D_6memchr4arch3all6twowayNtB5_5Shift7reverse
0000000000000000 T _RNvNtNtCs7eZ6M45487D_6memchr6memmem8searcher18searcher_kind_neon
0000000000000000 T _RNvNtNtCs7eZ6M45487D_6memchr6memmem8searcher19prefilter_kind_neon
0000000000000000 T _RNvNtNtCs7eZ6M45487D_6memchr6memmem8searcher21searcher_kind_two_way
0000000000000000 T _RNvNtNtCs7eZ6M45487D_6memchr6memmem8searcher22searcher_kind_one_byte
0000000000000000 T _RNvNtNtCs7eZ6M45487D_6memchr6memmem8searcher23prefilter_kind_fallback
0000000000000000 T _RNvNtNtCs7eZ6M45487D_6memchr6memmem8searcher36searcher_kind_two_way_with_prefilter
0000000000000000 T _RNvNtNtNtCs7eZ6M45487D_6memchr4arch3all9rabinkarp12is_equal_raw
0000000000000000 T _RNvXs1_NtCs7eZ6M45487D_6memchr6memmemNtB5_11FindRevIterNtNtNtNtCsfo0Ls1ZyrQZ_4core4iter6traits8iterator8Iterator4next
0000000000000000 T _RNvXs4_NtNtCs7eZ6M45487D_6memchr6memmem8searcherNtB5_9PrefilterNtNtCsfo0Ls1ZyrQZ_4core3fmt5Debug3fmt
0000000000000000 T _RNvXs_NtCs7eZ6M45487D_6memchr6memmemNtB4_8FindIterNtNtNtNtCsfo0Ls1ZyrQZ_4core4iter6traits8iterator8Iterator4next
0000000000000000 T _RNvXs_NtNtCs7eZ6M45487D_6memchr6memmem8searcherNtB4_8SearcherNtNtCsfo0Ls1ZyrQZ_4core3fmt5Debug3fmt

addr2line-2e3482c52a9abbcc.addr2line.c826756f48d4827e-cgu.0.rcgu.o:
0000000000000000 V DW.ref.rust_eh_personality
0000000000000000 T _RINvNvMs2_NtCsi2GJixwxVUa_5alloc7raw_vecINtB8_11RawVecInnerpE7reserve21do_reserve_and_handleNtNtBa_5alloc6GlobalECshbouhvQBlb6_9addr2line
0000000000000000 T _RNvMNtCsfo0Ls1ZyrQZ_4core5sliceSh11starts_withCshbouhvQBlb6_9addr2line
0000000000000000 T _RNvMNtCsfo0Ls1ZyrQZ_4core5sliceSh9ends_withCshbouhvQBlb6_9addr2line
0000000000000000 T _RNvMs_NtCshbouhvQBlb6_9addr2line4lineNtB4_5Lines13find_location
0000000000000000 T _RNvMs_NtCshbouhvQBlb6_9addr2line4lineNtB4_5Lines19find_location_range
0000000000000000 T _RNvMs_NtCsi2GJixwxVUa_5alloc3vecINtB4_3VechE7reserveCshbouhvQBlb6_9addr2line
0000000000000000 T _RNvNtCshbouhvQBlb6_9addr2line4line9path_push
0000000000000000 T _RNvNtCshbouhvQBlb6_9addr2line5frame13demangle_auto
0000000000000000 T _RNvXNvNtCsfo0Ls1ZyrQZ_4core4hint20select_unpredictableINtB2_11DropOnPanicjENtNtNtB6_3ops4drop4Drop4dropCshbouhvQBlb6_9addr2line
0000000000000000 T _RNvXs0_NtCshbouhvQBlb6_9addr2line4lineNtB5_21LineLocationRangeIterNtNtNtNtCsfo0Ls1ZyrQZ_4core4iter6traits8iterator8Iterator4next

gimli-5b6c286801f2c19e.gimli.e6fe3c48c74c622-cgu.0.rcgu.o:
0000000000000000 V DW.ref.rust_eh_personality
0000000000000000 T _RINvMs0_NtNtNtCsi2GJixwxVUa_5alloc11collections5btree6searchINtNtB8_4node7NodeRefNtNtBZ_6marker3MutyNtNtNtCs1eQApc8mWYw_5gimli4read6abbrev12AbbreviationNtB1j_14LeafOrInternalE14find_key_indexyEB1G_
0000000000000000 T _RINvMs0_NtNtNtCsi2GJixwxVUa_5alloc11collections5btree6searchINtNtB8_4node7NodeRefNtNtBZ_6marker5ImmutyNtNtNtCs1eQApc8mWYw_5gimli4read6abbrev12AbbreviationNtB1j_14LeafOrInternalE14find_key_indexyEB1I_
0000000000000000 T _RINvMs5_NtNtCsfo0Ls1ZyrQZ_4core3fmt8buildersNtB6_9DebugList7entriesNtNtNtCs1eQApc8mWYw_5gimli4read12endian_slice9DebugByteINtNtNtNtBa_4iter8adapters3map3MapINtNtB21_6copied6CopiedINtNtB21_4take4TakeINtNtNtBa_5slice4iter4IterhEEENcB13_0EEB19_
0000000000000000 T _RINvMs5_NtNtCsfo0Ls1ZyrQZ_4core3fmt8buildersNtB6_9DebugList7entriesRNtNtNtCs1eQApc8mWYw_5gimli4read6abbrev22AttributeSpecificationINtNtNtBa_5slice4iter4IterB14_EEB1a_
0000000000000000 T _RINvMs8_NtNtNtCsi2GJixwxVUa_5alloc11collections5btree4nodeINtB6_7NodeRefNtNtB6_6marker5OwnedyNtNtNtCs1eQApc8mWYw_5gimli4read6abbrev12AbbreviationNtB1a_4LeafE13from_new_leafNtNtBc_5alloc6GlobalEB1z_
0000000000000000 T _RINvMs8_NtNtNtCsi2GJixwxVUa_5alloc11collections5btree4nodeINtB6_7NodeRefNtNtB6_6marker5OwnedyNtNtNtCs1eQApc8mWYw_5gimli4read6abbrev12AbbreviationNtB1a_4LeafE8new_leafNtNtBc_5alloc6GlobalEB1z_
0000000000000000 T _RINvMs9_NtNtNtCsi2GJixwxVUa_5alloc11collections5btree4nodeINtB6_7NodeRefNtNtB6_6marker5OwnedyNtNtNtCs1eQApc8mWYw_5gimli4read6abbrev12AbbreviationNtB1a_8InternalE12new_internalNtNtBc_5alloc6GlobalEB1z_
0000000000000000 T _RINvMs9_NtNtNtCsi2GJixwxVUa_5alloc11collections5btree4nodeINtB6_7NodeRefNtNtB6_6marker5OwnedyNtNtNtCs1eQApc8mWYw_5gimli4read6abbrev12AbbreviationNtB1a_8InternalE17from_new_internalNtNtBc_5alloc6GlobalEB1z_
0000000000000000 T _RINvMsK_NtNtNtCsi2GJixwxVUa_5alloc11collections5btree4nodeINtB6_6HandleINtB6_7NodeRefNtNtB6_6marker3MutyNtNtNtCs1eQApc8mWYw_5gimli4read6abbrev12AbbreviationNtB1n_4LeafENtB1n_4EdgeE6insertNtNtBc_5alloc6GlobalEB1K_
0000000000000000 T _RINvMsM_NtNtNtCsi2GJixwxVUa_5alloc11collections5btree4nodeINtB6_6HandleINtB6_7NodeRefNtNtB6_6marker3MutyNtNtNtCs1eQApc8mWYw_5gimli4read6abbrev12AbbreviationNtB1n_8InternalENtB1n_4EdgeE6insertNtNtBc_5alloc6GlobalEB1K_
0000000000000000 T _RINvMsN_NtNtNtCsi2GJixwxVUa_5alloc11collections5btree4nodeINtB6_6HandleINtB6_7NodeRefNtNtB6_6marker3MutyNtNtNtCs1eQApc8mWYw_5gimli4read6abbrev12AbbreviationNtB1n_4LeafENtB1n_4EdgeE16insert_recursingNtNtBc_5alloc6GlobalNCNvMs4_NtNtB8_3map5entryINtB3C_11VacantEntryyB1E_E12insert_entry0EB1K_
0000000000000000 T _RINvMsV_NtNtNtCsi2GJixwxVUa_5alloc11collections5btree4nodeINtB6_6HandleINtB6_7NodeRefNtNtB6_6marker3MutyNtNtNtCs1eQApc8mWYw_5gimli4read6abbrev12AbbreviationNtB1n_4LeafENtB1n_2KVE5splitNtNtBc_5alloc6GlobalEB1K_
0000000000000000 T _RINvMsW_NtNtNtCsi2GJixwxVUa_5alloc11collections5btree4nodeINtB6_6HandleINtB6_7NodeRefNtNtB6_6marker3MutyNtNtNtCs1eQApc8mWYw_5gimli4read6abbrev12AbbreviationNtB1n_8InternalENtB1n_2KVE5splitNtNtBc_5alloc6GlobalEB1K_
0000000000000000 T _RINvMs_NtNtNtCsi2GJixwxVUa_5alloc11collections5btree6searchINtNtB7_4node7NodeRefNtNtBY_6marker3MutyNtNtNtCs1eQApc8mWYw_5gimli4read6abbrev12AbbreviationNtB1i_14LeafOrInternalE11search_treeyEB1F_
0000000000000000 T _RINvMs_NtNtNtCsi2GJixwxVUa_5alloc11collections5btree6searchINtNtB7_4node7NodeRefNtNtBY_6marker5ImmutyNtNtNtCs1eQApc8mWYw_5gimli4read6abbrev12AbbreviationNtB1i_14LeafOrInternalE11search_treeyEB1H_
0000000000000000 T _RINvMsi_NtNtNtCsi2GJixwxVUa_5alloc11collections5btree3mapINtB6_8BTreeMapyNtNtNtCs1eQApc8mWYw_5gimli4read6abbrev12AbbreviationE3getyEB1f_
0000000000000000 T _RINvMsp_NtNtNtCsi2GJixwxVUa_5alloc11collections5btree4nodeINtB6_7NodeRefNtNtB6_6marker3MutyNtNtNtCs1eQApc8mWYw_5gimli4read6abbrev12AbbreviationNtB1a_8InternalE30correct_childrens_parent_linksINtNtNtCsfo0Ls1ZyrQZ_4core3ops5range14RangeInclusivejEEB1x_
0000000000000000 T _RINvMsp_NtNtNtCsi2GJixwxVUa_5alloc11collections5btree4nodeINtB6_7NodeRefNtNtB6_6marker3MutyNtNtNtCs1eQApc8mWYw_5gimli4read6abbrev12AbbreviationNtB1a_8InternalE30correct_childrens_parent_linksINtNtNtCsfo0Ls1ZyrQZ_4core3ops5range5RangejEEB1x_
0000000000000000 T _RINvNtNtNtCsi2GJixwxVUa_5alloc11collections5btree4node12slice_insertINtNtNtCsfo0Ls1ZyrQZ_4core3ptr8non_null7NonNullINtB2_8LeafNodeyNtNtNtCs1eQApc8mWYw_5gimli4read6abbrev12AbbreviationEEEB2b_
0000000000000000 T _RINvNtNtNtCsi2GJixwxVUa_5alloc11collections5btree4node12slice_insertNtNtNtCs1eQApc8mWYw_5gimli4read6abbrev12AbbreviationEB1a_
0000000000000000 T _RINvNtNtNtCsi2GJixwxVUa_5alloc11collections5btree4node12slice_insertyECs1eQApc8mWYw_5gimli
0000000000000000 T _RINvNtNtNtCsi2GJixwxVUa_5alloc11collections5btree4node13move_to_sliceINtNtNtCsfo0Ls1ZyrQZ_4core3ptr8non_null7NonNullINtB2_8LeafNodeyNtNtNtCs1eQApc8mWYw_5gimli4read6abbrev12AbbreviationEEEB2c_
0000000000000000 T _RINvNtNtNtCsi2GJixwxVUa_5alloc11collections5btree4node13move_to_sliceNtNtNtCs1eQApc8mWYw_5gimli4read6abbrev12AbbreviationEB1b_
0000000000000000 T _RINvNtNtNtCsi2GJixwxVUa_5alloc11collections5btree4node13move_to_sliceyECs1eQApc8mWYw_5gimli
0000000000000000 T _RNvMs1b_NtCs1eQApc8mWYw_5gimli9constantsNtB6_4DwAt13static_string
0000000000000000 T _RNvMs1n_NtCs1eQApc8mWYw_5gimli9constantsNtB6_6DwForm13static_string
0000000000000000 T _RNvMs2V_NtCs1eQApc8mWYw_5gimli9constantsNtB6_6DwLang13static_string
0000000000000000 T _RNvMs2_NtCsi2GJixwxVUa_5alloc7raw_vecNtB5_11RawVecInner10deallocateCs1eQApc8mWYw_5gimli
0000000000000000 T _RNvMs3_NtCs1eQApc8mWYw_5gimli4archNtB5_3Arm13register_name
0000000000000000 T _RNvMs3_NtCs1eQApc8mWYw_5gimli4archNtB5_3Arm16name_to_register
0000000000000000 T _RNvMs3_NtCsi2GJixwxVUa_5alloc7raw_vecINtB5_6RawVecNtNtNtCs1eQApc8mWYw_5gimli4read6abbrev12AbbreviationE8grow_oneBS_
0000000000000000 T _RNvMs3_NtCsi2GJixwxVUa_5alloc7raw_vecINtB5_6RawVecNtNtNtCs1eQApc8mWYw_5gimli4read6abbrev22AttributeSpecificationE8grow_oneBS_
0000000000000000 T _RNvMs4_NtCsi2GJixwxVUa_5alloc7raw_vecNtB5_11RawVecInner11finish_growCs1eQApc8mWYw_5gimli
0000000000000000 T _RNvMs4_NtCsi2GJixwxVUa_5alloc7raw_vecNtB5_11RawVecInner14grow_amortizedCs1eQApc8mWYw_5gimli
0000000000000000 T _RNvMs4_NtCsi2GJixwxVUa_5alloc7raw_vecNtB5_11RawVecInner15try_allocate_inCs1eQApc8mWYw_5gimli
0000000000000000 T _RNvMs4_NtNtCs1eQApc8mWYw_5gimli4read6abbrevNtB5_13Abbreviations6insert
0000000000000000 T _RNvMs4_NtNtNtNtCsi2GJixwxVUa_5alloc11collections5btree3map5entryINtB5_11VacantEntryyNtNtNtCs1eQApc8mWYw_5gimli4read6abbrev12AbbreviationE12insert_entryB1q_
0000000000000000 T _RNvMs5P_NtCs1eQApc8mWYw_5gimli9constantsNtB6_4DwOp13static_string
0000000000000000 T _RNvMs5_NtNtCs1eQApc8mWYw_5gimli4read6abbrevNtB5_12Abbreviation3new
0000000000000000 T _RNvMs5_NtNtNtNtCsi2GJixwxVUa_5alloc11collections5btree3map5entryINtB5_13OccupiedEntryyNtNtNtCs1eQApc8mWYw_5gimli4read6abbrev12AbbreviationE8into_mutB1s_
0000000000000000 T _RNvMs6_NtNtCs1eQApc8mWYw_5gimli4read6abbrevNtB5_10Attributes4push
0000000000000000 T _RNvMs9_NtCs1eQApc8mWYw_5gimli4archNtB5_7AArch6413register_name
0000000000000000 T _RNvMs9_NtCs1eQApc8mWYw_5gimli4archNtB5_7AArch6416name_to_register
0000000000000000 T _RNvMsD_NtCs1eQApc8mWYw_5gimli4archNtB5_6X86_6413register_name
0000000000000000 T _RNvMsD_NtCs1eQApc8mWYw_5gimli4archNtB5_6X86_6416name_to_register
0000000000000000 T _RNvMsJ_NtCs1eQApc8mWYw_5gimli4archNtB5_9PowerPc6413register_name
0000000000000000 T _RNvMsJ_NtCs1eQApc8mWYw_5gimli4archNtB5_9PowerPc6416name_to_register
0000000000000000 T _RNvMsJ_NtNtNtCsi2GJixwxVUa_5alloc11collections5btree4nodeINtB5_6HandleINtB5_7NodeRefNtNtB5_6marker3MutyNtNtNtCs1eQApc8mWYw_5gimli4read6abbrev12AbbreviationNtB1m_4LeafENtB1m_4EdgeE10insert_fitB1J_
0000000000000000 T _RNvMsL_NtNtNtCsi2GJixwxVUa_5alloc11collections5btree4nodeINtB5_6HandleINtB5_7NodeRefNtNtB5_6marker3MutyNtNtNtCs1eQApc8mWYw_5gimli4read6abbrev12AbbreviationNtB1m_8InternalENtB1m_4EdgeE19correct_parent_linkB1J_
0000000000000000 T _RNvMsM_NtNtNtCsi2GJixwxVUa_5alloc11collections5btree4nodeINtB5_6HandleINtB5_7NodeRefNtNtB5_6marker3MutyNtNtNtCs1eQApc8mWYw_5gimli4read6abbrev12AbbreviationNtB1m_8InternalENtB1m_4EdgeE10insert_fitB1J_
0000000000000000 T _RNvMsP_NtNtNtCsi2GJixwxVUa_5alloc11collections5btree4nodeINtB5_6HandleINtB5_7NodeRefNtNtB5_6marker5ImmutyNtNtNtCs1eQApc8mWYw_5gimli4read6abbrev12AbbreviationNtB1m_14LeafOrInternalENtB1m_2KVE7into_kvB1L_
0000000000000000 T _RNvMsQ_NtNtNtCsi2GJixwxVUa_5alloc11collections5btree4nodeINtB5_6HandleINtB5_7NodeRefNtNtB5_6marker3MutyNtNtNtCs1eQApc8mWYw_5gimli4read6abbrev12AbbreviationNtB1m_14LeafOrInternalENtB1m_2KVE12into_val_mutB1J_
0000000000000000 T _RNvMsU_NtNtNtCsi2GJixwxVUa_5alloc11collections5btree4nodeINtB5_6HandleINtB5_7NodeRefNtNtB5_6marker3MutyNtNtNtCs1eQApc8mWYw_5gimli4read6abbrev12AbbreviationNtB1m_4LeafENtB1m_2KVE15split_leaf_dataB1J_
0000000000000000 T _RNvMsU_NtNtNtCsi2GJixwxVUa_5alloc11collections5btree4nodeINtB5_6HandleINtB5_7NodeRefNtNtB5_6marker3MutyNtNtNtCs1eQApc8mWYw_5gimli4read6abbrev12AbbreviationNtB1m_8InternalENtB1m_2KVE15split_leaf_dataB1J_
0000000000000000 T _RNvMsZ_NtCs1eQApc8mWYw_5gimli9constantsNtB5_5DwTag13static_string
0000000000000000 T _RNvMs_NtCs1eQApc8mWYw_5gimli4readNtB4_5Error11description
0000000000000000 T _RNvMs_NtCsi2GJixwxVUa_5alloc5boxedINtB4_3BoxINtNtNtNtB6_11collections5btree4node12InternalNodeyNtNtNtCs1eQApc8mWYw_5gimli4read6abbrev12AbbreviationEE13new_uninit_inB1B_
0000000000000000 T _RNvMs_NtCsi2GJixwxVUa_5alloc5boxedINtB4_3BoxINtNtNtNtB6_11collections5btree4node12InternalNodeyNtNtNtCs1eQApc8mWYw_5gimli4read6abbrev12AbbreviationEE17try_new_uninit_inB1B_
0000000000000000 T _RNvMs_NtCsi2GJixwxVUa_5alloc5boxedINtB4_3BoxINtNtNtNtB6_11collections5btree4node8LeafNodeyNtNtNtCs1eQApc8mWYw_5gimli4read6abbrev12AbbreviationEE13new_uninit_inB1w_
0000000000000000 T _RNvMs_NtCsi2GJixwxVUa_5alloc5boxedINtB4_3BoxINtNtNtNtB6_11collections5btree4node8LeafNodeyNtNtNtCs1eQApc8mWYw_5gimli4read6abbrev12AbbreviationEE17try_new_uninit_inB1w_
0000000000000000 T _RNvMs_NtNtCs1eQApc8mWYw_5gimli4read5valueNtB4_5Value11reinterpret
0000000000000000 T _RNvMs_NtNtCs1eQApc8mWYw_5gimli4read5valueNtB4_5Value2or
0000000000000000 T _RNvMs_NtNtCs1eQApc8mWYw_5gimli4read5valueNtB4_5Value3and
0000000000000000 T _RNvMs_NtNtCs1eQApc8mWYw_5gimli4read5valueNtB4_5Value3div
0000000000000000 T _RNvMs_NtNtCs1eQApc8mWYw_5gimli4read5valueNtB4_5Value3not
0000000000000000 T _RNvMs_NtNtCs1eQApc8mWYw_5gimli4read5valueNtB4_5Value3rem
0000000000000000 T _RNvMs_NtNtCs1eQApc8mWYw_5gimli4read5valueNtB4_5Value3shl
0000000000000000 T _RNvMs_NtNtCs1eQApc8mWYw_5gimli4read5valueNtB4_5Value3shr
0000000000000000 T _RNvMs_NtNtCs1eQApc8mWYw_5gimli4read5valueNtB4_5Value3xor
0000000000000000 T _RNvMs_NtNtCs1eQApc8mWYw_5gimli4read5valueNtB4_5Value4shra
0000000000000000 T _RNvMs_NtNtCs1eQApc8mWYw_5gimli4read5valueNtB4_5Value7convert
0000000000000000 T _RNvMsf_NtCs1eQApc8mWYw_5gimli4archNtB5_9LoongArch13register_name
0000000000000000 T _RNvMsf_NtCs1eQApc8mWYw_5gimli4archNtB5_9LoongArch16name_to_register
0000000000000000 T _RNvMsi_NtNtNtCsi2GJixwxVUa_5alloc11collections5btree3mapINtB5_8BTreeMapyNtNtNtCs1eQApc8mWYw_5gimli4read6abbrev12AbbreviationE5entryB1e_
0000000000000000 T _RNvMsl_NtCs1eQApc8mWYw_5gimli4archNtB5_4MIPS13register_name
0000000000000000 T _RNvMsl_NtCs1eQApc8mWYw_5gimli4archNtB5_4MIPS16name_to_register
0000000000000000 T _RNvMsr_NtCs1eQApc8mWYw_5gimli4archNtB5_5RiscV13register_name
0000000000000000 T _RNvMsr_NtCs1eQApc8mWYw_5gimli4archNtB5_5RiscV16name_to_register
0000000000000000 T _RNvMsu_NtNtNtCsi2GJixwxVUa_5alloc11collections5btree4nodeINtB5_7NodeRefNtNtB5_6marker3MutyNtNtNtCs1eQApc8mWYw_5gimli4read6abbrev12AbbreviationNtB19_4LeafE16push_with_handleB1w_
0000000000000000 T _RNvMsv_NtNtNtCsi2GJixwxVUa_5alloc11collections5btree4nodeINtB5_7NodeRefNtNtB5_6marker3MutyNtNtNtCs1eQApc8mWYw_5gimli4read6abbrev12AbbreviationNtB19_8InternalE4pushB1w_
0000000000000000 T _RNvMsx_NtCs1eQApc8mWYw_5gimli4archNtB5_3X8616name_to_register
0000000000000000 T _RNvXs10_NtCs1eQApc8mWYw_5gimli9constantsNtB6_5DwTagNtNtCsfo0Ls1ZyrQZ_4core3fmt7Display3fmt
0000000000000000 T _RNvXs1A_NtCs1eQApc8mWYw_5gimli9constantsNtB6_5DwAteNtNtCsfo0Ls1ZyrQZ_4core3fmt7Display3fmt
0000000000000000 T _RNvXs1M_NtCs1eQApc8mWYw_5gimli9constantsNtB6_5DwLleNtNtCsfo0Ls1ZyrQZ_4core3fmt7Display3fmt
0000000000000000 T _RNvXs1Y_NtCs1eQApc8mWYw_5gimli9constantsNtB6_4DwDsNtNtCsfo0Ls1ZyrQZ_4core3fmt7Display3fmt
0000000000000000 T _RNvXs1_NtCsi2GJixwxVUa_5alloc7raw_vecINtB5_6RawVecNtNtNtCs1eQApc8mWYw_5gimli4read6abbrev22AttributeSpecificationENtNtNtCsfo0Ls1ZyrQZ_4core3ops4drop4Drop4dropBS_
0000000000000000 T _RNvXs1_NtCsi2GJixwxVUa_5alloc7raw_vecINtB5_6RawVechENtNtNtCsfo0Ls1ZyrQZ_4core3ops4drop4Drop4dropCs1eQApc8mWYw_5gimli
0000000000000000 T _RNvXs1c_NtCs1eQApc8mWYw_5gimli9constantsNtB6_4DwAtNtNtCsfo0Ls1ZyrQZ_4core3fmt7Display3fmt
0000000000000000 T _RNvXs1g_NtCsfo0Ls1ZyrQZ_4core3fmtRNtNtNtCs1eQApc8mWYw_5gimli4read6abbrev22AttributeSpecificationNtB6_5Debug3fmtBC_
0000000000000000 T _RNvXs1g_NtCsfo0Ls1ZyrQZ_4core3fmtRtNtB6_5Debug3fmtCs1eQApc8mWYw_5gimli
0000000000000000 T _RNvXs1g_NtCsfo0Ls1ZyrQZ_4core3fmtRxNtB6_5Debug3fmtCs1eQApc8mWYw_5gimli
0000000000000000 T _RNvXs1o_NtCs1eQApc8mWYw_5gimli9constantsNtB6_6DwFormNtNtCsfo0Ls1ZyrQZ_4core3fmt7Display3fmt
0000000000000000 T _RNvXs2K_NtCs1eQApc8mWYw_5gimli9constantsNtB6_12DwVirtualityNtNtCsfo0Ls1ZyrQZ_4core3fmt7Display3fmt
0000000000000000 T _RNvXs2W_NtCs1eQApc8mWYw_5gimli9constantsNtB6_6DwLangNtNtCsfo0Ls1ZyrQZ_4core3fmt7Display3fmt
0000000000000000 T _RNvXs2_NtCs1eQApc8mWYw_5gimli9constantsNtB5_6DwSectNtNtCsfo0Ls1ZyrQZ_4core3fmt7Display3fmt
0000000000000000 T _RNvXs2_NtNtCs1eQApc8mWYw_5gimli4read12endian_sliceNtB5_10DebugBytesNtNtCsfo0Ls1ZyrQZ_4core3fmt5Debug3fmt
0000000000000000 T _RNvXs2_NtNtCsfo0Ls1ZyrQZ_4core5slice3cmpNtNtNtCs1eQApc8mWYw_5gimli4read6abbrev22AttributeSpecificationINtB5_14SlicePartialEqBC_E17equal_same_lengthBI_
0000000000000000 T _RNvXs2a_NtCs1eQApc8mWYw_5gimli9constantsNtB6_5DwEndNtNtCsfo0Ls1ZyrQZ_4core3fmt7Display3fmt
0000000000000000 T _RNvXs2m_NtCs1eQApc8mWYw_5gimli9constantsNtB6_8DwAccessNtNtCsfo0Ls1ZyrQZ_4core3fmt7Display3fmt
0000000000000000 T _RNvXs2y_NtCs1eQApc8mWYw_5gimli9constantsNtB6_5DwVisNtNtCsfo0Ls1ZyrQZ_4core3fmt7Display3fmt
0000000000000000 T _RNvXs38_NtCs1eQApc8mWYw_5gimli9constantsNtB6_6DwAddrNtNtCsfo0Ls1ZyrQZ_4core3fmt7Display3fmt
0000000000000000 T _RNvXs3I_NtCs1eQApc8mWYw_5gimli9constantsNtB6_5DwInlNtNtCsfo0Ls1ZyrQZ_4core3fmt7Display3fmt
0000000000000000 T _RNvXs3U_NtCs1eQApc8mWYw_5gimli9constantsNtB6_5DwOrdNtNtCsfo0Ls1ZyrQZ_4core3fmt7Display3fmt
0000000000000000 T _RNvXs3_NtNtCs1eQApc8mWYw_5gimli4read12endian_sliceNtB5_9DebugByteNtNtCsfo0Ls1ZyrQZ_4core3fmt5Debug3fmt
0000000000000000 T _RNvXs3k_NtCs1eQApc8mWYw_5gimli9constantsNtB6_4DwIdNtNtCsfo0Ls1ZyrQZ_4core3fmt7Display3fmt
0000000000000000 T _RNvXs3w_NtCs1eQApc8mWYw_5gimli9constantsNtB6_4DwCcNtNtCsfo0Ls1ZyrQZ_4core3fmt7Display3fmt
0000000000000000 T _RNvXs46_NtCs1eQApc8mWYw_5gimli9constantsNtB6_5DwDscNtNtCsfo0Ls1ZyrQZ_4core3fmt7Display3fmt
0000000000000000 T _RNvXs4G_NtCs1eQApc8mWYw_5gimli9constantsNtB6_5DwLnsNtNtCsfo0Ls1ZyrQZ_4core3fmt7Display3fmt
0000000000000000 T _RNvXs4S_NtCs1eQApc8mWYw_5gimli9constantsNtB6_5DwLneNtNtCsfo0Ls1ZyrQZ_4core3fmt7Display3fmt
0000000000000000 T _RNvXs4_NtNtCs1eQApc8mWYw_5gimli4read12endian_sliceNtB5_8DebugLenNtNtCsfo0Ls1ZyrQZ_4core3fmt5Debug3fmt
0000000000000000 T _RNvXs4i_NtCs1eQApc8mWYw_5gimli9constantsNtB6_5DwIdxNtNtCsfo0Ls1ZyrQZ_4core3fmt7Display3fmt
0000000000000000 T _RNvXs4u_NtCs1eQApc8mWYw_5gimli9constantsNtB6_11DwDefaultedNtNtCsfo0Ls1ZyrQZ_4core3fmt7Display3fmt
0000000000000000 T _RNvXs54_NtCs1eQApc8mWYw_5gimli9constantsNtB6_6DwLnctNtNtCsfo0Ls1ZyrQZ_4core3fmt7Display3fmt
0000000000000000 T _RNvXs5E_NtCs1eQApc8mWYw_5gimli9constantsNtB6_5DwRleNtNtCsfo0Ls1ZyrQZ_4core3fmt7Display3fmt
0000000000000000 T _RNvXs5Q_NtCs1eQApc8mWYw_5gimli9constantsNtB6_4DwOpNtNtCsfo0Ls1ZyrQZ_4core3fmt7Display3fmt
0000000000000000 T _RNvXs5g_NtCs1eQApc8mWYw_5gimli9constantsNtB6_9DwMacinfoNtNtCsfo0Ls1ZyrQZ_4core3fmt7Display3fmt
0000000000000000 T _RNvXs5s_NtCs1eQApc8mWYw_5gimli9constantsNtB6_7DwMacroNtNtCsfo0Ls1ZyrQZ_4core3fmt7Display3fmt
0000000000000000 T _RNvXs62_NtCs1eQApc8mWYw_5gimli9constantsNtB6_6DwEhPeNtNtCsfo0Ls1ZyrQZ_4core3fmt7Display3fmt
0000000000000000 T _RNvXs7_NtNtCs1eQApc8mWYw_5gimli4read6abbrevNtB5_10AttributesNtNtCsfo0Ls1ZyrQZ_4core3fmt5Debug3fmt
0000000000000000 T _RNvXs8_NtNtCs1eQApc8mWYw_5gimli4read6abbrevNtB5_10AttributesNtNtCsfo0Ls1ZyrQZ_4core3cmp9PartialEq2eq
0000000000000000 T _RNvXsC_NtCs1eQApc8mWYw_5gimli9constantsNtB5_5DwCfaNtNtCsfo0Ls1ZyrQZ_4core3fmt7Display3fmt
0000000000000000 T _RNvXsO_NtCs1eQApc8mWYw_5gimli9constantsNtB5_10DwChildrenNtNtCsfo0Ls1ZyrQZ_4core3fmt7Display3fmt
0000000000000000 T _RNvXs_NtNtNtCsfo0Ls1ZyrQZ_4core4iter8adapters6copiedINtB4_6CopiedINtNtB6_4take4TakeINtNtNtBa_5slice4iter4IterhEEENtNtNtB8_6traits8iterator8Iterator4nextCs1eQApc8mWYw_5gimli
0000000000000000 T _RNvXsa_NtNtCs1eQApc8mWYw_5gimli4read6abbrevNtB5_10AttributesNtNtNtCsfo0Ls1ZyrQZ_4core3ops5deref5Deref5deref
0000000000000000 T _RNvXse_NtCs1eQApc8mWYw_5gimli9constantsNtB5_8DwSectV2NtNtCsfo0Ls1ZyrQZ_4core3fmt7Display3fmt
0000000000000000 T _RNvXso_NtCsi2GJixwxVUa_5alloc3vecINtB5_3VecNtNtNtCs1eQApc8mWYw_5gimli4read6abbrev22AttributeSpecificationENtNtNtCsfo0Ls1ZyrQZ_4core3ops4drop4Drop4dropBL_
0000000000000000 T _RNvXso_NtCsi2GJixwxVUa_5alloc3vecINtB5_3VechENtNtNtCsfo0Ls1ZyrQZ_4core3ops4drop4Drop4dropCs1eQApc8mWYw_5gimli
0000000000000000 T _RNvXsq_NtCs1eQApc8mWYw_5gimli9constantsNtB5_4DwUtNtNtCsfo0Ls1ZyrQZ_4core3fmt7Display3fmt
0000000000000000 T _RNvXsr_NtCsfo0Ls1ZyrQZ_4core3fmtSNtNtNtCs1eQApc8mWYw_5gimli4read6abbrev22AttributeSpecificationNtB5_5Debug3fmtBB_

cfg_if-10d462ff5a440c97.cfg_if.f67e2fb9ab06416b-cgu.0.rcgu.o:

rustc_demangle-71378119729956bb.rustc_demangle.8222bd4f62a3ff5d-cgu.0.rcgu.o:
0000000000000000 T _RINvMNtCsfo0Ls1ZyrQZ_4core3stre18trim_start_matchesReECsbaHYu81Odh9_14rustc_demangle
0000000000000000 T _RINvMs5_NtNtCsfo0Ls1ZyrQZ_4core3fmt8buildersNtB6_9DebugList7entriesRhINtNtNtBa_5slice4iter4IterhEECsbaHYu81Odh9_14rustc_demangle
0000000000000000 T _RINvXs0_NtNtNtCsfo0Ls1ZyrQZ_4core4iter8adapters6copiedINtB6_6CopiedINtNtNtBc_5slice4iter4IterhEENtNtNtBa_6traits12double_ended19DoubleEndedIterator9try_rfoldjNCINvNvNtNtB1A_8iterator8Iterator9rposition5checkhNCNvMs2_NtCsbaHYu81Odh9_14rustc_demangle2v0NtB3s_6Parser5ident0E0INtNtNtBc_3ops12control_flow11ControlFlowjjEEB3u_
0000000000000000 T _RNvCsbaHYu81Odh9_14rustc_demangle12try_demangle
0000000000000000 T _RNvCsbaHYu81Odh9_14rustc_demangle8demangle
0000000000000000 T _RNvMNtCsfo0Ls1ZyrQZ_4core5sliceSh11starts_withCsbaHYu81Odh9_14rustc_demangle
0000000000000000 T _RNvMs0_NtCsfo0Ls1ZyrQZ_4core6escapeINtB5_15EscapeIterInnerKja_NtB5_12MaybeEscapedE4nextCsbaHYu81Odh9_14rustc_demangle
0000000000000000 T _RNvXNtCsbaHYu81Odh9_14rustc_demangle2v0NtB2_8DemangleNtNtCsfo0Ls1ZyrQZ_4core3fmt7Display3fmt
0000000000000000 T _RNvXNtCsbaHYu81Odh9_14rustc_demangle6legacyNtB2_8DemangleNtNtCsfo0Ls1ZyrQZ_4core3fmt7Display3fmt
0000000000000000 T _RNvXNtCsfo0Ls1ZyrQZ_4core3fmtQNtB2_9FormatterNtB2_5Write9write_strCsbaHYu81Odh9_14rustc_demangle
0000000000000000 T _RNvXs0_CsbaHYu81Odh9_14rustc_demangleINtB5_21SizeLimitedFmtAdapterQNtNtCsfo0Ls1ZyrQZ_4core3fmt9FormatterENtB15_5Write9write_strB5_
0000000000000000 T _RNvXs0_NtCsbaHYu81Odh9_14rustc_demangle2v0NtB5_5IdentNtNtCsfo0Ls1ZyrQZ_4core3fmt7Display3fmt
0000000000000000 T _RNvXs1_CsbaHYu81Odh9_14rustc_demangleNtB5_8DemangleNtNtCsfo0Ls1ZyrQZ_4core3fmt7Display3fmt
0000000000000000 T _RNvXs1_NtNtNtCsfo0Ls1ZyrQZ_4core4iter8adapters6copiedINtB5_6CopiedINtNtNtBb_5slice4iter4IterhEENtNtNtB9_6traits10exact_size17ExactSizeIterator3lenCsbaHYu81Odh9_14rustc_demangle
0000000000000000 T _RNvXs1g_NtCsfo0Ls1ZyrQZ_4core3fmtRNtNtNtB8_3num5error12IntErrorKindNtB6_5Debug3fmtCsbaHYu81Odh9_14rustc_demangle
0000000000000000 T _RNvXs1g_NtCsfo0Ls1ZyrQZ_4core3fmtReNtB6_5Debug3fmtCsbaHYu81Odh9_14rustc_demangle
0000000000000000 T _RNvXs1g_NtCsfo0Ls1ZyrQZ_4core3fmtRhNtB6_5Debug3fmtCsbaHYu81Odh9_14rustc_demangle
0000000000000000 T _RNvXs1h_NtCsfo0Ls1ZyrQZ_4core3fmtQShNtB6_5Debug3fmtCsbaHYu81Odh9_14rustc_demangle
0000000000000000 T _RNvXs1i_NtCsfo0Ls1ZyrQZ_4core3fmtRNtCsbaHYu81Odh9_14rustc_demangle13DemangleStyleNtB6_7Display3fmtBy_
0000000000000000 T _RNvXs1i_NtCsfo0Ls1ZyrQZ_4core3fmtReNtB6_7Display3fmtCsbaHYu81Odh9_14rustc_demangle
0000000000000000 T _RNvXs2_CsbaHYu81Odh9_14rustc_demangleNtB5_8DemangleNtNtCsfo0Ls1ZyrQZ_4core3fmt5Debug3fmt
0000000000000000 T _RNvXs_CsbaHYu81Odh9_14rustc_demangleNtB4_13DemangleStyleNtNtCsfo0Ls1ZyrQZ_4core3fmt7Display3fmt
0000000000000000 T _RNvXsr_NtCsfo0Ls1ZyrQZ_4core3fmtShNtB5_5Debug3fmtCsbaHYu81Odh9_14rustc_demangle
0000000000000000 T _RNvYINtCsbaHYu81Odh9_14rustc_demangle21SizeLimitedFmtAdapterQNtNtCsfo0Ls1ZyrQZ_4core3fmt9FormatterENtBZ_5Write10write_charB5_
0000000000000000 T _RNvYINtCsbaHYu81Odh9_14rustc_demangle21SizeLimitedFmtAdapterQNtNtCsfo0Ls1ZyrQZ_4core3fmt9FormatterENtBZ_5Write9write_fmtB5_

std_detect-3f5d49233eb25f7a.std_detect.a6800fe35e3b3303-cgu.0.rcgu.o:
0000000000000000 V DW.ref.rust_eh_personality
0000000000000000 T _RNvMNtNtNtCseihal6k0CI1_10std_detect6detect4arch7aarch64NtB2_7Feature6to_str
0000000000000000 T _RNvNtNtCseihal6k0CI1_10std_detect6detect5cache21detect_and_initialize
0000000000000000 B _RNvNtNtCseihal6k0CI1_10std_detect6detect5cache5CACHE
0000000000000000 T _RNvXNtNtNtCseihal6k0CI1_10std_detect6detect2os7aarch64NtB2_7AtHwcapINtNtCsfo0Ls1ZyrQZ_4core7convert4FromNtNtB4_6auxvec6AuxVecE4from

hashbrown-da9148b63c1218aa.hashbrown.3a149084918a60ae-cgu.0.rcgu.o:
0000000000000000 T _RNvMNtCs4Z9VWoF3XCk_9hashbrown3rawNtB2_11Fallibility17capacity_overflow
0000000000000000 T _RNvMNtCs4Z9VWoF3XCk_9hashbrown3rawNtB2_11Fallibility9alloc_err
0000000000000000 T _RNvMsS_NtCs4Z9VWoF3XCk_9hashbrown3rawNtB5_18RawIterHashIndices3new
0000000000000000 T _RNvXsR_NtCs4Z9VWoF3XCk_9hashbrown3rawNtB5_18RawIterHashIndicesNtNtCsfo0Ls1ZyrQZ_4core7default7Default7default
0000000000000000 T _RNvXsU_NtCs4Z9VWoF3XCk_9hashbrown3rawNtB5_18RawIterHashIndicesNtNtNtNtCsfo0Ls1ZyrQZ_4core4iter6traits8iterator8Iterator4next
0000000000000000 T _RNvXs_Cs4Z9VWoF3XCk_9hashbrownNtB4_15TryReserveErrorNtNtCsfo0Ls1ZyrQZ_4core3fmt7Display3fmt
0000000000000000 T _RNvXs_NtNtCs4Z9VWoF3XCk_9hashbrown7control3tagNtB4_3TagNtNtCsfo0Ls1ZyrQZ_4core3fmt5Debug3fmt
0000000000000000 T _RNvXsu_NtCs4Z9VWoF3XCk_9hashbrown3rawNtB5_18FullBucketsIndicesNtNtCsfo0Ls1ZyrQZ_4core7default7Default7default

rustc_std_workspace_alloc-3184d95f49040730.rustc_std_workspace_alloc.da6dd8a0888986d5-cgu.0.rcgu.o:

miniz_oxide-5a50353d7a6584c4.miniz_oxide.9f39c84583d31724-cgu.0.rcgu.o:
0000000000000000 T _RINvMNtCsfo0Ls1ZyrQZ_4core5sliceSh11copy_withinINtNtNtB5_3ops5range14RangeInclusivejEECsdFyonAcg0Ui_11miniz_oxide
0000000000000000 T _RINvMNtCsfo0Ls1ZyrQZ_4core6optionINtB3_6OptionRINtNtB5_4cell4CellhEE3zipBI_ECsdFyonAcg0Ui_11miniz_oxide
0000000000000000 T _RINvMNtCsfo0Ls1ZyrQZ_4core6optionINtB3_6OptionTRINtNtB5_4cell4CellhEBJ_EE3zipBJ_ECsdFyonAcg0Ui_11miniz_oxide
0000000000000000 T _RINvNtCsfo0Ls1ZyrQZ_4core5slice20copy_from_slice_implhECsdFyonAcg0Ui_11miniz_oxide
0000000000000000 T _RINvNtNtCsfo0Ls1ZyrQZ_4core5slice5index5rangeINtNtNtB6_3ops5range14RangeInclusivejEECsdFyonAcg0Ui_11miniz_oxide
0000000000000000 T _RNvMNtNtNtCsfo0Ls1ZyrQZ_4core4iter8adapters3zipINtB2_3ZipINtNtNtB8_5slice4iter4ItertEINtBW_7IterMutmEE9super_nthCsdFyonAcg0Ui_11miniz_oxide
0000000000000000 T _RNvNtCsdFyonAcg0Ui_11miniz_oxide6shared14update_adler32
0000000000000000 T _RNvNtNtCsdFyonAcg0Ui_11miniz_oxide7inflate4core10decompress
0000000000000000 T _RNvXs3_NtNtNtCsfo0Ls1ZyrQZ_4core4iter8adapters3zipINtB5_3ZipINtNtNtBb_5slice4iter4ItertEINtBZ_7IterMutmEEINtB5_7ZipImplBW_B1o_E3newCsdFyonAcg0Ui_11miniz_oxide
0000000000000000 T _RNvXsX_NtCsfo0Ls1ZyrQZ_4core5arrayAhj4_NtNtB7_7default7Default7defaultCsdFyonAcg0Ui_11miniz_oxide
0000000000000000 T _RNvXsZ_NtCsfo0Ls1ZyrQZ_4core5arrayAhj2_NtNtB7_7default7Default7defaultCsdFyonAcg0Ui_11miniz_oxide
0000000000000000 T _RNvYINtNtNtCsfo0Ls1ZyrQZ_4core5slice4iter4ItertENtNtNtNtB9_4iter8adapters3zip27TrustedRandomAccessNoCoerce4sizeCsdFyonAcg0Ui_11miniz_oxide
0000000000000000 T _RNvYINtNtNtCsfo0Ls1ZyrQZ_4core5slice4iter7IterMutmENtNtNtNtB9_4iter8adapters3zip27TrustedRandomAccessNoCoerce4sizeCsdFyonAcg0Ui_11miniz_oxide

adler2-dd14a93ce7cab49b.adler2.e9c07674fb424a57-cgu.0.rcgu.o:
0000000000000000 T _RNvCsk4fPHJ3z9Pv_6adler213adler32_slice
0000000000000000 T _RNvMCsk4fPHJ3z9Pv_6adler2NtB2_7Adler3211write_slice
0000000000000000 T _RNvXs0_Csk4fPHJ3z9Pv_6adler2NtB5_7Adler32NtNtCsfo0Ls1ZyrQZ_4core4hash6Hasher5write

unwind-ce6883073e87a4f8.unwind.969ebedfc355cadd-cgu.0.rcgu.o:

libc-466100fa14c63b78.libc.f258c0fc87766b90-cgu.0.rcgu.o:
0000000000000000 T _RNvXNtNtNtNtCskO0mb1378Zg_4libc3new10linux_uapi5linux3canNtB2_35___c_anonymous_sockaddr_can_can_addrNtNtCsfo0Ls1ZyrQZ_4core3fmt5Debug3fmt
0000000000000000 T _RNvXs1Y_NtNtNtCskO0mb1378Zg_4libc4unix10linux_like17linux_l4re_sharedNtB6_22___c_anonymous_ifr_ifruNtNtCsfo0Ls1ZyrQZ_4core3fmt5Debug3fmt
0000000000000000 T _RNvXs24_NtNtNtNtCskO0mb1378Zg_4libc4unix10linux_like5linux3gnuNtB6_8sifieldsNtNtCsfo0Ls1ZyrQZ_4core3fmt5Debug3fmt
0000000000000000 T _RNvXs26_NtNtNtCskO0mb1378Zg_4libc4unix10linux_like17linux_l4re_sharedNtB6_22___c_anonymous_ifc_ifcuNtNtCsfo0Ls1ZyrQZ_4core3fmt5Debug3fmt
0000000000000000 T _RNvXs2c_NtNtNtNtCskO0mb1378Zg_4libc4unix10linux_like5linux3gnuNtB6_38___c_anonymous_ptrace_syscall_info_dataNtNtCsfo0Ls1ZyrQZ_4core3fmt5Debug3fmt
0000000000000000 T _RNvXs8C_NtNtNtCskO0mb1378Zg_4libc4unix10linux_like5linuxNtB6_19___c_anonymous_iwreqNtNtCsfo0Ls1ZyrQZ_4core3fmt5Debug3fmt
0000000000000000 T _RNvXs8K_NtNtNtCskO0mb1378Zg_4libc4unix10linux_like5linuxNtB6_34___c_anonymous_ptp_perout_request_1NtNtCsfo0Ls1ZyrQZ_4core3fmt5Debug3fmt
0000000000000000 T _RNvXs8O_NtNtNtCskO0mb1378Zg_4libc4unix10linux_like5linuxNtB6_34___c_anonymous_ptp_perout_request_2NtNtCsfo0Ls1ZyrQZ_4core3fmt5Debug3fmt
0000000000000000 T _RNvXs8e_NtNtNtCskO0mb1378Zg_4libc4unix10linux_like5linuxNtB6_13tpacket_req_uNtNtCsfo0Ls1ZyrQZ_4core3fmt5Debug3fmt
0000000000000000 T _RNvXs8i_NtNtNtCskO0mb1378Zg_4libc4unix10linux_like5linuxNtB6_19tpacket_bd_header_uNtNtCsfo0Ls1ZyrQZ_4core3fmt5Debug3fmt
0000000000000000 T _RNvXs8u_NtNtNtCskO0mb1378Zg_4libc4unix10linux_like5linuxNtB6_10iwreq_dataNtNtCsfo0Ls1ZyrQZ_4core3fmt5Debug3fmt
0000000000000000 T _RNvXs90_NtNtNtCskO0mb1378Zg_4libc4unix10linux_like5linuxNtB6_35___c_anonymous_xsk_tx_metadata_unionNtNtCsfo0Ls1ZyrQZ_4core3fmt5Debug3fmt

rustc_std_workspace_core-ed1a6e8772a1f6ae.rustc_std_workspace_core.11cdbe5eec4a9b4e-cgu.0.rcgu.o:

alloc-744b7284d5246cb5.alloc.d2298f1b2f652558-cgu.0.rcgu.o:
0000000000000000 V DW.ref.rust_eh_personality
0000000000000000 T _RNvCs9wFQrvczXsK_7___rustc25___rdl_alloc_error_handler
0000000000000000 T _RNvMNtCsi2GJixwxVUa_5alloc6stringNtB2_6String10from_utf16
0000000000000000 T _RNvMNtCsi2GJixwxVUa_5alloc6stringNtB2_6String11try_reserve
0000000000000000 T _RNvMNtCsi2GJixwxVUa_5alloc6stringNtB2_6String12from_utf16be
0000000000000000 T _RNvMNtCsi2GJixwxVUa_5alloc6stringNtB2_6String12from_utf16le
0000000000000000 T _RNvMNtCsi2GJixwxVUa_5alloc6stringNtB2_6String15from_utf8_lossy
0000000000000000 T _RNvMNtCsi2GJixwxVUa_5alloc6stringNtB2_6String17try_reserve_exact
0000000000000000 T _RNvMNtCsi2GJixwxVUa_5alloc6stringNtB2_6String18from_utf16be_lossy
0000000000000000 T _RNvMNtCsi2GJixwxVUa_5alloc6stringNtB2_6String18from_utf16le_lossy
0000000000000000 T _RNvMNtCsi2GJixwxVUa_5alloc6stringNtB2_6String21from_utf8_lossy_owned
0000000000000000 T _RNvMs19_NtCsi2GJixwxVUa_5alloc6stringNtB6_5Drain6as_str
0000000000000000 T _RNvMs2_NtCsi2GJixwxVUa_5alloc4wtf8NtB5_7Wtf8Buf11into_string
0000000000000000 T _RNvMs2_NtCsi2GJixwxVUa_5alloc4wtf8NtB5_7Wtf8Buf17into_string_lossy
0000000000000000 T _RNvMs2_NtCsi2GJixwxVUa_5alloc4wtf8NtB5_7Wtf8Buf25push_code_point_unchecked
0000000000000000 T _RNvMs2_NtCsi2GJixwxVUa_5alloc4wtf8NtB5_7Wtf8Buf8from_box
0000000000000000 T _RNvMs2_NtCsi2GJixwxVUa_5alloc4wtf8NtB5_7Wtf8Buf9from_wide
0000000000000000 T _RNvMs3_NtCsi2GJixwxVUa_5alloc3stre12to_lowercase
0000000000000000 T _RNvMs3_NtCsi2GJixwxVUa_5alloc3stre12to_uppercase
0000000000000000 T _RNvMs3_NtCsi2GJixwxVUa_5alloc3stre17word_to_titlecase
0000000000000000 T _RNvMs3_NtCsi2GJixwxVUa_5alloc7raw_vecINtB5_6RawVechE8grow_oneB7_
0000000000000000 T _RNvMs5_NtCsi2GJixwxVUa_5alloc4wtf8NtNtCsfo0Ls1ZyrQZ_4core4wtf84Wtf810clone_into
0000000000000000 T _RNvMs5_NtCsi2GJixwxVUa_5alloc4wtf8NtNtCsfo0Ls1ZyrQZ_4core4wtf84Wtf815to_string_lossy
0000000000000000 T _RNvMs5_NtCsi2GJixwxVUa_5alloc4wtf8NtNtCsfo0Ls1ZyrQZ_4core4wtf84Wtf87into_rc
0000000000000000 T _RNvMs5_NtCsi2GJixwxVUa_5alloc4wtf8NtNtCsfo0Ls1ZyrQZ_4core4wtf84Wtf88into_arc
0000000000000000 T _RNvMs5_NtCsi2GJixwxVUa_5alloc4wtf8NtNtCsfo0Ls1ZyrQZ_4core4wtf84Wtf88into_box
0000000000000000 T _RNvMs5_NtCsi2GJixwxVUa_5alloc4wtf8NtNtCsfo0Ls1ZyrQZ_4core4wtf84Wtf88to_owned
0000000000000000 T _RNvMsD_NtNtCsi2GJixwxVUa_5alloc3ffi5c_strNtNtNtCsfo0Ls1ZyrQZ_4core3ffi5c_str4CStr13into_c_string
0000000000000000 T _RNvMsD_NtNtCsi2GJixwxVUa_5alloc3ffi5c_strNtNtNtCsfo0Ls1ZyrQZ_4core3ffi5c_str4CStr15to_string_lossy
0000000000000000 T _RNvMs_NtCsi2GJixwxVUa_5alloc6stringNtB4_13FromUtf8Error15into_utf8_lossy
0000000000000000 T _RNvMs_NtNtCsi2GJixwxVUa_5alloc3ffi5c_strNtB4_7CString10into_bytes
0000000000000000 T _RNvMs_NtNtCsi2GJixwxVUa_5alloc3ffi5c_strNtB4_7CString11into_string
0000000000000000 T _RNvMs_NtNtCsi2GJixwxVUa_5alloc3ffi5c_strNtB4_7CString16into_boxed_c_str
0000000000000000 T _RNvMs_NtNtCsi2GJixwxVUa_5alloc3ffi5c_strNtB4_7CString17from_vec_with_nul
0000000000000000 T _RNvMs_NtNtCsi2GJixwxVUa_5alloc3ffi5c_strNtB4_7CString18from_vec_unchecked
0000000000000000 T _RNvMs_NtNtCsi2GJixwxVUa_5alloc3ffi5c_strNtB4_7CString19__from_vec_unchecked
0000000000000000 T _RNvMs_NtNtCsi2GJixwxVUa_5alloc3ffi5c_strNtB4_7CString19into_bytes_with_nul
0000000000000000 T _RNvMs_NtNtCsi2GJixwxVUa_5alloc3ffi5c_strNtB4_7CString27from_vec_with_nul_unchecked
0000000000000000 T _RNvMs_NtNtCsi2GJixwxVUa_5alloc3ffi5c_strNtB4_7CString8from_raw
0000000000000000 T _RNvNtCsi2GJixwxVUa_5alloc2rc32rc_inner_layout_for_value_layout
0000000000000000 D _RNvNtCsi2GJixwxVUa_5alloc4sync18STATIC_INNER_SLICE
0000000000000000 T _RNvNtCsi2GJixwxVUa_5alloc4sync32arcinner_layout_for_value_layout
0000000000000000 T _RNvNtCsi2GJixwxVUa_5alloc5alloc18handle_alloc_error
0000000000000000 T _RNvNtCsi2GJixwxVUa_5alloc7raw_vec12handle_error
0000000000000000 T _RNvNtCsi2GJixwxVUa_5alloc7raw_vec17capacity_overflow
0000000000000000 T _RNvNvMs_NtCsi2GJixwxVUa_5alloc3vecINtB6_3VecppE10insert_mut13assert_failed
0000000000000000 T _RNvNvMs_NtCsi2GJixwxVUa_5alloc3vecINtB6_3VecppE11swap_remove13assert_failed
0000000000000000 T _RNvNvMs_NtCsi2GJixwxVUa_5alloc3vecINtB6_3VecppE6remove13assert_failed
0000000000000000 T _RNvNvMs_NtCsi2GJixwxVUa_5alloc3vecINtB6_3VecppE9split_off13assert_failed
0000000000000000 T _RNvNvNtCsi2GJixwxVUa_5alloc3fmt6format12format_inner
0000000000000000 T _RNvNvNtCsi2GJixwxVUa_5alloc5alloc18handle_alloc_error8ct_error
0000000000000000 T _RNvXNvMNtCsi2GJixwxVUa_5alloc6stringNtB5_6String6retainNtB2_12SetLenOnDropNtNtNtCsfo0Ls1ZyrQZ_4core3ops4drop4Drop4drop
0000000000000000 T _RNvXs0_NtCsi2GJixwxVUa_5alloc6stringNtB5_13FromUtf8ErrorNtNtCsfo0Ls1ZyrQZ_4core3fmt7Display3fmt
0000000000000000 T _RNvXs0_NtNtNtCsi2GJixwxVUa_5alloc11collections9vec_deque5indexNtB5_12WrappedIndexNtNtCsfo0Ls1ZyrQZ_4core3fmt7Display3fmt
0000000000000000 T _RNvXs0_NvMs_NtNtCsi2GJixwxVUa_5alloc3ffi5c_strNtBa_7CString3newReNtB5_11SpecNewImpl13spec_new_impl
0000000000000000 T _RNvXs0_NvXsf_NtNtCsi2GJixwxVUa_5alloc5boxed7convertINtBd_3BoxDNtNtCsfo0Ls1ZyrQZ_4core5error5ErrorNtNtB12_6marker4SendNtB1z_4SyncEL_EINtNtB12_7convert4FromNtNtBf_6string6StringE4fromNtB5_11StringErrorNtNtB12_3fmt5Debug3fmt
0000000000000000 T _RNvXs10_NtCsi2GJixwxVUa_5alloc6stringNtB6_9IntoCharsNtNtCsfo0Ls1ZyrQZ_4core3fmt5Debug3fmt
0000000000000000 T _RNvXs15_NtCsi2GJixwxVUa_5alloc6stringNtB6_5DrainNtNtCsfo0Ls1ZyrQZ_4core3fmt5Debug3fmt
0000000000000000 T _RNvXs18_NtCsi2GJixwxVUa_5alloc6stringNtB6_5DrainNtNtNtCsfo0Ls1ZyrQZ_4core3ops4drop4Drop4drop
0000000000000000 T _RNvXs1K_NtNtNtCsi2GJixwxVUa_5alloc11collections5btree3mapNtB6_17UnorderedKeyErrorNtNtCsfo0Ls1ZyrQZ_4core3fmt7Display3fmt
0000000000000000 T _RNvXs1_NtCsi2GJixwxVUa_5alloc4wtf8NtB5_7Wtf8BufNtNtCsfo0Ls1ZyrQZ_4core3fmt7Display3fmt
0000000000000000 T _RNvXs1_NtCsi2GJixwxVUa_5alloc6stringNtB5_14FromUtf16ErrorNtNtCsfo0Ls1ZyrQZ_4core3fmt7Display3fmt
0000000000000000 T _RNvXs1_NvMs_NtNtCsi2GJixwxVUa_5alloc3ffi5c_strNtBa_7CString3newQShNtB5_11SpecNewImpl13spec_new_impl
0000000000000000 T _RNvXs1a_NtCsi2GJixwxVUa_5alloc6stringNtB6_5DrainINtNtCsfo0Ls1ZyrQZ_4core7convert5AsRefeE6as_ref
0000000000000000 T _RNvXs1b_NtCsi2GJixwxVUa_5alloc6stringNtB6_5DrainINtNtCsfo0Ls1ZyrQZ_4core7convert5AsRefShE6as_ref
0000000000000000 T _RNvXs1c_NtCsi2GJixwxVUa_5alloc6stringNtB6_5DrainNtNtNtNtCsfo0Ls1ZyrQZ_4core4iter6traits8iterator8Iterator9size_hint
0000000000000000 T _RNvXs2_NtCsi2GJixwxVUa_5alloc11collectionsNtB5_15TryReserveErrorNtNtCsfo0Ls1ZyrQZ_4core3fmt7Display3fmt
0000000000000000 T _RNvXs2_NtNtCsi2GJixwxVUa_5alloc3ffi5c_strNtB5_7CStringNtNtCsfo0Ls1ZyrQZ_4core3fmt5Debug3fmt
0000000000000000 T _RNvXs4_NtCsi2GJixwxVUa_5alloc6stringNtB5_6StringNtNtCsfo0Ls1ZyrQZ_4core5clone5Clone10clone_from
0000000000000000 T _RNvXs4_NtCsi2GJixwxVUa_5alloc6stringNtB5_6StringNtNtCsfo0Ls1ZyrQZ_4core5clone5Clone5clone
0000000000000000 T _RNvXs4_NtNtCsi2GJixwxVUa_5alloc3ffi5c_strNtB5_7CStringNtNtCsfo0Ls1ZyrQZ_4core7default7Default7default
0000000000000000 T _RNvXs7_NtNtCsi2GJixwxVUa_5alloc3ffi5c_strINtNtB9_5boxed3BoxNtNtNtCsfo0Ls1ZyrQZ_4core3ffi5c_str4CStrEINtNtB11_7convert4FromRBV_E4from
0000000000000000 T _RNvXs8_NtNtCsi2GJixwxVUa_5alloc3ffi5c_strINtNtB9_5boxed3BoxNtNtNtCsfo0Ls1ZyrQZ_4core3ffi5c_str4CStrEINtNtB11_7convert4FromQBV_E4from
0000000000000000 T _RNvXsD_NtCsi2GJixwxVUa_5alloc3vecINtB5_3VechEINtNtCsfo0Ls1ZyrQZ_4core7convert4FromReE4from
0000000000000000 T _RNvXsN_NtCsi2GJixwxVUa_5alloc6stringNtB5_6StringINtNtCsfo0Ls1ZyrQZ_4core7convert4FromINtNtB7_5boxed3BoxeEE4from
0000000000000000 T _RNvXsO_NtCsi2GJixwxVUa_5alloc6stringINtNtB7_5boxed3BoxeEINtNtCsfo0Ls1ZyrQZ_4core7convert4FromNtB5_6StringE4from
0000000000000000 T _RNvXsP_NtCsi2GJixwxVUa_5alloc6stringNtB5_6StringINtNtCsfo0Ls1ZyrQZ_4core7convert4FromINtNtB7_6borrow3CoweEE4from
0000000000000000 T _RNvXsY_NtCsi2GJixwxVUa_5alloc6stringNtB5_6StringINtNtCsfo0Ls1ZyrQZ_4core7convert7TryFromINtNtB7_3vec3VechEE8try_from
0000000000000000 T _RNvXs_NvMs_NtNtCsi2GJixwxVUa_5alloc3ffi5c_strNtB9_7CString3newRShNtB4_11SpecNewImpl13spec_new_impl
0000000000000000 T _RNvXs_NvXsf_NtNtCsi2GJixwxVUa_5alloc5boxed7convertINtBc_3BoxDNtNtCsfo0Ls1ZyrQZ_4core5error5ErrorNtNtB11_6marker4SendNtB1y_4SyncEL_EINtNtB11_7convert4FromNtNtBe_6string6StringE4fromNtB4_11StringErrorNtNtB11_3fmt7Display3fmt
0000000000000000 T _RNvXsf_NtCsi2GJixwxVUa_5alloc5boxedINtB5_3BoxeENtNtCsfo0Ls1ZyrQZ_4core5clone5Clone5clone
0000000000000000 T _RNvXsg_NtNtCsi2GJixwxVUa_5alloc5boxed7convertINtB7_3BoxDNtNtCsfo0Ls1ZyrQZ_4core5error5ErrorEL_EINtNtBW_7convert4FromNtNtB9_6string6StringE4from
0000000000000000 T _RNvXsh_NtCsi2GJixwxVUa_5alloc6borrowINtB5_3CoweEINtNtNtCsfo0Ls1ZyrQZ_4core3ops5arith9AddAssignReE10add_assign
0000000000000000 T _RNvXsh_NtCsi2GJixwxVUa_5alloc6stringSReNtB5_13SpecExtendStr16spec_extend_into
0000000000000000 T _RNvXsi_NtCsi2GJixwxVUa_5alloc6borrowINtB5_3CoweENtNtNtCsfo0Ls1ZyrQZ_4core3ops5arith9AddAssign10add_assign
0000000000000000 T _RNvXsi_NtNtCsi2GJixwxVUa_5alloc5boxed7convertINtB7_3BoxDNtNtCsfo0Ls1ZyrQZ_4core5error5ErrorEL_EINtNtBW_7convert4FromReE4from
0000000000000000 T _RNvXsj_NtNtCsi2GJixwxVUa_5alloc5boxed7convertINtB7_3BoxDNtNtCsfo0Ls1ZyrQZ_4core5error5ErrorNtNtBW_6marker4SendNtB1t_4SyncEL_EINtNtBW_7convert4FromINtNtB9_6borrow3CoweEE4from
0000000000000000 T _RNvXsk_NtNtCsi2GJixwxVUa_5alloc5boxed7convertINtB7_3BoxDNtNtCsfo0Ls1ZyrQZ_4core5error5ErrorEL_EINtNtBW_7convert4FromINtNtB9_6borrow3CoweEE4from
0000000000000000 T _RNvXso_NtCsi2GJixwxVUa_5alloc6stringRNtB5_6StringNtNtNtCsfo0Ls1ZyrQZ_4core3str7pattern7Pattern13into_searcher
0000000000000000 T _RNvXsq_NtNtCsi2GJixwxVUa_5alloc3ffi5c_strINtNtB9_5boxed3BoxNtNtNtCsfo0Ls1ZyrQZ_4core3ffi5c_str4CStrENtNtB11_7default7Default7default
0000000000000000 T _RNvXss_NtNtCsi2GJixwxVUa_5alloc3ffi5c_strNtB5_8NulErrorNtNtCsfo0Ls1ZyrQZ_4core3fmt7Display3fmt
0000000000000000 T _RNvXst_NtNtCsi2GJixwxVUa_5alloc3ffi5c_strNtB5_19FromVecWithNulErrorNtNtCsfo0Ls1ZyrQZ_4core3fmt7Display3fmt
0000000000000000 T _RNvXsv_NtNtCsi2GJixwxVUa_5alloc3ffi5c_strNtB5_15IntoStringErrorNtNtCsfo0Ls1ZyrQZ_4core3fmt7Display3fmt
0000000000000000 T _RNvXsw_NtNtCsi2GJixwxVUa_5alloc3ffi5c_strNtNtNtCsfo0Ls1ZyrQZ_4core3ffi5c_str4CStrNtNtB9_6borrow7ToOwned10clone_into
0000000000000000 T _RNvXsw_NtNtCsi2GJixwxVUa_5alloc3ffi5c_strNtNtNtCsfo0Ls1ZyrQZ_4core3ffi5c_str4CStrNtNtB9_6borrow7ToOwned8to_owned
0000000000000000 T _RNvXsx_NtNtCsi2GJixwxVUa_5alloc3ffi5c_strNtB5_7CStringINtNtCsfo0Ls1ZyrQZ_4core7convert4FromRNtNtNtBV_3ffi5c_str4CStrE4from

core-d6e8102a8536a4c2.core.b339b0af432a4263-cgu.0.rcgu.o:
0000000000000000 V DW.ref.rust_eh_personality
0000000000000000 T _RINvNtCsfo0Ls1ZyrQZ_4core9panicking13assert_failedINtNtB4_6option6OptionjEBM_EB4_
0000000000000000 T _RINvNtCsfo0Ls1ZyrQZ_4core9panicking13assert_failedjjEB4_
0000000000000000 T _RINvNtCsfo0Ls1ZyrQZ_4core9panicking13assert_failedyyEB4_
0000000000000000 T _RNvMNtCsfo0Ls1ZyrQZ_4core3stre12escape_debug
0000000000000000 T _RNvMNtCsfo0Ls1ZyrQZ_4core3stre12substr_range
0000000000000000 T _RNvMNtCsfo0Ls1ZyrQZ_4core3stre13from_utf8_mut
0000000000000000 T _RNvMNtCsfo0Ls1ZyrQZ_4core3stre22split_at_mut_unchecked
0000000000000000 T _RNvMNtCsfo0Ls1ZyrQZ_4core3stre9from_utf8
0000000000000000 T _RNvMNtNtNtCsfo0Ls1ZyrQZ_4core3num3imp3fmtNtB2_4Part3len
0000000000000000 T _RNvMNtNtNtCsfo0Ls1ZyrQZ_4core3num3imp3fmtNtB2_4Part5write
0000000000000000 T _RNvMNtNtNtCsfo0Ls1ZyrQZ_4core3num3imp9diy_floatNtB2_2Fp12normalize_to
0000000000000000 T _RNvMNtNtNtNtCsfo0Ls1ZyrQZ_4core3num3imp6bignum5testsNtB2_6Big8x310bit_length
0000000000000000 T _RNvMNtNtNtNtCsfo0Ls1ZyrQZ_4core3num3imp6bignum5testsNtB2_6Big8x310mul_digits
0000000000000000 T _RNvMNtNtNtNtCsfo0Ls1ZyrQZ_4core3num3imp6bignum5testsNtB2_6Big8x313div_rem_small
0000000000000000 T _RNvMNtNtNtNtCsfo0Ls1ZyrQZ_4core3num3imp6bignum5testsNtB2_6Big8x33add
0000000000000000 T _RNvMNtNtNtNtCsfo0Ls1ZyrQZ_4core3num3imp6bignum5testsNtB2_6Big8x33sub
0000000000000000 T _RNvMNtNtNtNtCsfo0Ls1ZyrQZ_4core3num3imp6bignum5testsNtB2_6Big8x36digits
0000000000000000 T _RNvMNtNtNtNtCsfo0Ls1ZyrQZ_4core3num3imp6bignum5testsNtB2_6Big8x37is_zero
0000000000000000 T _RNvMNtNtNtNtCsfo0Ls1ZyrQZ_4core3num3imp6bignum5testsNtB2_6Big8x38mul_pow2
0000000000000000 T _RNvMNtNtNtNtCsfo0Ls1ZyrQZ_4core3num3imp6bignum5testsNtB2_6Big8x38mul_pow5
0000000000000000 T _RNvMNtNtNtNtCsfo0Ls1ZyrQZ_4core3num3imp6bignum5testsNtB2_6Big8x39mul_small
0000000000000000 T _RNvMs0_NtNtCsfo0Ls1ZyrQZ_4core3fmt3numo11format_into
0000000000000000 T _RNvMs0_NtNtCsfo0Ls1ZyrQZ_4core3fmt3numo4__fmt
0000000000000000 T _RNvMs0_NtNtNtCsfo0Ls1ZyrQZ_4core3fmt3num3imph4__fmt
0000000000000000 T _RNvMs1_NtNtCsfo0Ls1ZyrQZ_4core3fmt3numn11format_into
0000000000000000 T _RNvMs1_NtNtCsfo0Ls1ZyrQZ_4core3fmt8buildersNtB5_11DebugStruct21finish_non_exhaustive
0000000000000000 T _RNvMs1_NtNtCsfo0Ls1ZyrQZ_4core3fmt8buildersNtB5_11DebugStruct5field
0000000000000000 T _RNvMs1_NtNtCsfo0Ls1ZyrQZ_4core3fmt8buildersNtB5_11DebugStruct6finish
0000000000000000 T _RNvMs1_NtNtCsfo0Ls1ZyrQZ_4core3net6parserNtNtB7_7ip_addr8Ipv4Addr11parse_ascii
0000000000000000 T _RNvMs1_NtNtNtCsfo0Ls1ZyrQZ_4core3fmt3num3impa11format_into
0000000000000000 T _RNvMs2_NtNtCsfo0Ls1ZyrQZ_4core3fmt8buildersNtB5_10DebugTuple21finish_non_exhaustive
0000000000000000 T _RNvMs2_NtNtCsfo0Ls1ZyrQZ_4core3fmt8buildersNtB5_10DebugTuple5field
0000000000000000 T _RNvMs2_NtNtCsfo0Ls1ZyrQZ_4core3fmt8buildersNtB5_10DebugTuple6finish
0000000000000000 T _RNvMs2_NtNtNtCsfo0Ls1ZyrQZ_4core3fmt3num3imph11format_into
0000000000000000 T _RNvMs2_NtNtNtCsfo0Ls1ZyrQZ_4core3num3imp6bignumNtB5_8Big32x4010bit_length
0000000000000000 T _RNvMs2_NtNtNtCsfo0Ls1ZyrQZ_4core3num3imp6bignumNtB5_8Big32x4010mul_digits
0000000000000000 T _RNvMs2_NtNtNtCsfo0Ls1ZyrQZ_4core3num3imp6bignumNtB5_8Big32x4013div_rem_small
0000000000000000 T _RNvMs2_NtNtNtCsfo0Ls1ZyrQZ_4core3num3imp6bignumNtB5_8Big32x403add
0000000000000000 T _RNvMs2_NtNtNtCsfo0Ls1ZyrQZ_4core3num3imp6bignumNtB5_8Big32x403sub
0000000000000000 T _RNvMs2_NtNtNtCsfo0Ls1ZyrQZ_4core3num3imp6bignumNtB5_8Big32x406digits
0000000000000000 T _RNvMs2_NtNtNtCsfo0Ls1ZyrQZ_4core3num3imp6bignumNtB5_8Big32x407is_zero
0000000000000000 T _RNvMs2_NtNtNtCsfo0Ls1ZyrQZ_4core3num3imp6bignumNtB5_8Big32x408mul_pow2
0000000000000000 T _RNvMs2_NtNtNtCsfo0Ls1ZyrQZ_4core3num3imp6bignumNtB5_8Big32x408mul_pow5
0000000000000000 T _RNvMs2_NtNtNtCsfo0Ls1ZyrQZ_4core3num3imp6bignumNtB5_8Big32x409mul_small
0000000000000000 T _RNvMs3_NtNtCsfo0Ls1ZyrQZ_4core3ffi5c_strNtB5_4CStr19from_bytes_with_nul
0000000000000000 T _RNvMs3_NtNtCsfo0Ls1ZyrQZ_4core3ffi5c_strNtB5_4CStr20from_bytes_until_nul
0000000000000000 T _RNvMs3_NtNtCsfo0Ls1ZyrQZ_4core3ffi5c_strNtB5_4CStr6to_str
0000000000000000 T _RNvMs3_NtNtCsfo0Ls1ZyrQZ_4core3net6parserNtNtB7_7ip_addr8Ipv6Addr11parse_ascii
0000000000000000 T _RNvMs4_NtNtCsfo0Ls1ZyrQZ_4core3fmt8buildersNtB5_8DebugSet21finish_non_exhaustive
0000000000000000 T _RNvMs4_NtNtCsfo0Ls1ZyrQZ_4core3fmt8buildersNtB5_8DebugSet5entry
0000000000000000 T _RNvMs4_NtNtCsfo0Ls1ZyrQZ_4core3fmt8buildersNtB5_8DebugSet6finish
0000000000000000 T _RNvMs5_NtNtCsfo0Ls1ZyrQZ_4core3fmt8buildersNtB5_9DebugList21finish_non_exhaustive
0000000000000000 T _RNvMs5_NtNtCsfo0Ls1ZyrQZ_4core3fmt8buildersNtB5_9DebugList5entry
0000000000000000 T _RNvMs5_NtNtCsfo0Ls1ZyrQZ_4core3fmt8buildersNtB5_9DebugList6finish
0000000000000000 T _RNvMs5_NtNtCsfo0Ls1ZyrQZ_4core3net6parserNtNtB7_11socket_addr12SocketAddrV411parse_ascii
0000000000000000 T _RNvMs5_NtNtNtCsfo0Ls1ZyrQZ_4core3fmt3num3impt4__fmt
0000000000000000 T _RNvMs6_NtNtCsfo0Ls1ZyrQZ_4core3fmt8buildersNtB5_8DebugMap21finish_non_exhaustive
0000000000000000 T _RNvMs6_NtNtCsfo0Ls1ZyrQZ_4core3fmt8buildersNtB5_8DebugMap3key
0000000000000000 T _RNvMs6_NtNtCsfo0Ls1ZyrQZ_4core3fmt8buildersNtB5_8DebugMap5entry
0000000000000000 T _RNvMs6_NtNtCsfo0Ls1ZyrQZ_4core3fmt8buildersNtB5_8DebugMap5value
0000000000000000 T _RNvMs6_NtNtCsfo0Ls1ZyrQZ_4core3fmt8buildersNtB5_8DebugMap6finish
0000000000000000 T _RNvMs6_NtNtNtCsfo0Ls1ZyrQZ_4core3fmt3num3imps11format_into
0000000000000000 T _RNvMs7_NtNtCsfo0Ls1ZyrQZ_4core3net6parserNtNtB7_11socket_addr12SocketAddrV611parse_ascii
0000000000000000 T _RNvMs7_NtNtNtCsfo0Ls1ZyrQZ_4core3fmt3num3impt11format_into
0000000000000000 T _RNvMs9_NtNtCsfo0Ls1ZyrQZ_4core3net6parserNtNtB7_11socket_addr10SocketAddr11parse_ascii
0000000000000000 T _RNvMs_NtCsfo0Ls1ZyrQZ_4core3fmtNtB4_17FormattingOptions8get_fill
0000000000000000 T _RNvMs_NtNtCsfo0Ls1ZyrQZ_4core3fmt8buildersNtB4_10PadAdapter4wrap
0000000000000000 T _RNvMs_NtNtCsfo0Ls1ZyrQZ_4core3net6parserNtNtB6_7ip_addr6IpAddr11parse_ascii
0000000000000000 T _RNvMs_NtNtNtCsfo0Ls1ZyrQZ_4core3num3imp3fmtNtB4_9Formatted3len
0000000000000000 T _RNvMs_NtNtNtCsfo0Ls1ZyrQZ_4core3num3imp3fmtNtB4_9Formatted5write
0000000000000000 T _RNvMs_NtNtNtNtCsfo0Ls1ZyrQZ_4core3num3imp7dec2flt11decimal_seqNtB4_10DecimalSeq10left_shift
0000000000000000 T _RNvMs_NtNtNtNtCsfo0Ls1ZyrQZ_4core3num3imp7dec2flt11decimal_seqNtB4_10DecimalSeq11right_shift
0000000000000000 T _RNvMs_NtNtNtNtCsfo0Ls1ZyrQZ_4core3num3imp7dec2flt11decimal_seqNtB4_10DecimalSeq5round
0000000000000000 T _RNvMsa_NtCsfo0Ls1ZyrQZ_4core3fmtNtB5_9Formatter10debug_list
0000000000000000 T _RNvMsa_NtCsfo0Ls1ZyrQZ_4core3fmtNtB5_9Formatter11debug_tuple
0000000000000000 T _RNvMsa_NtCsfo0Ls1ZyrQZ_4core3fmtNtB5_9Formatter12debug_struct
0000000000000000 T _RNvMsa_NtCsfo0Ls1ZyrQZ_4core3fmtNtB5_9Formatter12pad_integral
0000000000000000 T _RNvMsa_NtCsfo0Ls1ZyrQZ_4core3fmtNtB5_9Formatter25debug_tuple_field1_finish
0000000000000000 T _RNvMsa_NtCsfo0Ls1ZyrQZ_4core3fmtNtB5_9Formatter25debug_tuple_field2_finish
0000000000000000 T _RNvMsa_NtCsfo0Ls1ZyrQZ_4core3fmtNtB5_9Formatter25debug_tuple_field3_finish
0000000000000000 T _RNvMsa_NtCsfo0Ls1ZyrQZ_4core3fmtNtB5_9Formatter25debug_tuple_field4_finish
0000000000000000 T _RNvMsa_NtCsfo0Ls1ZyrQZ_4core3fmtNtB5_9Formatter25debug_tuple_field5_finish
0000000000000000 T _RNvMsa_NtCsfo0Ls1ZyrQZ_4core3fmtNtB5_9Formatter25debug_tuple_fields_finish
0000000000000000 T _RNvMsa_NtCsfo0Ls1ZyrQZ_4core3fmtNtB5_9Formatter26debug_struct_field1_finish
0000000000000000 T _RNvMsa_NtCsfo0Ls1ZyrQZ_4core3fmtNtB5_9Formatter26debug_struct_field2_finish
0000000000000000 T _RNvMsa_NtCsfo0Ls1ZyrQZ_4core3fmtNtB5_9Formatter26debug_struct_field3_finish
0000000000000000 T _RNvMsa_NtCsfo0Ls1ZyrQZ_4core3fmtNtB5_9Formatter26debug_struct_field4_finish
0000000000000000 T _RNvMsa_NtCsfo0Ls1ZyrQZ_4core3fmtNtB5_9Formatter26debug_struct_field5_finish
0000000000000000 T _RNvMsa_NtCsfo0Ls1ZyrQZ_4core3fmtNtB5_9Formatter26debug_struct_fields_finish
0000000000000000 T _RNvMsa_NtCsfo0Ls1ZyrQZ_4core3fmtNtB5_9Formatter3pad
0000000000000000 T _RNvMsa_NtCsfo0Ls1ZyrQZ_4core3fmtNtB5_9Formatter4fill
0000000000000000 T _RNvMsa_NtCsfo0Ls1ZyrQZ_4core3fmtNtB5_9Formatter9debug_map
0000000000000000 T _RNvMsa_NtCsfo0Ls1ZyrQZ_4core3fmtNtB5_9Formatter9debug_set
0000000000000000 T _RNvMsa_NtCsfo0Ls1ZyrQZ_4core3fmtNtB5_9Formatter9write_str
0000000000000000 T _RNvMsa_NtNtNtCsfo0Ls1ZyrQZ_4core3fmt3num3impm4__fmt
0000000000000000 T _RNvMsb_NtNtNtCsfo0Ls1ZyrQZ_4core3fmt3num3impl11format_into
0000000000000000 T _RNvMsc_NtNtNtCsfo0Ls1ZyrQZ_4core3fmt3num3impm11format_into
0000000000000000 T _RNvMsf_NtNtNtCsfo0Ls1ZyrQZ_4core3fmt3num3impy4__fmt
0000000000000000 T _RNvMsg_NtNtNtCsfo0Ls1ZyrQZ_4core3fmt3num3impx11format_into
0000000000000000 T _RNvMsh_NtNtNtCsfo0Ls1ZyrQZ_4core3fmt3num3impy11format_into
0000000000000000 T _RNvMsk_NtNtNtCsfo0Ls1ZyrQZ_4core3fmt3num3impj4__fmt
0000000000000000 T _RNvMsl_NtNtNtCsfo0Ls1ZyrQZ_4core3fmt3num3impi11format_into
0000000000000000 T _RNvMsm_NtNtNtCsfo0Ls1ZyrQZ_4core3fmt3num3impj11format_into
0000000000000000 T _RNvMsu_NtNtCsfo0Ls1ZyrQZ_4core3str7patternNtB5_11StrSearcher3new
0000000000000000 T _RNvNtCsfo0Ls1ZyrQZ_4core3fmt17pointer_fmt_inner
0000000000000000 T _RNvNtCsfo0Ls1ZyrQZ_4core3fmt5write
0000000000000000 T _RNvNtCsfo0Ls1ZyrQZ_4core3num22from_ascii_radix_panic
0000000000000000 T _RNvNtCsfo0Ls1ZyrQZ_4core3str16slice_error_fail
0000000000000000 T _RNvNtCsfo0Ls1ZyrQZ_4core3str19slice_error_fail_ct
0000000000000000 T _RNvNtCsfo0Ls1ZyrQZ_4core3str19slice_error_fail_rt
0000000000000000 T _RNvNtCsfo0Ls1ZyrQZ_4core4cell22panic_already_borrowed
0000000000000000 T _RNvNtCsfo0Ls1ZyrQZ_4core4cell30panic_already_mutably_borrowed
0000000000000000 T _RNvNtCsfo0Ls1ZyrQZ_4core4wtf816slice_error_fail
0000000000000000 T _RNvNtCsfo0Ls1ZyrQZ_4core5ascii14escape_default
0000000000000000 T _RNvNtCsfo0Ls1ZyrQZ_4core6option13expect_failed
0000000000000000 T _RNvNtCsfo0Ls1ZyrQZ_4core6option13unwrap_failed
0000000000000000 T _RNvNtCsfo0Ls1ZyrQZ_4core6result13unwrap_failed
0000000000000000 T _RNvNtCsfo0Ls1ZyrQZ_4core9panicking14panic_nounwind
0000000000000000 T _RNvNtCsfo0Ls1ZyrQZ_4core9panicking15const_panic_fmt
0000000000000000 T _RNvNtCsfo0Ls1ZyrQZ_4core9panicking16panic_in_cleanup
0000000000000000 T _RNvNtCsfo0Ls1ZyrQZ_4core9panicking18panic_bounds_check
0000000000000000 T _RNvNtCsfo0Ls1ZyrQZ_4core9panicking18panic_nounwind_fmt
0000000000000000 T _RNvNtCsfo0Ls1ZyrQZ_4core9panicking19assert_failed_inner
0000000000000000 T _RNvNtCsfo0Ls1ZyrQZ_4core9panicking19panic_cannot_unwind
0000000000000000 T _RNvNtCsfo0Ls1ZyrQZ_4core9panicking26panic_nounwind_nobacktrace
0000000000000000 T _RNvNtCsfo0Ls1ZyrQZ_4core9panicking30panic_null_pointer_dereference
0000000000000000 T _RNvNtCsfo0Ls1ZyrQZ_4core9panicking31panic_invalid_enum_construction
0000000000000000 T _RNvNtCsfo0Ls1ZyrQZ_4core9panicking36panic_misaligned_pointer_dereference
0000000000000000 T _RNvNtCsfo0Ls1ZyrQZ_4core9panicking5panic
0000000000000000 T _RNvNtCsfo0Ls1ZyrQZ_4core9panicking9panic_fmt
0000000000000000 T _RNvNtNtCsfo0Ls1ZyrQZ_4core3str5count14do_count_chars
0000000000000000 T _RNvNtNtCsfo0Ls1ZyrQZ_4core3str5count23char_count_general_case
0000000000000000 T _RNvNtNtCsfo0Ls1ZyrQZ_4core3str8converts13from_utf8_mut
0000000000000000 T _RNvNtNtCsfo0Ls1ZyrQZ_4core3str8converts9from_utf8
0000000000000000 T _RNvNtNtCsfo0Ls1ZyrQZ_4core4cell4lazy14panic_poisoned
0000000000000000 T _RNvNtNtCsfo0Ls1ZyrQZ_4core5slice5index16slice_index_fail
0000000000000000 T _RNvNtNtCsfo0Ls1ZyrQZ_4core5slice6memchr14memchr_aligned
0000000000000000 T _RNvNtNtCsfo0Ls1ZyrQZ_4core5slice6memchr7memrchr
0000000000000000 T _RNvNtNtCsfo0Ls1ZyrQZ_4core7unicode9printable12is_printable
0000000000000000 T _RNvNtNtCsfo0Ls1ZyrQZ_4core9panicking11panic_const23panic_const_div_by_zero
0000000000000000 T _RNvNtNtCsfo0Ls1ZyrQZ_4core9panicking11panic_const23panic_const_gen_fn_none
0000000000000000 T _RNvNtNtCsfo0Ls1ZyrQZ_4core9panicking11panic_const23panic_const_rem_by_zero
0000000000000000 T _RNvNtNtCsfo0Ls1ZyrQZ_4core9panicking11panic_const24panic_const_add_overflow
0000000000000000 T _RNvNtNtCsfo0Ls1ZyrQZ_4core9panicking11panic_const24panic_const_div_overflow
0000000000000000 T _RNvNtNtCsfo0Ls1ZyrQZ_4core9panicking11panic_const24panic_const_mul_overflow
0000000000000000 T _RNvNtNtCsfo0Ls1ZyrQZ_4core9panicking11panic_const24panic_const_neg_overflow
0000000000000000 T _RNvNtNtCsfo0Ls1ZyrQZ_4core9panicking11panic_const24panic_const_rem_overflow
0000000000000000 T _RNvNtNtCsfo0Ls1ZyrQZ_4core9panicking11panic_const24panic_const_shl_overflow
0000000000000000 T _RNvNtNtCsfo0Ls1ZyrQZ_4core9panicking11panic_const24panic_const_shr_overflow
0000000000000000 T _RNvNtNtCsfo0Ls1ZyrQZ_4core9panicking11panic_const24panic_const_sub_overflow
0000000000000000 T _RNvNtNtCsfo0Ls1ZyrQZ_4core9panicking11panic_const28panic_const_async_fn_resumed
0000000000000000 T _RNvNtNtCsfo0Ls1ZyrQZ_4core9panicking11panic_const28panic_const_gen_fn_none_drop
0000000000000000 T _RNvNtNtCsfo0Ls1ZyrQZ_4core9panicking11panic_const29panic_const_coroutine_resumed
0000000000000000 T _RNvNtNtCsfo0Ls1ZyrQZ_4core9panicking11panic_const29panic_const_gen_fn_none_panic
0000000000000000 T _RNvNtNtCsfo0Ls1ZyrQZ_4core9panicking11panic_const32panic_const_async_gen_fn_resumed
0000000000000000 T _RNvNtNtCsfo0Ls1ZyrQZ_4core9panicking11panic_const33panic_const_async_fn_resumed_drop
0000000000000000 T _RNvNtNtCsfo0Ls1ZyrQZ_4core9panicking11panic_const34panic_const_async_fn_resumed_panic
0000000000000000 T _RNvNtNtCsfo0Ls1ZyrQZ_4core9panicking11panic_const34panic_const_coroutine_resumed_drop
0000000000000000 T _RNvNtNtCsfo0Ls1ZyrQZ_4core9panicking11panic_const35panic_const_coroutine_resumed_panic
0000000000000000 T _RNvNtNtCsfo0Ls1ZyrQZ_4core9panicking11panic_const37panic_const_async_gen_fn_resumed_drop
0000000000000000 T _RNvNtNtCsfo0Ls1ZyrQZ_4core9panicking11panic_const38panic_const_async_gen_fn_resumed_panic
0000000000000000 T _RNvNtNtNtCsfo0Ls1ZyrQZ_4core3num3imp14overflow_panic12cast_integer
0000000000000000 T _RNvNtNtNtCsfo0Ls1ZyrQZ_4core3num3imp14overflow_panic3add
0000000000000000 T _RNvNtNtNtCsfo0Ls1ZyrQZ_4core3num3imp14overflow_panic3div
0000000000000000 T _RNvNtNtNtCsfo0Ls1ZyrQZ_4core3num3imp14overflow_panic3mul
0000000000000000 T _RNvNtNtNtCsfo0Ls1ZyrQZ_4core3num3imp14overflow_panic3neg
0000000000000000 T _RNvNtNtNtCsfo0Ls1ZyrQZ_4core3num3imp14overflow_panic3rem
0000000000000000 T _RNvNtNtNtCsfo0Ls1ZyrQZ_4core3num3imp14overflow_panic3shl
0000000000000000 T _RNvNtNtNtCsfo0Ls1ZyrQZ_4core3num3imp14overflow_panic3shr
0000000000000000 T _RNvNtNtNtCsfo0Ls1ZyrQZ_4core3num3imp14overflow_panic3sub
0000000000000000 T _RNvNtNtNtCsfo0Ls1ZyrQZ_4core3num3imp7flt2dec17digits_to_dec_str
0000000000000000 T _RNvNtNtNtCsfo0Ls1ZyrQZ_4core3num3imp7flt2dec17digits_to_exp_str
0000000000000000 T _RNvNtNtNtCsfo0Ls1ZyrQZ_4core3num3imp7flt2dec8round_up
0000000000000000 T _RNvNtNtNtCsfo0Ls1ZyrQZ_4core3num3imp8int_sqrt27panic_for_negative_argument
0000000000000000 T _RNvNtNtNtCsfo0Ls1ZyrQZ_4core3num3imp9int_log1030panic_for_nonpositive_argument
0000000000000000 T _RNvNtNtNtCsfo0Ls1ZyrQZ_4core7unicode12unicode_data10alphabetic11lookup_slow
0000000000000000 T _RNvNtNtNtCsfo0Ls1ZyrQZ_4core7unicode12unicode_data11conversions8to_lower
0000000000000000 T _RNvNtNtNtCsfo0Ls1ZyrQZ_4core7unicode12unicode_data11conversions8to_title
0000000000000000 T _RNvNtNtNtCsfo0Ls1ZyrQZ_4core7unicode12unicode_data11conversions8to_upper
0000000000000000 R _RNvNtNtNtCsfo0Ls1ZyrQZ_4core7unicode12unicode_data11white_space14WHITESPACE_MAP
0000000000000000 T _RNvNtNtNtCsfo0Ls1ZyrQZ_4core7unicode12unicode_data14case_ignorable11lookup_slow
0000000000000000 T _RNvNtNtNtCsfo0Ls1ZyrQZ_4core7unicode12unicode_data15grapheme_extend11lookup_slow
0000000000000000 T _RNvNtNtNtCsfo0Ls1ZyrQZ_4core7unicode12unicode_data1n11lookup_slow
0000000000000000 T _RNvNtNtNtCsfo0Ls1ZyrQZ_4core7unicode12unicode_data2lt11lookup_slow
0000000000000000 R _RNvNtNtNtCsfo0Ls1ZyrQZ_4core7unicode12unicode_data9lowercase14BITSET_MAPPING
0000000000000000 R _RNvNtNtNtCsfo0Ls1ZyrQZ_4core7unicode12unicode_data9lowercase16BITSET_CANONICAL
0000000000000000 R _RNvNtNtNtCsfo0Ls1ZyrQZ_4core7unicode12unicode_data9lowercase17BITSET_CHUNKS_MAP
0000000000000000 R _RNvNtNtNtCsfo0Ls1ZyrQZ_4core7unicode12unicode_data9lowercase19BITSET_INDEX_CHUNKS
0000000000000000 T _RNvNtNtNtCsfo0Ls1ZyrQZ_4core7unicode12unicode_data9lowercase6lookup
0000000000000000 R _RNvNtNtNtCsfo0Ls1ZyrQZ_4core7unicode12unicode_data9uppercase14BITSET_MAPPING
0000000000000000 R _RNvNtNtNtCsfo0Ls1ZyrQZ_4core7unicode12unicode_data9uppercase16BITSET_CANONICAL
0000000000000000 R _RNvNtNtNtCsfo0Ls1ZyrQZ_4core7unicode12unicode_data9uppercase17BITSET_CHUNKS_MAP
0000000000000000 R _RNvNtNtNtCsfo0Ls1ZyrQZ_4core7unicode12unicode_data9uppercase19BITSET_INDEX_CHUNKS
0000000000000000 T _RNvNtNtNtCsfo0Ls1ZyrQZ_4core7unicode12unicode_data9uppercase6lookup
0000000000000000 T _RNvNtNtNtNtCsfo0Ls1ZyrQZ_4core3num3imp7dec2flt11decimal_seq17parse_decimal_seq
0000000000000000 T _RNvNtNtNtNtCsfo0Ls1ZyrQZ_4core3num3imp7dec2flt5parse12parse_number
0000000000000000 R _RNvNtNtNtNtCsfo0Ls1ZyrQZ_4core3num3imp7dec2flt5table17POWER_OF_FIVE_128
0000000000000000 T _RNvNtNtNtNtCsfo0Ls1ZyrQZ_4core5slice4sort6shared9smallsort22panic_on_ord_violation
0000000000000000 T _RNvNtNtNtNtCsfo0Ls1ZyrQZ_4core5slice4sort6stable5drift11sqrt_approx
0000000000000000 R _RNvNtNtNtNtNtCsfo0Ls1ZyrQZ_4core3num3imp7flt2dec8strategy5grisu12CACHED_POW10
0000000000000000 T _RNvNtNtNtNtNtCsfo0Ls1ZyrQZ_4core3num3imp7flt2dec8strategy5grisu12format_exact
0000000000000000 T _RNvNtNtNtNtNtCsfo0Ls1ZyrQZ_4core3num3imp7flt2dec8strategy5grisu15format_shortest
0000000000000000 T _RNvNtNtNtNtNtCsfo0Ls1ZyrQZ_4core3num3imp7flt2dec8strategy5grisu16format_exact_opt
0000000000000000 T _RNvNtNtNtNtNtCsfo0Ls1ZyrQZ_4core3num3imp7flt2dec8strategy5grisu19format_shortest_opt
0000000000000000 T _RNvNtNtNtNtNtCsfo0Ls1ZyrQZ_4core3num3imp7flt2dec8strategy6dragon12format_exact
0000000000000000 T _RNvNtNtNtNtNtCsfo0Ls1ZyrQZ_4core3num3imp7flt2dec8strategy6dragon15format_shortest
0000000000000000 T _RNvNtNtNtNtNtCsfo0Ls1ZyrQZ_4core3num3imp7flt2dec8strategy6dragon9mul_pow10
0000000000000000 T _RNvNvMNtCsfo0Ls1ZyrQZ_4core5sliceSp16align_to_offsets3gcd
0000000000000000 D _RNvNvMs6_NtNtCsfo0Ls1ZyrQZ_4core4task4wakeNtB7_5Waker11from_fn_ptr6VTABLE
0000000000000000 D _RNvNvMsb_NtNtCsfo0Ls1ZyrQZ_4core4task4wakeNtB7_10LocalWaker11from_fn_ptr6VTABLE
0000000000000000 T _RNvNvNtCsfo0Ls1ZyrQZ_4core5slice20copy_from_slice_impl17len_mismatch_fail
0000000000000000 T _RNvXNtCsfo0Ls1ZyrQZ_4core3ffiNtB2_6c_voidNtNtB4_3fmt5Debug3fmt
0000000000000000 T _RNvXNtCsfo0Ls1ZyrQZ_4core3patcNtB2_12RangePattern7sub_one
0000000000000000 T _RNvXNtNtCsfo0Ls1ZyrQZ_4core2io12borrowed_bufNtB2_11BorrowedBufNtNtB6_3fmt5Debug3fmt
0000000000000000 T _RNvXNtNtCsfo0Ls1ZyrQZ_4core2io4utilNtB2_6RepeatNtNtB6_3fmt5Debug3fmt
0000000000000000 T _RNvXNtNtCsfo0Ls1ZyrQZ_4core3ffi5c_strNtB2_21FromBytesWithNulErrorNtNtB6_3fmt7Display3fmt
0000000000000000 T _RNvXNtNtCsfo0Ls1ZyrQZ_4core3ffi7va_listNtB2_6VaListNtNtB6_3fmt5Debug3fmt
0000000000000000 T _RNvXNtNtCsfo0Ls1ZyrQZ_4core3fmt3numoNtB4_7Display3fmt
0000000000000000 T _RNvXNtNtCsfo0Ls1ZyrQZ_4core3ops5rangeNtB2_9RangeFullNtNtB6_3fmt5Debug3fmt
0000000000000000 T _RNvXNtNtNtCsfo0Ls1ZyrQZ_4core3fmt3num3imphNtB6_7Display3fmt
0000000000000000 T _RNvXNvNtCsfo0Ls1ZyrQZ_4core9panicking21assert_matches_failedNtB2_7PatternNtNtB6_3fmt5Debug3fmt
0000000000000000 T _RNvXNvXNtCsfo0Ls1ZyrQZ_4core5fieldINtB5_21FieldRepresentingTypepKpKpENtNtB7_3fmt5Debug3fmtNtB2_6MemberNtB17_7Display3fmt
0000000000000000 T _RNvXNvXsd_NtCsfo0Ls1ZyrQZ_4core4wtf8NtB8_10EncodeWideNtNtBa_3fmt5Debug3fmtNtB2_8CodeUnitBP_3fmt
0000000000000000 T _RNvXs0_NtCsfo0Ls1ZyrQZ_4core3anyDNtB5_3AnyNtNtB7_6marker4SendEL_NtNtB7_3fmt5Debug3fmt
0000000000000000 T _RNvXs0_NtNtCsfo0Ls1ZyrQZ_4core3ffi5c_strNtB5_22FromBytesUntilNulErrorNtNtB9_3fmt7Display3fmt
0000000000000000 T _RNvXs0_NtNtCsfo0Ls1ZyrQZ_4core3fmt8buildersNtB5_10PadAdapterNtB7_5Write10write_char
0000000000000000 T _RNvXs0_NtNtCsfo0Ls1ZyrQZ_4core3fmt8buildersNtB5_10PadAdapterNtB7_5Write9write_str
0000000000000000 T _RNvXs0_NtNtCsfo0Ls1ZyrQZ_4core3net6parserNtNtB7_7ip_addr6IpAddrNtNtNtB9_3str6traits7FromStr8from_str
0000000000000000 T _RNvXs0_NtNtCsfo0Ls1ZyrQZ_4core3num11float_parseC3f16NtNtNtB9_3str6traits7FromStr8from_str
0000000000000000 T _RNvXs0_NtNtCsfo0Ls1ZyrQZ_4core3str5lossyNtB5_5DebugNtNtB9_3fmt5Debug3fmt
0000000000000000 T _RNvXs0_NtNtCsfo0Ls1ZyrQZ_4core5alloc6layoutNtB5_11LayoutErrorNtNtB9_3fmt7Display3fmt
0000000000000000 T _RNvXs0_NtNtCsfo0Ls1ZyrQZ_4core5ascii10ascii_charNtB5_9AsciiCharNtNtB9_3fmt7Display3fmt
0000000000000000 T _RNvXs0_NtNtCsfo0Ls1ZyrQZ_4core5slice5asciiNtB5_11EscapeAsciiNtNtNtNtB9_4iter6traits12double_ended19DoubleEndedIterator9next_back
0000000000000000 T _RNvXs10_NtNtCsfo0Ls1ZyrQZ_4core3fmt3numnNtB8_8LowerExp3fmt
0000000000000000 T _RNvXs11_NtNtCsfo0Ls1ZyrQZ_4core3fmt3numoNtB8_8LowerExp3fmt
0000000000000000 T _RNvXs11_NtNtCsfo0Ls1ZyrQZ_4core3num7nonzeroINtB6_7NonZerotENtNtNtBa_3str6traits7FromStr8from_str
0000000000000000 T _RNvXs11_NtNtCsfo0Ls1ZyrQZ_4core4sync6atomicINtB6_6AtomiclENtNtBa_3fmt5Debug3fmt
0000000000000000 T _RNvXs12_NtNtCsfo0Ls1ZyrQZ_4core3fmt3numnNtB8_8UpperExp3fmt
0000000000000000 T _RNvXs12_NtNtCsfo0Ls1ZyrQZ_4core3num11niche_typesNtB6_14NonZeroI8InnerNtNtBa_3fmt5Debug3fmt
0000000000000000 T _RNvXs13_NtNtCsfo0Ls1ZyrQZ_4core3fmt3numoNtB8_8UpperExp3fmt
0000000000000000 T _RNvXs15_NtNtCsfo0Ls1ZyrQZ_4core4sync6atomicINtB6_6AtomicmENtNtBa_3fmt5Debug3fmt
0000000000000000 T _RNvXs17_NtNtCsfo0Ls1ZyrQZ_4core3net7ip_addrNtB6_8Ipv4AddrINtNtNtBa_3ops3bit12BitAndAssignRBF_E13bitand_assign
0000000000000000 T _RNvXs18_NtNtCsfo0Ls1ZyrQZ_4core3num7nonzeroINtB6_7NonZeromENtNtNtBa_3str6traits7FromStr8from_str
0000000000000000 T _RNvXs19_NtNtCsfo0Ls1ZyrQZ_4core4sync6atomicINtB6_6AtomicxENtNtBa_3fmt5Debug3fmt
0000000000000000 T _RNvXs1A_NtNtCsfo0Ls1ZyrQZ_4core3num7nonzeroINtB6_7NonZeroaENtNtNtBa_3str6traits7FromStr8from_str
0000000000000000 T _RNvXs1E_NtNtCsfo0Ls1ZyrQZ_4core3num7nonzeroINtB6_7NonZerosENtNtNtBa_3str6traits7FromStr8from_str
0000000000000000 T _RNvXs1G_NtNtCsfo0Ls1ZyrQZ_4core3num11niche_typesNtB6_14UsizeNoHighBitNtNtBa_3fmt5Debug3fmt
0000000000000000 T _RNvXs1I_NtNtCsfo0Ls1ZyrQZ_4core3num7nonzeroINtB6_7NonZerolENtNtNtBa_3str6traits7FromStr8from_str
0000000000000000 T _RNvXs1M_NtNtCsfo0Ls1ZyrQZ_4core3num7nonzeroINtB6_7NonZeroxENtNtNtBa_3str6traits7FromStr8from_str
0000000000000000 T _RNvXs1O_NtNtCsfo0Ls1ZyrQZ_4core3num11niche_typesNtB6_17NonZeroUsizeInnerNtNtBa_3fmt5Debug3fmt
0000000000000000 T _RNvXs1Q_NtNtCsfo0Ls1ZyrQZ_4core3num7nonzeroINtB6_7NonZeronENtNtNtBa_3str6traits7FromStr8from_str
0000000000000000 T _RNvXs1U_NtNtCsfo0Ls1ZyrQZ_4core3num7nonzeroINtB6_7NonZeroiENtNtNtBa_3str6traits7FromStr8from_str
0000000000000000 T _RNvXs1W_NtNtCsfo0Ls1ZyrQZ_4core3num11niche_typesNtB6_17NonZeroIsizeInnerNtNtBa_3fmt5Debug3fmt
0000000000000000 T _RNvXs1_NtCsfo0Ls1ZyrQZ_4core3anyDNtB5_3AnyNtNtB7_6marker4SendNtBG_4SyncEL_NtNtB7_3fmt5Debug3fmt
0000000000000000 T _RNvXs1_NtCsfo0Ls1ZyrQZ_4core4wtf8NtB5_4Wtf8NtNtB7_3fmt5Debug3fmt
0000000000000000 T _RNvXs1_NtCsfo0Ls1ZyrQZ_4core5cloneNtNtNtB7_3ffi5c_str4CStrNtB5_13CloneToUninit15clone_to_uninit
0000000000000000 T _RNvXs1_NtNtCsfo0Ls1ZyrQZ_4core3ffi5c_strNtB5_4CStrNtNtB9_3fmt5Debug3fmt
0000000000000000 T _RNvXs1_NtNtCsfo0Ls1ZyrQZ_4core3mem15transmutabilityNtB5_6AssumeNtNtNtB9_3ops5arith3Sub3sub
0000000000000000 T _RNvXs1_NtNtCsfo0Ls1ZyrQZ_4core3num11float_parsefNtNtNtB9_3str6traits7FromStr8from_str
0000000000000000 T _RNvXs1_NtNtCsfo0Ls1ZyrQZ_4core3str5errorNtB5_14ParseBoolErrorNtNtB9_3fmt7Display3fmt
0000000000000000 T _RNvXs1_NtNtCsfo0Ls1ZyrQZ_4core4char6decodeNtB5_16DecodeUtf16ErrorNtNtB9_3fmt7Display3fmt
0000000000000000 T _RNvXs1_NtNtCsfo0Ls1ZyrQZ_4core4task4wakeNtB5_7ContextNtNtB9_3fmt5Debug3fmt
0000000000000000 T _RNvXs1_NtNtCsfo0Ls1ZyrQZ_4core5ascii10ascii_charNtB5_9AsciiCharNtNtB9_3fmt5Debug3fmt
0000000000000000 T _RNvXs1_NtNtCsfo0Ls1ZyrQZ_4core5panic8locationNtB5_8LocationNtNtB9_3cmp10PartialOrd11partial_cmp
0000000000000000 T _RNvXs1_NtNtCsfo0Ls1ZyrQZ_4core6marker8varianceNtB5_24PhantomCovariantLifetimeNtNtB9_3fmt5Debug3fmt
0000000000000000 T _RNvXs1_NtNtNtNtCsfo0Ls1ZyrQZ_4core3num3imp6bignum5testsNtB5_6Big8x3NtNtBd_3cmp10PartialOrd11partial_cmp
0000000000000000 T _RNvXs1a_NtNtCsfo0Ls1ZyrQZ_4core3num11niche_typesNtB6_15NonZeroI16InnerNtNtBa_3fmt5Debug3fmt
0000000000000000 T _RNvXs1d_NtNtCsfo0Ls1ZyrQZ_4core3net7ip_addrNtB6_8Ipv4AddrINtNtNtBa_3ops3bit11BitOrAssignRBF_E12bitor_assign
0000000000000000 T _RNvXs1d_NtNtCsfo0Ls1ZyrQZ_4core4sync6atomicINtB6_6AtomicyENtNtBa_3fmt5Debug3fmt
0000000000000000 T _RNvXs1f_NtNtCsfo0Ls1ZyrQZ_4core3num7nonzeroINtB6_7NonZeroyENtNtNtBa_3str6traits7FromStr8from_str
0000000000000000 T _RNvXs1h_NtNtCsfo0Ls1ZyrQZ_4core4sync6atomicINtB6_6AtomicnENtNtBa_3fmt5Debug3fmt
0000000000000000 T _RNvXs1i_NtNtCsfo0Ls1ZyrQZ_4core3num11niche_typesNtB6_15NonZeroI32InnerNtNtBa_3fmt5Debug3fmt
0000000000000000 T _RNvXs1j_NtNtCsfo0Ls1ZyrQZ_4core3net7ip_addrNtB6_8Ipv6AddrINtNtNtBa_3ops3bit12BitAndAssignRBF_E13bitand_assign
0000000000000000 T _RNvXs1l_NtNtCsfo0Ls1ZyrQZ_4core4sync6atomicINtB6_6AtomicoENtNtBa_3fmt5Debug3fmt
0000000000000000 T _RNvXs1m_NtNtCsfo0Ls1ZyrQZ_4core3num7nonzeroINtB6_7NonZerooENtNtNtBa_3str6traits7FromStr8from_str
0000000000000000 T _RNvXs1p_NtNtCsfo0Ls1ZyrQZ_4core3net7ip_addrNtB6_8Ipv6AddrINtNtNtBa_3ops3bit11BitOrAssignRBF_E12bitor_assign
0000000000000000 T _RNvXs1p_NtNtCsfo0Ls1ZyrQZ_4core4sync6atomicINtB6_6AtomiciENtNtBa_3fmt5Debug3fmt
0000000000000000 T _RNvXs1q_NtNtCsfo0Ls1ZyrQZ_4core3num11niche_typesNtB6_15NonZeroI64InnerNtNtBa_3fmt5Debug3fmt
0000000000000000 T _RNvXs1t_NtNtCsfo0Ls1ZyrQZ_4core3num7nonzeroINtB6_7NonZerojENtNtNtBa_3str6traits7FromStr8from_str
0000000000000000 T _RNvXs1t_NtNtCsfo0Ls1ZyrQZ_4core4sync6atomicINtB6_6AtomicjENtNtBa_3fmt5Debug3fmt
0000000000000000 T _RNvXs1y_NtNtCsfo0Ls1ZyrQZ_4core3num11niche_typesNtB6_16NonZeroI128InnerNtNtBa_3fmt5Debug3fmt
0000000000000000 T _RNvXs20_NtNtCsfo0Ls1ZyrQZ_4core3str4iterNtB6_11EscapeDebugNtNtBa_3fmt7Display3fmt
0000000000000000 T _RNvXs23_NtNtCsfo0Ls1ZyrQZ_4core3str4iterNtB6_13EscapeDefaultNtNtBa_3fmt7Display3fmt
0000000000000000 T _RNvXs24_NtNtCsfo0Ls1ZyrQZ_4core3num11niche_typesNtB6_13U32NotAllOnesNtNtBa_3fmt5Debug3fmt
0000000000000000 T _RNvXs26_NtNtCsfo0Ls1ZyrQZ_4core3str4iterNtB6_13EscapeUnicodeNtNtBa_3fmt7Display3fmt
0000000000000000 T _RNvXs2A_NtNtCsfo0Ls1ZyrQZ_4core3num11niche_typesNtB6_16NonZeroCharInnerNtNtBa_3fmt5Debug3fmt
0000000000000000 T _RNvXs2_NtCsfo0Ls1ZyrQZ_4core4bstrNtB5_7ByteStrNtNtB7_3fmt5Debug3fmt
0000000000000000 T _RNvXs2_NtCsfo0Ls1ZyrQZ_4core4charNtB5_13EscapeUnicodeNtNtB7_3fmt7Display3fmt
0000000000000000 T _RNvXs2_NtCsfo0Ls1ZyrQZ_4core4wtf8NtB5_4Wtf8NtNtB7_3fmt7Display3fmt
0000000000000000 T _RNvXs2_NtNtCsfo0Ls1ZyrQZ_4core3fmt3numjNtB7_6Binary3fmt
0000000000000000 T _RNvXs2_NtNtCsfo0Ls1ZyrQZ_4core3fmt5floatfNtB7_5Debug3fmt
0000000000000000 T _RNvXs2_NtNtCsfo0Ls1ZyrQZ_4core3net6parserNtNtB7_7ip_addr8Ipv4AddrNtNtNtB9_3str6traits7FromStr8from_str
0000000000000000 T _RNvXs2_NtNtCsfo0Ls1ZyrQZ_4core3net7ip_addrNtB5_6IpAddrNtNtB9_3fmt7Display3fmt
0000000000000000 T _RNvXs2_NtNtCsfo0Ls1ZyrQZ_4core3num11float_parsedNtNtNtB9_3str6traits7FromStr8from_str
0000000000000000 T _RNvXs2_NtNtCsfo0Ls1ZyrQZ_4core3str5lossyNtB5_10Utf8ChunksNtNtNtNtB9_4iter6traits8iterator8Iterator4next
0000000000000000 T _RNvXs2_NtNtCsfo0Ls1ZyrQZ_4core5slice5asciiNtB5_11EscapeAsciiNtNtB9_3fmt7Display3fmt
0000000000000000 T _RNvXs2_NtNtNtNtCsfo0Ls1ZyrQZ_4core3num3imp6bignum5testsNtB5_6Big8x3NtNtBd_3cmp3Ord3cmp
0000000000000000 T _RNvXs2c_NtNtCsfo0Ls1ZyrQZ_4core3num11niche_typesNtB6_13I32NotAllOnesNtNtBa_3fmt5Debug3fmt
0000000000000000 T _RNvXs2k_NtNtCsfo0Ls1ZyrQZ_4core3num11niche_typesNtB6_13U64NotAllOnesNtNtBa_3fmt5Debug3fmt
0000000000000000 T _RNvXs2s_NtNtCsfo0Ls1ZyrQZ_4core3num11niche_typesNtB6_13I64NotAllOnesNtNtBa_3fmt5Debug3fmt
0000000000000000 T _RNvXs3A_NtNtCsfo0Ls1ZyrQZ_4core3num11niche_typesNtB6_14CodePointInnerNtNtBa_3fmt5Debug3fmt
0000000000000000 T _RNvXs3_NtCsfo0Ls1ZyrQZ_4core4bstrNtB5_7ByteStrNtNtB7_3fmt7Display3fmt
0000000000000000 T _RNvXs3_NtCsfo0Ls1ZyrQZ_4core5asciiNtB5_13EscapeDefaultNtNtB7_3fmt7Display3fmt
0000000000000000 T _RNvXs3_NtNtCsfo0Ls1ZyrQZ_4core3fmt3numiNtB7_6Binary3fmt
0000000000000000 T _RNvXs3_NtNtCsfo0Ls1ZyrQZ_4core3fmt5floatfNtB7_7Display3fmt
0000000000000000 T _RNvXs3_NtNtCsfo0Ls1ZyrQZ_4core3net7ip_addrNtB5_6IpAddrNtNtB9_3fmt5Debug3fmt
0000000000000000 T _RNvXs3_NtNtCsfo0Ls1ZyrQZ_4core5panic8locationNtB5_8LocationNtNtB9_3fmt5Debug3fmt
0000000000000000 T _RNvXs3_NtNtCsfo0Ls1ZyrQZ_4core5slice5asciiNtB5_11EscapeAsciiNtNtB9_3fmt5Debug3fmt
0000000000000000 T _RNvXs3_NtNtNtCsfo0Ls1ZyrQZ_4core3fmt3num3imptNtB9_7Display3fmt
0000000000000000 T _RNvXs4_NtCsfo0Ls1ZyrQZ_4core3pataNtB5_12RangePattern7sub_one
0000000000000000 T _RNvXs4_NtCsfo0Ls1ZyrQZ_4core5asciiNtB5_13EscapeDefaultNtNtB7_3fmt5Debug3fmt
0000000000000000 T _RNvXs4_NtCsfo0Ls1ZyrQZ_4core5errorNtB5_7RequestNtNtB7_3fmt5Debug3fmt
0000000000000000 T _RNvXs4_NtNtCsfo0Ls1ZyrQZ_4core3fmt3numjNtB7_5Octal3fmt
0000000000000000 T _RNvXs4_NtNtCsfo0Ls1ZyrQZ_4core3fmt5floatfNtB7_8LowerExp3fmt
0000000000000000 T _RNvXs4_NtNtCsfo0Ls1ZyrQZ_4core3net11socket_addrNtB5_10SocketAddrNtNtB9_3fmt7Display3fmt
0000000000000000 T _RNvXs4_NtNtCsfo0Ls1ZyrQZ_4core3net6parserNtNtB7_7ip_addr8Ipv6AddrNtNtNtB9_3str6traits7FromStr8from_str
0000000000000000 T _RNvXs4_NtNtCsfo0Ls1ZyrQZ_4core3num5errorNtB5_13ParseIntErrorNtNtB9_3fmt7Display3fmt
0000000000000000 T _RNvXs4_NtNtCsfo0Ls1ZyrQZ_4core3str5lossyNtB5_10Utf8ChunksNtNtB9_3fmt5Debug3fmt
0000000000000000 T _RNvXs4_NtNtNtCsfo0Ls1ZyrQZ_4core3fmt3num3impsNtB9_7Display3fmt
0000000000000000 T _RNvXs5_NtCsfo0Ls1ZyrQZ_4core3patsNtB5_12RangePattern7sub_one
0000000000000000 T _RNvXs5_NtNtCsfo0Ls1ZyrQZ_4core3fmt3numiNtB7_5Octal3fmt
0000000000000000 T _RNvXs5_NtNtCsfo0Ls1ZyrQZ_4core3fmt5floatfNtB7_8UpperExp3fmt
0000000000000000 T _RNvXs5_NtNtCsfo0Ls1ZyrQZ_4core3net11socket_addrNtB5_10SocketAddrNtNtB9_3fmt5Debug3fmt
0000000000000000 T _RNvXs5_NtNtCsfo0Ls1ZyrQZ_4core6marker8varianceNtB5_28PhantomContravariantLifetimeNtNtB9_3fmt5Debug3fmt
0000000000000000 T _RNvXs5_NtNtNtCsfo0Ls1ZyrQZ_4core3num3imp6bignumNtB5_8Big32x40NtNtBb_3cmp10PartialOrd11partial_cmp
0000000000000000 T _RNvXs5_NtNtNtNtCsfo0Ls1ZyrQZ_4core3num3imp6bignum5testsNtB5_6Big8x3NtNtBd_3fmt5Debug3fmt
0000000000000000 T _RNvXs6_NtCsfo0Ls1ZyrQZ_4core3patlNtB5_12RangePattern7sub_one
0000000000000000 T _RNvXs6_NtNtCsfo0Ls1ZyrQZ_4core3fmt3numjNtB7_8LowerHex3fmt
0000000000000000 T _RNvXs6_NtNtCsfo0Ls1ZyrQZ_4core3fmt5floatdNtB7_5Debug3fmt
0000000000000000 T _RNvXs6_NtNtCsfo0Ls1ZyrQZ_4core3net11socket_addrNtB5_12SocketAddrV4NtNtB9_3fmt7Display3fmt
0000000000000000 T _RNvXs6_NtNtCsfo0Ls1ZyrQZ_4core3net6parserNtNtB7_11socket_addr12SocketAddrV4NtNtNtB9_3str6traits7FromStr8from_str
0000000000000000 T _RNvXs6_NtNtCsfo0Ls1ZyrQZ_4core3net7ip_addrNtB5_8Ipv4AddrNtNtB9_3fmt7Display3fmt
0000000000000000 T _RNvXs6_NtNtCsfo0Ls1ZyrQZ_4core4char7convertNtB5_14ParseCharErrorNtNtB9_3fmt7Display3fmt
0000000000000000 T _RNvXs6_NtNtCsfo0Ls1ZyrQZ_4core4sync6atomicINtB5_6AtomicbENtNtB9_3fmt5Debug3fmt
0000000000000000 T _RNvXs6_NtNtNtCsfo0Ls1ZyrQZ_4core3num3imp6bignumNtB5_8Big32x40NtNtBb_3cmp3Ord3cmp
0000000000000000 T _RNvXs7_NtCsfo0Ls1ZyrQZ_4core3fmtNtB5_9ArgumentsNtB5_5Debug3fmt
0000000000000000 T _RNvXs7_NtCsfo0Ls1ZyrQZ_4core3patxNtB5_12RangePattern7sub_one
0000000000000000 T _RNvXs7_NtNtCsfo0Ls1ZyrQZ_4core3fmt3numiNtB7_8LowerHex3fmt
0000000000000000 T _RNvXs7_NtNtCsfo0Ls1ZyrQZ_4core3fmt5floatdNtB7_7Display3fmt
0000000000000000 T _RNvXs7_NtNtCsfo0Ls1ZyrQZ_4core3net11socket_addrNtB5_12SocketAddrV4NtNtB9_3fmt5Debug3fmt
0000000000000000 T _RNvXs7_NtNtCsfo0Ls1ZyrQZ_4core3net7ip_addrNtB5_8Ipv4AddrNtNtB9_3fmt5Debug3fmt
0000000000000000 T _RNvXs8_NtCsfo0Ls1ZyrQZ_4core3fmtNtB5_9ArgumentsNtB5_7Display3fmt
0000000000000000 T _RNvXs8_NtCsfo0Ls1ZyrQZ_4core3patnNtB5_12RangePattern7sub_one
0000000000000000 T _RNvXs8_NtCsfo0Ls1ZyrQZ_4core5errorNtB5_6SourceNtNtNtNtB7_4iter6traits8iterator8Iterator4next
0000000000000000 T _RNvXs8_NtNtCsfo0Ls1ZyrQZ_4core3fmt3numjNtB7_8UpperHex3fmt
0000000000000000 T _RNvXs8_NtNtCsfo0Ls1ZyrQZ_4core3fmt5floatdNtB7_8LowerExp3fmt
0000000000000000 T _RNvXs8_NtNtCsfo0Ls1ZyrQZ_4core3net11socket_addrNtB5_12SocketAddrV6NtNtB9_3fmt7Display3fmt
0000000000000000 T _RNvXs8_NtNtCsfo0Ls1ZyrQZ_4core3net6parserNtNtB7_11socket_addr12SocketAddrV6NtNtNtB9_3str6traits7FromStr8from_str
0000000000000000 T _RNvXs8_NtNtNtCsfo0Ls1ZyrQZ_4core3fmt3num3impmNtB9_7Display3fmt
0000000000000000 T _RNvXs9_NtCsfo0Ls1ZyrQZ_4core3patiNtB5_12RangePattern7sub_one
0000000000000000 T _RNvXs9_NtCsfo0Ls1ZyrQZ_4core5sliceNtB5_19GetDisjointMutErrorNtNtB7_3fmt7Display3fmt
0000000000000000 T _RNvXs9_NtNtCsfo0Ls1ZyrQZ_4core3fmt3numiNtB7_8UpperHex3fmt
0000000000000000 T _RNvXs9_NtNtCsfo0Ls1ZyrQZ_4core3fmt5floatdNtB7_8UpperExp3fmt
0000000000000000 T _RNvXs9_NtNtCsfo0Ls1ZyrQZ_4core3net11socket_addrNtB5_12SocketAddrV6NtNtB9_3fmt5Debug3fmt
0000000000000000 T _RNvXs9_NtNtCsfo0Ls1ZyrQZ_4core4char7convertNtB5_16CharTryFromErrorNtNtB9_3fmt7Display3fmt
0000000000000000 T _RNvXs9_NtNtCsfo0Ls1ZyrQZ_4core4task4wakeNtB5_5WakerNtNtB9_3fmt5Debug3fmt
0000000000000000 T _RNvXs9_NtNtCsfo0Ls1ZyrQZ_4core6marker8varianceNtB5_24PhantomInvariantLifetimeNtNtB9_3fmt5Debug3fmt
0000000000000000 T _RNvXs9_NtNtNtCsfo0Ls1ZyrQZ_4core3fmt3num3implNtB9_7Display3fmt
0000000000000000 T _RNvXs9_NtNtNtCsfo0Ls1ZyrQZ_4core3num3imp6bignumNtB5_8Big32x40NtNtBb_3fmt5Debug3fmt
0000000000000000 T _RNvXsA_NtNtCsfo0Ls1ZyrQZ_4core3fmt3numyNtB7_5Octal3fmt
0000000000000000 T _RNvXsA_NtNtNtCsfo0Ls1ZyrQZ_4core3fmt3num3impyNtB9_8LowerExp3fmt
0000000000000000 T _RNvXsB_NtNtCsfo0Ls1ZyrQZ_4core3fmt3numxNtB7_5Octal3fmt
0000000000000000 T _RNvXsB_NtNtNtCsfo0Ls1ZyrQZ_4core3fmt3num3impxNtB9_8UpperExp3fmt
0000000000000000 T _RNvXsC_NtNtCsfo0Ls1ZyrQZ_4core3fmt3numyNtB7_8LowerHex3fmt
0000000000000000 T _RNvXsC_NtNtNtCsfo0Ls1ZyrQZ_4core3fmt3num3impyNtB9_8UpperExp3fmt
0000000000000000 T _RNvXsD_NtNtCsfo0Ls1ZyrQZ_4core3fmt3numxNtB7_8LowerHex3fmt
0000000000000000 T _RNvXsD_NtNtNtCsfo0Ls1ZyrQZ_4core3fmt3num3impiNtB9_8LowerExp3fmt
0000000000000000 T _RNvXsE_NtCsfo0Ls1ZyrQZ_4core4charNtB5_11ToTitlecaseNtNtNtNtB7_4iter6traits8iterator8Iterator10advance_by
0000000000000000 T _RNvXsE_NtCsfo0Ls1ZyrQZ_4core4charNtB5_11ToTitlecaseNtNtNtNtB7_4iter6traits8iterator8Iterator24___iterator_get_unchecked
0000000000000000 T _RNvXsE_NtCsfo0Ls1ZyrQZ_4core4charNtB5_11ToTitlecaseNtNtNtNtB7_4iter6traits8iterator8Iterator4last
0000000000000000 T _RNvXsE_NtCsfo0Ls1ZyrQZ_4core4charNtB5_11ToTitlecaseNtNtNtNtB7_4iter6traits8iterator8Iterator4next
0000000000000000 T _RNvXsE_NtCsfo0Ls1ZyrQZ_4core4charNtB5_11ToTitlecaseNtNtNtNtB7_4iter6traits8iterator8Iterator5count
0000000000000000 T _RNvXsE_NtNtCsfo0Ls1ZyrQZ_4core3fmt3numyNtB7_8UpperHex3fmt
0000000000000000 T _RNvXsE_NtNtCsfo0Ls1ZyrQZ_4core3num11niche_typesNtB5_15NonZeroU32InnerNtNtB9_3fmt5Debug3fmt
0000000000000000 T _RNvXsE_NtNtNtCsfo0Ls1ZyrQZ_4core3fmt3num3impjNtB9_8LowerExp3fmt
0000000000000000 T _RNvXsF_NtCsfo0Ls1ZyrQZ_4core4charNtB5_11ToTitlecaseNtNtNtNtB7_4iter6traits12double_ended19DoubleEndedIterator15advance_back_by
0000000000000000 T _RNvXsF_NtCsfo0Ls1ZyrQZ_4core4charNtB5_11ToTitlecaseNtNtNtNtB7_4iter6traits12double_ended19DoubleEndedIterator9next_back
0000000000000000 T _RNvXsF_NtNtCsfo0Ls1ZyrQZ_4core3fmt3numxNtB7_8UpperHex3fmt
0000000000000000 T _RNvXsF_NtNtNtCsfo0Ls1ZyrQZ_4core3fmt3num3impiNtB9_8UpperExp3fmt
0000000000000000 T _RNvXsG_NtNtCsfo0Ls1ZyrQZ_4core3fmt3numoNtB7_6Binary3fmt
0000000000000000 T _RNvXsG_NtNtNtCsfo0Ls1ZyrQZ_4core3fmt3num3impjNtB9_8UpperExp3fmt
0000000000000000 T _RNvXsH_NtNtCsfo0Ls1ZyrQZ_4core3fmt3numnNtB7_6Binary3fmt
0000000000000000 T _RNvXsI_NtNtCsfo0Ls1ZyrQZ_4core3fmt3numoNtB7_5Octal3fmt
0000000000000000 T _RNvXsJ_NtNtCsfo0Ls1ZyrQZ_4core3fmt3numnNtB7_5Octal3fmt
0000000000000000 T _RNvXsK_NtNtCsfo0Ls1ZyrQZ_4core3fmt3numoNtB7_8LowerHex3fmt
0000000000000000 T _RNvXsL_NtNtCsfo0Ls1ZyrQZ_4core3fmt3numnNtB7_8LowerHex3fmt
0000000000000000 T _RNvXsL_NtNtCsfo0Ls1ZyrQZ_4core4sync6atomicINtB5_6AtomicaENtNtB9_3fmt5Debug3fmt
0000000000000000 T _RNvXsM_NtNtCsfo0Ls1ZyrQZ_4core3fmt3numoNtB7_8UpperHex3fmt
0000000000000000 T _RNvXsM_NtNtCsfo0Ls1ZyrQZ_4core3num11niche_typesNtB5_15NonZeroU64InnerNtNtB9_3fmt5Debug3fmt
0000000000000000 T _RNvXsN_NtNtCsfo0Ls1ZyrQZ_4core3fmt3numnNtB7_8UpperHex3fmt
0000000000000000 T _RNvXsN_NtNtCsfo0Ls1ZyrQZ_4core3str4iterNtB5_11EncodeUtf16NtNtB9_3fmt5Debug3fmt
0000000000000000 T _RNvXsO_NtCsfo0Ls1ZyrQZ_4core4charNtB5_11ToLowercaseNtNtNtNtB7_4iter6traits8iterator8Iterator10advance_by
0000000000000000 T _RNvXsO_NtCsfo0Ls1ZyrQZ_4core4charNtB5_11ToLowercaseNtNtNtNtB7_4iter6traits8iterator8Iterator24___iterator_get_unchecked
0000000000000000 T _RNvXsO_NtCsfo0Ls1ZyrQZ_4core4charNtB5_11ToLowercaseNtNtNtNtB7_4iter6traits8iterator8Iterator4last
0000000000000000 T _RNvXsO_NtCsfo0Ls1ZyrQZ_4core4charNtB5_11ToLowercaseNtNtNtNtB7_4iter6traits8iterator8Iterator4next
0000000000000000 T _RNvXsO_NtCsfo0Ls1ZyrQZ_4core4charNtB5_11ToLowercaseNtNtNtNtB7_4iter6traits8iterator8Iterator5count
0000000000000000 T _RNvXsP_NtCsfo0Ls1ZyrQZ_4core4charNtB5_11ToLowercaseNtNtNtNtB7_4iter6traits12double_ended19DoubleEndedIterator15advance_back_by
0000000000000000 T _RNvXsP_NtCsfo0Ls1ZyrQZ_4core4charNtB5_11ToLowercaseNtNtNtNtB7_4iter6traits12double_ended19DoubleEndedIterator9next_back
0000000000000000 T _RNvXsP_NtNtCsfo0Ls1ZyrQZ_4core4sync6atomicINtB5_6AtomichENtNtB9_3fmt5Debug3fmt
0000000000000000 T _RNvXsT_NtNtCsfo0Ls1ZyrQZ_4core4sync6atomicINtB5_6AtomicsENtNtB9_3fmt5Debug3fmt
0000000000000000 T _RNvXsU_NtNtCsfo0Ls1ZyrQZ_4core3num11niche_typesNtB5_16NonZeroU128InnerNtNtB9_3fmt5Debug3fmt
0000000000000000 T _RNvXsU_NtNtCsfo0Ls1ZyrQZ_4core3num7nonzeroINtB5_7NonZerohENtNtNtB9_3str6traits7FromStr8from_str
0000000000000000 T _RNvXsX_NtNtCsfo0Ls1ZyrQZ_4core4sync6atomicINtB5_6AtomictENtNtB9_3fmt5Debug3fmt
0000000000000000 T _RNvXs_NtCsfo0Ls1ZyrQZ_4core3anyDNtB4_3AnyEL_NtNtB6_3fmt5Debug3fmt
0000000000000000 T _RNvXs_NtCsfo0Ls1ZyrQZ_4core5allocNtB4_10AllocErrorNtNtB6_3fmt7Display3fmt
0000000000000000 T _RNvXs_NtNtCsfo0Ls1ZyrQZ_4core2io5errorNtB4_9ErrorKindNtNtB8_3fmt7Display3fmt
0000000000000000 T _RNvXs_NtNtCsfo0Ls1ZyrQZ_4core3fmt3numnNtB6_7Display3fmt
0000000000000000 T _RNvXs_NtNtCsfo0Ls1ZyrQZ_4core3mem9alignmentNtB4_9AlignmentNtNtB8_3fmt5Debug3fmt
0000000000000000 T _RNvXs_NtNtCsfo0Ls1ZyrQZ_4core3num11float_parseNtB4_15ParseFloatErrorNtNtB8_3fmt7Display3fmt
0000000000000000 T _RNvXs_NtNtCsfo0Ls1ZyrQZ_4core3num5errorNtB4_15TryFromIntErrorNtNtB8_3fmt7Display3fmt
0000000000000000 T _RNvXs_NtNtCsfo0Ls1ZyrQZ_4core3str4iterNtB4_5CharsNtNtB8_3fmt5Debug3fmt
0000000000000000 T _RNvXs_NtNtCsfo0Ls1ZyrQZ_4core3str5errorNtB4_9Utf8ErrorNtNtB8_3fmt7Display3fmt
0000000000000000 T _RNvXs_NtNtCsfo0Ls1ZyrQZ_4core5panic10panic_infoNtB4_9PanicInfoNtNtB8_3fmt7Display3fmt
0000000000000000 T _RNvXs_NtNtNtCsfo0Ls1ZyrQZ_4core3fmt3num3impaNtB8_7Display3fmt
0000000000000000 T _RNvXsa_NtCsfo0Ls1ZyrQZ_4core3anyNtB5_6TypeIdNtNtB7_3fmt5Debug3fmt
0000000000000000 T _RNvXsa_NtCsfo0Ls1ZyrQZ_4core3pathNtB5_12RangePattern7sub_one
0000000000000000 T _RNvXsa_NtCsfo0Ls1ZyrQZ_4core4timeNtB5_8DurationNtNtB7_3fmt5Debug3fmt
0000000000000000 T _RNvXsa_NtCsfo0Ls1ZyrQZ_4core4wtf8NtB5_14Wtf8CodePointsNtNtB7_3fmt5Debug3fmt
0000000000000000 T _RNvXsa_NtNtCsfo0Ls1ZyrQZ_4core3fmt3numhNtB7_6Binary3fmt
0000000000000000 T _RNvXsa_NtNtCsfo0Ls1ZyrQZ_4core3fmt5floatC3f16NtB7_5Debug3fmt
0000000000000000 T _RNvXsa_NtNtCsfo0Ls1ZyrQZ_4core3net6parserNtNtB7_11socket_addr10SocketAddrNtNtNtB9_3str6traits7FromStr8from_str
0000000000000000 T _RNvXsb_NtCsfo0Ls1ZyrQZ_4core3fmtNtB5_9FormatterNtB5_5Write10write_char
0000000000000000 T _RNvXsb_NtCsfo0Ls1ZyrQZ_4core3fmtNtB5_9FormatterNtB5_5Write9write_str
0000000000000000 T _RNvXsb_NtCsfo0Ls1ZyrQZ_4core3pattNtB5_12RangePattern7sub_one
0000000000000000 T _RNvXsb_NtCsfo0Ls1ZyrQZ_4core4timeNtB5_21TryFromFloatSecsErrorNtNtB7_3fmt7Display3fmt
0000000000000000 T _RNvXsb_NtNtCsfo0Ls1ZyrQZ_4core3fmt3numaNtB7_6Binary3fmt
0000000000000000 T _RNvXsb_NtNtCsfo0Ls1ZyrQZ_4core3fmt5floatC3f16NtB7_7Display3fmt
0000000000000000 T _RNvXsb_NtNtCsfo0Ls1ZyrQZ_4core3net6parserNtB5_14AddrParseErrorNtNtB9_3fmt7Display3fmt
0000000000000000 T _RNvXsc_NtCsfo0Ls1ZyrQZ_4core3fmtNtB5_5ErrorNtB5_7Display3fmt
0000000000000000 T _RNvXsc_NtCsfo0Ls1ZyrQZ_4core3patmNtB5_12RangePattern7sub_one
0000000000000000 T _RNvXsc_NtNtCsfo0Ls1ZyrQZ_4core3fmt3numhNtB7_5Octal3fmt
0000000000000000 T _RNvXsc_NtNtCsfo0Ls1ZyrQZ_4core3fmt5floatC3f16NtB7_8LowerExp3fmt
0000000000000000 T _RNvXsd_NtCsfo0Ls1ZyrQZ_4core3patyNtB5_12RangePattern7sub_one
0000000000000000 T _RNvXsd_NtCsfo0Ls1ZyrQZ_4core4wtf8NtB5_10EncodeWideNtNtB7_3fmt5Debug3fmt
0000000000000000 T _RNvXsd_NtNtCsfo0Ls1ZyrQZ_4core3fmt3numaNtB7_5Octal3fmt
0000000000000000 T _RNvXsd_NtNtCsfo0Ls1ZyrQZ_4core3fmt5floatC3f16NtB7_8UpperExp3fmt
0000000000000000 T _RNvXsd_NtNtCsfo0Ls1ZyrQZ_4core3num11niche_typesNtB5_11NanosecondsNtNtB9_3fmt5Debug3fmt
0000000000000000 T _RNvXsd_NtNtNtCsfo0Ls1ZyrQZ_4core3fmt3num3impyNtB9_7Display3fmt
0000000000000000 T _RNvXse_NtCsfo0Ls1ZyrQZ_4core3patoNtB5_12RangePattern7sub_one
0000000000000000 T _RNvXse_NtCsfo0Ls1ZyrQZ_4core4charNtB5_15CaseMappingIterNtNtNtNtB7_4iter6traits8iterator8Iterator10advance_by
0000000000000000 T _RNvXse_NtCsfo0Ls1ZyrQZ_4core4charNtB5_15CaseMappingIterNtNtNtNtB7_4iter6traits8iterator8Iterator24___iterator_get_unchecked
0000000000000000 T _RNvXse_NtCsfo0Ls1ZyrQZ_4core4charNtB5_15CaseMappingIterNtNtNtNtB7_4iter6traits8iterator8Iterator4last
0000000000000000 T _RNvXse_NtCsfo0Ls1ZyrQZ_4core4charNtB5_15CaseMappingIterNtNtNtNtB7_4iter6traits8iterator8Iterator4next
0000000000000000 T _RNvXse_NtCsfo0Ls1ZyrQZ_4core4charNtB5_15CaseMappingIterNtNtNtNtB7_4iter6traits8iterator8Iterator5count
0000000000000000 T _RNvXse_NtNtCsfo0Ls1ZyrQZ_4core3fmt3numhNtB7_8LowerHex3fmt
0000000000000000 T _RNvXse_NtNtNtCsfo0Ls1ZyrQZ_4core3fmt3num3impxNtB9_7Display3fmt
0000000000000000 T _RNvXsf_NtCsfo0Ls1ZyrQZ_4core3patjNtB5_12RangePattern7sub_one
0000000000000000 T _RNvXsf_NtCsfo0Ls1ZyrQZ_4core4charNtB5_15CaseMappingIterNtNtNtNtB7_4iter6traits12double_ended19DoubleEndedIterator15advance_back_by
0000000000000000 T _RNvXsf_NtCsfo0Ls1ZyrQZ_4core4charNtB5_15CaseMappingIterNtNtNtNtB7_4iter6traits12double_ended19DoubleEndedIterator9next_back
0000000000000000 T _RNvXsf_NtNtCsfo0Ls1ZyrQZ_4core3fmt3numaNtB7_8LowerHex3fmt
0000000000000000 T _RNvXsf_NtNtCsfo0Ls1ZyrQZ_4core4task4wakeNtB5_10LocalWakerNtNtB9_3fmt5Debug3fmt
0000000000000000 T _RNvXsg_NtCsfo0Ls1ZyrQZ_4core3fmtbNtB5_7Display3fmt
0000000000000000 T _RNvXsg_NtNtCsfo0Ls1ZyrQZ_4core3fmt3numhNtB7_8UpperHex3fmt
0000000000000000 T _RNvXsh_NtCsfo0Ls1ZyrQZ_4core3fmteNtB5_5Debug3fmt
0000000000000000 T _RNvXsh_NtNtCsfo0Ls1ZyrQZ_4core3fmt3numaNtB7_8UpperHex3fmt
0000000000000000 T _RNvXsi_NtCsfo0Ls1ZyrQZ_4core3fmteNtB5_7Display3fmt
0000000000000000 T _RNvXsi_NtNtCsfo0Ls1ZyrQZ_4core3fmt3numtNtB7_6Binary3fmt
0000000000000000 T _RNvXsi_NtNtNtCsfo0Ls1ZyrQZ_4core3fmt3num3impjNtB9_7Display3fmt
0000000000000000 T _RNvXsj_NtCsfo0Ls1ZyrQZ_4core3fmtcNtB5_5Debug3fmt
0000000000000000 T _RNvXsj_NtNtCsfo0Ls1ZyrQZ_4core3fmt3numsNtB7_6Binary3fmt
0000000000000000 T _RNvXsj_NtNtCsfo0Ls1ZyrQZ_4core3net7ip_addrNtB5_8Ipv6AddrNtNtB9_3fmt7Display3fmt
0000000000000000 T _RNvXsj_NtNtNtCsfo0Ls1ZyrQZ_4core3fmt3num3impiNtB9_7Display3fmt
0000000000000000 T _RNvXsk_NtCsfo0Ls1ZyrQZ_4core3fmtcNtB5_7Display3fmt
0000000000000000 T _RNvXsk_NtNtCsfo0Ls1ZyrQZ_4core3fmt3numtNtB7_5Octal3fmt
0000000000000000 T _RNvXsk_NtNtCsfo0Ls1ZyrQZ_4core3net7ip_addrNtB5_8Ipv6AddrNtNtB9_3fmt5Debug3fmt
0000000000000000 T _RNvXsl_NtNtCsfo0Ls1ZyrQZ_4core3fmt3numsNtB7_5Octal3fmt
0000000000000000 T _RNvXsm_NtCsfo0Ls1ZyrQZ_4core4charNtB5_16TryFromCharErrorNtNtB7_3fmt7Display3fmt
0000000000000000 T _RNvXsm_NtNtCsfo0Ls1ZyrQZ_4core3fmt3numtNtB7_8LowerHex3fmt
0000000000000000 T _RNvXsn_NtNtCsfo0Ls1ZyrQZ_4core3fmt3numsNtB7_8LowerHex3fmt
0000000000000000 T _RNvXsn_NtNtNtCsfo0Ls1ZyrQZ_4core3fmt3num3impaNtB9_8LowerExp3fmt
0000000000000000 T _RNvXso_NtNtCsfo0Ls1ZyrQZ_4core3fmt3numtNtB7_8UpperHex3fmt
0000000000000000 T _RNvXso_NtNtCsfo0Ls1ZyrQZ_4core3num11niche_typesNtB5_14NonZeroU8InnerNtNtB9_3fmt5Debug3fmt
0000000000000000 T _RNvXso_NtNtNtCsfo0Ls1ZyrQZ_4core3fmt3num3imphNtB9_8LowerExp3fmt
0000000000000000 T _RNvXsp_NtNtCsfo0Ls1ZyrQZ_4core3fmt3numsNtB7_8UpperHex3fmt
0000000000000000 T _RNvXsp_NtNtNtCsfo0Ls1ZyrQZ_4core3fmt3num3impaNtB9_8UpperExp3fmt
0000000000000000 T _RNvXsq_NtCsfo0Ls1ZyrQZ_4core4cellNtB5_11BorrowErrorNtNtB7_3fmt7Display3fmt
0000000000000000 T _RNvXsq_NtNtCsfo0Ls1ZyrQZ_4core3fmt3nummNtB7_6Binary3fmt
0000000000000000 T _RNvXsq_NtNtNtCsfo0Ls1ZyrQZ_4core3fmt3num3imphNtB9_8UpperExp3fmt
0000000000000000 T _RNvXsr_NtCsfo0Ls1ZyrQZ_4core4cellNtB5_14BorrowMutErrorNtNtB7_3fmt7Display3fmt
0000000000000000 T _RNvXsr_NtNtCsfo0Ls1ZyrQZ_4core3fmt3numlNtB7_6Binary3fmt
0000000000000000 T _RNvXsr_NtNtNtCsfo0Ls1ZyrQZ_4core3fmt3num3impsNtB9_8LowerExp3fmt
0000000000000000 T _RNvXss_NtNtCsfo0Ls1ZyrQZ_4core3fmt3nummNtB7_5Octal3fmt
0000000000000000 T _RNvXss_NtNtNtCsfo0Ls1ZyrQZ_4core3fmt3num3imptNtB9_8LowerExp3fmt
0000000000000000 T _RNvXst_NtNtCsfo0Ls1ZyrQZ_4core3fmt3numlNtB7_5Octal3fmt
0000000000000000 T _RNvXst_NtNtNtCsfo0Ls1ZyrQZ_4core3fmt3num3impsNtB9_8UpperExp3fmt
0000000000000000 T _RNvXsu_NtCsfo0Ls1ZyrQZ_4core4charNtB5_11ToUppercaseNtNtNtNtB7_4iter6traits8iterator8Iterator10advance_by
0000000000000000 T _RNvXsu_NtCsfo0Ls1ZyrQZ_4core4charNtB5_11ToUppercaseNtNtNtNtB7_4iter6traits8iterator8Iterator24___iterator_get_unchecked
0000000000000000 T _RNvXsu_NtCsfo0Ls1ZyrQZ_4core4charNtB5_11ToUppercaseNtNtNtNtB7_4iter6traits8iterator8Iterator4last
0000000000000000 T _RNvXsu_NtCsfo0Ls1ZyrQZ_4core4charNtB5_11ToUppercaseNtNtNtNtB7_4iter6traits8iterator8Iterator4next
0000000000000000 T _RNvXsu_NtCsfo0Ls1ZyrQZ_4core4charNtB5_11ToUppercaseNtNtNtNtB7_4iter6traits8iterator8Iterator5count
0000000000000000 T _RNvXsu_NtNtCsfo0Ls1ZyrQZ_4core3fmt3nummNtB7_8LowerHex3fmt
0000000000000000 T _RNvXsu_NtNtNtCsfo0Ls1ZyrQZ_4core3fmt3num3imptNtB9_8UpperExp3fmt
0000000000000000 T _RNvXsv_NtCsfo0Ls1ZyrQZ_4core4charNtB5_11ToUppercaseNtNtNtNtB7_4iter6traits12double_ended19DoubleEndedIterator15advance_back_by
0000000000000000 T _RNvXsv_NtCsfo0Ls1ZyrQZ_4core4charNtB5_11ToUppercaseNtNtNtNtB7_4iter6traits12double_ended19DoubleEndedIterator9next_back
0000000000000000 T _RNvXsv_NtNtCsfo0Ls1ZyrQZ_4core3fmt3numlNtB7_8LowerHex3fmt
0000000000000000 T _RNvXsv_NtNtNtCsfo0Ls1ZyrQZ_4core3fmt3num3implNtB9_8LowerExp3fmt
0000000000000000 T _RNvXsw_NtNtCsfo0Ls1ZyrQZ_4core3fmt3nummNtB7_8UpperHex3fmt
0000000000000000 T _RNvXsw_NtNtCsfo0Ls1ZyrQZ_4core3num11niche_typesNtB5_15NonZeroU16InnerNtNtB9_3fmt5Debug3fmt
0000000000000000 T _RNvXsw_NtNtNtCsfo0Ls1ZyrQZ_4core3fmt3num3impmNtB9_8LowerExp3fmt
0000000000000000 T _RNvXsx_NtNtCsfo0Ls1ZyrQZ_4core3fmt3numlNtB7_8UpperHex3fmt
0000000000000000 T _RNvXsx_NtNtNtCsfo0Ls1ZyrQZ_4core3fmt3num3implNtB9_8UpperExp3fmt
0000000000000000 T _RNvXsy_NtNtCsfo0Ls1ZyrQZ_4core3fmt3numyNtB7_6Binary3fmt
0000000000000000 T _RNvXsy_NtNtNtCsfo0Ls1ZyrQZ_4core3fmt3num3impmNtB9_8UpperExp3fmt
0000000000000000 T _RNvXsz_NtNtCsfo0Ls1ZyrQZ_4core3fmt3numxNtB7_6Binary3fmt
0000000000000000 T _RNvXsz_NtNtNtCsfo0Ls1ZyrQZ_4core3fmt3num3impxNtB9_8LowerExp3fmt

compiler_builtins-c4f4fd36b2781e8b.compiler_builtins.ae638331ee808c63-cgu.000.rcgu.o:
0000000000000000 T _RINvNtNtCseYgyBKy0mml_17compiler_builtins5float4conv18float_to_int_innerC4f128mNCINvB2_21float_to_unsigned_intC4f128mE0NCB1h_s_0EB6_
0000000000000000 T _RINvNtNtCseYgyBKy0mml_17compiler_builtins5float4conv18float_to_int_innerC4f128oNCINvB2_21float_to_unsigned_intC4f128oE0NCB1h_s_0EB6_
0000000000000000 T _RINvNtNtCseYgyBKy0mml_17compiler_builtins5float4conv18float_to_int_innerC4f128yNCINvB2_21float_to_unsigned_intC4f128yE0NCB1h_s_0EB6_
0000000000000000 T _RINvNtNtCseYgyBKy0mml_17compiler_builtins5float4conv19float_to_signed_intC4f128lEB6_
0000000000000000 T _RINvNtNtCseYgyBKy0mml_17compiler_builtins5float4conv19float_to_signed_intC4f128nEB6_
0000000000000000 T _RINvNtNtCseYgyBKy0mml_17compiler_builtins5float4conv19float_to_signed_intC4f128xEB6_
0000000000000000 T _RNvNtNtCseYgyBKy0mml_17compiler_builtins5float4conv11___floatdidf
0000000000000000 T _RNvNtNtCseYgyBKy0mml_17compiler_builtins5float4conv11___floatdisf
0000000000000000 T _RNvNtNtCseYgyBKy0mml_17compiler_builtins5float4conv11___floatsidf
0000000000000000 T _RNvNtNtCseYgyBKy0mml_17compiler_builtins5float4conv11___floatsisf
0000000000000000 T _RNvNtNtCseYgyBKy0mml_17compiler_builtins5float4conv11___floattidf
0000000000000000 T _RNvNtNtCseYgyBKy0mml_17compiler_builtins5float4conv11___floattisf
0000000000000000 T _RNvNtNtCseYgyBKy0mml_17compiler_builtins5float4conv12___fixunsdfdi
0000000000000000 T _RNvNtNtCseYgyBKy0mml_17compiler_builtins5float4conv12___fixunsdfsi
0000000000000000 T _RNvNtNtCseYgyBKy0mml_17compiler_builtins5float4conv12___fixunsdfti
0000000000000000 T _RNvNtNtCseYgyBKy0mml_17compiler_builtins5float4conv12___fixunssfdi
0000000000000000 T _RNvNtNtCseYgyBKy0mml_17compiler_builtins5float4conv12___fixunssfsi
0000000000000000 T _RNvNtNtCseYgyBKy0mml_17compiler_builtins5float4conv12___fixunssfti
0000000000000000 T _RNvNtNtCseYgyBKy0mml_17compiler_builtins5float4conv13___floatundidf
0000000000000000 T _RNvNtNtCseYgyBKy0mml_17compiler_builtins5float4conv13___floatundisf
0000000000000000 T _RNvNtNtCseYgyBKy0mml_17compiler_builtins5float4conv13___floatunsisf
0000000000000000 T _RNvNtNtCseYgyBKy0mml_17compiler_builtins5float4conv13___floatuntidf
0000000000000000 T _RNvNtNtCseYgyBKy0mml_17compiler_builtins5float4conv13___floatuntisf
0000000000000000 T _RNvNtNtCseYgyBKy0mml_17compiler_builtins5float4conv9___fixdfdi
0000000000000000 T _RNvNtNtCseYgyBKy0mml_17compiler_builtins5float4conv9___fixdfsi
0000000000000000 T _RNvNtNtCseYgyBKy0mml_17compiler_builtins5float4conv9___fixdfti
0000000000000000 T _RNvNtNtCseYgyBKy0mml_17compiler_builtins5float4conv9___fixsfdi
0000000000000000 T _RNvNtNtCseYgyBKy0mml_17compiler_builtins5float4conv9___fixsfsi
0000000000000000 T _RNvNtNtCseYgyBKy0mml_17compiler_builtins5float4conv9___fixsfti
0000000000000000 R anon.66f2e2877652422b1dbf4167387b983a.0.llvm.12762791725940210536
0000000000000000 D anon.66f2e2877652422b1dbf4167387b983a.1.llvm.12762791725940210536
0000000000000000 D anon.66f2e2877652422b1dbf4167387b983a.2.llvm.12762791725940210536

compiler_builtins-c4f4fd36b2781e8b.compiler_builtins.ae638331ee808c63-cgu.001.rcgu.o:
0000000000000000 T _RINvNtNtCseYgyBKy0mml_17compiler_builtins5float3div3divC4f128EB6_
0000000000000000 T _RNvNtNtCseYgyBKy0mml_17compiler_builtins5float3div8___divdf3
0000000000000000 T _RNvNtNtCseYgyBKy0mml_17compiler_builtins5float3div8___divsf3

compiler_builtins-c4f4fd36b2781e8b.compiler_builtins.ae638331ee808c63-cgu.002.rcgu.o:
0000000000000000 T _RINvNtNtCseYgyBKy0mml_17compiler_builtins5float3add3addC3f16EB6_
0000000000000000 T _RINvNtNtCseYgyBKy0mml_17compiler_builtins5float3add3addC4f128EB6_
0000000000000000 T _RNvNtNtCseYgyBKy0mml_17compiler_builtins5float3add8___adddf3
0000000000000000 T _RNvNtNtCseYgyBKy0mml_17compiler_builtins5float3add8___addsf3

compiler_builtins-c4f4fd36b2781e8b.compiler_builtins.ae638331ee808c63-cgu.003.rcgu.o:
0000000000000000 T _RINvNtNtCseYgyBKy0mml_17compiler_builtins5float3mul3mulC3f16EB6_
0000000000000000 T _RINvNtNtCseYgyBKy0mml_17compiler_builtins5float3mul3mulC4f128EB6_
0000000000000000 T _RNvNtNtCseYgyBKy0mml_17compiler_builtins5float3mul8___muldf3
0000000000000000 T _RNvNtNtCseYgyBKy0mml_17compiler_builtins5float3mul8___mulsf3

compiler_builtins-c4f4fd36b2781e8b.compiler_builtins.ae638331ee808c63-cgu.004.rcgu.o:
0000000000000000 T _RINvNtNtCseYgyBKy0mml_17compiler_builtins5float5trunc5truncC4f128C3f16EB6_
0000000000000000 T _RINvNtNtCseYgyBKy0mml_17compiler_builtins5float5trunc5truncC4f128dEB6_
0000000000000000 T _RINvNtNtCseYgyBKy0mml_17compiler_builtins5float5trunc5truncC4f128fEB6_
0000000000000000 T _RINvNtNtCseYgyBKy0mml_17compiler_builtins5float5trunc5truncdC3f16EB6_
0000000000000000 T _RINvNtNtCseYgyBKy0mml_17compiler_builtins5float5trunc5truncfC3f16EB6_
0000000000000000 T _RNvNtNtCseYgyBKy0mml_17compiler_builtins5float5trunc12___truncdfsf2

compiler_builtins-c4f4fd36b2781e8b.compiler_builtins.ae638331ee808c63-cgu.005.rcgu.o:
0000000000000000 T _RINvNtNtNtNtCseYgyBKy0mml_17compiler_builtins4math9libm_math7support7modular20linear_mul_reductionmEBa_
0000000000000000 T _RINvNtNtNtNtCseYgyBKy0mml_17compiler_builtins4math9libm_math7support7modular20linear_mul_reductionoEBa_
0000000000000000 T _RINvNtNtNtNtCseYgyBKy0mml_17compiler_builtins4math9libm_math7support7modular20linear_mul_reductionyEBa_

compiler_builtins-c4f4fd36b2781e8b.compiler_builtins.ae638331ee808c63-cgu.006.rcgu.o:
0000000000000000 T _RINvNtNtCseYgyBKy0mml_17compiler_builtins5float3cmp3cmpC3f16EB6_
0000000000000000 T _RINvNtNtCseYgyBKy0mml_17compiler_builtins5float3cmp3cmpC4f128EB6_
0000000000000000 T _RINvNtNtCseYgyBKy0mml_17compiler_builtins5float3cmp5unordC3f16EB6_
0000000000000000 T _RINvNtNtCseYgyBKy0mml_17compiler_builtins5float3cmp5unordC4f128EB6_
0000000000000000 T _RNvNtNtCseYgyBKy0mml_17compiler_builtins5float3cmp10___unorddf2
0000000000000000 T _RNvNtNtCseYgyBKy0mml_17compiler_builtins5float3cmp10___unordsf2
0000000000000000 T _RNvNtNtCseYgyBKy0mml_17compiler_builtins5float3cmp7___eqdf2
0000000000000000 T _RNvNtNtCseYgyBKy0mml_17compiler_builtins5float3cmp7___eqsf2
0000000000000000 T _RNvNtNtCseYgyBKy0mml_17compiler_builtins5float3cmp7___gedf2
0000000000000000 T _RNvNtNtCseYgyBKy0mml_17compiler_builtins5float3cmp7___gesf2
0000000000000000 T _RNvNtNtCseYgyBKy0mml_17compiler_builtins5float3cmp7___gtdf2
0000000000000000 T _RNvNtNtCseYgyBKy0mml_17compiler_builtins5float3cmp7___gtsf2
0000000000000000 T _RNvNtNtCseYgyBKy0mml_17compiler_builtins5float3cmp7___ledf2
0000000000000000 T _RNvNtNtCseYgyBKy0mml_17compiler_builtins5float3cmp7___lesf2
0000000000000000 T _RNvNtNtCseYgyBKy0mml_17compiler_builtins5float3cmp7___ltdf2
0000000000000000 T _RNvNtNtCseYgyBKy0mml_17compiler_builtins5float3cmp7___ltsf2
0000000000000000 T _RNvNtNtCseYgyBKy0mml_17compiler_builtins5float3cmp7___nedf2
0000000000000000 T _RNvNtNtCseYgyBKy0mml_17compiler_builtins5float3cmp7___nesf2

compiler_builtins-c4f4fd36b2781e8b.compiler_builtins.ae638331ee808c63-cgu.007.rcgu.o:
0000000000000000 T _RINvNtNtCseYgyBKy0mml_17compiler_builtins5float6extend6extendC3f16C4f128EB6_
0000000000000000 T _RINvNtNtCseYgyBKy0mml_17compiler_builtins5float6extend6extendC3f16dEB6_
0000000000000000 T _RINvNtNtCseYgyBKy0mml_17compiler_builtins5float6extend6extendC3f16fEB6_
0000000000000000 T _RINvNtNtCseYgyBKy0mml_17compiler_builtins5float6extend6extenddC4f128EB6_
0000000000000000 T _RINvNtNtCseYgyBKy0mml_17compiler_builtins5float6extend6extendfC4f128EB6_
0000000000000000 T _RNvNtNtCseYgyBKy0mml_17compiler_builtins5float6extend13___extendsfdf2

compiler_builtins-c4f4fd36b2781e8b.compiler_builtins.ae638331ee808c63-cgu.008.rcgu.o:
0000000000000000 T _RINvNtNtNtNtCseYgyBKy0mml_17compiler_builtins4math9libm_math7generic4fmod12into_sig_expC3f16EBa_
0000000000000000 T _RINvNtNtNtNtCseYgyBKy0mml_17compiler_builtins4math9libm_math7generic4fmod12into_sig_expC4f128EBa_
0000000000000000 T _RINvNtNtNtNtCseYgyBKy0mml_17compiler_builtins4math9libm_math7generic4fmod12into_sig_expdEBa_
0000000000000000 T _RINvNtNtNtNtCseYgyBKy0mml_17compiler_builtins4math9libm_math7generic4fmod12into_sig_expfEBa_
0000000000000000 T _RINvNtNtNtNtCseYgyBKy0mml_17compiler_builtins4math9libm_math7generic4fmod9reductionC3f16EBa_
0000000000000000 T _RINvNtNtNtNtCseYgyBKy0mml_17compiler_builtins4math9libm_math7generic4fmod9reductionC4f128EBa_
0000000000000000 T _RINvNtNtNtNtCseYgyBKy0mml_17compiler_builtins4math9libm_math7generic4fmod9reductiondEBa_
0000000000000000 T _RINvNtNtNtNtCseYgyBKy0mml_17compiler_builtins4math9libm_math7generic4fmod9reductionfEBa_
0000000000000000 R anon.4e5f3b5a0469a123968b1c21cc7777e6.0.llvm.15769529529900232414
0000000000000000 D anon.4e5f3b5a0469a123968b1c21cc7777e6.1.llvm.15769529529900232414

compiler_builtins-c4f4fd36b2781e8b.compiler_builtins.ae638331ee808c63-cgu.009.rcgu.o:
0000000000000000 W fmaf128

compiler_builtins-c4f4fd36b2781e8b.compiler_builtins.ae638331ee808c63-cgu.010.rcgu.o:
0000000000000000 W sqrtf128

compiler_builtins-c4f4fd36b2781e8b.compiler_builtins.ae638331ee808c63-cgu.011.rcgu.o:
0000000000000000 T _RNvNtNtCseYgyBKy0mml_17compiler_builtins3int3mul16___rust_i128_mulo
0000000000000000 T _RNvNtNtCseYgyBKy0mml_17compiler_builtins3int3mul16___rust_u128_mulo
0000000000000000 T _RNvNtNtCseYgyBKy0mml_17compiler_builtins3int3mul8___muldi3
0000000000000000 T _RNvNtNtCseYgyBKy0mml_17compiler_builtins3int3mul8___multi3
0000000000000000 T _RNvNtNtCseYgyBKy0mml_17compiler_builtins3int3mul9___mulodi4
0000000000000000 T _RNvNtNtCseYgyBKy0mml_17compiler_builtins3int3mul9___mulosi4
0000000000000000 T _RNvNtNtCseYgyBKy0mml_17compiler_builtins3int3mul9___muloti4

compiler_builtins-c4f4fd36b2781e8b.compiler_builtins.ae638331ee808c63-cgu.012.rcgu.o:
0000000000000000 T _RINvNtNtNtCseYgyBKy0mml_17compiler_builtins5float4conv12int_to_float6signedlC4f128NvB2_16u32_to_f128_bitsEB8_
0000000000000000 T _RINvNtNtNtCseYgyBKy0mml_17compiler_builtins5float4conv12int_to_float6signedldNvB2_15u32_to_f64_bitsEB8_
0000000000000000 T _RINvNtNtNtCseYgyBKy0mml_17compiler_builtins5float4conv12int_to_float6signedlfNvB2_15u32_to_f32_bitsEB8_
0000000000000000 T _RINvNtNtNtCseYgyBKy0mml_17compiler_builtins5float4conv12int_to_float6signednC4f128NvB2_17u128_to_f128_bitsEB8_
0000000000000000 T _RINvNtNtNtCseYgyBKy0mml_17compiler_builtins5float4conv12int_to_float6signedndNvB2_16u128_to_f64_bitsEB8_
0000000000000000 T _RINvNtNtNtCseYgyBKy0mml_17compiler_builtins5float4conv12int_to_float6signednfNvB2_16u128_to_f32_bitsEB8_
0000000000000000 T _RINvNtNtNtCseYgyBKy0mml_17compiler_builtins5float4conv12int_to_float6signedxC4f128NvB2_16u64_to_f128_bitsEB8_
0000000000000000 T _RINvNtNtNtCseYgyBKy0mml_17compiler_builtins5float4conv12int_to_float6signedxdNvB2_15u64_to_f64_bitsEB8_
0000000000000000 T _RINvNtNtNtCseYgyBKy0mml_17compiler_builtins5float4conv12int_to_float6signedxfNvB2_15u64_to_f32_bitsEB8_
0000000000000000 T _RNvNtNtNtCseYgyBKy0mml_17compiler_builtins5float4conv12int_to_float15u32_to_f32_bits
0000000000000000 T _RNvNtNtNtCseYgyBKy0mml_17compiler_builtins5float4conv12int_to_float15u64_to_f32_bits
0000000000000000 T _RNvNtNtNtCseYgyBKy0mml_17compiler_builtins5float4conv12int_to_float15u64_to_f64_bits
0000000000000000 T _RNvNtNtNtCseYgyBKy0mml_17compiler_builtins5float4conv12int_to_float16u128_to_f32_bits
0000000000000000 T _RNvNtNtNtCseYgyBKy0mml_17compiler_builtins5float4conv12int_to_float16u128_to_f64_bits
0000000000000000 T _RNvNtNtNtCseYgyBKy0mml_17compiler_builtins5float4conv12int_to_float17u128_to_f128_bits

compiler_builtins-c4f4fd36b2781e8b.compiler_builtins.ae638331ee808c63-cgu.013.rcgu.o:
0000000000000000 W sqrtf16

compiler_builtins-c4f4fd36b2781e8b.compiler_builtins.ae638331ee808c63-cgu.014.rcgu.o:
0000000000000000 T _RNvNtCseYgyBKy0mml_17compiler_builtins3mem6memcpy
0000000000000000 T _RNvNtCseYgyBKy0mml_17compiler_builtins3mem6memset
0000000000000000 T _RNvNtCseYgyBKy0mml_17compiler_builtins3mem7memmove

compiler_builtins-c4f4fd36b2781e8b.compiler_builtins.ae638331ee808c63-cgu.015.rcgu.o:
0000000000000000 T _RNvNtNtCseYgyBKy0mml_17compiler_builtins3int5shift9___ashldi3
0000000000000000 T _RNvNtNtCseYgyBKy0mml_17compiler_builtins3int5shift9___ashlsi3
0000000000000000 T _RNvNtNtCseYgyBKy0mml_17compiler_builtins3int5shift9___ashlti3
0000000000000000 T _RNvNtNtCseYgyBKy0mml_17compiler_builtins3int5shift9___ashrdi3
0000000000000000 T _RNvNtNtCseYgyBKy0mml_17compiler_builtins3int5shift9___ashrsi3
0000000000000000 T _RNvNtNtCseYgyBKy0mml_17compiler_builtins3int5shift9___ashrti3
0000000000000000 T _RNvNtNtCseYgyBKy0mml_17compiler_builtins3int5shift9___lshrdi3
0000000000000000 T _RNvNtNtCseYgyBKy0mml_17compiler_builtins3int5shift9___lshrsi3
0000000000000000 T _RNvNtNtCseYgyBKy0mml_17compiler_builtins3int5shift9___lshrti3

compiler_builtins-c4f4fd36b2781e8b.compiler_builtins.ae638331ee808c63-cgu.016.rcgu.o:
0000000000000000 T _RNvNtNtNtCseYgyBKy0mml_17compiler_builtins4math9libm_math4cbrt4cbrt

compiler_builtins-c4f4fd36b2781e8b.compiler_builtins.ae638331ee808c63-cgu.017.rcgu.o:
0000000000000000 T _RNvXNtNtNtNtCseYgyBKy0mml_17compiler_builtins4math9libm_math7support10int_traitsC4f128INtB2_8CastFromaE9cast_fromBa_
0000000000000000 T _RNvXNtNtNtNtCseYgyBKy0mml_17compiler_builtins4math9libm_math7support10int_traitsC4f128INtB2_8CastFromnE15cast_from_lossyBa_
0000000000000000 T _RNvXNtNtNtNtCseYgyBKy0mml_17compiler_builtins4math9libm_math7support10int_traitshINtB2_8CastFrommE15cast_from_lossyBa_
0000000000000000 T _RNvXNtNtNtNtCseYgyBKy0mml_17compiler_builtins4math9libm_math7support10int_traitshINtB2_8CastFromyE15cast_from_lossyBa_
0000000000000000 T _RNvXNtNtNtNtCseYgyBKy0mml_17compiler_builtins4math9libm_math7support10int_traitsjINtB2_8CastFrommE9cast_fromBa_
0000000000000000 T _RNvXNtNtNtNtCseYgyBKy0mml_17compiler_builtins4math9libm_math7support10int_traitsjINtB2_8CastFromyE9cast_fromBa_
0000000000000000 T _RNvXNtNtNtNtCseYgyBKy0mml_17compiler_builtins4math9libm_math7support10int_traitsmINtB2_8CastFromlE15cast_from_lossyBa_
0000000000000000 T _RNvXNtNtNtNtCseYgyBKy0mml_17compiler_builtins4math9libm_math7support10int_traitsmINtB2_8CastFrommE9cast_fromBa_
0000000000000000 T _RNvXNtNtNtNtCseYgyBKy0mml_17compiler_builtins4math9libm_math7support10int_traitsmINtB2_8CastFromnE15cast_from_lossyBa_
0000000000000000 T _RNvXNtNtNtNtCseYgyBKy0mml_17compiler_builtins4math9libm_math7support10int_traitsmINtB2_8CastFromoE9cast_fromBa_
0000000000000000 T _RNvXNtNtNtNtCseYgyBKy0mml_17compiler_builtins4math9libm_math7support10int_traitsmINtB2_8CastFromtE9cast_fromBa_
0000000000000000 T _RNvXNtNtNtNtCseYgyBKy0mml_17compiler_builtins4math9libm_math7support10int_traitsmINtB2_8CastFromxE15cast_from_lossyBa_
0000000000000000 T _RNvXNtNtNtNtCseYgyBKy0mml_17compiler_builtins4math9libm_math7support10int_traitsmINtB2_8CastFromyE15cast_from_lossyBa_
0000000000000000 T _RNvXNtNtNtNtCseYgyBKy0mml_17compiler_builtins4math9libm_math7support10int_traitsmINtB2_8CastFromyE9cast_fromBa_
0000000000000000 T _RNvXNtNtNtNtCseYgyBKy0mml_17compiler_builtins4math9libm_math7support10int_traitsoINtB2_8CastFromlE15cast_from_lossyBa_
0000000000000000 T _RNvXNtNtNtNtCseYgyBKy0mml_17compiler_builtins4math9libm_math7support10int_traitsoINtB2_8CastFrommE9cast_fromBa_
0000000000000000 T _RNvXNtNtNtNtCseYgyBKy0mml_17compiler_builtins4math9libm_math7support10int_traitsoINtB2_8CastFromnE15cast_from_lossyBa_
0000000000000000 T _RNvXNtNtNtNtCseYgyBKy0mml_17compiler_builtins4math9libm_math7support10int_traitsoINtB2_8CastFromxE15cast_from_lossyBa_
0000000000000000 T _RNvXNtNtNtNtCseYgyBKy0mml_17compiler_builtins4math9libm_math7support10int_traitstINtB2_8CastFrommE15cast_from_lossyBa_
0000000000000000 T _RNvXNtNtNtNtCseYgyBKy0mml_17compiler_builtins4math9libm_math7support10int_traitstINtB2_8CastFrommE9cast_fromBa_
0000000000000000 T _RNvXNtNtNtNtCseYgyBKy0mml_17compiler_builtins4math9libm_math7support10int_traitstINtB2_8CastFromtE9cast_fromBa_
0000000000000000 T _RNvXNtNtNtNtCseYgyBKy0mml_17compiler_builtins4math9libm_math7support10int_traitstINtB2_8CastFromyE15cast_from_lossyBa_
0000000000000000 T _RNvXNtNtNtNtCseYgyBKy0mml_17compiler_builtins4math9libm_math7support10int_traitsyINtB2_8CastFromlE15cast_from_lossyBa_
0000000000000000 T _RNvXNtNtNtNtCseYgyBKy0mml_17compiler_builtins4math9libm_math7support10int_traitsyINtB2_8CastFrommE9cast_fromBa_
0000000000000000 T _RNvXNtNtNtNtCseYgyBKy0mml_17compiler_builtins4math9libm_math7support10int_traitsyINtB2_8CastFromnE15cast_from_lossyBa_
0000000000000000 T _RNvXNtNtNtNtCseYgyBKy0mml_17compiler_builtins4math9libm_math7support10int_traitsyINtB2_8CastFromxE15cast_from_lossyBa_
0000000000000000 T _RNvXs0_NtNtNtNtCseYgyBKy0mml_17compiler_builtins4math9libm_math7support10int_traitsjNtB5_3Int12unsigned_abs
0000000000000000 T _RNvXs0_NtNtNtNtCseYgyBKy0mml_17compiler_builtins4math9libm_math7support10int_traitsjNtB5_3Int3abs
0000000000000000 T _RNvXs0_NtNtNtNtCseYgyBKy0mml_17compiler_builtins4math9libm_math7support10int_traitsjNtB5_3Int5ilog2
0000000000000000 T _RNvXs2_NtNtNtNtCseYgyBKy0mml_17compiler_builtins4math9libm_math7support10int_traitsiNtB5_3Int5ilog2
0000000000000000 T _RNvXs4_NtNtNtNtCseYgyBKy0mml_17compiler_builtins4math9libm_math7support10int_traitshNtB5_3Int12unsigned_abs
0000000000000000 T _RNvXs4_NtNtNtNtCseYgyBKy0mml_17compiler_builtins4math9libm_math7support10int_traitshNtB5_3Int3abs
0000000000000000 T _RNvXs4_NtNtNtNtCseYgyBKy0mml_17compiler_builtins4math9libm_math7support10int_traitshNtB5_3Int5ilog2
0000000000000000 T _RNvXs6_NtNtNtNtCseYgyBKy0mml_17compiler_builtins4math9libm_math7support10int_traitsaNtB5_3Int5ilog2
0000000000000000 T _RNvXs8_NtNtNtNtCseYgyBKy0mml_17compiler_builtins4math9libm_math7support10int_traitstNtB5_3Int12unsigned_abs
0000000000000000 T _RNvXs8_NtNtNtNtCseYgyBKy0mml_17compiler_builtins4math9libm_math7support10int_traitstNtB5_3Int3abs
0000000000000000 T _RNvXs8_NtNtNtNtCseYgyBKy0mml_17compiler_builtins4math9libm_math7support10int_traitstNtB5_3Int5ilog2
0000000000000000 T _RNvXsa_NtNtNtNtCseYgyBKy0mml_17compiler_builtins4math9libm_math7support10int_traitssNtB5_3Int5ilog2
0000000000000000 T _RNvXsc_NtNtNtNtCseYgyBKy0mml_17compiler_builtins4math9libm_math7support10int_traitsmNtB5_3Int12unsigned_abs
0000000000000000 T _RNvXsc_NtNtNtNtCseYgyBKy0mml_17compiler_builtins4math9libm_math7support10int_traitsmNtB5_3Int3abs
0000000000000000 T _RNvXsc_NtNtNtNtCseYgyBKy0mml_17compiler_builtins4math9libm_math7support10int_traitsmNtB5_3Int5ilog2
0000000000000000 T _RNvXse_NtNtNtNtCseYgyBKy0mml_17compiler_builtins4math9libm_math7support10int_traitslNtB5_3Int5ilog2
0000000000000000 T _RNvXsg_NtNtNtNtCseYgyBKy0mml_17compiler_builtins4math9libm_math7support10int_traitsyNtB5_3Int12unsigned_abs
0000000000000000 T _RNvXsg_NtNtNtNtCseYgyBKy0mml_17compiler_builtins4math9libm_math7support10int_traitsyNtB5_3Int3abs
0000000000000000 T _RNvXsg_NtNtNtNtCseYgyBKy0mml_17compiler_builtins4math9libm_math7support10int_traitsyNtB5_3Int5ilog2
0000000000000000 T _RNvXsi_NtNtNtNtCseYgyBKy0mml_17compiler_builtins4math9libm_math7support10int_traitsxNtB5_3Int5ilog2
0000000000000000 T _RNvXsk_NtNtNtNtCseYgyBKy0mml_17compiler_builtins4math9libm_math7support10int_traitsoNtB5_3Int12unsigned_abs
0000000000000000 T _RNvXsk_NtNtNtNtCseYgyBKy0mml_17compiler_builtins4math9libm_math7support10int_traitsoNtB5_3Int3abs
0000000000000000 T _RNvXsk_NtNtNtNtCseYgyBKy0mml_17compiler_builtins4math9libm_math7support10int_traitsoNtB5_3Int5ilog2
0000000000000000 T _RNvXsm_NtNtNtNtCseYgyBKy0mml_17compiler_builtins4math9libm_math7support10int_traitsnNtB5_3Int5ilog2
0000000000000000 T _RNvYlNtNtNtNtNtCseYgyBKy0mml_17compiler_builtins4math9libm_math7support10int_traits4DInt10from_lo_hiBd_
0000000000000000 T _RNvYmNtNtNtNtNtCseYgyBKy0mml_17compiler_builtins4math9libm_math7support10int_traits4DInt10from_lo_hiBd_
0000000000000000 T _RNvYmNtNtNtNtNtCseYgyBKy0mml_17compiler_builtins4math9libm_math7support10int_traits4DInt5lo_hiBd_
0000000000000000 T _RNvYnNtNtNtNtNtCseYgyBKy0mml_17compiler_builtins4math9libm_math7support10int_traits4DInt10from_lo_hiBd_
0000000000000000 T _RNvYoNtNtNtNtNtCseYgyBKy0mml_17compiler_builtins4math9libm_math7support10int_traits4DInt10from_lo_hiBd_
0000000000000000 T _RNvYoNtNtNtNtNtCseYgyBKy0mml_17compiler_builtins4math9libm_math7support10int_traits4DInt5lo_hiBd_
0000000000000000 T _RNvYxNtNtNtNtNtCseYgyBKy0mml_17compiler_builtins4math9libm_math7support10int_traits4DInt10from_lo_hiBd_
0000000000000000 T _RNvYyNtNtNtNtNtCseYgyBKy0mml_17compiler_builtins4math9libm_math7support10int_traits4DInt10from_lo_hiBd_
0000000000000000 T _RNvYyNtNtNtNtNtCseYgyBKy0mml_17compiler_builtins4math9libm_math7support10int_traits4DInt5lo_hiBd_

compiler_builtins-c4f4fd36b2781e8b.compiler_builtins.ae638331ee808c63-cgu.018.rcgu.o:
0000000000000000 T _RNvYC3f16NtNtNtNtNtCseYgyBKy0mml_17compiler_builtins4math9libm_math7support12float_traits5Float10from_partsBh_
0000000000000000 T _RNvYC3f16NtNtNtNtNtCseYgyBKy0mml_17compiler_builtins4math9libm_math7support12float_traits5Float12canonicalizeBh_
0000000000000000 T _RNvYC3f16NtNtNtNtNtCseYgyBKy0mml_17compiler_builtins4math9libm_math7support12float_traits5Float12exp_unbiasedBh_
0000000000000000 T _RNvYC3f16NtNtNtNtNtCseYgyBKy0mml_17compiler_builtins4math9libm_math7support12float_traits5Float14to_bits_signedBh_
0000000000000000 T _RNvYC3f16NtNtNtNtNtCseYgyBKy0mml_17compiler_builtins4math9libm_math7support12float_traits5Float16is_sign_positiveBh_
0000000000000000 T _RNvYC3f16NtNtNtNtNtCseYgyBKy0mml_17compiler_builtins4math9libm_math7support12float_traits5Float2exBh_
0000000000000000 T _RNvYC3f16NtNtNtNtNtCseYgyBKy0mml_17compiler_builtins4math9libm_math7support12float_traits5Float5biteqBh_
0000000000000000 T _RNvYC4f128NtNtNtNtNtCseYgyBKy0mml_17compiler_builtins4math9libm_math7support12float_traits5Float10from_partsBi_
0000000000000000 T _RNvYC4f128NtNtNtNtNtCseYgyBKy0mml_17compiler_builtins4math9libm_math7support12float_traits5Float12canonicalizeBi_
0000000000000000 T _RNvYC4f128NtNtNtNtNtCseYgyBKy0mml_17compiler_builtins4math9libm_math7support12float_traits5Float12exp_unbiasedBi_
0000000000000000 T _RNvYC4f128NtNtNtNtNtCseYgyBKy0mml_17compiler_builtins4math9libm_math7support12float_traits5Float14to_bits_signedBi_
0000000000000000 T _RNvYC4f128NtNtNtNtNtCseYgyBKy0mml_17compiler_builtins4math9libm_math7support12float_traits5Float16is_sign_positiveBi_
0000000000000000 T _RNvYC4f128NtNtNtNtNtCseYgyBKy0mml_17compiler_builtins4math9libm_math7support12float_traits5Float2exBi_
0000000000000000 T _RNvYC4f128NtNtNtNtNtCseYgyBKy0mml_17compiler_builtins4math9libm_math7support12float_traits5Float5biteqBi_
0000000000000000 T _RNvYdNtNtNtNtNtCseYgyBKy0mml_17compiler_builtins4math9libm_math7support12float_traits5Float10from_partsBd_
0000000000000000 T _RNvYdNtNtNtNtNtCseYgyBKy0mml_17compiler_builtins4math9libm_math7support12float_traits5Float12canonicalizeBd_
0000000000000000 T _RNvYdNtNtNtNtNtCseYgyBKy0mml_17compiler_builtins4math9libm_math7support12float_traits5Float12exp_unbiasedBd_
0000000000000000 T _RNvYdNtNtNtNtNtCseYgyBKy0mml_17compiler_builtins4math9libm_math7support12float_traits5Float14to_bits_signedBd_
0000000000000000 T _RNvYdNtNtNtNtNtCseYgyBKy0mml_17compiler_builtins4math9libm_math7support12float_traits5Float16is_sign_positiveBd_
0000000000000000 T _RNvYdNtNtNtNtNtCseYgyBKy0mml_17compiler_builtins4math9libm_math7support12float_traits5Float5biteqBd_
0000000000000000 T _RNvYfNtNtNtNtNtCseYgyBKy0mml_17compiler_builtins4math9libm_math7support12float_traits5Float10from_partsBd_
0000000000000000 T _RNvYfNtNtNtNtNtCseYgyBKy0mml_17compiler_builtins4math9libm_math7support12float_traits5Float12canonicalizeBd_
0000000000000000 T _RNvYfNtNtNtNtNtCseYgyBKy0mml_17compiler_builtins4math9libm_math7support12float_traits5Float12exp_unbiasedBd_
0000000000000000 T _RNvYfNtNtNtNtNtCseYgyBKy0mml_17compiler_builtins4math9libm_math7support12float_traits5Float14to_bits_signedBd_
0000000000000000 T _RNvYfNtNtNtNtNtCseYgyBKy0mml_17compiler_builtins4math9libm_math7support12float_traits5Float16is_sign_positiveBd_
0000000000000000 T _RNvYfNtNtNtNtNtCseYgyBKy0mml_17compiler_builtins4math9libm_math7support12float_traits5Float5biteqBd_
0000000000000000 R anon.8473800880e7ab0700bc2c54f8f61ba4.0.llvm.9485785688106967277
0000000000000000 D anon.8473800880e7ab0700bc2c54f8f61ba4.1.llvm.9485785688106967277

compiler_builtins-c4f4fd36b2781e8b.compiler_builtins.ae638331ee808c63-cgu.019.rcgu.o:
0000000000000000 T _RNvNtCseYgyBKy0mml_17compiler_builtins23aarch64_outline_atomics17___rust_enable_lse
0000000000000000 T _RNvNtCseYgyBKy0mml_17compiler_builtins23aarch64_outline_atomics18___aarch64_cas1_acq
0000000000000000 T _RNvNtCseYgyBKy0mml_17compiler_builtins23aarch64_outline_atomics18___aarch64_cas1_rel
0000000000000000 T _RNvNtCseYgyBKy0mml_17compiler_builtins23aarch64_outline_atomics18___aarch64_cas2_acq
0000000000000000 T _RNvNtCseYgyBKy0mml_17compiler_builtins23aarch64_outline_atomics18___aarch64_cas2_rel
0000000000000000 T _RNvNtCseYgyBKy0mml_17compiler_builtins23aarch64_outline_atomics18___aarch64_cas4_acq
0000000000000000 T _RNvNtCseYgyBKy0mml_17compiler_builtins23aarch64_outline_atomics18___aarch64_cas4_rel
0000000000000000 T _RNvNtCseYgyBKy0mml_17compiler_builtins23aarch64_outline_atomics18___aarch64_cas8_acq
0000000000000000 T _RNvNtCseYgyBKy0mml_17compiler_builtins23aarch64_outline_atomics18___aarch64_cas8_rel
0000000000000000 T _RNvNtCseYgyBKy0mml_17compiler_builtins23aarch64_outline_atomics18___aarch64_swp1_acq
0000000000000000 T _RNvNtCseYgyBKy0mml_17compiler_builtins23aarch64_outline_atomics18___aarch64_swp1_rel
0000000000000000 T _RNvNtCseYgyBKy0mml_17compiler_builtins23aarch64_outline_atomics18___aarch64_swp2_acq
0000000000000000 T _RNvNtCseYgyBKy0mml_17compiler_builtins23aarch64_outline_atomics18___aarch64_swp2_rel
0000000000000000 T _RNvNtCseYgyBKy0mml_17compiler_builtins23aarch64_outline_atomics18___aarch64_swp4_acq
0000000000000000 T _RNvNtCseYgyBKy0mml_17compiler_builtins23aarch64_outline_atomics18___aarch64_swp4_rel
0000000000000000 T _RNvNtCseYgyBKy0mml_17compiler_builtins23aarch64_outline_atomics18___aarch64_swp8_acq
0000000000000000 T _RNvNtCseYgyBKy0mml_17compiler_builtins23aarch64_outline_atomics18___aarch64_swp8_rel
0000000000000000 T _RNvNtCseYgyBKy0mml_17compiler_builtins23aarch64_outline_atomics19___aarch64_cas16_acq
0000000000000000 T _RNvNtCseYgyBKy0mml_17compiler_builtins23aarch64_outline_atomics19___aarch64_cas16_rel
0000000000000000 T _RNvNtCseYgyBKy0mml_17compiler_builtins23aarch64_outline_atomics20___aarch64_cas1_relax
0000000000000000 T _RNvNtCseYgyBKy0mml_17compiler_builtins23aarch64_outline_atomics20___aarch64_cas2_relax
0000000000000000 T _RNvNtCseYgyBKy0mml_17compiler_builtins23aarch64_outline_atomics20___aarch64_cas4_relax
0000000000000000 T _RNvNtCseYgyBKy0mml_17compiler_builtins23aarch64_outline_atomics20___aarch64_cas8_relax
0000000000000000 T _RNvNtCseYgyBKy0mml_17compiler_builtins23aarch64_outline_atomics20___aarch64_ldadd1_acq
0000000000000000 T _RNvNtCseYgyBKy0mml_17compiler_builtins23aarch64_outline_atomics20___aarch64_ldadd1_rel
0000000000000000 T _RNvNtCseYgyBKy0mml_17compiler_builtins23aarch64_outline_atomics20___aarch64_ldadd2_acq
0000000000000000 T _RNvNtCseYgyBKy0mml_17compiler_builtins23aarch64_outline_atomics20___aarch64_ldadd2_rel
0000000000000000 T _RNvNtCseYgyBKy0mml_17compiler_builtins23aarch64_outline_atomics20___aarch64_ldadd4_acq
0000000000000000 T _RNvNtCseYgyBKy0mml_17compiler_builtins23aarch64_outline_atomics20___aarch64_ldadd4_rel
0000000000000000 T _RNvNtCseYgyBKy0mml_17compiler_builtins23aarch64_outline_atomics20___aarch64_ldadd8_acq
0000000000000000 T _RNvNtCseYgyBKy0mml_17compiler_builtins23aarch64_outline_atomics20___aarch64_ldadd8_rel
0000000000000000 T _RNvNtCseYgyBKy0mml_17compiler_builtins23aarch64_outline_atomics20___aarch64_ldclr1_acq
0000000000000000 T _RNvNtCseYgyBKy0mml_17compiler_builtins23aarch64_outline_atomics20___aarch64_ldclr1_rel
0000000000000000 T _RNvNtCseYgyBKy0mml_17compiler_builtins23aarch64_outline_atomics20___aarch64_ldclr2_acq
0000000000000000 T _RNvNtCseYgyBKy0mml_17compiler_builtins23aarch64_outline_atomics20___aarch64_ldclr2_rel
0000000000000000 T _RNvNtCseYgyBKy0mml_17compiler_builtins23aarch64_outline_atomics20___aarch64_ldclr4_acq
0000000000000000 T _RNvNtCseYgyBKy0mml_17compiler_builtins23aarch64_outline_atomics20___aarch64_ldclr4_rel
0000000000000000 T _RNvNtCseYgyBKy0mml_17compiler_builtins23aarch64_outline_atomics20___aarch64_ldclr8_acq
0000000000000000 T _RNvNtCseYgyBKy0mml_17compiler_builtins23aarch64_outline_atomics20___aarch64_ldclr8_rel
0000000000000000 T _RNvNtCseYgyBKy0mml_17compiler_builtins23aarch64_outline_atomics20___aarch64_ldeor1_acq
0000000000000000 T _RNvNtCseYgyBKy0mml_17compiler_builtins23aarch64_outline_atomics20___aarch64_ldeor1_rel
0000000000000000 T _RNvNtCseYgyBKy0mml_17compiler_builtins23aarch64_outline_atomics20___aarch64_ldeor2_acq
0000000000000000 T _RNvNtCseYgyBKy0mml_17compiler_builtins23aarch64_outline_atomics20___aarch64_ldeor2_rel
0000000000000000 T _RNvNtCseYgyBKy0mml_17compiler_builtins23aarch64_outline_atomics20___aarch64_ldeor4_acq
0000000000000000 T _RNvNtCseYgyBKy0mml_17compiler_builtins23aarch64_outline_atomics20___aarch64_ldeor4_rel
0000000000000000 T _RNvNtCseYgyBKy0mml_17compiler_builtins23aarch64_outline_atomics20___aarch64_ldeor8_acq
0000000000000000 T _RNvNtCseYgyBKy0mml_17compiler_builtins23aarch64_outline_atomics20___aarch64_ldeor8_rel
0000000000000000 T _RNvNtCseYgyBKy0mml_17compiler_builtins23aarch64_outline_atomics20___aarch64_ldset1_acq
0000000000000000 T _RNvNtCseYgyBKy0mml_17compiler_builtins23aarch64_outline_atomics20___aarch64_ldset1_rel
0000000000000000 T _RNvNtCseYgyBKy0mml_17compiler_builtins23aarch64_outline_atomics20___aarch64_ldset2_acq
0000000000000000 T _RNvNtCseYgyBKy0mml_17compiler_builtins23aarch64_outline_atomics20___aarch64_ldset2_rel
0000000000000000 T _RNvNtCseYgyBKy0mml_17compiler_builtins23aarch64_outline_atomics20___aarch64_ldset4_acq
0000000000000000 T _RNvNtCseYgyBKy0mml_17compiler_builtins23aarch64_outline_atomics20___aarch64_ldset4_rel
0000000000000000 T _RNvNtCseYgyBKy0mml_17compiler_builtins23aarch64_outline_atomics20___aarch64_ldset8_acq
0000000000000000 T _RNvNtCseYgyBKy0mml_17compiler_builtins23aarch64_outline_atomics20___aarch64_ldset8_rel
0000000000000000 T _RNvNtCseYgyBKy0mml_17compiler_builtins23aarch64_outline_atomics20___aarch64_swp1_relax
0000000000000000 T _RNvNtCseYgyBKy0mml_17compiler_builtins23aarch64_outline_atomics20___aarch64_swp2_relax
0000000000000000 T _RNvNtCseYgyBKy0mml_17compiler_builtins23aarch64_outline_atomics20___aarch64_swp4_relax
0000000000000000 T _RNvNtCseYgyBKy0mml_17compiler_builtins23aarch64_outline_atomics20___aarch64_swp8_relax
0000000000000000 T _RNvNtCseYgyBKy0mml_17compiler_builtins23aarch64_outline_atomics21___aarch64_cas16_relax
0000000000000000 T _RNvNtCseYgyBKy0mml_17compiler_builtins23aarch64_outline_atomics22___aarch64_cas1_acq_rel
0000000000000000 T _RNvNtCseYgyBKy0mml_17compiler_builtins23aarch64_outline_atomics22___aarch64_cas2_acq_rel
0000000000000000 T _RNvNtCseYgyBKy0mml_17compiler_builtins23aarch64_outline_atomics22___aarch64_cas4_acq_rel
0000000000000000 T _RNvNtCseYgyBKy0mml_17compiler_builtins23aarch64_outline_atomics22___aarch64_cas8_acq_rel
0000000000000000 T _RNvNtCseYgyBKy0mml_17compiler_builtins23aarch64_outline_atomics22___aarch64_ldadd1_relax
0000000000000000 T _RNvNtCseYgyBKy0mml_17compiler_builtins23aarch64_outline_atomics22___aarch64_ldadd2_relax
0000000000000000 T _RNvNtCseYgyBKy0mml_17compiler_builtins23aarch64_outline_atomics22___aarch64_ldadd4_relax
0000000000000000 T _RNvNtCseYgyBKy0mml_17compiler_builtins23aarch64_outline_atomics22___aarch64_ldadd8_relax
0000000000000000 T _RNvNtCseYgyBKy0mml_17compiler_builtins23aarch64_outline_atomics22___aarch64_ldclr1_relax
0000000000000000 T _RNvNtCseYgyBKy0mml_17compiler_builtins23aarch64_outline_atomics22___aarch64_ldclr2_relax
0000000000000000 T _RNvNtCseYgyBKy0mml_17compiler_builtins23aarch64_outline_atomics22___aarch64_ldclr4_relax
0000000000000000 T _RNvNtCseYgyBKy0mml_17compiler_builtins23aarch64_outline_atomics22___aarch64_ldclr8_relax
0000000000000000 T _RNvNtCseYgyBKy0mml_17compiler_builtins23aarch64_outline_atomics22___aarch64_ldeor1_relax
0000000000000000 T _RNvNtCseYgyBKy0mml_17compiler_builtins23aarch64_outline_atomics22___aarch64_ldeor2_relax
0000000000000000 T _RNvNtCseYgyBKy0mml_17compiler_builtins23aarch64_outline_atomics22___aarch64_ldeor4_relax
0000000000000000 T _RNvNtCseYgyBKy0mml_17compiler_builtins23aarch64_outline_atomics22___aarch64_ldeor8_relax
0000000000000000 T _RNvNtCseYgyBKy0mml_17compiler_builtins23aarch64_outline_atomics22___aarch64_ldset1_relax
0000000000000000 T _RNvNtCseYgyBKy0mml_17compiler_builtins23aarch64_outline_atomics22___aarch64_ldset2_relax
0000000000000000 T _RNvNtCseYgyBKy0mml_17compiler_builtins23aarch64_outline_atomics22___aarch64_ldset4_relax
0000000000000000 T _RNvNtCseYgyBKy0mml_17compiler_builtins23aarch64_outline_atomics22___aarch64_ldset8_relax
0000000000000000 T _RNvNtCseYgyBKy0mml_17compiler_builtins23aarch64_outline_atomics22___aarch64_swp1_acq_rel
0000000000000000 T _RNvNtCseYgyBKy0mml_17compiler_builtins23aarch64_outline_atomics22___aarch64_swp2_acq_rel
0000000000000000 T _RNvNtCseYgyBKy0mml_17compiler_builtins23aarch64_outline_atomics22___aarch64_swp4_acq_rel
0000000000000000 T _RNvNtCseYgyBKy0mml_17compiler_builtins23aarch64_outline_atomics22___aarch64_swp8_acq_rel
0000000000000000 T _RNvNtCseYgyBKy0mml_17compiler_builtins23aarch64_outline_atomics23___aarch64_cas16_acq_rel
0000000000000000 T _RNvNtCseYgyBKy0mml_17compiler_builtins23aarch64_outline_atomics24___aarch64_ldadd1_acq_rel
0000000000000000 T _RNvNtCseYgyBKy0mml_17compiler_builtins23aarch64_outline_atomics24___aarch64_ldadd2_acq_rel
0000000000000000 T _RNvNtCseYgyBKy0mml_17compiler_builtins23aarch64_outline_atomics24___aarch64_ldadd4_acq_rel
0000000000000000 T _RNvNtCseYgyBKy0mml_17compiler_builtins23aarch64_outline_atomics24___aarch64_ldadd8_acq_rel
0000000000000000 T _RNvNtCseYgyBKy0mml_17compiler_builtins23aarch64_outline_atomics24___aarch64_ldclr1_acq_rel
0000000000000000 T _RNvNtCseYgyBKy0mml_17compiler_builtins23aarch64_outline_atomics24___aarch64_ldclr2_acq_rel
0000000000000000 T _RNvNtCseYgyBKy0mml_17compiler_builtins23aarch64_outline_atomics24___aarch64_ldclr4_acq_rel
0000000000000000 T _RNvNtCseYgyBKy0mml_17compiler_builtins23aarch64_outline_atomics24___aarch64_ldclr8_acq_rel
0000000000000000 T _RNvNtCseYgyBKy0mml_17compiler_builtins23aarch64_outline_atomics24___aarch64_ldeor1_acq_rel
0000000000000000 T _RNvNtCseYgyBKy0mml_17compiler_builtins23aarch64_outline_atomics24___aarch64_ldeor2_acq_rel
0000000000000000 T _RNvNtCseYgyBKy0mml_17compiler_builtins23aarch64_outline_atomics24___aarch64_ldeor4_acq_rel
0000000000000000 T _RNvNtCseYgyBKy0mml_17compiler_builtins23aarch64_outline_atomics24___aarch64_ldeor8_acq_rel
0000000000000000 T _RNvNtCseYgyBKy0mml_17compiler_builtins23aarch64_outline_atomics24___aarch64_ldset1_acq_rel
0000000000000000 T _RNvNtCseYgyBKy0mml_17compiler_builtins23aarch64_outline_atomics24___aarch64_ldset2_acq_rel
0000000000000000 T _RNvNtCseYgyBKy0mml_17compiler_builtins23aarch64_outline_atomics24___aarch64_ldset4_acq_rel
0000000000000000 T _RNvNtCseYgyBKy0mml_17compiler_builtins23aarch64_outline_atomics24___aarch64_ldset8_acq_rel

compiler_builtins-c4f4fd36b2781e8b.compiler_builtins.ae638331ee808c63-cgu.020.rcgu.o:
0000000000000000 T _RNvNtNtCseYgyBKy0mml_17compiler_builtins3int19specialized_div_rem12u128_div_rem

compiler_builtins-c4f4fd36b2781e8b.compiler_builtins.ae638331ee808c63-cgu.021.rcgu.o:
0000000000000000 V DW.ref.rust_eh_personality
0000000000000000 T _RNvNtNtCseYgyBKy0mml_17compiler_builtins3int4udiv12___udivmoddi4
0000000000000000 T _RNvNtNtCseYgyBKy0mml_17compiler_builtins3int4udiv12___udivmodsi4
0000000000000000 T _RNvNtNtCseYgyBKy0mml_17compiler_builtins3int4udiv12___udivmodti4
0000000000000000 T _RNvNtNtCseYgyBKy0mml_17compiler_builtins3int4udiv9___udivdi3
0000000000000000 T _RNvNtNtCseYgyBKy0mml_17compiler_builtins3int4udiv9___udivsi3
0000000000000000 T _RNvNtNtCseYgyBKy0mml_17compiler_builtins3int4udiv9___udivti3
0000000000000000 T _RNvNtNtCseYgyBKy0mml_17compiler_builtins3int4udiv9___umoddi3
0000000000000000 T _RNvNtNtCseYgyBKy0mml_17compiler_builtins3int4udiv9___umodsi3
0000000000000000 T _RNvNtNtCseYgyBKy0mml_17compiler_builtins3int4udiv9___umodti3

compiler_builtins-c4f4fd36b2781e8b.compiler_builtins.ae638331ee808c63-cgu.022.rcgu.o:
0000000000000000 V DW.ref.rust_eh_personality
0000000000000000 T _RNvNtNtCseYgyBKy0mml_17compiler_builtins3int4sdiv11___divmoddi4
0000000000000000 T _RNvNtNtCseYgyBKy0mml_17compiler_builtins3int4sdiv11___divmodsi4
0000000000000000 T _RNvNtNtCseYgyBKy0mml_17compiler_builtins3int4sdiv11___divmodti4
0000000000000000 T _RNvNtNtCseYgyBKy0mml_17compiler_builtins3int4sdiv8___divdi3
0000000000000000 T _RNvNtNtCseYgyBKy0mml_17compiler_builtins3int4sdiv8___divsi3
0000000000000000 T _RNvNtNtCseYgyBKy0mml_17compiler_builtins3int4sdiv8___divti3
0000000000000000 T _RNvNtNtCseYgyBKy0mml_17compiler_builtins3int4sdiv8___moddi3
0000000000000000 T _RNvNtNtCseYgyBKy0mml_17compiler_builtins3int4sdiv8___modsi3
0000000000000000 T _RNvNtNtCseYgyBKy0mml_17compiler_builtins3int4sdiv8___modti3

compiler_builtins-c4f4fd36b2781e8b.compiler_builtins.ae638331ee808c63-cgu.023.rcgu.o:
0000000000000000 T _RNvNtNtNtCseYgyBKy0mml_17compiler_builtins4math9libm_math4fmod4fmod
0000000000000000 T _RNvNtNtNtCseYgyBKy0mml_17compiler_builtins4math9libm_math4fmod5fmodf
0000000000000000 R anon.1d82d715aea31c60189ec49969c5b93d.0.llvm.9632125267473708476
0000000000000000 D anon.1d82d715aea31c60189ec49969c5b93d.1.llvm.9632125267473708476

compiler_builtins-c4f4fd36b2781e8b.compiler_builtins.ae638331ee808c63-cgu.024.rcgu.o:
0000000000000000 T _RNvNtNtNtCseYgyBKy0mml_17compiler_builtins4math9libm_math4ceil4ceil
0000000000000000 T _RNvNtNtNtCseYgyBKy0mml_17compiler_builtins4math9libm_math4ceil5ceilf

compiler_builtins-c4f4fd36b2781e8b.compiler_builtins.ae638331ee808c63-cgu.025.rcgu.o:
0000000000000000 T _RINvNtNtNtNtNtCseYgyBKy0mml_17compiler_builtins4math9libm_math7support10int_traits13narrowing_div23div_three_digits_by_twoyEBc_
0000000000000000 T _RNvYoNtNtNtNtNtNtCseYgyBKy0mml_17compiler_builtins4math9libm_math7support10int_traits13narrowing_div12NarrowingDiv25checked_narrowing_div_remBf_
0000000000000000 T _RNvYyNtNtNtNtNtNtCseYgyBKy0mml_17compiler_builtins4math9libm_math7support10int_traits13narrowing_div12NarrowingDiv25checked_narrowing_div_remBf_

compiler_builtins-c4f4fd36b2781e8b.compiler_builtins.ae638331ee808c63-cgu.026.rcgu.o:
0000000000000000 T _RINvNtNtNtCseYgyBKy0mml_17compiler_builtins3int13leading_zeros14implementation21leading_zeros_defaultmEB8_
0000000000000000 T _RINvNtNtNtCseYgyBKy0mml_17compiler_builtins3int13leading_zeros14implementation21leading_zeros_defaultyEB8_
0000000000000000 R anon.7c187f6cee46851e369d053faf0c1e71.0.llvm.13028421216481384357
0000000000000000 D anon.7c187f6cee46851e369d053faf0c1e71.1.llvm.13028421216481384357

compiler_builtins-c4f4fd36b2781e8b.compiler_builtins.ae638331ee808c63-cgu.027.rcgu.o:
0000000000000000 T _RNvNtNtCseYgyBKy0mml_17compiler_builtins3int6addsub15___rust_i128_add
0000000000000000 T _RNvNtNtCseYgyBKy0mml_17compiler_builtins3int6addsub15___rust_i128_sub
0000000000000000 T _RNvNtNtCseYgyBKy0mml_17compiler_builtins3int6addsub15___rust_u128_add
0000000000000000 T _RNvNtNtCseYgyBKy0mml_17compiler_builtins3int6addsub15___rust_u128_sub
0000000000000000 T _RNvNtNtCseYgyBKy0mml_17compiler_builtins3int6addsub16___rust_i128_addo
0000000000000000 T _RNvNtNtCseYgyBKy0mml_17compiler_builtins3int6addsub16___rust_i128_subo
0000000000000000 T _RNvNtNtCseYgyBKy0mml_17compiler_builtins3int6addsub16___rust_u128_addo
0000000000000000 T _RNvNtNtCseYgyBKy0mml_17compiler_builtins3int6addsub16___rust_u128_subo

compiler_builtins-c4f4fd36b2781e8b.compiler_builtins.ae638331ee808c63-cgu.028.rcgu.o:
0000000000000000 T _RNvNtNtNtCseYgyBKy0mml_17compiler_builtins4math9libm_math5floor5floor
0000000000000000 T _RNvNtNtNtCseYgyBKy0mml_17compiler_builtins4math9libm_math5floor6floorf

compiler_builtins-c4f4fd36b2781e8b.compiler_builtins.ae638331ee808c63-cgu.029.rcgu.o:
0000000000000000 T _RNvNtNtNtCseYgyBKy0mml_17compiler_builtins4math9libm_math5round5round
0000000000000000 T _RNvNtNtNtCseYgyBKy0mml_17compiler_builtins4math9libm_math5round6roundf

compiler_builtins-c4f4fd36b2781e8b.compiler_builtins.ae638331ee808c63-cgu.030.rcgu.o:
0000000000000000 T _RNvNtNtNtCseYgyBKy0mml_17compiler_builtins4math9libm_math17fminimum_fmaximum8fmaximum
0000000000000000 T _RNvNtNtNtCseYgyBKy0mml_17compiler_builtins4math9libm_math17fminimum_fmaximum8fminimum
0000000000000000 T _RNvNtNtNtCseYgyBKy0mml_17compiler_builtins4math9libm_math17fminimum_fmaximum9fmaximumf
0000000000000000 T _RNvNtNtNtCseYgyBKy0mml_17compiler_builtins4math9libm_math17fminimum_fmaximum9fminimumf

compiler_builtins-c4f4fd36b2781e8b.compiler_builtins.ae638331ee808c63-cgu.031.rcgu.o:
0000000000000000 T _RNvNtNtNtCseYgyBKy0mml_17compiler_builtins4math9libm_math21fminimum_fmaximum_num12fmaximum_num
0000000000000000 T _RNvNtNtNtCseYgyBKy0mml_17compiler_builtins4math9libm_math21fminimum_fmaximum_num12fminimum_num
0000000000000000 T _RNvNtNtNtCseYgyBKy0mml_17compiler_builtins4math9libm_math21fminimum_fmaximum_num13fmaximum_numf
0000000000000000 T _RNvNtNtNtCseYgyBKy0mml_17compiler_builtins4math9libm_math21fminimum_fmaximum_num13fminimum_numf

compiler_builtins-c4f4fd36b2781e8b.compiler_builtins.ae638331ee808c63-cgu.032.rcgu.o:
0000000000000000 T _RINvNtNtNtCseYgyBKy0mml_17compiler_builtins3int14trailing_zeros14implementation14trailing_zerosmEB8_
0000000000000000 T _RINvNtNtNtCseYgyBKy0mml_17compiler_builtins3int14trailing_zeros14implementation14trailing_zerosyEB8_

compiler_builtins-c4f4fd36b2781e8b.compiler_builtins.ae638331ee808c63-cgu.033.rcgu.o:
0000000000000000 T _RNvXs2_NtNtNtNtCseYgyBKy0mml_17compiler_builtins4math9libm_math7support3bigoNtNtB7_10int_traits4HInt9widen_mul
0000000000000000 T _RNvXs2_NtNtNtNtNtCseYgyBKy0mml_17compiler_builtins4math9libm_math7support10int_traits13narrowing_divNtNtB9_3big4u256NtB5_12NarrowingDiv27unchecked_narrowing_div_rem
0000000000000000 T _RNvXs3_NtNtNtNtCseYgyBKy0mml_17compiler_builtins4math9libm_math7support3bignNtNtB7_10int_traits4HInt14zero_widen_mul
0000000000000000 T _RNvXs3_NtNtNtNtCseYgyBKy0mml_17compiler_builtins4math9libm_math7support3bignNtNtB7_10int_traits4HInt9widen_mul
0000000000000000 T _RNvXs6_NtNtNtNtCseYgyBKy0mml_17compiler_builtins4math9libm_math7support3bigNtB5_4u256NtNtCsfo0Ls1ZyrQZ_4core3fmt5Debug3fmt
0000000000000000 T _RNvXs7_NtNtNtNtCseYgyBKy0mml_17compiler_builtins4math9libm_math7support3bigNtB5_4i256NtNtCsfo0Ls1ZyrQZ_4core3fmt5Debug3fmt
0000000000000000 T _RNvXs8_NtNtNtNtCseYgyBKy0mml_17compiler_builtins4math9libm_math7support3bigNtB5_4u256NtNtCsfo0Ls1ZyrQZ_4core3fmt8LowerHex3fmt
0000000000000000 T _RNvXs9_NtNtNtNtCseYgyBKy0mml_17compiler_builtins4math9libm_math7support3bigNtB5_4i256NtNtCsfo0Ls1ZyrQZ_4core3fmt8LowerHex3fmt
0000000000000000 T _RNvYNtNtNtNtNtCseYgyBKy0mml_17compiler_builtins4math9libm_math7support3big4u256NtNtB6_10int_traits4DInt10from_lo_hiBc_
0000000000000000 T _RNvYNtNtNtNtNtCseYgyBKy0mml_17compiler_builtins4math9libm_math7support3big4u256NtNtB6_10int_traits4DInt5lo_hiBc_
0000000000000000 T _RNvYNtNtNtNtNtCseYgyBKy0mml_17compiler_builtins4math9libm_math7support3big4u256NtNtNtB6_10int_traits13narrowing_div12NarrowingDiv25checked_narrowing_div_remBc_

compiler_builtins-c4f4fd36b2781e8b.compiler_builtins.ae638331ee808c63-cgu.034.rcgu.o:
0000000000000000 W fmodf16

compiler_builtins-c4f4fd36b2781e8b.compiler_builtins.ae638331ee808c63-cgu.035.rcgu.o:
0000000000000000 V DW.ref.rust_eh_personality
0000000000000000 W fmodf128

compiler_builtins-c4f4fd36b2781e8b.compiler_builtins.ae638331ee808c63-cgu.036.rcgu.o:
0000000000000000 T _RINvNtNtCseYgyBKy0mml_17compiler_builtins5float3pow3powC4f128EB6_
0000000000000000 T _RNvNtNtCseYgyBKy0mml_17compiler_builtins5float3pow9___powidf2
0000000000000000 T _RNvNtNtCseYgyBKy0mml_17compiler_builtins5float3pow9___powisf2

compiler_builtins-c4f4fd36b2781e8b.compiler_builtins.ae638331ee808c63-cgu.037.rcgu.o:
0000000000000000 V DW.ref.rust_eh_personality
0000000000000000 T _RNvNtNtCseYgyBKy0mml_17compiler_builtins4math17full_availability12fmaximum_num
0000000000000000 T _RNvNtNtCseYgyBKy0mml_17compiler_builtins4math17full_availability12fminimum_num
0000000000000000 T _RNvNtNtCseYgyBKy0mml_17compiler_builtins4math17full_availability13fmaximum_numf
0000000000000000 T _RNvNtNtCseYgyBKy0mml_17compiler_builtins4math17full_availability13fminimum_numf
0000000000000000 T _RNvNtNtCseYgyBKy0mml_17compiler_builtins4math17full_availability4cbrt
0000000000000000 T _RNvNtNtCseYgyBKy0mml_17compiler_builtins4math17full_availability4ceil
0000000000000000 T _RNvNtNtCseYgyBKy0mml_17compiler_builtins4math17full_availability4fmax
0000000000000000 T _RNvNtNtCseYgyBKy0mml_17compiler_builtins4math17full_availability4fmin
0000000000000000 T _RNvNtNtCseYgyBKy0mml_17compiler_builtins4math17full_availability4fmod
0000000000000000 T _RNvNtNtCseYgyBKy0mml_17compiler_builtins4math17full_availability5cbrtf
0000000000000000 T _RNvNtNtCseYgyBKy0mml_17compiler_builtins4math17full_availability5ceilf
0000000000000000 T _RNvNtNtCseYgyBKy0mml_17compiler_builtins4math17full_availability5floor
0000000000000000 T _RNvNtNtCseYgyBKy0mml_17compiler_builtins4math17full_availability5fmaxf
0000000000000000 T _RNvNtNtCseYgyBKy0mml_17compiler_builtins4math17full_availability5fminf
0000000000000000 T _RNvNtNtCseYgyBKy0mml_17compiler_builtins4math17full_availability5fmodf
0000000000000000 T _RNvNtNtCseYgyBKy0mml_17compiler_builtins4math17full_availability5round
0000000000000000 T _RNvNtNtCseYgyBKy0mml_17compiler_builtins4math17full_availability5trunc
0000000000000000 T _RNvNtNtCseYgyBKy0mml_17compiler_builtins4math17full_availability6floorf
0000000000000000 T _RNvNtNtCseYgyBKy0mml_17compiler_builtins4math17full_availability6roundf
0000000000000000 T _RNvNtNtCseYgyBKy0mml_17compiler_builtins4math17full_availability6truncf
0000000000000000 T _RNvNtNtCseYgyBKy0mml_17compiler_builtins4math17full_availability8copysign
0000000000000000 T _RNvNtNtCseYgyBKy0mml_17compiler_builtins4math17full_availability8fmaximum
0000000000000000 T _RNvNtNtCseYgyBKy0mml_17compiler_builtins4math17full_availability8fminimum
0000000000000000 T _RNvNtNtCseYgyBKy0mml_17compiler_builtins4math17full_availability9copysignf
0000000000000000 T _RNvNtNtCseYgyBKy0mml_17compiler_builtins4math17full_availability9fmaximumf
0000000000000000 T _RNvNtNtCseYgyBKy0mml_17compiler_builtins4math17full_availability9fminimumf

compiler_builtins-c4f4fd36b2781e8b.compiler_builtins.ae638331ee808c63-cgu.038.rcgu.o:
0000000000000000 W ceilf128

compiler_builtins-c4f4fd36b2781e8b.compiler_builtins.ae638331ee808c63-cgu.039.rcgu.o:
0000000000000000 W ceilf16

compiler_builtins-c4f4fd36b2781e8b.compiler_builtins.ae638331ee808c63-cgu.040.rcgu.o:
0000000000000000 T _RNvNtNtNtCseYgyBKy0mml_17compiler_builtins4math9libm_math5trunc5trunc
0000000000000000 T _RNvNtNtNtCseYgyBKy0mml_17compiler_builtins4math9libm_math5trunc6truncf

compiler_builtins-c4f4fd36b2781e8b.compiler_builtins.ae638331ee808c63-cgu.041.rcgu.o:
0000000000000000 W floorf128

compiler_builtins-c4f4fd36b2781e8b.compiler_builtins.ae638331ee808c63-cgu.042.rcgu.o:
0000000000000000 W floorf16

compiler_builtins-c4f4fd36b2781e8b.compiler_builtins.ae638331ee808c63-cgu.043.rcgu.o:
0000000000000000 W roundf16

compiler_builtins-c4f4fd36b2781e8b.compiler_builtins.ae638331ee808c63-cgu.044.rcgu.o:
0000000000000000 W roundf128

compiler_builtins-c4f4fd36b2781e8b.compiler_builtins.ae638331ee808c63-cgu.045.rcgu.o:
0000000000000000 T _RNvNtNtNtCseYgyBKy0mml_17compiler_builtins4math9libm_math9fmin_fmax4fmax
0000000000000000 T _RNvNtNtNtCseYgyBKy0mml_17compiler_builtins4math9libm_math9fmin_fmax4fmin
0000000000000000 T _RNvNtNtNtCseYgyBKy0mml_17compiler_builtins4math9libm_math9fmin_fmax5fmaxf
0000000000000000 T _RNvNtNtNtCseYgyBKy0mml_17compiler_builtins4math9libm_math9fmin_fmax5fminf

compiler_builtins-c4f4fd36b2781e8b.compiler_builtins.ae638331ee808c63-cgu.046.rcgu.o:
0000000000000000 W roundevenf128

compiler_builtins-c4f4fd36b2781e8b.compiler_builtins.ae638331ee808c63-cgu.047.rcgu.o:
0000000000000000 W roundevenf16

compiler_builtins-c4f4fd36b2781e8b.compiler_builtins.ae638331ee808c63-cgu.048.rcgu.o:
0000000000000000 W rintf128

compiler_builtins-c4f4fd36b2781e8b.compiler_builtins.ae638331ee808c63-cgu.049.rcgu.o:
0000000000000000 W rintf16

compiler_builtins-c4f4fd36b2781e8b.compiler_builtins.ae638331ee808c63-cgu.050.rcgu.o:
0000000000000000 T _RNvMNtNtNtNtCseYgyBKy0mml_17compiler_builtins4math9libm_math7generic3fmaINtB2_4NormC4f128E10from_floatBa_

compiler_builtins-c4f4fd36b2781e8b.compiler_builtins.ae638331ee808c63-cgu.051.rcgu.o:
0000000000000000 W truncf128

compiler_builtins-c4f4fd36b2781e8b.compiler_builtins.ae638331ee808c63-cgu.052.rcgu.o:
0000000000000000 W truncf16

compiler_builtins-c4f4fd36b2781e8b.compiler_builtins.ae638331ee808c63-cgu.053.rcgu.o:
0000000000000000 T _RNvNtNtNtCseYgyBKy0mml_17compiler_builtins4math9libm_math8copysign8copysign
0000000000000000 T _RNvNtNtNtCseYgyBKy0mml_17compiler_builtins4math9libm_math8copysign9copysignf

compiler_builtins-c4f4fd36b2781e8b.compiler_builtins.ae638331ee808c63-cgu.054.rcgu.o:
0000000000000000 W fminimum_numf16

compiler_builtins-c4f4fd36b2781e8b.compiler_builtins.ae638331ee808c63-cgu.055.rcgu.o:
0000000000000000 W fmaximum_numf16

compiler_builtins-c4f4fd36b2781e8b.compiler_builtins.ae638331ee808c63-cgu.056.rcgu.o:
0000000000000000 W fminimum_numf128

compiler_builtins-c4f4fd36b2781e8b.compiler_builtins.ae638331ee808c63-cgu.057.rcgu.o:
0000000000000000 W fmaximum_numf128

compiler_builtins-c4f4fd36b2781e8b.compiler_builtins.ae638331ee808c63-cgu.058.rcgu.o:
0000000000000000 W fminimumf128

compiler_builtins-c4f4fd36b2781e8b.compiler_builtins.ae638331ee808c63-cgu.059.rcgu.o:
0000000000000000 W fmaximumf16

compiler_builtins-c4f4fd36b2781e8b.compiler_builtins.ae638331ee808c63-cgu.060.rcgu.o:
0000000000000000 W fmaximumf128

compiler_builtins-c4f4fd36b2781e8b.compiler_builtins.ae638331ee808c63-cgu.061.rcgu.o:
0000000000000000 W fminimumf16

compiler_builtins-c4f4fd36b2781e8b.compiler_builtins.ae638331ee808c63-cgu.062.rcgu.o:
0000000000000000 W copysignf128

compiler_builtins-c4f4fd36b2781e8b.compiler_builtins.ae638331ee808c63-cgu.063.rcgu.o:
0000000000000000 W copysignf16

compiler_builtins-c4f4fd36b2781e8b.compiler_builtins.ae638331ee808c63-cgu.064.rcgu.o:
0000000000000000 W fmaxf128

compiler_builtins-c4f4fd36b2781e8b.compiler_builtins.ae638331ee808c63-cgu.065.rcgu.o:
0000000000000000 W fminf16

compiler_builtins-c4f4fd36b2781e8b.compiler_builtins.ae638331ee808c63-cgu.066.rcgu.o:
0000000000000000 W fminf128

compiler_builtins-c4f4fd36b2781e8b.compiler_builtins.ae638331ee808c63-cgu.067.rcgu.o:
0000000000000000 W fmaxf16

compiler_builtins-c4f4fd36b2781e8b.compiler_builtins.ae638331ee808c63-cgu.068.rcgu.o:
0000000000000000 W __floatunsitf

compiler_builtins-c4f4fd36b2781e8b.compiler_builtins.ae638331ee808c63-cgu.069.rcgu.o:
0000000000000000 W __floatunditf

compiler_builtins-c4f4fd36b2781e8b.compiler_builtins.ae638331ee808c63-cgu.070.rcgu.o:
0000000000000000 W __floatunsidf

compiler_builtins-c4f4fd36b2781e8b.compiler_builtins.ae638331ee808c63-cgu.071.rcgu.o:
0000000000000000 W __eqhf2

compiler_builtins-c4f4fd36b2781e8b.compiler_builtins.ae638331ee808c63-cgu.072.rcgu.o:
0000000000000000 W __lthf2

compiler_builtins-c4f4fd36b2781e8b.compiler_builtins.ae638331ee808c63-cgu.073.rcgu.o:
0000000000000000 W __getf2

compiler_builtins-c4f4fd36b2781e8b.compiler_builtins.ae638331ee808c63-cgu.074.rcgu.o:
0000000000000000 W __lehf2

compiler_builtins-c4f4fd36b2781e8b.compiler_builtins.ae638331ee808c63-cgu.075.rcgu.o:
0000000000000000 W __gttf2

compiler_builtins-c4f4fd36b2781e8b.compiler_builtins.ae638331ee808c63-cgu.076.rcgu.o:
0000000000000000 W __gthf2

compiler_builtins-c4f4fd36b2781e8b.compiler_builtins.ae638331ee808c63-cgu.077.rcgu.o:
0000000000000000 W __nehf2

compiler_builtins-c4f4fd36b2781e8b.compiler_builtins.ae638331ee808c63-cgu.078.rcgu.o:
0000000000000000 W __lttf2

compiler_builtins-c4f4fd36b2781e8b.compiler_builtins.ae638331ee808c63-cgu.079.rcgu.o:
0000000000000000 W __gehf2

compiler_builtins-c4f4fd36b2781e8b.compiler_builtins.ae638331ee808c63-cgu.080.rcgu.o:
0000000000000000 W __letf2

compiler_builtins-c4f4fd36b2781e8b.compiler_builtins.ae638331ee808c63-cgu.081.rcgu.o:
0000000000000000 W __eqtf2

compiler_builtins-c4f4fd36b2781e8b.compiler_builtins.ae638331ee808c63-cgu.082.rcgu.o:
0000000000000000 W __netf2

compiler_builtins-c4f4fd36b2781e8b.compiler_builtins.ae638331ee808c63-cgu.083.rcgu.o:
0000000000000000 T _RNvNtNtCseYgyBKy0mml_17compiler_builtins3int14trailing_zeros8___ctzdi2
0000000000000000 T _RNvNtNtCseYgyBKy0mml_17compiler_builtins3int14trailing_zeros8___ctzsi2
0000000000000000 T _RNvNtNtCseYgyBKy0mml_17compiler_builtins3int14trailing_zeros8___ctzti2

compiler_builtins-c4f4fd36b2781e8b.compiler_builtins.ae638331ee808c63-cgu.084.rcgu.o:
0000000000000000 T _RNvNtNtCseYgyBKy0mml_17compiler_builtins3int13leading_zeros8___clzdi2
0000000000000000 T _RNvNtNtCseYgyBKy0mml_17compiler_builtins3int13leading_zeros8___clzsi2
0000000000000000 T _RNvNtNtCseYgyBKy0mml_17compiler_builtins3int13leading_zeros8___clzti2

compiler_builtins-c4f4fd36b2781e8b.compiler_builtins.ae638331ee808c63-cgu.085.rcgu.o:
0000000000000000 T _RNvNtNtCseYgyBKy0mml_17compiler_builtins5float3sub8___subdf3
0000000000000000 T _RNvNtNtCseYgyBKy0mml_17compiler_builtins5float3sub8___subsf3

compiler_builtins-c4f4fd36b2781e8b.compiler_builtins.ae638331ee808c63-cgu.086.rcgu.o:
0000000000000000 W fdim

compiler_builtins-c4f4fd36b2781e8b.compiler_builtins.ae638331ee808c63-cgu.087.rcgu.o:
0000000000000000 W fdimf

compiler_builtins-c4f4fd36b2781e8b.compiler_builtins.ae638331ee808c63-cgu.088.rcgu.o:
0000000000000000 W fdimf128

compiler_builtins-c4f4fd36b2781e8b.compiler_builtins.ae638331ee808c63-cgu.089.rcgu.o:
0000000000000000 W fdimf16

compiler_builtins-c4f4fd36b2781e8b.compiler_builtins.ae638331ee808c63-cgu.090.rcgu.o:
0000000000000000 V DW.ref.rust_eh_personality
0000000000000000 W __subhf3

compiler_builtins-c4f4fd36b2781e8b.compiler_builtins.ae638331ee808c63-cgu.091.rcgu.o:
0000000000000000 V DW.ref.rust_eh_personality
0000000000000000 W __subtf3

compiler_builtins-c4f4fd36b2781e8b.compiler_builtins.ae638331ee808c63-cgu.092.rcgu.o:
0000000000000000 W fabsf128

compiler_builtins-c4f4fd36b2781e8b.compiler_builtins.ae638331ee808c63-cgu.093.rcgu.o:
0000000000000000 W fabsf

compiler_builtins-c4f4fd36b2781e8b.compiler_builtins.ae638331ee808c63-cgu.094.rcgu.o:
0000000000000000 W fabsf16

compiler_builtins-c4f4fd36b2781e8b.compiler_builtins.ae638331ee808c63-cgu.095.rcgu.o:
0000000000000000 W fabs

compiler_builtins-c4f4fd36b2781e8b.compiler_builtins.ae638331ee808c63-cgu.096.rcgu.o:
0000000000000000 W __unordtf2

compiler_builtins-c4f4fd36b2781e8b.compiler_builtins.ae638331ee808c63-cgu.097.rcgu.o:
0000000000000000 W __fixunstfsi

compiler_builtins-c4f4fd36b2781e8b.compiler_builtins.ae638331ee808c63-cgu.098.rcgu.o:
0000000000000000 W __floatuntitf

compiler_builtins-c4f4fd36b2781e8b.compiler_builtins.ae638331ee808c63-cgu.099.rcgu.o:
0000000000000000 W fmaf

compiler_builtins-c4f4fd36b2781e8b.compiler_builtins.ae638331ee808c63-cgu.100.rcgu.o:
0000000000000000 W roundeven

compiler_builtins-c4f4fd36b2781e8b.compiler_builtins.ae638331ee808c63-cgu.101.rcgu.o:
0000000000000000 W __fixunstfdi

compiler_builtins-c4f4fd36b2781e8b.compiler_builtins.ae638331ee808c63-cgu.102.rcgu.o:
0000000000000000 W __fixunstfti

compiler_builtins-c4f4fd36b2781e8b.compiler_builtins.ae638331ee808c63-cgu.103.rcgu.o:
0000000000000000 W roundevenf

compiler_builtins-c4f4fd36b2781e8b.compiler_builtins.ae638331ee808c63-cgu.104.rcgu.o:
0000000000000000 W sqrt

compiler_builtins-c4f4fd36b2781e8b.compiler_builtins.ae638331ee808c63-cgu.105.rcgu.o:
0000000000000000 W __unordhf2

compiler_builtins-c4f4fd36b2781e8b.compiler_builtins.ae638331ee808c63-cgu.106.rcgu.o:
0000000000000000 W fma

compiler_builtins-c4f4fd36b2781e8b.compiler_builtins.ae638331ee808c63-cgu.107.rcgu.o:
0000000000000000 W sqrtf

compiler_builtins-c4f4fd36b2781e8b.compiler_builtins.ae638331ee808c63-cgu.108.rcgu.o:
0000000000000000 W rintf

compiler_builtins-c4f4fd36b2781e8b.compiler_builtins.ae638331ee808c63-cgu.109.rcgu.o:
0000000000000000 W rint

compiler_builtins-c4f4fd36b2781e8b.compiler_builtins.ae638331ee808c63-cgu.110.rcgu.o:
0000000000000000 W __floattitf

compiler_builtins-c4f4fd36b2781e8b.compiler_builtins.ae638331ee808c63-cgu.111.rcgu.o:
0000000000000000 W __mulodi4

compiler_builtins-c4f4fd36b2781e8b.compiler_builtins.ae638331ee808c63-cgu.112.rcgu.o:
0000000000000000 W trunc

compiler_builtins-c4f4fd36b2781e8b.compiler_builtins.ae638331ee808c63-cgu.113.rcgu.o:
0000000000000000 W __multi3

compiler_builtins-c4f4fd36b2781e8b.compiler_builtins.ae638331ee808c63-cgu.114.rcgu.o:
0000000000000000 W __moddi3

compiler_builtins-c4f4fd36b2781e8b.compiler_builtins.ae638331ee808c63-cgu.115.rcgu.o:
0000000000000000 W __floattisf

compiler_builtins-c4f4fd36b2781e8b.compiler_builtins.ae638331ee808c63-cgu.116.rcgu.o:
0000000000000000 W __udivsi3

compiler_builtins-c4f4fd36b2781e8b.compiler_builtins.ae638331ee808c63-cgu.117.rcgu.o:
0000000000000000 W __rust_u128_addo

compiler_builtins-c4f4fd36b2781e8b.compiler_builtins.ae638331ee808c63-cgu.118.rcgu.o:
0000000000000000 W __divsi3

compiler_builtins-c4f4fd36b2781e8b.compiler_builtins.ae638331ee808c63-cgu.119.rcgu.o:
0000000000000000 W __bswapsi2

compiler_builtins-c4f4fd36b2781e8b.compiler_builtins.ae638331ee808c63-cgu.120.rcgu.o:
0000000000000000 V DW.ref.rust_eh_personality
0000000000000000 W __addhf3

compiler_builtins-c4f4fd36b2781e8b.compiler_builtins.ae638331ee808c63-cgu.121.rcgu.o:
0000000000000000 W __fixsfti

compiler_builtins-c4f4fd36b2781e8b.compiler_builtins.ae638331ee808c63-cgu.122.rcgu.o:
0000000000000000 W __muldi3

compiler_builtins-c4f4fd36b2781e8b.compiler_builtins.ae638331ee808c63-cgu.123.rcgu.o:
0000000000000000 W __fixsfdi

compiler_builtins-c4f4fd36b2781e8b.compiler_builtins.ae638331ee808c63-cgu.124.rcgu.o:
0000000000000000 W __rust_u128_mulo

compiler_builtins-c4f4fd36b2781e8b.compiler_builtins.ae638331ee808c63-cgu.125.rcgu.o:
0000000000000000 W __rust_enable_lse

compiler_builtins-c4f4fd36b2781e8b.compiler_builtins.ae638331ee808c63-cgu.126.rcgu.o:
0000000000000000 W __floatditf

compiler_builtins-c4f4fd36b2781e8b.compiler_builtins.ae638331ee808c63-cgu.127.rcgu.o:
0000000000000000 W __floatuntidf

compiler_builtins-c4f4fd36b2781e8b.compiler_builtins.ae638331ee808c63-cgu.128.rcgu.o:
0000000000000000 W __gedf2

compiler_builtins-c4f4fd36b2781e8b.compiler_builtins.ae638331ee808c63-cgu.129.rcgu.o:
0000000000000000 V DW.ref.rust_eh_personality
0000000000000000 W __divtf3

compiler_builtins-c4f4fd36b2781e8b.compiler_builtins.ae638331ee808c63-cgu.130.rcgu.o:
0000000000000000 W __ashlti3

compiler_builtins-c4f4fd36b2781e8b.compiler_builtins.ae638331ee808c63-cgu.131.rcgu.o:
0000000000000000 V DW.ref.rust_eh_personality
0000000000000000 W __divmodti4

compiler_builtins-c4f4fd36b2781e8b.compiler_builtins.ae638331ee808c63-cgu.132.rcgu.o:
0000000000000000 W __gesf2

compiler_builtins-c4f4fd36b2781e8b.compiler_builtins.ae638331ee808c63-cgu.133.rcgu.o:
0000000000000000 V DW.ref.rust_eh_personality
0000000000000000 W __udivmodti4

compiler_builtins-c4f4fd36b2781e8b.compiler_builtins.ae638331ee808c63-cgu.134.rcgu.o:
0000000000000000 W __ltsf2

compiler_builtins-c4f4fd36b2781e8b.compiler_builtins.ae638331ee808c63-cgu.135.rcgu.o:
0000000000000000 W __rust_i128_subo

compiler_builtins-c4f4fd36b2781e8b.compiler_builtins.ae638331ee808c63-cgu.136.rcgu.o:
0000000000000000 W __clzti2

compiler_builtins-c4f4fd36b2781e8b.compiler_builtins.ae638331ee808c63-cgu.137.rcgu.o:
0000000000000000 W __lshrdi3

compiler_builtins-c4f4fd36b2781e8b.compiler_builtins.ae638331ee808c63-cgu.138.rcgu.o:
0000000000000000 W __floattidf

compiler_builtins-c4f4fd36b2781e8b.compiler_builtins.ae638331ee808c63-cgu.139.rcgu.o:
0000000000000000 V DW.ref.rust_eh_personality
0000000000000000 W __divti3

compiler_builtins-c4f4fd36b2781e8b.compiler_builtins.ae638331ee808c63-cgu.140.rcgu.o:
0000000000000000 W __powidf2

compiler_builtins-c4f4fd36b2781e8b.compiler_builtins.ae638331ee808c63-cgu.141.rcgu.o:
0000000000000000 W __udivmodsi4

compiler_builtins-c4f4fd36b2781e8b.compiler_builtins.ae638331ee808c63-cgu.142.rcgu.o:
0000000000000000 W __fixtfti

compiler_builtins-c4f4fd36b2781e8b.compiler_builtins.ae638331ee808c63-cgu.143.rcgu.o:
0000000000000000 W __eqdf2

compiler_builtins-c4f4fd36b2781e8b.compiler_builtins.ae638331ee808c63-cgu.144.rcgu.o:
0000000000000000 W __rust_u128_sub

compiler_builtins-c4f4fd36b2781e8b.compiler_builtins.ae638331ee808c63-cgu.145.rcgu.o:
0000000000000000 W __floatsisf

compiler_builtins-c4f4fd36b2781e8b.compiler_builtins.ae638331ee808c63-cgu.146.rcgu.o:
0000000000000000 W __lesf2

compiler_builtins-c4f4fd36b2781e8b.compiler_builtins.ae638331ee808c63-cgu.147.rcgu.o:
0000000000000000 W __clzsi2

compiler_builtins-c4f4fd36b2781e8b.compiler_builtins.ae638331ee808c63-cgu.148.rcgu.o:
0000000000000000 W __fixsfsi

compiler_builtins-c4f4fd36b2781e8b.compiler_builtins.ae638331ee808c63-cgu.149.rcgu.o:
0000000000000000 W __floatdidf

compiler_builtins-c4f4fd36b2781e8b.compiler_builtins.ae638331ee808c63-cgu.150.rcgu.o:
0000000000000000 W __ashrti3

compiler_builtins-c4f4fd36b2781e8b.compiler_builtins.ae638331ee808c63-cgu.151.rcgu.o:
0000000000000000 V DW.ref.rust_eh_personality
0000000000000000 W cbrt

compiler_builtins-c4f4fd36b2781e8b.compiler_builtins.ae638331ee808c63-cgu.152.rcgu.o:
0000000000000000 W __truncdfsf2

compiler_builtins-c4f4fd36b2781e8b.compiler_builtins.ae638331ee808c63-cgu.153.rcgu.o:
0000000000000000 W __fixunssfsi

compiler_builtins-c4f4fd36b2781e8b.compiler_builtins.ae638331ee808c63-cgu.154.rcgu.o:
0000000000000000 W __trunctfhf2

compiler_builtins-c4f4fd36b2781e8b.compiler_builtins.ae638331ee808c63-cgu.155.rcgu.o:
0000000000000000 W fminimumf

compiler_builtins-c4f4fd36b2781e8b.compiler_builtins.ae638331ee808c63-cgu.156.rcgu.o:
0000000000000000 W __floatundidf

compiler_builtins-c4f4fd36b2781e8b.compiler_builtins.ae638331ee808c63-cgu.157.rcgu.o:
0000000000000000 W __divdi3

compiler_builtins-c4f4fd36b2781e8b.compiler_builtins.ae638331ee808c63-cgu.158.rcgu.o:
0000000000000000 W __ledf2

compiler_builtins-c4f4fd36b2781e8b.compiler_builtins.ae638331ee808c63-cgu.159.rcgu.o:
0000000000000000 W __ctzti2

compiler_builtins-c4f4fd36b2781e8b.compiler_builtins.ae638331ee808c63-cgu.160.rcgu.o:
0000000000000000 W __unorddf2

compiler_builtins-c4f4fd36b2781e8b.compiler_builtins.ae638331ee808c63-cgu.161.rcgu.o:
0000000000000000 W __fixunsdfti

compiler_builtins-c4f4fd36b2781e8b.compiler_builtins.ae638331ee808c63-cgu.162.rcgu.o:
0000000000000000 W __ashrdi3

compiler_builtins-c4f4fd36b2781e8b.compiler_builtins.ae638331ee808c63-cgu.163.rcgu.o:
0000000000000000 W fminf

compiler_builtins-c4f4fd36b2781e8b.compiler_builtins.ae638331ee808c63-cgu.164.rcgu.o:
0000000000000000 W __ashrsi3

compiler_builtins-c4f4fd36b2781e8b.compiler_builtins.ae638331ee808c63-cgu.165.rcgu.o:
0000000000000000 W fminimum

compiler_builtins-c4f4fd36b2781e8b.compiler_builtins.ae638331ee808c63-cgu.166.rcgu.o:
0000000000000000 W fmaximum_num

compiler_builtins-c4f4fd36b2781e8b.compiler_builtins.ae638331ee808c63-cgu.167.rcgu.o:
0000000000000000 W fmin

compiler_builtins-c4f4fd36b2781e8b.compiler_builtins.ae638331ee808c63-cgu.168.rcgu.o:
0000000000000000 W __bswapti2

compiler_builtins-c4f4fd36b2781e8b.compiler_builtins.ae638331ee808c63-cgu.169.rcgu.o:
0000000000000000 W ceil

compiler_builtins-c4f4fd36b2781e8b.compiler_builtins.ae638331ee808c63-cgu.170.rcgu.o:
0000000000000000 W __rust_i128_mulo

compiler_builtins-c4f4fd36b2781e8b.compiler_builtins.ae638331ee808c63-cgu.171.rcgu.o:
0000000000000000 V DW.ref.rust_eh_personality
0000000000000000 W fmod

compiler_builtins-c4f4fd36b2781e8b.compiler_builtins.ae638331ee808c63-cgu.172.rcgu.o:
0000000000000000 W __trunctfdf2

compiler_builtins-c4f4fd36b2781e8b.compiler_builtins.ae638331ee808c63-cgu.173.rcgu.o:
0000000000000000 W __bswapdi2

compiler_builtins-c4f4fd36b2781e8b.compiler_builtins.ae638331ee808c63-cgu.174.rcgu.o:
0000000000000000 W __floatsidf

compiler_builtins-c4f4fd36b2781e8b.compiler_builtins.ae638331ee808c63-cgu.175.rcgu.o:
0000000000000000 V DW.ref.rust_eh_personality
0000000000000000 W __umodti3

compiler_builtins-c4f4fd36b2781e8b.compiler_builtins.ae638331ee808c63-cgu.176.rcgu.o:
0000000000000000 W __ashlsi3

compiler_builtins-c4f4fd36b2781e8b.compiler_builtins.ae638331ee808c63-cgu.177.rcgu.o:
0000000000000000 W __truncsfhf2

compiler_builtins-c4f4fd36b2781e8b.compiler_builtins.ae638331ee808c63-cgu.178.rcgu.o:
0000000000000000 V DW.ref.rust_eh_personality
0000000000000000 W __modti3

compiler_builtins-c4f4fd36b2781e8b.compiler_builtins.ae638331ee808c63-cgu.179.rcgu.o:
0000000000000000 W __gtdf2

compiler_builtins-c4f4fd36b2781e8b.compiler_builtins.ae638331ee808c63-cgu.180.rcgu.o:
0000000000000000 V DW.ref.rust_eh_personality
0000000000000000 W fmodf

compiler_builtins-c4f4fd36b2781e8b.compiler_builtins.ae638331ee808c63-cgu.181.rcgu.o:
0000000000000000 W copysign

compiler_builtins-c4f4fd36b2781e8b.compiler_builtins.ae638331ee808c63-cgu.182.rcgu.o:
0000000000000000 W __ctzdi2

compiler_builtins-c4f4fd36b2781e8b.compiler_builtins.ae638331ee808c63-cgu.183.rcgu.o:
0000000000000000 W fmaximum

compiler_builtins-c4f4fd36b2781e8b.compiler_builtins.ae638331ee808c63-cgu.184.rcgu.o:
0000000000000000 W fminimum_num

compiler_builtins-c4f4fd36b2781e8b.compiler_builtins.ae638331ee808c63-cgu.185.rcgu.o:
0000000000000000 W __lshrti3

compiler_builtins-c4f4fd36b2781e8b.compiler_builtins.ae638331ee808c63-cgu.186.rcgu.o:
0000000000000000 W __fixunsdfsi

compiler_builtins-c4f4fd36b2781e8b.compiler_builtins.ae638331ee808c63-cgu.187.rcgu.o:
0000000000000000 W __extendsftf2

compiler_builtins-c4f4fd36b2781e8b.compiler_builtins.ae638331ee808c63-cgu.188.rcgu.o:
0000000000000000 W __clzdi2

compiler_builtins-c4f4fd36b2781e8b.compiler_builtins.ae638331ee808c63-cgu.189.rcgu.o:
0000000000000000 W __fixunssfdi

compiler_builtins-c4f4fd36b2781e8b.compiler_builtins.ae638331ee808c63-cgu.190.rcgu.o:
0000000000000000 W __divsf3

compiler_builtins-c4f4fd36b2781e8b.compiler_builtins.ae638331ee808c63-cgu.191.rcgu.o:
0000000000000000 W __fixunsdfdi

compiler_builtins-c4f4fd36b2781e8b.compiler_builtins.ae638331ee808c63-cgu.192.rcgu.o:
0000000000000000 W __mulosi4

compiler_builtins-c4f4fd36b2781e8b.compiler_builtins.ae638331ee808c63-cgu.193.rcgu.o:
0000000000000000 W __extendhfsf2

compiler_builtins-c4f4fd36b2781e8b.compiler_builtins.ae638331ee808c63-cgu.194.rcgu.o:
0000000000000000 W __subdf3

compiler_builtins-c4f4fd36b2781e8b.compiler_builtins.ae638331ee808c63-cgu.195.rcgu.o:
0000000000000000 W __floatundisf

compiler_builtins-c4f4fd36b2781e8b.compiler_builtins.ae638331ee808c63-cgu.196.rcgu.o:
0000000000000000 V DW.ref.rust_eh_personality
0000000000000000 W __addtf3

compiler_builtins-c4f4fd36b2781e8b.compiler_builtins.ae638331ee808c63-cgu.197.rcgu.o:
0000000000000000 W floor

compiler_builtins-c4f4fd36b2781e8b.compiler_builtins.ae638331ee808c63-cgu.198.rcgu.o:
0000000000000000 W __rust_i128_sub

compiler_builtins-c4f4fd36b2781e8b.compiler_builtins.ae638331ee808c63-cgu.199.rcgu.o:
0000000000000000 W __rust_i128_addo

compiler_builtins-c4f4fd36b2781e8b.compiler_builtins.ae638331ee808c63-cgu.200.rcgu.o:
0000000000000000 W __gtsf2

compiler_builtins-c4f4fd36b2781e8b.compiler_builtins.ae638331ee808c63-cgu.201.rcgu.o:
0000000000000000 W __muldf3

compiler_builtins-c4f4fd36b2781e8b.compiler_builtins.ae638331ee808c63-cgu.202.rcgu.o:
0000000000000000 V DW.ref.rust_eh_personality
0000000000000000 W __mulhf3

compiler_builtins-c4f4fd36b2781e8b.compiler_builtins.ae638331ee808c63-cgu.203.rcgu.o:
0000000000000000 W __gnu_f2h_ieee

compiler_builtins-c4f4fd36b2781e8b.compiler_builtins.ae638331ee808c63-cgu.204.rcgu.o:
0000000000000000 W truncf

compiler_builtins-c4f4fd36b2781e8b.compiler_builtins.ae638331ee808c63-cgu.205.rcgu.o:
0000000000000000 W __fixunssfti

compiler_builtins-c4f4fd36b2781e8b.compiler_builtins.ae638331ee808c63-cgu.206.rcgu.o:
0000000000000000 W __fixtfsi

compiler_builtins-c4f4fd36b2781e8b.compiler_builtins.ae638331ee808c63-cgu.207.rcgu.o:
0000000000000000 W __addsf3

compiler_builtins-c4f4fd36b2781e8b.compiler_builtins.ae638331ee808c63-cgu.208.rcgu.o:
0000000000000000 W __eqsf2

compiler_builtins-c4f4fd36b2781e8b.compiler_builtins.ae638331ee808c63-cgu.209.rcgu.o:
0000000000000000 W __trunctfsf2

compiler_builtins-c4f4fd36b2781e8b.compiler_builtins.ae638331ee808c63-cgu.210.rcgu.o:
0000000000000000 W __divmoddi4

compiler_builtins-c4f4fd36b2781e8b.compiler_builtins.ae638331ee808c63-cgu.211.rcgu.o:
0000000000000000 W __muloti4

compiler_builtins-c4f4fd36b2781e8b.compiler_builtins.ae638331ee808c63-cgu.212.rcgu.o:
0000000000000000 W fminimum_numf

compiler_builtins-c4f4fd36b2781e8b.compiler_builtins.ae638331ee808c63-cgu.213.rcgu.o:
0000000000000000 W __floatsitf

compiler_builtins-c4f4fd36b2781e8b.compiler_builtins.ae638331ee808c63-cgu.214.rcgu.o:
0000000000000000 W fmax

compiler_builtins-c4f4fd36b2781e8b.compiler_builtins.ae638331ee808c63-cgu.215.rcgu.o:
0000000000000000 W __divmodsi4

compiler_builtins-c4f4fd36b2781e8b.compiler_builtins.ae638331ee808c63-cgu.216.rcgu.o:
0000000000000000 W __fixtfdi

compiler_builtins-c4f4fd36b2781e8b.compiler_builtins.ae638331ee808c63-cgu.217.rcgu.o:
0000000000000000 W __umoddi3

compiler_builtins-c4f4fd36b2781e8b.compiler_builtins.ae638331ee808c63-cgu.218.rcgu.o:
0000000000000000 W __extendsfdf2

compiler_builtins-c4f4fd36b2781e8b.compiler_builtins.ae638331ee808c63-cgu.219.rcgu.o:
0000000000000000 W __udivdi3

compiler_builtins-c4f4fd36b2781e8b.compiler_builtins.ae638331ee808c63-cgu.220.rcgu.o:
0000000000000000 W __ltdf2

compiler_builtins-c4f4fd36b2781e8b.compiler_builtins.ae638331ee808c63-cgu.221.rcgu.o:
0000000000000000 V DW.ref.rust_eh_personality
0000000000000000 W __multf3

compiler_builtins-c4f4fd36b2781e8b.compiler_builtins.ae638331ee808c63-cgu.222.rcgu.o:
0000000000000000 W __floatuntisf

compiler_builtins-c4f4fd36b2781e8b.compiler_builtins.ae638331ee808c63-cgu.223.rcgu.o:
0000000000000000 W __truncdfhf2

compiler_builtins-c4f4fd36b2781e8b.compiler_builtins.ae638331ee808c63-cgu.224.rcgu.o:
0000000000000000 W __floatdisf

compiler_builtins-c4f4fd36b2781e8b.compiler_builtins.ae638331ee808c63-cgu.225.rcgu.o:
0000000000000000 W __nesf2

compiler_builtins-c4f4fd36b2781e8b.compiler_builtins.ae638331ee808c63-cgu.226.rcgu.o:
0000000000000000 W __umodsi3

compiler_builtins-c4f4fd36b2781e8b.compiler_builtins.ae638331ee808c63-cgu.227.rcgu.o:
0000000000000000 W round

compiler_builtins-c4f4fd36b2781e8b.compiler_builtins.ae638331ee808c63-cgu.228.rcgu.o:
0000000000000000 W __ashldi3

compiler_builtins-c4f4fd36b2781e8b.compiler_builtins.ae638331ee808c63-cgu.229.rcgu.o:
0000000000000000 W cbrtf

compiler_builtins-c4f4fd36b2781e8b.compiler_builtins.ae638331ee808c63-cgu.230.rcgu.o:
0000000000000000 W __rust_u128_add

compiler_builtins-c4f4fd36b2781e8b.compiler_builtins.ae638331ee808c63-cgu.231.rcgu.o:
0000000000000000 W floorf

compiler_builtins-c4f4fd36b2781e8b.compiler_builtins.ae638331ee808c63-cgu.232.rcgu.o:
0000000000000000 W __divdf3

compiler_builtins-c4f4fd36b2781e8b.compiler_builtins.ae638331ee808c63-cgu.233.rcgu.o:
0000000000000000 W __unordsf2

compiler_builtins-c4f4fd36b2781e8b.compiler_builtins.ae638331ee808c63-cgu.234.rcgu.o:
0000000000000000 W __mulsf3

compiler_builtins-c4f4fd36b2781e8b.compiler_builtins.ae638331ee808c63-cgu.235.rcgu.o:
0000000000000000 W __floatunsisf

compiler_builtins-c4f4fd36b2781e8b.compiler_builtins.ae638331ee808c63-cgu.236.rcgu.o:
0000000000000000 W __powitf2

compiler_builtins-c4f4fd36b2781e8b.compiler_builtins.ae638331ee808c63-cgu.237.rcgu.o:
0000000000000000 W __modsi3

compiler_builtins-c4f4fd36b2781e8b.compiler_builtins.ae638331ee808c63-cgu.238.rcgu.o:
0000000000000000 W fmaxf

compiler_builtins-c4f4fd36b2781e8b.compiler_builtins.ae638331ee808c63-cgu.239.rcgu.o:
0000000000000000 W copysignf

compiler_builtins-c4f4fd36b2781e8b.compiler_builtins.ae638331ee808c63-cgu.240.rcgu.o:
0000000000000000 W roundf

compiler_builtins-c4f4fd36b2781e8b.compiler_builtins.ae638331ee808c63-cgu.241.rcgu.o:
0000000000000000 W __fixdfti

compiler_builtins-c4f4fd36b2781e8b.compiler_builtins.ae638331ee808c63-cgu.242.rcgu.o:
0000000000000000 W fmaximumf

compiler_builtins-c4f4fd36b2781e8b.compiler_builtins.ae638331ee808c63-cgu.243.rcgu.o:
0000000000000000 W __gnu_h2f_ieee

compiler_builtins-c4f4fd36b2781e8b.compiler_builtins.ae638331ee808c63-cgu.244.rcgu.o:
0000000000000000 W __fixdfdi

compiler_builtins-c4f4fd36b2781e8b.compiler_builtins.ae638331ee808c63-cgu.245.rcgu.o:
0000000000000000 W __subsf3

compiler_builtins-c4f4fd36b2781e8b.compiler_builtins.ae638331ee808c63-cgu.246.rcgu.o:
0000000000000000 W __adddf3

compiler_builtins-c4f4fd36b2781e8b.compiler_builtins.ae638331ee808c63-cgu.247.rcgu.o:
0000000000000000 W __udivmoddi4

compiler_builtins-c4f4fd36b2781e8b.compiler_builtins.ae638331ee808c63-cgu.248.rcgu.o:
0000000000000000 W __nedf2

compiler_builtins-c4f4fd36b2781e8b.compiler_builtins.ae638331ee808c63-cgu.249.rcgu.o:
0000000000000000 V DW.ref.rust_eh_personality
0000000000000000 W __udivti3

compiler_builtins-c4f4fd36b2781e8b.compiler_builtins.ae638331ee808c63-cgu.250.rcgu.o:
0000000000000000 W __rust_i128_add

compiler_builtins-c4f4fd36b2781e8b.compiler_builtins.ae638331ee808c63-cgu.251.rcgu.o:
0000000000000000 W __lshrsi3

compiler_builtins-c4f4fd36b2781e8b.compiler_builtins.ae638331ee808c63-cgu.252.rcgu.o:
0000000000000000 W __powisf2

compiler_builtins-c4f4fd36b2781e8b.compiler_builtins.ae638331ee808c63-cgu.253.rcgu.o:
0000000000000000 W __rust_u128_subo

compiler_builtins-c4f4fd36b2781e8b.compiler_builtins.ae638331ee808c63-cgu.254.rcgu.o:
0000000000000000 W __extendhftf2

compiler_builtins-c4f4fd36b2781e8b.compiler_builtins.ae638331ee808c63-cgu.255.rcgu.o:
0000000000000000 W ceilf

compiler_builtins-c4f4fd36b2781e8b.compiler_builtins.ae638331ee808c63-cgu.256.rcgu.o:
0000000000000000 W __ctzsi2

compiler_builtins-c4f4fd36b2781e8b.compiler_builtins.ae638331ee808c63-cgu.257.rcgu.o:
0000000000000000 W __extendhfdf2

compiler_builtins-c4f4fd36b2781e8b.compiler_builtins.ae638331ee808c63-cgu.258.rcgu.o:
0000000000000000 W fmaximum_numf

compiler_builtins-c4f4fd36b2781e8b.compiler_builtins.ae638331ee808c63-cgu.259.rcgu.o:
0000000000000000 W __extenddftf2

compiler_builtins-c4f4fd36b2781e8b.compiler_builtins.ae638331ee808c63-cgu.260.rcgu.o:
0000000000000000 W __fixdfsi

compiler_builtins-c4f4fd36b2781e8b.compiler_builtins.ae638331ee808c63-cgu.261.rcgu.o:

compiler_builtins-c4f4fd36b2781e8b.compiler_builtins.ae638331ee808c63-cgu.262.rcgu.o:
0000000000000000 R _RNvNtNtNtNtCseYgyBKy0mml_17compiler_builtins4math9libm_math7generic4sqrt9RSQRT_TAB

compiler_builtins-c4f4fd36b2781e8b.compiler_builtins.ae638331ee808c63-cgu.263.rcgu.o:

compiler_builtins-c4f4fd36b2781e8b.compiler_builtins.ae638331ee808c63-cgu.264.rcgu.o:
0000000000000000 T _RNvXs2_NtNtNtNtNtCseYgyBKy0mml_17compiler_builtins4math9libm_math7support9hex_float7hex_fmtbNtB5_10DisplayHex3fmt

compiler_builtins-c4f4fd36b2781e8b.compiler_builtins.ae638331ee808c63-cgu.265.rcgu.o:

9832c1049fcef696-lse_cas1_relax.o:
0000000000000000 T __aarch64_cas1_relax

9832c1049fcef696-lse_cas1_acq.o:
0000000000000000 T __aarch64_cas1_acq

9832c1049fcef696-lse_cas1_rel.o:
0000000000000000 T __aarch64_cas1_rel

9832c1049fcef696-lse_cas1_acq_rel.o:
0000000000000000 T __aarch64_cas1_acq_rel

9832c1049fcef696-lse_cas2_relax.o:
0000000000000000 T __aarch64_cas2_relax

9832c1049fcef696-lse_cas2_acq.o:
0000000000000000 T __aarch64_cas2_acq

9832c1049fcef696-lse_cas2_rel.o:
0000000000000000 T __aarch64_cas2_rel

9832c1049fcef696-lse_cas2_acq_rel.o:
0000000000000000 T __aarch64_cas2_acq_rel

9832c1049fcef696-lse_cas4_relax.o:
0000000000000000 T __aarch64_cas4_relax

9832c1049fcef696-lse_cas4_acq.o:
0000000000000000 T __aarch64_cas4_acq

9832c1049fcef696-lse_cas4_rel.o:
0000000000000000 T __aarch64_cas4_rel

9832c1049fcef696-lse_cas4_acq_rel.o:
0000000000000000 T __aarch64_cas4_acq_rel

9832c1049fcef696-lse_cas8_relax.o:
0000000000000000 T __aarch64_cas8_relax

9832c1049fcef696-lse_cas8_acq.o:
0000000000000000 T __aarch64_cas8_acq

9832c1049fcef696-lse_cas8_rel.o:
0000000000000000 T __aarch64_cas8_rel

9832c1049fcef696-lse_cas8_acq_rel.o:
0000000000000000 T __aarch64_cas8_acq_rel

9832c1049fcef696-lse_cas16_relax.o:
0000000000000000 T __aarch64_cas16_relax

9832c1049fcef696-lse_cas16_acq.o:
0000000000000000 T __aarch64_cas16_acq

9832c1049fcef696-lse_cas16_rel.o:
0000000000000000 T __aarch64_cas16_rel

9832c1049fcef696-lse_cas16_acq_rel.o:
0000000000000000 T __aarch64_cas16_acq_rel

9832c1049fcef696-lse_swp1_relax.o:
0000000000000000 T __aarch64_swp1_relax

9832c1049fcef696-lse_swp1_acq.o:
0000000000000000 T __aarch64_swp1_acq

9832c1049fcef696-lse_swp1_rel.o:
0000000000000000 T __aarch64_swp1_rel

9832c1049fcef696-lse_swp1_acq_rel.o:
0000000000000000 T __aarch64_swp1_acq_rel

9832c1049fcef696-lse_swp2_relax.o:
0000000000000000 T __aarch64_swp2_relax

9832c1049fcef696-lse_swp2_acq.o:
0000000000000000 T __aarch64_swp2_acq

9832c1049fcef696-lse_swp2_rel.o:
0000000000000000 T __aarch64_swp2_rel

9832c1049fcef696-lse_swp2_acq_rel.o:
0000000000000000 T __aarch64_swp2_acq_rel

9832c1049fcef696-lse_swp4_relax.o:
0000000000000000 T __aarch64_swp4_relax

9832c1049fcef696-lse_swp4_acq.o:
0000000000000000 T __aarch64_swp4_acq

9832c1049fcef696-lse_swp4_rel.o:
0000000000000000 T __aarch64_swp4_rel

9832c1049fcef696-lse_swp4_acq_rel.o:
0000000000000000 T __aarch64_swp4_acq_rel

9832c1049fcef696-lse_swp8_relax.o:
0000000000000000 T __aarch64_swp8_relax

9832c1049fcef696-lse_swp8_acq.o:
0000000000000000 T __aarch64_swp8_acq

9832c1049fcef696-lse_swp8_rel.o:
0000000000000000 T __aarch64_swp8_rel

9832c1049fcef696-lse_swp8_acq_rel.o:
0000000000000000 T __aarch64_swp8_acq_rel

9832c1049fcef696-lse_ldadd1_relax.o:
0000000000000000 T __aarch64_ldadd1_relax

9832c1049fcef696-lse_ldadd1_acq.o:
0000000000000000 T __aarch64_ldadd1_acq

9832c1049fcef696-lse_ldadd1_rel.o:
0000000000000000 T __aarch64_ldadd1_rel

9832c1049fcef696-lse_ldadd1_acq_rel.o:
0000000000000000 T __aarch64_ldadd1_acq_rel

9832c1049fcef696-lse_ldadd2_relax.o:
0000000000000000 T __aarch64_ldadd2_relax

9832c1049fcef696-lse_ldadd2_acq.o:
0000000000000000 T __aarch64_ldadd2_acq

9832c1049fcef696-lse_ldadd2_rel.o:
0000000000000000 T __aarch64_ldadd2_rel

9832c1049fcef696-lse_ldadd2_acq_rel.o:
0000000000000000 T __aarch64_ldadd2_acq_rel

9832c1049fcef696-lse_ldadd4_relax.o:
0000000000000000 T __aarch64_ldadd4_relax

9832c1049fcef696-lse_ldadd4_acq.o:
0000000000000000 T __aarch64_ldadd4_acq

9832c1049fcef696-lse_ldadd4_rel.o:
0000000000000000 T __aarch64_ldadd4_rel

9832c1049fcef696-lse_ldadd4_acq_rel.o:
0000000000000000 T __aarch64_ldadd4_acq_rel

9832c1049fcef696-lse_ldadd8_relax.o:
0000000000000000 T __aarch64_ldadd8_relax

9832c1049fcef696-lse_ldadd8_acq.o:
0000000000000000 T __aarch64_ldadd8_acq

9832c1049fcef696-lse_ldadd8_rel.o:
0000000000000000 T __aarch64_ldadd8_rel

9832c1049fcef696-lse_ldadd8_acq_rel.o:
0000000000000000 T __aarch64_ldadd8_acq_rel

9832c1049fcef696-lse_ldclr1_relax.o:
0000000000000000 T __aarch64_ldclr1_relax

9832c1049fcef696-lse_ldclr1_acq.o:
0000000000000000 T __aarch64_ldclr1_acq

9832c1049fcef696-lse_ldclr1_rel.o:
0000000000000000 T __aarch64_ldclr1_rel

9832c1049fcef696-lse_ldclr1_acq_rel.o:
0000000000000000 T __aarch64_ldclr1_acq_rel

9832c1049fcef696-lse_ldclr2_relax.o:
0000000000000000 T __aarch64_ldclr2_relax

9832c1049fcef696-lse_ldclr2_acq.o:
0000000000000000 T __aarch64_ldclr2_acq

9832c1049fcef696-lse_ldclr2_rel.o:
0000000000000000 T __aarch64_ldclr2_rel

9832c1049fcef696-lse_ldclr2_acq_rel.o:
0000000000000000 T __aarch64_ldclr2_acq_rel

9832c1049fcef696-lse_ldclr4_relax.o:
0000000000000000 T __aarch64_ldclr4_relax

9832c1049fcef696-lse_ldclr4_acq.o:
0000000000000000 T __aarch64_ldclr4_acq

9832c1049fcef696-lse_ldclr4_rel.o:
0000000000000000 T __aarch64_ldclr4_rel

9832c1049fcef696-lse_ldclr4_acq_rel.o:
0000000000000000 T __aarch64_ldclr4_acq_rel

9832c1049fcef696-lse_ldclr8_relax.o:
0000000000000000 T __aarch64_ldclr8_relax

9832c1049fcef696-lse_ldclr8_acq.o:
0000000000000000 T __aarch64_ldclr8_acq

9832c1049fcef696-lse_ldclr8_rel.o:
0000000000000000 T __aarch64_ldclr8_rel

9832c1049fcef696-lse_ldclr8_acq_rel.o:
0000000000000000 T __aarch64_ldclr8_acq_rel

9832c1049fcef696-lse_ldeor1_relax.o:
0000000000000000 T __aarch64_ldeor1_relax

9832c1049fcef696-lse_ldeor1_acq.o:
0000000000000000 T __aarch64_ldeor1_acq

9832c1049fcef696-lse_ldeor1_rel.o:
0000000000000000 T __aarch64_ldeor1_rel

9832c1049fcef696-lse_ldeor1_acq_rel.o:
0000000000000000 T __aarch64_ldeor1_acq_rel

9832c1049fcef696-lse_ldeor2_relax.o:
0000000000000000 T __aarch64_ldeor2_relax

9832c1049fcef696-lse_ldeor2_acq.o:
0000000000000000 T __aarch64_ldeor2_acq

9832c1049fcef696-lse_ldeor2_rel.o:
0000000000000000 T __aarch64_ldeor2_rel

9832c1049fcef696-lse_ldeor2_acq_rel.o:
0000000000000000 T __aarch64_ldeor2_acq_rel

9832c1049fcef696-lse_ldeor4_relax.o:
0000000000000000 T __aarch64_ldeor4_relax

9832c1049fcef696-lse_ldeor4_acq.o:
0000000000000000 T __aarch64_ldeor4_acq

9832c1049fcef696-lse_ldeor4_rel.o:
0000000000000000 T __aarch64_ldeor4_rel

9832c1049fcef696-lse_ldeor4_acq_rel.o:
0000000000000000 T __aarch64_ldeor4_acq_rel

9832c1049fcef696-lse_ldeor8_relax.o:
0000000000000000 T __aarch64_ldeor8_relax

9832c1049fcef696-lse_ldeor8_acq.o:
0000000000000000 T __aarch64_ldeor8_acq

9832c1049fcef696-lse_ldeor8_rel.o:
0000000000000000 T __aarch64_ldeor8_rel

9832c1049fcef696-lse_ldeor8_acq_rel.o:
0000000000000000 T __aarch64_ldeor8_acq_rel

9832c1049fcef696-lse_ldset1_relax.o:
0000000000000000 T __aarch64_ldset1_relax

9832c1049fcef696-lse_ldset1_acq.o:
0000000000000000 T __aarch64_ldset1_acq

9832c1049fcef696-lse_ldset1_rel.o:
0000000000000000 T __aarch64_ldset1_rel

9832c1049fcef696-lse_ldset1_acq_rel.o:
0000000000000000 T __aarch64_ldset1_acq_rel

9832c1049fcef696-lse_ldset2_relax.o:
0000000000000000 T __aarch64_ldset2_relax

9832c1049fcef696-lse_ldset2_acq.o:
0000000000000000 T __aarch64_ldset2_acq

9832c1049fcef696-lse_ldset2_rel.o:
0000000000000000 T __aarch64_ldset2_rel

9832c1049fcef696-lse_ldset2_acq_rel.o:
0000000000000000 T __aarch64_ldset2_acq_rel

9832c1049fcef696-lse_ldset4_relax.o:
0000000000000000 T __aarch64_ldset4_relax

9832c1049fcef696-lse_ldset4_acq.o:
0000000000000000 T __aarch64_ldset4_acq

9832c1049fcef696-lse_ldset4_rel.o:
0000000000000000 T __aarch64_ldset4_rel

9832c1049fcef696-lse_ldset4_acq_rel.o:
0000000000000000 T __aarch64_ldset4_acq_rel

9832c1049fcef696-lse_ldset8_relax.o:
0000000000000000 T __aarch64_ldset8_relax

9832c1049fcef696-lse_ldset8_acq.o:
0000000000000000 T __aarch64_ldset8_acq

9832c1049fcef696-lse_ldset8_rel.o:
0000000000000000 T __aarch64_ldset8_rel

9832c1049fcef696-lse_ldset8_acq_rel.o:
0000000000000000 T __aarch64_ldset8_acq_rel

670c1ed24249df13-aarch64.o:
0000000000000000 B __aarch64_cpu_features
0000000000000000 B __aarch64_have_lse_atomics
0000000000000000 T __init_cpu_features
0000000000000000 T __init_cpu_features_resolver

45c91108d938afe8-absvdi2.o:
0000000000000000 T __absvdi2

45c91108d938afe8-absvsi2.o:
0000000000000000 T __absvsi2

45c91108d938afe8-absvti2.o:
0000000000000000 T __absvti2

45c91108d938afe8-addvdi3.o:
0000000000000000 T __addvdi3

45c91108d938afe8-addvsi3.o:
0000000000000000 T __addvsi3

45c91108d938afe8-addvti3.o:
0000000000000000 T __addvti3

45c91108d938afe8-cmpdi2.o:
0000000000000000 T __cmpdi2

45c91108d938afe8-cmpti2.o:
0000000000000000 T __cmpti2

45c91108d938afe8-divdc3.o:
0000000000000000 T __divdc3

45c91108d938afe8-divsc3.o:
0000000000000000 T __divsc3

45c91108d938afe8-fp_mode.o:
0000000000000000 T __fe_getround
0000000000000000 T __fe_raise_inexact

45c91108d938afe8-ffsti2.o:
0000000000000000 T __ffsti2

45c91108d938afe8-int_util.o:
0000000000000000 W __compilerrt_abort_impl

45c91108d938afe8-muldc3.o:
0000000000000000 T __muldc3

45c91108d938afe8-mulsc3.o:
0000000000000000 T __mulsc3

45c91108d938afe8-multc3.o:
0000000000000000 T __multc3

45c91108d938afe8-mulvdi3.o:
0000000000000000 T __mulvdi3

45c91108d938afe8-mulvsi3.o:
0000000000000000 T __mulvsi3

45c91108d938afe8-mulvti3.o:
0000000000000000 T __mulvti3

45c91108d938afe8-negdf2.o:
0000000000000000 T __negdf2

45c91108d938afe8-negdi2.o:
0000000000000000 T __negdi2

45c91108d938afe8-negsf2.o:
0000000000000000 T __negsf2

45c91108d938afe8-negti2.o:
0000000000000000 T __negti2

45c91108d938afe8-negvdi2.o:
0000000000000000 T __negvdi2

45c91108d938afe8-negvsi2.o:
0000000000000000 T __negvsi2

45c91108d938afe8-negvti2.o:
0000000000000000 T __negvti2

45c91108d938afe8-paritydi2.o:
0000000000000000 T __paritydi2

45c91108d938afe8-paritysi2.o:
0000000000000000 T __paritysi2

45c91108d938afe8-parityti2.o:
0000000000000000 T __parityti2

45c91108d938afe8-popcountdi2.o:
0000000000000000 T __popcountdi2

45c91108d938afe8-popcountsi2.o:
0000000000000000 T __popcountsi2

45c91108d938afe8-popcountti2.o:
0000000000000000 T __popcountti2

45c91108d938afe8-subvdi3.o:
0000000000000000 T __subvdi3

45c91108d938afe8-subvsi3.o:
0000000000000000 T __subvsi3

45c91108d938afe8-subvti3.o:
0000000000000000 T __subvti3

45c91108d938afe8-ucmpdi2.o:
0000000000000000 T __ucmpdi2

45c91108d938afe8-ucmpti2.o:
0000000000000000 T __ucmpti2
