commit 893bd63954735468305c83ddd56718e3863fdacd
Author: Ashwin Naren <arihant2math@gmail.com>
Date:   Tue Aug 11 22:25:09 2026 -0700

    minor fixes

diff --git a/libffi/lib.rs b/libffi/lib.rs
index 8db2a5d..cf2b6b7 100644
--- a/libffi/lib.rs
+++ b/libffi/lib.rs
@@ -4,7 +4,6 @@
 #![allow(non_upper_case_globals)]
 #![allow(unused_assignments)]
 #![allow(unused_mut)]
-#![feature(raw_ref_op)]
 
 pub mod src {
     pub mod aarch64 {
diff --git a/libffi/rust-toolchain.toml b/libffi/rust-toolchain.toml
index fecea06..292fe49 100644
--- a/libffi/rust-toolchain.toml
+++ b/libffi/rust-toolchain.toml
@@ -1,3 +1,2 @@
 [toolchain]
-channel = "nightly-2023-04-15" # 1.70 (1.68 for syn v2.0, 1.70 for sparse registry)
-components = ["rustfmt"]
+channel = "stable"
diff --git a/libffi/tests/e2e.rs b/libffi/tests/e2e.rs
index b1d2c2c..f5fe82c 100644
--- a/libffi/tests/e2e.rs
+++ b/libffi/tests/e2e.rs
@@ -1,5 +1,9 @@
 use core::ffi::{c_uint, c_ushort, c_void};
 
+const FFI_DEFAULT_ABI: c_uint = 1;
+const FFI_OK: c_uint = 0;
+const FFI_TYPE_STRUCT: c_ushort = 13;
+
 #[repr(C)]
 struct FfiType {
     size: usize,
@@ -20,7 +24,14 @@ struct FfiCif {
 }
 
 extern "C" {
+    static mut ffi_type_uint8: FfiType;
+    static mut ffi_type_sint8: FfiType;
+    static mut ffi_type_sint16: FfiType;
+    static mut ffi_type_uint32: FfiType;
     static mut ffi_type_sint32: FfiType;
+    static mut ffi_type_float: FfiType;
+    static mut ffi_type_double: FfiType;
+
     fn ffi_prep_cif(
         cif: *mut FfiCif,
         abi: c_uint,
@@ -36,35 +47,266 @@ extern "C" {
     );
 }
 
-unsafe extern "C" fn add(a: i32, b: i32) -> i32 {
-    a + b
+unsafe fn prep_cif(result_type: *mut FfiType, arg_types: &mut [*mut FfiType]) -> FfiCif {
+    let mut cif = core::mem::MaybeUninit::<FfiCif>::uninit();
+    assert_eq!(
+        ffi_prep_cif(
+            cif.as_mut_ptr(),
+            FFI_DEFAULT_ABI,
+            arg_types.len() as c_uint,
+            result_type,
+            arg_types.as_mut_ptr(),
+        ),
+        FFI_OK
+    );
+    cif.assume_init()
+}
+
+unsafe fn call(
+    cif: &mut FfiCif,
+    function: *const (),
+    result: *mut c_void,
+    args: &mut [*mut c_void],
+) {
+    let function = core::mem::transmute::<*const (), unsafe extern "C" fn()>(function);
+    ffi_call(cif, Some(function), result, args.as_mut_ptr());
+}
+
+fn value_ptr<T>(value: &mut T) -> *mut c_void {
+    core::ptr::from_mut(value).cast()
 }
 
 #[test]
-fn calls_function_through_ffi() {
+fn reports_libffi_version() {
     unsafe {
         assert_eq!(libffi::src::types::ffi_get_version_number(), 30502);
-        let int_type = core::ptr::addr_of_mut!(ffi_type_sint32);
-        let mut arg_types = [int_type, int_type];
-        let mut cif = core::mem::MaybeUninit::<FfiCif>::uninit();
-        assert_eq!(
-            ffi_prep_cif(cif.as_mut_ptr(), 1, 2, int_type, arg_types.as_mut_ptr()),
-            0
+    }
+}
+
+// Port of testsuite/libffi.call/return_dbl.c.
+unsafe extern "C" fn return_dbl(value: f64) -> f64 {
+    2.0 * value
+}
+
+#[test]
+fn return_dbl_test() {
+    unsafe {
+        let double_type = core::ptr::addr_of_mut!(ffi_type_double);
+        let mut arg_types = [double_type];
+        let mut cif = prep_cif(double_type, &mut arg_types);
+        let mut value = -127.3_f64;
+
+        while value < 127.0 {
+            let mut result = 0.0_f64;
+            let mut args = [value_ptr(&mut value)];
+            call(
+                &mut cif,
+                return_dbl as *const (),
+                value_ptr(&mut result),
+                &mut args,
+            );
+            assert_eq!(result, return_dbl(value));
+            value += 1.0;
+        }
+    }
+}
+
+// Port of testsuite/libffi.call/negint.c.
+unsafe extern "C" fn checking(a: i32, b: i16, c: i8) -> i32 {
+    (a < 0 && b < 0 && c < 0) as i32
+}
+
+#[test]
+fn negint_test() {
+    unsafe {
+        let mut arg_types = [
+            core::ptr::addr_of_mut!(ffi_type_sint32),
+            core::ptr::addr_of_mut!(ffi_type_sint16),
+            core::ptr::addr_of_mut!(ffi_type_sint8),
+        ];
+        let mut cif = prep_cif(core::ptr::addr_of_mut!(ffi_type_sint32), &mut arg_types);
+        let (mut a, mut b, mut c) = (-6_i32, -12_i16, -1_i8);
+        let mut result = 0_u64;
+        let mut args = [value_ptr(&mut a), value_ptr(&mut b), value_ptr(&mut c)];
+
+        call(
+            &mut cif,
+            checking as *const (),
+            value_ptr(&mut result),
+            &mut args,
+        );
+        assert_ne!(result as i32, 0);
+    }
+}
+
+// Port of testsuite/libffi.call/many.c. Thirteen arguments force some values
+// out of the floating-point argument registers and onto the stack.
+unsafe extern "C" fn many_floats(
+    f1: f32,
+    f2: f32,
+    f3: f32,
+    f4: f32,
+    f5: f32,
+    f6: f32,
+    f7: f32,
+    f8: f32,
+    f9: f32,
+    f10: f32,
+    f11: f32,
+    f12: f32,
+    f13: f32,
+) -> f32 {
+    f1 + f2 + f3 + f4 + f5 + f6 + f7 + f8 + f9 + f10 + f11 + f12 + f13
+}
+
+#[test]
+fn many_test() {
+    unsafe {
+        let float_type = core::ptr::addr_of_mut!(ffi_type_float);
+        let mut arg_types = [float_type; 13];
+        let mut cif = prep_cif(float_type, &mut arg_types);
+        let mut values = core::array::from_fn::<f32, 13, _>(|i| i as f32);
+        let mut args = values.each_mut().map(value_ptr);
+        let mut result = 0.0_f32;
+
+        call(
+            &mut cif,
+            many_floats as *const (),
+            value_ptr(&mut result),
+            &mut args,
         );
-        let (mut a, mut b, mut result) = (20_i32, 22_i32, 0_i32);
-        let mut args = [
-            core::ptr::addr_of_mut!(a).cast(),
-            core::ptr::addr_of_mut!(b).cast(),
+        assert!((result - 78.0).abs() < f32::EPSILON);
+    }
+}
+
+// Port of testsuite/libffi.call/many2.c.
+unsafe extern "C" fn many_uint8(a: u8, b: u8, c: u8, d: u8, e: u8, f: u8, g: u8) -> u8 {
+    a + b + c + d + e + f + g
+}
+
+#[test]
+fn many2_test() {
+    unsafe {
+        let uint8_type = core::ptr::addr_of_mut!(ffi_type_uint8);
+        let mut arg_types = [uint8_type; 7];
+        let mut cif = prep_cif(uint8_type, &mut arg_types);
+        let mut values = core::array::from_fn::<u8, 7, _>(|i| i as u8);
+        let mut args = values.each_mut().map(value_ptr);
+        let mut result = 0_u64;
+
+        call(
+            &mut cif,
+            many_uint8 as *const (),
+            value_ptr(&mut result),
+            &mut args,
+        );
+        assert_eq!(result, 21);
+    }
+}
+
+// Port of testsuite/libffi.call/struct1.c.
+#[derive(Clone, Copy)]
+#[repr(C)]
+struct TestStructure1 {
+    uc: u8,
+    d: f64,
+    ui: c_uint,
+}
+
+unsafe extern "C" fn struct1(mut value: TestStructure1) -> TestStructure1 {
+    value.uc += 1;
+    value.d -= 1.0;
+    value.ui += 1;
+    value
+}
+
+#[test]
+fn struct1_test() {
+    unsafe {
+        let mut elements = [
+            core::ptr::addr_of_mut!(ffi_type_uint8),
+            core::ptr::addr_of_mut!(ffi_type_double),
+            core::ptr::addr_of_mut!(ffi_type_uint32),
+            core::ptr::null_mut(),
         ];
-        ffi_call(
-            cif.as_mut_ptr(),
-            Some(core::mem::transmute::<
-                unsafe extern "C" fn(i32, i32) -> i32,
-                unsafe extern "C" fn(),
-            >(add)),
-            core::ptr::addr_of_mut!(result).cast(),
-            args.as_mut_ptr(),
+        let mut struct_type = FfiType {
+            size: 0,
+            alignment: 0,
+            kind: FFI_TYPE_STRUCT,
+            elements: elements.as_mut_ptr(),
+        };
+        let struct_type = core::ptr::from_mut(&mut struct_type);
+        let mut arg_types = [struct_type];
+        let mut cif = prep_cif(struct_type, &mut arg_types);
+        let mut value = TestStructure1 {
+            uc: 1,
+            d: 3.14159,
+            ui: 555,
+        };
+        let mut result = core::mem::MaybeUninit::<TestStructure1>::uninit();
+        let mut args = [value_ptr(&mut value)];
+
+        call(
+            &mut cif,
+            struct1 as *const (),
+            result.as_mut_ptr().cast(),
+            &mut args,
+        );
+        let result = result.assume_init();
+        assert_eq!(result.uc, 2);
+        assert_eq!(result.d, 3.14159 - 1.0);
+        assert_eq!(result.ui, 556);
+        assert_eq!(value.uc, 1, "the structure must be passed by value");
+        assert_eq!(value.d, 3.14159);
+        assert_eq!(value.ui, 555);
+    }
+}
+
+// Port of testsuite/libffi.call/struct_by_value_3f.c. A homogeneous floating-
+// point aggregate has special calling-convention behavior on AArch64.
+#[derive(Clone, Copy)]
+#[repr(C)]
+struct ThreeFloats {
+    f1: f32,
+    f2: f32,
+    f3: f32,
+}
+
+unsafe extern "C" fn struct_by_value_3f(mut value: ThreeFloats) -> ThreeFloats {
+    value.f3 += 1.0;
+    value
+}
+
+#[test]
+fn struct_by_value_3f_test() {
+    unsafe {
+        let float_type = core::ptr::addr_of_mut!(ffi_type_float);
+        let mut elements = [float_type, float_type, float_type, core::ptr::null_mut()];
+        let mut struct_type = FfiType {
+            size: 0,
+            alignment: 0,
+            kind: FFI_TYPE_STRUCT,
+            elements: elements.as_mut_ptr(),
+        };
+        let struct_type = core::ptr::from_mut(&mut struct_type);
+        let mut arg_types = [struct_type];
+        let mut cif = prep_cif(struct_type, &mut arg_types);
+        let mut value = ThreeFloats {
+            f1: 1.0,
+            f2: 2.0,
+            f3: 555.5,
+        };
+        let mut result = core::mem::MaybeUninit::<ThreeFloats>::uninit();
+        let mut args = [value_ptr(&mut value)];
+
+        call(
+            &mut cif,
+            struct_by_value_3f as *const (),
+            result.as_mut_ptr().cast(),
+            &mut args,
         );
-        assert_eq!(result, 42);
+        let result = result.assume_init();
+        assert!((result.f3 - 556.5).abs() < f32::EPSILON);
+        assert!((value.f3 - 555.5).abs() < f32::EPSILON);
     }
 }

commit 1f3108f20b65d4b2a35cc5fd618aa06c5ff40c1c
Author: Ashwin Naren <arihant2math@gmail.com>
Date:   Tue Aug 11 22:00:44 2026 -0700

    test

diff --git a/libffi/tests/e2e.rs b/libffi/tests/e2e.rs
new file mode 100644
index 0000000..b1d2c2c
--- /dev/null
+++ b/libffi/tests/e2e.rs
@@ -0,0 +1,70 @@
+use core::ffi::{c_uint, c_ushort, c_void};
+
+#[repr(C)]
+struct FfiType {
+    size: usize,
+    alignment: c_ushort,
+    kind: c_ushort,
+    elements: *mut *mut FfiType,
+}
+
+#[repr(C)]
+struct FfiCif {
+    abi: c_uint,
+    nargs: c_uint,
+    arg_types: *mut *mut FfiType,
+    rtype: *mut FfiType,
+    bytes: c_uint,
+    flags: c_uint,
+    aarch64_nfixedargs: c_uint,
+}
+
+extern "C" {
+    static mut ffi_type_sint32: FfiType;
+    fn ffi_prep_cif(
+        cif: *mut FfiCif,
+        abi: c_uint,
+        nargs: c_uint,
+        rtype: *mut FfiType,
+        atypes: *mut *mut FfiType,
+    ) -> c_uint;
+    fn ffi_call(
+        cif: *mut FfiCif,
+        function: Option<unsafe extern "C" fn()>,
+        result: *mut c_void,
+        args: *mut *mut c_void,
+    );
+}
+
+unsafe extern "C" fn add(a: i32, b: i32) -> i32 {
+    a + b
+}
+
+#[test]
+fn calls_function_through_ffi() {
+    unsafe {
+        assert_eq!(libffi::src::types::ffi_get_version_number(), 30502);
+        let int_type = core::ptr::addr_of_mut!(ffi_type_sint32);
+        let mut arg_types = [int_type, int_type];
+        let mut cif = core::mem::MaybeUninit::<FfiCif>::uninit();
+        assert_eq!(
+            ffi_prep_cif(cif.as_mut_ptr(), 1, 2, int_type, arg_types.as_mut_ptr()),
+            0
+        );
+        let (mut a, mut b, mut result) = (20_i32, 22_i32, 0_i32);
+        let mut args = [
+            core::ptr::addr_of_mut!(a).cast(),
+            core::ptr::addr_of_mut!(b).cast(),
+        ];
+        ffi_call(
+            cif.as_mut_ptr(),
+            Some(core::mem::transmute::<
+                unsafe extern "C" fn(i32, i32) -> i32,
+                unsafe extern "C" fn(),
+            >(add)),
+            core::ptr::addr_of_mut!(result).cast(),
+            args.as_mut_ptr(),
+        );
+        assert_eq!(result, 42);
+    }
+}

commit 8e43bdfe7221e8af44e224683c5010e52cb3c61d
Author: Ashwin Naren <arihant2math@gmail.com>
Date:   Tue Aug 11 21:59:25 2026 -0700

    start on cleanup

diff --git a/libffi/src/aarch64/ffi.rs b/libffi/src/aarch64/ffi.rs
index ea6db2e..4d02664 100644
--- a/libffi/src/aarch64/ffi.rs
+++ b/libffi/src/aarch64/ffi.rs
@@ -1,30 +1,32 @@
-use ::core::arch::asm;
+use core::arch::asm;
+
 extern "C" {
     fn abort() -> !;
     fn memcpy(
-        __dst: *mut ::core::ffi::c_void,
-        __src: *const ::core::ffi::c_void,
+        __dst: *mut core::ffi::c_void,
+        __src: *const core::ffi::c_void,
         __n: size_t,
-    ) -> *mut ::core::ffi::c_void;
+    ) -> *mut core::ffi::c_void;
     fn ffi_call_SYSV(
         context: *mut call_context,
-        frame: *mut ::core::ffi::c_void,
+        frame: *mut core::ffi::c_void,
         fn_0: Option<unsafe extern "C" fn() -> ()>,
-        rvalue: *mut ::core::ffi::c_void,
-        flags: ::core::ffi::c_int,
-        closure: *mut ::core::ffi::c_void,
+        rvalue: *mut core::ffi::c_void,
+        flags: core::ffi::c_int,
+        closure: *mut core::ffi::c_void,
     );
     fn ffi_closure_SYSV();
     fn ffi_closure_SYSV_V();
 }
+
 pub type __darwin_size_t = usize;
 pub type __darwin_ssize_t = isize;
 pub type uintptr_t = usize;
 pub type size_t = __darwin_size_t;
 pub type ssize_t = __darwin_ssize_t;
 pub type uint8_t = u8;
-pub type ffi_arg = ::core::ffi::c_ulong;
-pub type ffi_abi = ::core::ffi::c_uint;
+pub type ffi_arg = core::ffi::c_ulong;
+pub type ffi_abi = core::ffi::c_uint;
 pub const FFI_DEFAULT_ABI: ffi_abi = 1;
 pub const FFI_LAST_ABI: ffi_abi = 3;
 pub const FFI_WIN64: ffi_abi = 2;
@@ -34,12 +36,12 @@ pub const FFI_FIRST_ABI: ffi_abi = 0;
 #[repr(C)]
 pub struct _ffi_type {
     pub size: size_t,
-    pub alignment: ::core::ffi::c_ushort,
-    pub type_0: ::core::ffi::c_ushort,
+    pub alignment: core::ffi::c_ushort,
+    pub type_0: core::ffi::c_ushort,
     pub elements: *mut *mut _ffi_type,
 }
 pub type ffi_type = _ffi_type;
-pub type ffi_status = ::core::ffi::c_uint;
+pub type ffi_status = core::ffi::c_uint;
 pub const FFI_BAD_ARGTYPE: ffi_status = 3;
 pub const FFI_BAD_ABI: ffi_status = 2;
 pub const FFI_BAD_TYPEDEF: ffi_status = 1;
@@ -48,28 +50,28 @@ pub const FFI_OK: ffi_status = 0;
 #[repr(C)]
 pub struct ffi_cif {
     pub abi: ffi_abi,
-    pub nargs: ::core::ffi::c_uint,
+    pub nargs: core::ffi::c_uint,
     pub arg_types: *mut *mut ffi_type,
     pub rtype: *mut ffi_type,
-    pub bytes: ::core::ffi::c_uint,
-    pub flags: ::core::ffi::c_uint,
-    pub aarch64_nfixedargs: ::core::ffi::c_uint,
+    pub bytes: core::ffi::c_uint,
+    pub flags: core::ffi::c_uint,
+    pub aarch64_nfixedargs: core::ffi::c_uint,
 }
 #[derive(Copy, Clone)]
 #[repr(C)]
 pub struct ffi_closure {
-    pub trampoline_table: *mut ::core::ffi::c_void,
-    pub trampoline_table_entry: *mut ::core::ffi::c_void,
+    pub trampoline_table: *mut core::ffi::c_void,
+    pub trampoline_table_entry: *mut core::ffi::c_void,
     pub cif: *mut ffi_cif,
     pub fun: Option<
         unsafe extern "C" fn(
             *mut ffi_cif,
-            *mut ::core::ffi::c_void,
-            *mut *mut ::core::ffi::c_void,
-            *mut ::core::ffi::c_void,
+            *mut core::ffi::c_void,
+            *mut *mut core::ffi::c_void,
+            *mut core::ffi::c_void,
         ) -> (),
     >,
-    pub user_data: *mut ::core::ffi::c_void,
+    pub user_data: *mut core::ffi::c_void,
 }
 #[derive(Copy, Clone)]
 #[repr(C)]
@@ -77,7 +79,7 @@ pub struct call_context {
     pub v: [_v; 8],
     pub x: [UINT64; 8],
 }
-pub type UINT64 = ::core::ffi::c_ulong;
+pub type UINT64 = core::ffi::c_ulong;
 #[derive(Copy, Clone)]
 #[repr(C)]
 pub struct _v {
@@ -89,84 +91,84 @@ pub union _d {
     pub d: UINT64,
     pub s: [UINT32; 2],
 }
-pub type UINT32 = ::core::ffi::c_uint;
+pub type UINT32 = core::ffi::c_uint;
 #[derive(Copy, Clone)]
 #[repr(C)]
 pub struct arg_state {
-    pub ngrn: ::core::ffi::c_uint,
-    pub nsrn: ::core::ffi::c_uint,
+    pub ngrn: core::ffi::c_uint,
+    pub nsrn: core::ffi::c_uint,
     pub nsaa: size_t,
     pub next_struct_area: size_t,
-    pub allocating_variadic: ::core::ffi::c_uint,
+    pub allocating_variadic: core::ffi::c_uint,
 }
-pub type SINT32 = ::core::ffi::c_int;
-pub type SINT16 = ::core::ffi::c_short;
-pub type UINT16 = ::core::ffi::c_ushort;
-pub type SINT8 = ::core::ffi::c_schar;
-pub type UINT8 = ::core::ffi::c_uchar;
-pub const __DARWIN_NULL: *mut ::core::ffi::c_void = ::core::ptr::null_mut::<::core::ffi::c_void>();
-pub const NULL: *mut ::core::ffi::c_void = __DARWIN_NULL;
-pub const FFI_TYPE_VOID: ::core::ffi::c_int = 0;
-pub const FFI_TYPE_INT: ::core::ffi::c_int = 1;
-pub const FFI_TYPE_FLOAT: ::core::ffi::c_int = 2;
-pub const FFI_TYPE_DOUBLE: ::core::ffi::c_int = 3;
-pub const FFI_TYPE_UINT8: ::core::ffi::c_int = 5;
-pub const FFI_TYPE_SINT8: ::core::ffi::c_int = 6;
-pub const FFI_TYPE_UINT16: ::core::ffi::c_int = 7;
-pub const FFI_TYPE_SINT16: ::core::ffi::c_int = 8;
-pub const FFI_TYPE_UINT32: ::core::ffi::c_int = 9;
-pub const FFI_TYPE_SINT32: ::core::ffi::c_int = 10;
-pub const FFI_TYPE_UINT64: ::core::ffi::c_int = 11;
-pub const FFI_TYPE_SINT64: ::core::ffi::c_int = 12;
-pub const FFI_TYPE_STRUCT: ::core::ffi::c_int = 13 as ::core::ffi::c_int;
-pub const FFI_TYPE_POINTER: ::core::ffi::c_int = 14;
-pub const FFI_TYPE_COMPLEX: ::core::ffi::c_int = 15 as ::core::ffi::c_int;
-pub const FFI_TYPE_UINT128: ::core::ffi::c_int = 16;
-pub const FFI_TYPE_SINT128: ::core::ffi::c_int = 17;
-pub const AARCH64_RET_VOID: ::core::ffi::c_int = 0 as ::core::ffi::c_int;
-pub const AARCH64_RET_INT64: ::core::ffi::c_int = 1 as ::core::ffi::c_int;
-pub const AARCH64_RET_INT128: ::core::ffi::c_int = 2 as ::core::ffi::c_int;
-pub const AARCH64_RET_S4: ::core::ffi::c_int = 8 as ::core::ffi::c_int;
-pub const AARCH64_RET_S3: ::core::ffi::c_int = 9;
-pub const AARCH64_RET_S2: ::core::ffi::c_int = 10;
-pub const AARCH64_RET_S1: ::core::ffi::c_int = 11;
-pub const AARCH64_RET_D4: ::core::ffi::c_int = 12;
-pub const AARCH64_RET_D3: ::core::ffi::c_int = 13;
-pub const AARCH64_RET_D2: ::core::ffi::c_int = 14;
-pub const AARCH64_RET_D1: ::core::ffi::c_int = 15;
-pub const AARCH64_RET_UINT8: ::core::ffi::c_int = 20 as ::core::ffi::c_int;
-pub const AARCH64_RET_UINT16: ::core::ffi::c_int = 22 as ::core::ffi::c_int;
-pub const AARCH64_RET_UINT32: ::core::ffi::c_int = 24 as ::core::ffi::c_int;
-pub const AARCH64_RET_SINT8: ::core::ffi::c_int = 26 as ::core::ffi::c_int;
-pub const AARCH64_RET_SINT16: ::core::ffi::c_int = 28 as ::core::ffi::c_int;
-pub const AARCH64_RET_SINT32: ::core::ffi::c_int = 30 as ::core::ffi::c_int;
-pub const AARCH64_RET_IN_MEM: ::core::ffi::c_int =
-    (1 as ::core::ffi::c_int) << 5 as ::core::ffi::c_int;
-pub const AARCH64_RET_NEED_COPY: ::core::ffi::c_int =
-    (1 as ::core::ffi::c_int) << 6 as ::core::ffi::c_int;
-pub const AARCH64_FLAG_ARG_V_BIT: ::core::ffi::c_int = 7 as ::core::ffi::c_int;
-pub const AARCH64_FLAG_ARG_V: ::core::ffi::c_int =
-    (1 as ::core::ffi::c_int) << AARCH64_FLAG_ARG_V_BIT;
-pub const AARCH64_FLAG_VARARG: ::core::ffi::c_int =
-    (1 as ::core::ffi::c_int) << 8 as ::core::ffi::c_int;
-pub const N_X_ARG_REG: ::core::ffi::c_int = 8 as ::core::ffi::c_int;
-pub const N_V_ARG_REG: ::core::ffi::c_int = 8 as ::core::ffi::c_int;
-pub const FFI_TYPE_LONGDOUBLE: ::core::ffi::c_int = 4;
-pub const PAGE_MAX_SHIFT: ::core::ffi::c_int = 14 as ::core::ffi::c_int;
-pub const PAGE_MAX_SIZE: ::core::ffi::c_int = (1 as ::core::ffi::c_int) << PAGE_MAX_SHIFT;
-unsafe extern "C" fn is_hfa0(mut ty: *const ffi_type) -> ::core::ffi::c_int {
+pub type SINT32 = core::ffi::c_int;
+pub type SINT16 = core::ffi::c_short;
+pub type UINT16 = core::ffi::c_ushort;
+pub type SINT8 = core::ffi::c_schar;
+pub type UINT8 = core::ffi::c_uchar;
+pub const __DARWIN_NULL: *mut core::ffi::c_void = core::ptr::null_mut::<core::ffi::c_void>();
+pub const NULL: *mut core::ffi::c_void = __DARWIN_NULL;
+pub const FFI_TYPE_VOID: core::ffi::c_int = 0;
+pub const FFI_TYPE_INT: core::ffi::c_int = 1;
+pub const FFI_TYPE_FLOAT: core::ffi::c_int = 2;
+pub const FFI_TYPE_DOUBLE: core::ffi::c_int = 3;
+pub const FFI_TYPE_UINT8: core::ffi::c_int = 5;
+pub const FFI_TYPE_SINT8: core::ffi::c_int = 6;
+pub const FFI_TYPE_UINT16: core::ffi::c_int = 7;
+pub const FFI_TYPE_SINT16: core::ffi::c_int = 8;
+pub const FFI_TYPE_UINT32: core::ffi::c_int = 9;
+pub const FFI_TYPE_SINT32: core::ffi::c_int = 10;
+pub const FFI_TYPE_UINT64: core::ffi::c_int = 11;
+pub const FFI_TYPE_SINT64: core::ffi::c_int = 12;
+pub const FFI_TYPE_STRUCT: core::ffi::c_int = 13 as core::ffi::c_int;
+pub const FFI_TYPE_POINTER: core::ffi::c_int = 14;
+pub const FFI_TYPE_COMPLEX: core::ffi::c_int = 15 as core::ffi::c_int;
+pub const FFI_TYPE_UINT128: core::ffi::c_int = 16;
+pub const FFI_TYPE_SINT128: core::ffi::c_int = 17;
+pub const AARCH64_RET_VOID: core::ffi::c_int = 0 as core::ffi::c_int;
+pub const AARCH64_RET_INT64: core::ffi::c_int = 1 as core::ffi::c_int;
+pub const AARCH64_RET_INT128: core::ffi::c_int = 2 as core::ffi::c_int;
+pub const AARCH64_RET_S4: core::ffi::c_int = 8 as core::ffi::c_int;
+pub const AARCH64_RET_S3: core::ffi::c_int = 9;
+pub const AARCH64_RET_S2: core::ffi::c_int = 10;
+pub const AARCH64_RET_S1: core::ffi::c_int = 11;
+pub const AARCH64_RET_D4: core::ffi::c_int = 12;
+pub const AARCH64_RET_D3: core::ffi::c_int = 13;
+pub const AARCH64_RET_D2: core::ffi::c_int = 14;
+pub const AARCH64_RET_D1: core::ffi::c_int = 15;
+pub const AARCH64_RET_UINT8: core::ffi::c_int = 20 as core::ffi::c_int;
+pub const AARCH64_RET_UINT16: core::ffi::c_int = 22 as core::ffi::c_int;
+pub const AARCH64_RET_UINT32: core::ffi::c_int = 24 as core::ffi::c_int;
+pub const AARCH64_RET_SINT8: core::ffi::c_int = 26 as core::ffi::c_int;
+pub const AARCH64_RET_SINT16: core::ffi::c_int = 28 as core::ffi::c_int;
+pub const AARCH64_RET_SINT32: core::ffi::c_int = 30 as core::ffi::c_int;
+pub const AARCH64_RET_IN_MEM: core::ffi::c_int =
+    (1 as core::ffi::c_int) << 5 as core::ffi::c_int;
+pub const AARCH64_RET_NEED_COPY: core::ffi::c_int =
+    (1 as core::ffi::c_int) << 6 as core::ffi::c_int;
+pub const AARCH64_FLAG_ARG_V_BIT: core::ffi::c_int = 7 as core::ffi::c_int;
+pub const AARCH64_FLAG_ARG_V: core::ffi::c_int =
+    (1 as core::ffi::c_int) << AARCH64_FLAG_ARG_V_BIT;
+pub const AARCH64_FLAG_VARARG: core::ffi::c_int =
+    (1 as core::ffi::c_int) << 8 as core::ffi::c_int;
+pub const N_X_ARG_REG: core::ffi::c_int = 8 as core::ffi::c_int;
+pub const N_V_ARG_REG: core::ffi::c_int = 8 as core::ffi::c_int;
+pub const FFI_TYPE_LONGDOUBLE: core::ffi::c_int = 4;
+pub const PAGE_MAX_SHIFT: core::ffi::c_int = 14 as core::ffi::c_int;
+pub const PAGE_MAX_SIZE: core::ffi::c_int = (1 as core::ffi::c_int) << PAGE_MAX_SHIFT;
+unsafe extern "C" fn is_hfa0(mut ty: *const ffi_type) -> core::ffi::c_int {
     let mut elements: *mut *mut ffi_type = (*ty).elements as *mut *mut ffi_type;
-    let mut i: ::core::ffi::c_int = 0;
-    let mut ret: ::core::ffi::c_int = -(1 as ::core::ffi::c_int);
+    let mut i: core::ffi::c_int = 0;
+    let mut ret: core::ffi::c_int = -(1 as core::ffi::c_int);
     if !elements.is_null() {
-        i = 0 as ::core::ffi::c_int;
+        i = 0 as core::ffi::c_int;
         while !(*elements.offset(i as isize)).is_null() {
-            ret = (**elements.offset(i as isize)).type_0 as ::core::ffi::c_int;
+            ret = (**elements.offset(i as isize)).type_0 as core::ffi::c_int;
             if !(ret == FFI_TYPE_STRUCT || ret == FFI_TYPE_COMPLEX) {
                 break;
             }
             ret = is_hfa0(*elements.offset(i as isize));
-            if !(ret < 0 as ::core::ffi::c_int) {
+            if !(ret < 0 as core::ffi::c_int) {
                 break;
             }
             i += 1;
@@ -176,61 +178,61 @@ unsafe extern "C" fn is_hfa0(mut ty: *const ffi_type) -> ::core::ffi::c_int {
 }
 unsafe extern "C" fn is_hfa1(
     mut ty: *const ffi_type,
-    mut candidate: ::core::ffi::c_int,
-) -> ::core::ffi::c_int {
+    mut candidate: core::ffi::c_int,
+) -> core::ffi::c_int {
     let mut elements: *mut *mut ffi_type = (*ty).elements as *mut *mut ffi_type;
-    let mut i: ::core::ffi::c_int = 0;
+    let mut i: core::ffi::c_int = 0;
     if !elements.is_null() {
-        i = 0 as ::core::ffi::c_int;
+        i = 0 as core::ffi::c_int;
         while !(*elements.offset(i as isize)).is_null() {
-            let mut t: ::core::ffi::c_int =
-                (**elements.offset(i as isize)).type_0 as ::core::ffi::c_int;
+            let mut t: core::ffi::c_int =
+                (**elements.offset(i as isize)).type_0 as core::ffi::c_int;
             if t == FFI_TYPE_STRUCT || t == FFI_TYPE_COMPLEX {
                 if is_hfa1(*elements.offset(i as isize), candidate) == 0 {
-                    return 0 as ::core::ffi::c_int;
+                    return 0 as core::ffi::c_int;
                 }
             } else if t != candidate {
-                return 0 as ::core::ffi::c_int;
+                return 0 as core::ffi::c_int;
             }
             i += 1;
         }
     }
-    return 1 as ::core::ffi::c_int;
+    return 1 as core::ffi::c_int;
 }
-unsafe extern "C" fn is_vfp_type(mut ty: *const ffi_type) -> ::core::ffi::c_int {
-    let mut elements: *mut *mut ffi_type = ::core::ptr::null_mut::<*mut ffi_type>();
-    let mut candidate: ::core::ffi::c_int = 0;
-    let mut i: ::core::ffi::c_int = 0;
+unsafe extern "C" fn is_vfp_type(mut ty: *const ffi_type) -> core::ffi::c_int {
+    let mut elements: *mut *mut ffi_type = core::ptr::null_mut::<*mut ffi_type>();
+    let mut candidate: core::ffi::c_int = 0;
+    let mut i: core::ffi::c_int = 0;
     let mut size: size_t = 0;
     let mut ele_count: size_t = 0;
-    candidate = (*ty).type_0 as ::core::ffi::c_int;
+    candidate = (*ty).type_0 as core::ffi::c_int;
     match candidate {
         FFI_TYPE_FLOAT | FFI_TYPE_DOUBLE | FFI_TYPE_LONGDOUBLE => {
             ele_count = 1 as size_t;
         }
         FFI_TYPE_COMPLEX => {
-            candidate = (**(*ty).elements.offset(0 as ::core::ffi::c_int as isize)).type_0
-                as ::core::ffi::c_int;
+            candidate = (**(*ty).elements.offset(0 as core::ffi::c_int as isize)).type_0
+                as core::ffi::c_int;
             match candidate {
                 FFI_TYPE_FLOAT | FFI_TYPE_DOUBLE | FFI_TYPE_LONGDOUBLE => {
                     ele_count = 2 as size_t;
                 }
-                _ => return 0 as ::core::ffi::c_int,
+                _ => return 0 as core::ffi::c_int,
             }
         }
         FFI_TYPE_STRUCT => {
             size = (*ty).size;
             if size < 4 as size_t || size > 64 as size_t {
-                return 0 as ::core::ffi::c_int;
+                return 0 as core::ffi::c_int;
             }
             elements = (*ty).elements as *mut *mut ffi_type;
             candidate =
-                (**elements.offset(0 as ::core::ffi::c_int as isize)).type_0 as ::core::ffi::c_int;
+                (**elements.offset(0 as core::ffi::c_int as isize)).type_0 as core::ffi::c_int;
             if candidate == FFI_TYPE_STRUCT || candidate == FFI_TYPE_COMPLEX {
-                i = 0 as ::core::ffi::c_int;
+                i = 0 as core::ffi::c_int;
                 loop {
                     candidate = is_hfa0(*elements.offset(i as isize));
-                    if candidate >= 0 as ::core::ffi::c_int {
+                    if candidate >= 0 as core::ffi::c_int {
                         break;
                     }
                     i += 1;
@@ -239,71 +241,71 @@ unsafe extern "C" fn is_vfp_type(mut ty: *const ffi_type) -> ::core::ffi::c_int
             match candidate {
                 FFI_TYPE_FLOAT => {
                     ele_count =
-                        size.wrapping_div(::core::mem::size_of::<::core::ffi::c_float>() as size_t);
+                        size.wrapping_div(core::mem::size_of::<core::ffi::c_float>() as size_t);
                     if size
                         != ele_count
-                            .wrapping_mul(::core::mem::size_of::<::core::ffi::c_float>() as size_t)
+                            .wrapping_mul(core::mem::size_of::<core::ffi::c_float>() as size_t)
                     {
-                        return 0 as ::core::ffi::c_int;
+                        return 0 as core::ffi::c_int;
                     }
                 }
                 FFI_TYPE_DOUBLE => {
                     ele_count = size
-                        .wrapping_div(::core::mem::size_of::<::core::ffi::c_double>() as size_t);
+                        .wrapping_div(core::mem::size_of::<core::ffi::c_double>() as size_t);
                     if size
                         != ele_count
-                            .wrapping_mul(::core::mem::size_of::<::core::ffi::c_double>() as size_t)
+                            .wrapping_mul(core::mem::size_of::<core::ffi::c_double>() as size_t)
                     {
-                        return 0 as ::core::ffi::c_int;
+                        return 0 as core::ffi::c_int;
                     }
                 }
                 FFI_TYPE_LONGDOUBLE => {
                     ele_count = size
-                        .wrapping_div(::core::mem::size_of::<::core::ffi::c_double>() as size_t);
+                        .wrapping_div(core::mem::size_of::<core::ffi::c_double>() as size_t);
                     if size
                         != ele_count
-                            .wrapping_mul(::core::mem::size_of::<::core::ffi::c_double>() as size_t)
+                            .wrapping_mul(core::mem::size_of::<core::ffi::c_double>() as size_t)
                     {
-                        return 0 as ::core::ffi::c_int;
+                        return 0 as core::ffi::c_int;
                     }
                 }
-                _ => return 0 as ::core::ffi::c_int,
+                _ => return 0 as core::ffi::c_int,
             }
             if ele_count > 4 as size_t {
-                return 0 as ::core::ffi::c_int;
+                return 0 as core::ffi::c_int;
             }
-            i = 0 as ::core::ffi::c_int;
+            i = 0 as core::ffi::c_int;
             while !(*elements.offset(i as isize)).is_null() {
-                let mut t: ::core::ffi::c_int =
-                    (**elements.offset(i as isize)).type_0 as ::core::ffi::c_int;
+                let mut t: core::ffi::c_int =
+                    (**elements.offset(i as isize)).type_0 as core::ffi::c_int;
                 if t == FFI_TYPE_STRUCT || t == FFI_TYPE_COMPLEX {
                     if is_hfa1(*elements.offset(i as isize), candidate) == 0 {
-                        return 0 as ::core::ffi::c_int;
+                        return 0 as core::ffi::c_int;
                     }
                 } else if t != candidate {
-                    return 0 as ::core::ffi::c_int;
+                    return 0 as core::ffi::c_int;
                 }
                 i += 1;
             }
         }
-        _ => return 0 as ::core::ffi::c_int,
+        _ => return 0 as core::ffi::c_int,
     }
-    return candidate * 4 as ::core::ffi::c_int
-        + (4 as ::core::ffi::c_int - ele_count as ::core::ffi::c_int);
+    return candidate * 4 as core::ffi::c_int
+        + (4 as core::ffi::c_int - ele_count as core::ffi::c_int);
 }
 unsafe extern "C" fn arg_init(mut state: *mut arg_state, mut size: size_t) {
-    (*state).ngrn = 0 as ::core::ffi::c_uint;
-    (*state).nsrn = 0 as ::core::ffi::c_uint;
+    (*state).ngrn = 0 as core::ffi::c_uint;
+    (*state).nsrn = 0 as core::ffi::c_uint;
     (*state).nsaa = 0 as size_t;
     (*state).next_struct_area = size;
-    (*state).allocating_variadic = 0 as ::core::ffi::c_uint;
+    (*state).allocating_variadic = 0 as core::ffi::c_uint;
 }
 unsafe extern "C" fn allocate_to_stack(
     mut state: *mut arg_state,
-    mut stack: *mut ::core::ffi::c_void,
+    mut stack: *mut core::ffi::c_void,
     mut alignment: size_t,
     mut size: size_t,
-) -> *mut ::core::ffi::c_void {
+) -> *mut core::ffi::c_void {
     let mut nsaa: size_t = (*state).nsaa;
     if (*state).allocating_variadic != 0 && alignment < 8 as size_t {
         alignment = 8 as size_t;
@@ -311,98 +313,98 @@ unsafe extern "C" fn allocate_to_stack(
     nsaa = (nsaa.wrapping_sub(1 as size_t) | alignment.wrapping_sub(1 as size_t))
         .wrapping_add(1 as size_t);
     (*state).nsaa = nsaa.wrapping_add(size);
-    return (stack as *mut ::core::ffi::c_char).offset(nsaa as isize) as *mut ::core::ffi::c_void;
+    return (stack as *mut core::ffi::c_char).offset(nsaa as isize) as *mut core::ffi::c_void;
 }
 unsafe extern "C" fn allocate_and_copy_struct_to_stack(
     mut state: *mut arg_state,
-    mut stack: *mut ::core::ffi::c_void,
+    mut stack: *mut core::ffi::c_void,
     mut alignment: size_t,
     mut size: size_t,
-    mut value: *mut ::core::ffi::c_void,
-) -> *mut ::core::ffi::c_void {
+    mut value: *mut core::ffi::c_void,
+) -> *mut core::ffi::c_void {
     let mut dest: size_t = (*state).next_struct_area.wrapping_sub(size);
     dest = dest & alignment.wrapping_neg();
     (*state).next_struct_area = dest;
     return memcpy(
-        (stack as *mut ::core::ffi::c_char).offset(dest as isize) as *mut ::core::ffi::c_void,
+        (stack as *mut core::ffi::c_char).offset(dest as isize) as *mut core::ffi::c_void,
         value,
         size,
     );
 }
 unsafe extern "C" fn extend_integer_type(
-    mut source: *mut ::core::ffi::c_void,
-    mut type_0: ::core::ffi::c_int,
+    mut source: *mut core::ffi::c_void,
+    mut type_0: core::ffi::c_int,
 ) -> ffi_arg {
     match type_0 {
         FFI_TYPE_UINT8 => {
             let mut u8: UINT8 = 0;
             memcpy(
-                &raw mut u8 as *mut ::core::ffi::c_void,
+                &raw mut u8 as *mut core::ffi::c_void,
                 source,
-                ::core::mem::size_of::<UINT8>() as size_t,
+                core::mem::size_of::<UINT8>() as size_t,
             );
             return u8 as ffi_arg;
         }
         FFI_TYPE_SINT8 => {
             let mut s8: SINT8 = 0;
             memcpy(
-                &raw mut s8 as *mut ::core::ffi::c_void,
+                &raw mut s8 as *mut core::ffi::c_void,
                 source,
-                ::core::mem::size_of::<SINT8>() as size_t,
+                core::mem::size_of::<SINT8>() as size_t,
             );
             return s8 as ffi_arg;
         }
         FFI_TYPE_UINT16 => {
             let mut u16: UINT16 = 0;
             memcpy(
-                &raw mut u16 as *mut ::core::ffi::c_void,
+                &raw mut u16 as *mut core::ffi::c_void,
                 source,
-                ::core::mem::size_of::<UINT16>() as size_t,
+                core::mem::size_of::<UINT16>() as size_t,
             );
             return u16 as ffi_arg;
         }
         FFI_TYPE_SINT16 => {
             let mut s16: SINT16 = 0;
             memcpy(
-                &raw mut s16 as *mut ::core::ffi::c_void,
+                &raw mut s16 as *mut core::ffi::c_void,
                 source,
-                ::core::mem::size_of::<SINT16>() as size_t,
+                core::mem::size_of::<SINT16>() as size_t,
             );
             return s16 as ffi_arg;
         }
         FFI_TYPE_UINT32 => {
             let mut u32: UINT32 = 0;
             memcpy(
-                &raw mut u32 as *mut ::core::ffi::c_void,
+                &raw mut u32 as *mut core::ffi::c_void,
                 source,
-                ::core::mem::size_of::<UINT32>() as size_t,
+                core::mem::size_of::<UINT32>() as size_t,
             );
             return u32 as ffi_arg;
         }
         FFI_TYPE_INT | FFI_TYPE_SINT32 => {
             let mut s32: SINT32 = 0;
             memcpy(
-                &raw mut s32 as *mut ::core::ffi::c_void,
+                &raw mut s32 as *mut core::ffi::c_void,
                 source,
-                ::core::mem::size_of::<SINT32>() as size_t,
+                core::mem::size_of::<SINT32>() as size_t,
             );
             return s32 as ffi_arg;
         }
         FFI_TYPE_UINT64 | FFI_TYPE_SINT64 => {
             let mut u64: UINT64 = 0;
             memcpy(
-                &raw mut u64 as *mut ::core::ffi::c_void,
+                &raw mut u64 as *mut core::ffi::c_void,
                 source,
-                ::core::mem::size_of::<UINT64>() as size_t,
+                core::mem::size_of::<UINT64>() as size_t,
             );
             return u64 as ffi_arg;
         }
         FFI_TYPE_POINTER => {
             let mut uptr: uintptr_t = 0;
             memcpy(
-                &raw mut uptr as *mut ::core::ffi::c_void,
+                &raw mut uptr as *mut core::ffi::c_void,
                 source,
-                ::core::mem::size_of::<uintptr_t>() as size_t,
+                core::mem::size_of::<uintptr_t>() as size_t,
             );
             return uptr as ffi_arg;
         }
@@ -412,12 +414,12 @@ unsafe extern "C" fn extend_integer_type(
     };
 }
 unsafe extern "C" fn extend_hfa_type(
-    mut dest: *mut ::core::ffi::c_void,
-    mut src: *mut ::core::ffi::c_void,
-    mut h: ::core::ffi::c_int,
+    mut dest: *mut core::ffi::c_void,
+    mut src: *mut core::ffi::c_void,
+    mut h: core::ffi::c_int,
 ) {
     let mut f: ssize_t = (h - AARCH64_RET_S4) as ssize_t;
-    let mut x0: *mut ::core::ffi::c_void = ::core::ptr::null_mut::<::core::ffi::c_void>();
+    let mut x0: *mut core::ffi::c_void = core::ptr::null_mut::<core::ffi::c_void>();
     asm!(
         "adr\t{0}, 0f\n", "\tadd\t{0}, {0}, {1}\n", "\tbr\t{0}\n", "0:\thint #36\n",
         "\tldp\ts16, s17, [{3}]\n", "\tldp\ts18, s19, [{3}, #8]\n", "\tb\t4f\n",
@@ -439,14 +441,14 @@ unsafe extern "C" fn extend_hfa_type(
     );
 }
 unsafe extern "C" fn compress_hfa_type(
-    mut dest: *mut ::core::ffi::c_void,
-    mut reg: *mut ::core::ffi::c_void,
-    mut h: ::core::ffi::c_int,
-) -> *mut ::core::ffi::c_void {
+    mut dest: *mut core::ffi::c_void,
+    mut reg: *mut core::ffi::c_void,
+    mut h: core::ffi::c_int,
+) -> *mut core::ffi::c_void {
     match h {
         AARCH64_RET_S1 => {
             if !(dest == reg) {
-                *(dest as *mut ::core::ffi::c_float) = *(reg as *mut ::core::ffi::c_float);
+                *(dest as *mut core::ffi::c_float) = *(reg as *mut core::ffi::c_float);
             }
         }
         AARCH64_RET_S2 => {
@@ -474,7 +476,7 @@ unsafe extern "C" fn compress_hfa_type(
         }
         AARCH64_RET_D1 => {
             if !(dest == reg) {
-                *(dest as *mut ::core::ffi::c_double) = *(reg as *mut ::core::ffi::c_double);
+                *(dest as *mut core::ffi::c_double) = *(reg as *mut core::ffi::c_double);
             }
         }
         AARCH64_RET_D2 => {
@@ -505,8 +507,8 @@ unsafe extern "C" fn compress_hfa_type(
                 return memcpy(
                     dest,
                     reg,
-                    (16 as ::core::ffi::c_int
-                        * (4 as ::core::ffi::c_int - (h & 3 as ::core::ffi::c_int)))
+                    (16 as core::ffi::c_int
+                        * (4 as core::ffi::c_int - (h & 3 as core::ffi::c_int)))
                         as size_t,
                 );
             }
@@ -517,32 +519,32 @@ unsafe extern "C" fn compress_hfa_type(
 unsafe extern "C" fn allocate_int_to_reg_or_stack(
     mut context: *mut call_context,
     mut state: *mut arg_state,
-    mut stack: *mut ::core::ffi::c_void,
+    mut stack: *mut core::ffi::c_void,
     mut size: size_t,
-) -> *mut ::core::ffi::c_void {
-    if (*state).ngrn < N_X_ARG_REG as ::core::ffi::c_uint {
+) -> *mut core::ffi::c_void {
+    if (*state).ngrn < N_X_ARG_REG as core::ffi::c_uint {
         let fresh3 = (*state).ngrn;
         (*state).ngrn = (*state).ngrn.wrapping_add(1);
         return (&raw mut (*context).x as *mut UINT64).offset(fresh3 as isize) as *mut UINT64
-            as *mut ::core::ffi::c_void;
+            as *mut core::ffi::c_void;
     }
-    (*state).ngrn = N_X_ARG_REG as ::core::ffi::c_uint;
+    (*state).ngrn = N_X_ARG_REG as core::ffi::c_uint;
     return allocate_to_stack(state, stack, size, size);
 }
 unsafe extern "C" fn allocate_int128_to_reg_or_stack(
     mut context: *mut call_context,
     mut state: *mut arg_state,
-    mut stack: *mut ::core::ffi::c_void,
-) -> *mut ::core::ffi::c_void {
-    let mut ngrn: ::core::ffi::c_uint = (*state).ngrn;
-    let mut ret: *mut ::core::ffi::c_void = ::core::ptr::null_mut::<::core::ffi::c_void>();
-    if ngrn < N_X_ARG_REG as ::core::ffi::c_uint {
+    mut stack: *mut core::ffi::c_void,
+) -> *mut core::ffi::c_void {
+    let mut ngrn: core::ffi::c_uint = (*state).ngrn;
+    let mut ret: *mut core::ffi::c_void = core::ptr::null_mut::<core::ffi::c_void>();
+    if ngrn < N_X_ARG_REG as core::ffi::c_uint {
         ret = (&raw mut (*context).x as *mut UINT64).offset(ngrn as isize) as *mut UINT64
-            as *mut ::core::ffi::c_void;
-        ngrn = ngrn.wrapping_add(2 as ::core::ffi::c_uint);
+            as *mut core::ffi::c_void;
+        ngrn = ngrn.wrapping_add(2 as core::ffi::c_uint);
     } else {
         ret = allocate_to_stack(state, stack, 16 as size_t, 16 as size_t);
-        ngrn = N_X_ARG_REG as ::core::ffi::c_uint;
+        ngrn = N_X_ARG_REG as core::ffi::c_uint;
     }
     (*state).ngrn = ngrn;
     return ret;
@@ -551,10 +553,10 @@ unsafe extern "C" fn allocate_int128_to_reg_or_stack(
 pub unsafe extern "C" fn ffi_prep_cif_machdep(mut cif: *mut ffi_cif) -> ffi_status {
     let mut rtype: *mut ffi_type = (*cif).rtype;
     let mut bytes: size_t = (*cif).bytes as size_t;
-    let mut flags: ::core::ffi::c_int = 0;
-    let mut i: ::core::ffi::c_int = 0;
-    let mut n: ::core::ffi::c_int = 0;
-    match (*rtype).type_0 as ::core::ffi::c_int {
+    let mut flags: core::ffi::c_int = 0;
+    let mut i: core::ffi::c_int = 0;
+    let mut n: core::ffi::c_int = 0;
+    match (*rtype).type_0 as core::ffi::c_int {
         FFI_TYPE_VOID => {
             flags = AARCH64_RET_VOID;
         }
@@ -580,7 +582,7 @@ pub unsafe extern "C" fn ffi_prep_cif_machdep(mut cif: *mut ffi_cif) -> ffi_stat
             flags = AARCH64_RET_INT64;
         }
         FFI_TYPE_POINTER => {
-            flags = if ::core::mem::size_of::<*mut ::core::ffi::c_void>() as usize == 4 as usize {
+            flags = if core::mem::size_of::<*mut core::ffi::c_void>() as usize == 4 as usize {
                 AARCH64_RET_UINT32
             } else {
                 AARCH64_RET_INT64
@@ -592,7 +594,7 @@ pub unsafe extern "C" fn ffi_prep_cif_machdep(mut cif: *mut ffi_cif) -> ffi_stat
         FFI_TYPE_FLOAT | FFI_TYPE_DOUBLE | FFI_TYPE_LONGDOUBLE | FFI_TYPE_STRUCT
         | FFI_TYPE_COMPLEX => {
             flags = is_vfp_type(rtype);
-            if flags == 0 as ::core::ffi::c_int {
+            if flags == 0 as core::ffi::c_int {
                 let mut s: size_t = (*rtype).size;
                 if s > 16 as size_t {
                     flags = AARCH64_RET_VOID | AARCH64_RET_IN_MEM;
@@ -610,8 +612,8 @@ pub unsafe extern "C" fn ffi_prep_cif_machdep(mut cif: *mut ffi_cif) -> ffi_stat
             abort();
         }
     }
-    i = 0 as ::core::ffi::c_int;
-    n = (*cif).nargs as ::core::ffi::c_int;
+    i = 0 as core::ffi::c_int;
+    n = (*cif).nargs as core::ffi::c_int;
     while i < n {
         if is_vfp_type(*(*cif).arg_types.offset(i as isize)) != 0 {
             flags |= AARCH64_FLAG_ARG_V;
@@ -621,17 +623,17 @@ pub unsafe extern "C" fn ffi_prep_cif_machdep(mut cif: *mut ffi_cif) -> ffi_stat
         }
     }
     (*cif).bytes = (bytes.wrapping_sub(1 as size_t)
-        | (16 as ::core::ffi::c_int - 1 as ::core::ffi::c_int) as size_t)
-        .wrapping_add(1 as size_t) as ::core::ffi::c_uint;
-    (*cif).flags = flags as ::core::ffi::c_uint;
-    (*cif).aarch64_nfixedargs = 0 as ::core::ffi::c_uint;
+        | (16 as core::ffi::c_int - 1 as core::ffi::c_int) as size_t)
+        .wrapping_add(1 as size_t) as core::ffi::c_uint;
+    (*cif).flags = flags as core::ffi::c_uint;
+    (*cif).aarch64_nfixedargs = 0 as core::ffi::c_uint;
     return FFI_OK;
 }
 #[no_mangle]
 pub unsafe extern "C" fn ffi_prep_cif_machdep_var(
     mut cif: *mut ffi_cif,
-    mut nfixedargs: ::core::ffi::c_uint,
-    mut ntotalargs: ::core::ffi::c_uint,
+    mut nfixedargs: core::ffi::c_uint,
+    mut ntotalargs: core::ffi::c_uint,
 ) -> ffi_status {
     let mut status: ffi_status = ffi_prep_cif_machdep(cif);
     (*cif).aarch64_nfixedargs = nfixedargs;
@@ -640,15 +642,15 @@ pub unsafe extern "C" fn ffi_prep_cif_machdep_var(
 unsafe extern "C" fn ffi_call_int(
     mut cif: *mut ffi_cif,
     mut fn_0: Option<unsafe extern "C" fn() -> ()>,
-    mut orig_rvalue: *mut ::core::ffi::c_void,
-    mut avalue: *mut *mut ::core::ffi::c_void,
-    mut closure: *mut ::core::ffi::c_void,
+    mut orig_rvalue: *mut core::ffi::c_void,
+    mut avalue: *mut *mut core::ffi::c_void,
+    mut closure: *mut core::ffi::c_void,
 ) {
     let mut alloca_allocations: Vec<Vec<u8>> = Vec::new();
-    let mut context: *mut call_context = ::core::ptr::null_mut::<call_context>();
-    let mut stack: *mut ::core::ffi::c_void = ::core::ptr::null_mut::<::core::ffi::c_void>();
-    let mut frame: *mut ::core::ffi::c_void = ::core::ptr::null_mut::<::core::ffi::c_void>();
-    let mut rvalue: *mut ::core::ffi::c_void = ::core::ptr::null_mut::<::core::ffi::c_void>();
+    let mut context: *mut call_context = core::ptr::null_mut::<call_context>();
+    let mut stack: *mut core::ffi::c_void = core::ptr::null_mut::<core::ffi::c_void>();
+    let mut frame: *mut core::ffi::c_void = core::ptr::null_mut::<core::ffi::c_void>();
+    let mut rvalue: *mut core::ffi::c_void = core::ptr::null_mut::<core::ffi::c_void>();
     let mut state: arg_state = arg_state {
         ngrn: 0,
         nsrn: 0,
@@ -659,17 +661,17 @@ unsafe extern "C" fn ffi_call_int(
     let mut stack_bytes: size_t = 0;
     let mut rtype_size: size_t = 0;
     let mut rsize: size_t = 0;
-    let mut i: ::core::ffi::c_int = 0;
-    let mut nargs: ::core::ffi::c_int = 0;
-    let mut flags: ::core::ffi::c_int = 0;
-    let mut isvariadic: ::core::ffi::c_int = 0 as ::core::ffi::c_int;
-    let mut rtype: *mut ffi_type = ::core::ptr::null_mut::<ffi_type>();
-    flags = (*cif).flags as ::core::ffi::c_int;
+    let mut i: core::ffi::c_int = 0;
+    let mut nargs: core::ffi::c_int = 0;
+    let mut flags: core::ffi::c_int = 0;
+    let mut isvariadic: core::ffi::c_int = 0 as core::ffi::c_int;
+    let mut rtype: *mut ffi_type = core::ptr::null_mut::<ffi_type>();
+    flags = (*cif).flags as core::ffi::c_int;
     rtype = (*cif).rtype;
     rtype_size = (*rtype).size;
     stack_bytes = (*cif).bytes as size_t;
     if flags & AARCH64_FLAG_VARARG != 0 {
-        isvariadic = 1 as ::core::ffi::c_int;
+        isvariadic = 1 as core::ffi::c_int;
         flags &= !AARCH64_FLAG_VARARG;
     }
     rsize = 0 as size_t;
@@ -684,31 +686,31 @@ unsafe extern "C" fn ffi_call_int(
     }
     alloca_allocations.push(::std::vec::from_elem(
         0,
-        (::core::mem::size_of::<call_context>() as usize)
+        (core::mem::size_of::<call_context>() as usize)
             .wrapping_add(stack_bytes as usize)
             .wrapping_add(40 as usize)
             .wrapping_add(rsize as usize) as usize,
     ));
     context = alloca_allocations.last_mut().unwrap().as_mut_ptr() as *mut call_context;
-    stack = context.offset(1 as ::core::ffi::c_int as isize) as *mut ::core::ffi::c_void;
-    frame = (stack as uintptr_t).wrapping_add(stack_bytes as uintptr_t) as *mut ::core::ffi::c_void;
+    stack = context.offset(1 as core::ffi::c_int as isize) as *mut core::ffi::c_void;
+    frame = (stack as uintptr_t).wrapping_add(stack_bytes as uintptr_t) as *mut core::ffi::c_void;
     rvalue = if rsize != 0 {
-        (frame as uintptr_t).wrapping_add(40 as ::core::ffi::c_int as uintptr_t)
-            as *mut ::core::ffi::c_void
+        (frame as uintptr_t).wrapping_add(40 as core::ffi::c_int as uintptr_t)
+            as *mut core::ffi::c_void
     } else {
         orig_rvalue
     };
     arg_init(&raw mut state, stack_bytes);
-    i = 0 as ::core::ffi::c_int;
-    nargs = (*cif).nargs as ::core::ffi::c_int;
+    i = 0 as core::ffi::c_int;
+    nargs = (*cif).nargs as core::ffi::c_int;
     while i < nargs {
         let mut ty: *mut ffi_type = *(*cif).arg_types.offset(i as isize);
         let mut s: size_t = (*ty).size;
-        let mut a: *mut ::core::ffi::c_void = *avalue.offset(i as isize);
-        let mut h: ::core::ffi::c_int = 0;
-        let mut t: ::core::ffi::c_int = 0;
-        let mut dest: *mut ::core::ffi::c_void = ::core::ptr::null_mut::<::core::ffi::c_void>();
-        t = (*ty).type_0 as ::core::ffi::c_int;
+        let mut a: *mut core::ffi::c_void = *avalue.offset(i as isize);
+        let mut h: core::ffi::c_int = 0;
+        let mut t: core::ffi::c_int = 0;
+        let mut dest: *mut core::ffi::c_void = core::ptr::null_mut::<core::ffi::c_void>();
+        t = (*ty).type_0 as core::ffi::c_int;
         let mut current_block_57: u64;
         match t {
             FFI_TYPE_VOID => {
@@ -728,24 +730,24 @@ unsafe extern "C" fn ffi_call_int(
             | FFI_TYPE_COMPLEX => {
                 h = is_vfp_type(ty);
                 if h != 0 {
-                    let mut elems: ::core::ffi::c_int =
-                        4 as ::core::ffi::c_int - (h & 3 as ::core::ffi::c_int);
-                    if (*cif).abi as ::core::ffi::c_uint
-                        == FFI_WIN64 as ::core::ffi::c_int as ::core::ffi::c_uint
+                    let mut elems: core::ffi::c_int =
+                        4 as core::ffi::c_int - (h & 3 as core::ffi::c_int);
+                    if (*cif).abi as core::ffi::c_uint
+                        == FFI_WIN64 as core::ffi::c_int as core::ffi::c_uint
                         && isvariadic != 0
                     {
-                        if state.ngrn.wrapping_add(elems as ::core::ffi::c_uint)
-                            <= N_X_ARG_REG as ::core::ffi::c_uint
+                        if state.ngrn.wrapping_add(elems as core::ffi::c_uint)
+                            <= N_X_ARG_REG as core::ffi::c_uint
                         {
                             dest = (&raw mut (*context).x as *mut UINT64)
                                 .offset(state.ngrn as isize)
                                 as *mut UINT64
-                                as *mut ::core::ffi::c_void;
-                            state.ngrn = state.ngrn.wrapping_add(elems as ::core::ffi::c_uint);
+                                as *mut core::ffi::c_void;
+                            state.ngrn = state.ngrn.wrapping_add(elems as core::ffi::c_uint);
                             extend_hfa_type(dest, a, h);
                             current_block_57 = 6243635450180130569;
                         } else {
-                            state.nsrn = N_X_ARG_REG as ::core::ffi::c_uint;
+                            state.nsrn = N_X_ARG_REG as core::ffi::c_uint;
                             dest = allocate_to_stack(
                                 &raw mut state,
                                 stack,
@@ -754,16 +756,16 @@ unsafe extern "C" fn ffi_call_int(
                             );
                             current_block_57 = 16203797167131938757;
                         }
-                    } else if state.nsrn.wrapping_add(elems as ::core::ffi::c_uint)
-                        <= N_V_ARG_REG as ::core::ffi::c_uint
+                    } else if state.nsrn.wrapping_add(elems as core::ffi::c_uint)
+                        <= N_V_ARG_REG as core::ffi::c_uint
                     {
                         dest = (&raw mut (*context).v as *mut _v).offset(state.nsrn as isize)
-                            as *mut _v as *mut ::core::ffi::c_void;
-                        state.nsrn = state.nsrn.wrapping_add(elems as ::core::ffi::c_uint);
+                            as *mut _v as *mut core::ffi::c_void;
+                        state.nsrn = state.nsrn.wrapping_add(elems as core::ffi::c_uint);
                         extend_hfa_type(dest, a, h);
                         current_block_57 = 6243635450180130569;
                     } else {
-                        state.nsrn = N_V_ARG_REG as ::core::ffi::c_uint;
+                        state.nsrn = N_V_ARG_REG as core::ffi::c_uint;
                         dest =
                             allocate_to_stack(&raw mut state, stack, (*ty).alignment as size_t, s);
                         current_block_57 = 16203797167131938757;
@@ -776,19 +778,19 @@ unsafe extern "C" fn ffi_call_int(
                         s,
                         *avalue.offset(i as isize),
                     );
-                    a = &raw mut dest as *mut ::core::ffi::c_void;
+                    a = &raw mut dest as *mut core::ffi::c_void;
                     t = FFI_TYPE_POINTER;
-                    s = ::core::mem::size_of::<*mut ::core::ffi::c_void>() as usize as size_t;
+                    s = core::mem::size_of::<*mut core::ffi::c_void>() as usize as size_t;
                     current_block_57 = 12308861024312953424;
                 } else {
                     let mut n: size_t = s.wrapping_add(7 as size_t).wrapping_div(8 as size_t);
                     if (state.ngrn as size_t).wrapping_add(n) <= N_X_ARG_REG as size_t {
                         dest = (&raw mut (*context).x as *mut UINT64).offset(state.ngrn as isize)
                             as *mut UINT64
-                            as *mut ::core::ffi::c_void;
-                        state.ngrn = state.ngrn.wrapping_add(n as ::core::ffi::c_uint);
+                            as *mut core::ffi::c_void;
+                        state.ngrn = state.ngrn.wrapping_add(n as core::ffi::c_uint);
                     } else {
-                        state.ngrn = N_X_ARG_REG as ::core::ffi::c_uint;
+                        state.ngrn = N_X_ARG_REG as core::ffi::c_uint;
                         dest =
                             allocate_to_stack(&raw mut state, stack, (*ty).alignment as size_t, s);
                     }
@@ -810,23 +812,23 @@ unsafe extern "C" fn ffi_call_int(
         match current_block_57 {
             12308861024312953424 => {
                 let mut ext: ffi_arg = extend_integer_type(a, t);
-                if state.ngrn < N_X_ARG_REG as ::core::ffi::c_uint {
+                if state.ngrn < N_X_ARG_REG as core::ffi::c_uint {
                     let fresh2 = state.ngrn;
                     state.ngrn = state.ngrn.wrapping_add(1);
                     (*context).x[fresh2 as usize] = ext as UINT64;
                 } else {
-                    let mut d: *mut ::core::ffi::c_void =
+                    let mut d: *mut core::ffi::c_void =
                         allocate_to_stack(&raw mut state, stack, (*ty).alignment as size_t, s);
-                    state.ngrn = N_X_ARG_REG as ::core::ffi::c_uint;
+                    state.ngrn = N_X_ARG_REG as core::ffi::c_uint;
                     memcpy(d, a, s);
                 }
             }
             _ => {}
         }
-        if (i + 1 as ::core::ffi::c_int) as ::core::ffi::c_uint == (*cif).aarch64_nfixedargs {
-            state.ngrn = N_X_ARG_REG as ::core::ffi::c_uint;
-            state.nsrn = N_V_ARG_REG as ::core::ffi::c_uint;
-            state.allocating_variadic = 1 as ::core::ffi::c_uint;
+        if (i + 1 as core::ffi::c_int) as core::ffi::c_uint == (*cif).aarch64_nfixedargs {
+            state.ngrn = N_X_ARG_REG as core::ffi::c_uint;
+            state.nsrn = N_V_ARG_REG as core::ffi::c_uint;
+            state.allocating_variadic = 1 as core::ffi::c_uint;
         }
         i += 1;
     }
@@ -839,8 +841,8 @@ unsafe extern "C" fn ffi_call_int(
 pub unsafe extern "C" fn ffi_call(
     mut cif: *mut ffi_cif,
     mut fn_0: Option<unsafe extern "C" fn() -> ()>,
-    mut rvalue: *mut ::core::ffi::c_void,
-    mut avalue: *mut *mut ::core::ffi::c_void,
+    mut rvalue: *mut core::ffi::c_void,
+    mut avalue: *mut *mut core::ffi::c_void,
 ) {
     ffi_call_int(cif, fn_0, rvalue, avalue, NULL);
 }
@@ -851,37 +853,37 @@ pub unsafe extern "C" fn ffi_prep_closure_loc(
     mut fun: Option<
         unsafe extern "C" fn(
             *mut ffi_cif,
-            *mut ::core::ffi::c_void,
-            *mut *mut ::core::ffi::c_void,
-            *mut ::core::ffi::c_void,
+            *mut core::ffi::c_void,
+            *mut *mut core::ffi::c_void,
+            *mut core::ffi::c_void,
         ) -> (),
     >,
-    mut user_data: *mut ::core::ffi::c_void,
-    mut codeloc: *mut ::core::ffi::c_void,
+    mut user_data: *mut core::ffi::c_void,
+    mut codeloc: *mut core::ffi::c_void,
 ) -> ffi_status {
-    if (*cif).abi as ::core::ffi::c_uint != FFI_SYSV as ::core::ffi::c_int as ::core::ffi::c_uint
-        && (*cif).abi as ::core::ffi::c_uint
-            != FFI_WIN64 as ::core::ffi::c_int as ::core::ffi::c_uint
+    if (*cif).abi as core::ffi::c_uint != FFI_SYSV as core::ffi::c_int as core::ffi::c_uint
+        && (*cif).abi as core::ffi::c_uint
+            != FFI_WIN64 as core::ffi::c_int as core::ffi::c_uint
     {
         return FFI_BAD_ABI;
     }
     let mut start: Option<unsafe extern "C" fn() -> ()> = None;
-    if (*cif).flags & AARCH64_FLAG_ARG_V as ::core::ffi::c_uint != 0 {
+    if (*cif).flags & AARCH64_FLAG_ARG_V as core::ffi::c_uint != 0 {
         start = Some(ffi_closure_SYSV_V as unsafe extern "C" fn() -> ())
             as Option<unsafe extern "C" fn() -> ()>;
     } else {
         start = Some(ffi_closure_SYSV as unsafe extern "C" fn() -> ())
             as Option<unsafe extern "C" fn() -> ()>;
     }
-    let mut config: *mut *mut ::core::ffi::c_void = (codeloc as *mut uint8_t)
+    let mut config: *mut *mut core::ffi::c_void = (codeloc as *mut uint8_t)
         .offset(-(PAGE_MAX_SIZE as isize))
-        as *mut *mut ::core::ffi::c_void;
-    let ref mut fresh0 = *config.offset(0 as ::core::ffi::c_int as isize);
-    *fresh0 = closure as *mut ::core::ffi::c_void;
-    let ref mut fresh1 = *config.offset(1 as ::core::ffi::c_int as isize);
-    *fresh1 = ::core::mem::transmute::<
+        as *mut *mut core::ffi::c_void;
+    let ref mut fresh0 = *config.offset(0 as core::ffi::c_int as isize);
+    *fresh0 = closure as *mut core::ffi::c_void;
+    let ref mut fresh1 = *config.offset(1 as core::ffi::c_int as isize);
+    *fresh1 = core::mem::transmute::<
         Option<unsafe extern "C" fn() -> ()>,
-        *mut ::core::ffi::c_void,
+        *mut core::ffi::c_void,
     >(start);
     (*closure).cif = cif;
     (*closure).fun = fun;
@@ -894,31 +896,31 @@ pub unsafe extern "C" fn ffi_closure_SYSV_inner(
     mut fun: Option<
         unsafe extern "C" fn(
             *mut ffi_cif,
-            *mut ::core::ffi::c_void,
-            *mut *mut ::core::ffi::c_void,
-            *mut ::core::ffi::c_void,
+            *mut core::ffi::c_void,
+            *mut *mut core::ffi::c_void,
+            *mut core::ffi::c_void,
         ) -> (),
     >,
-    mut user_data: *mut ::core::ffi::c_void,
+    mut user_data: *mut core::ffi::c_void,
     mut context: *mut call_context,
-    mut stack: *mut ::core::ffi::c_void,
-    mut rvalue: *mut ::core::ffi::c_void,
-    mut struct_rvalue: *mut ::core::ffi::c_void,
-) -> ::core::ffi::c_int {
+    mut stack: *mut core::ffi::c_void,
+    mut rvalue: *mut core::ffi::c_void,
+    mut struct_rvalue: *mut core::ffi::c_void,
+) -> core::ffi::c_int {
     let mut alloca_allocations: Vec<Vec<u8>> = Vec::new();
     alloca_allocations.push(::std::vec::from_elem(
         0,
         ((*cif).nargs as usize)
-            .wrapping_mul(::core::mem::size_of::<*mut ::core::ffi::c_void>() as usize)
+            .wrapping_mul(core::mem::size_of::<*mut core::ffi::c_void>() as usize)
             as usize,
     ));
-    let mut avalue: *mut *mut ::core::ffi::c_void =
-        alloca_allocations.last_mut().unwrap().as_mut_ptr() as *mut *mut ::core::ffi::c_void;
-    let mut i: ::core::ffi::c_int = 0;
-    let mut h: ::core::ffi::c_int = 0;
-    let mut nargs: ::core::ffi::c_int = 0;
-    let mut flags: ::core::ffi::c_int = 0;
-    let mut isvariadic: ::core::ffi::c_int = 0 as ::core::ffi::c_int;
+    let mut avalue: *mut *mut core::ffi::c_void =
+        alloca_allocations.last_mut().unwrap().as_mut_ptr() as *mut *mut core::ffi::c_void;
+    let mut i: core::ffi::c_int = 0;
+    let mut h: core::ffi::c_int = 0;
+    let mut nargs: core::ffi::c_int = 0;
+    let mut flags: core::ffi::c_int = 0;
+    let mut isvariadic: core::ffi::c_int = 0 as core::ffi::c_int;
     let mut state: arg_state = arg_state {
         ngrn: 0,
         nsrn: 0,
@@ -927,16 +929,16 @@ pub unsafe extern "C" fn ffi_closure_SYSV_inner(
         allocating_variadic: 0,
     };
     arg_init(&raw mut state, (*cif).bytes as size_t);
-    flags = (*cif).flags as ::core::ffi::c_int;
+    flags = (*cif).flags as core::ffi::c_int;
     if flags & AARCH64_FLAG_VARARG != 0 {
-        isvariadic = 1 as ::core::ffi::c_int;
+        isvariadic = 1 as core::ffi::c_int;
         flags &= !AARCH64_FLAG_VARARG;
     }
-    i = 0 as ::core::ffi::c_int;
-    nargs = (*cif).nargs as ::core::ffi::c_int;
+    i = 0 as core::ffi::c_int;
+    nargs = (*cif).nargs as core::ffi::c_int;
     while i < nargs {
         let mut ty: *mut ffi_type = *(*cif).arg_types.offset(i as isize);
-        let mut t: ::core::ffi::c_int = (*ty).type_0 as ::core::ffi::c_int;
+        let mut t: core::ffi::c_int = (*ty).type_0 as core::ffi::c_int;
         let mut n: size_t = 0;
         let mut s: size_t = (*ty).size;
         match t {
@@ -955,22 +957,22 @@ pub unsafe extern "C" fn ffi_closure_SYSV_inner(
             | FFI_TYPE_COMPLEX => {
                 h = is_vfp_type(ty);
                 if h != 0 {
-                    n = (4 as ::core::ffi::c_int - (h & 3 as ::core::ffi::c_int)) as size_t;
-                    if (*cif).abi as ::core::ffi::c_uint
-                        == FFI_WIN64 as ::core::ffi::c_int as ::core::ffi::c_uint
+                    n = (4 as core::ffi::c_int - (h & 3 as core::ffi::c_int)) as size_t;
+                    if (*cif).abi as core::ffi::c_uint
+                        == FFI_WIN64 as core::ffi::c_int as core::ffi::c_uint
                         && isvariadic != 0
                     {
                         if (state.ngrn as size_t).wrapping_add(n) <= N_X_ARG_REG as size_t {
-                            let mut reg: *mut ::core::ffi::c_void =
+                            let mut reg: *mut core::ffi::c_void =
                                 (&raw mut (*context).x as *mut UINT64).offset(state.ngrn as isize)
                                     as *mut UINT64
-                                    as *mut ::core::ffi::c_void;
-                            state.ngrn = state.ngrn.wrapping_add(n as ::core::ffi::c_uint);
+                                    as *mut core::ffi::c_void;
+                            state.ngrn = state.ngrn.wrapping_add(n as core::ffi::c_uint);
                             let ref mut fresh6 = *avalue.offset(i as isize);
                             *fresh6 = compress_hfa_type(reg, reg, h);
                         } else {
-                            state.ngrn = N_X_ARG_REG as ::core::ffi::c_uint;
-                            state.nsrn = N_V_ARG_REG as ::core::ffi::c_uint;
+                            state.ngrn = N_X_ARG_REG as core::ffi::c_uint;
+                            state.nsrn = N_V_ARG_REG as core::ffi::c_uint;
                             let ref mut fresh7 = *avalue.offset(i as isize);
                             *fresh7 = allocate_to_stack(
                                 &raw mut state,
@@ -980,14 +982,14 @@ pub unsafe extern "C" fn ffi_closure_SYSV_inner(
                             );
                         }
                     } else if (state.nsrn as size_t).wrapping_add(n) <= N_V_ARG_REG as size_t {
-                        let mut reg_0: *mut ::core::ffi::c_void =
+                        let mut reg_0: *mut core::ffi::c_void =
                             (&raw mut (*context).v as *mut _v).offset(state.nsrn as isize)
-                                as *mut _v as *mut ::core::ffi::c_void;
-                        state.nsrn = state.nsrn.wrapping_add(n as ::core::ffi::c_uint);
+                                as *mut _v as *mut core::ffi::c_void;
+                        state.nsrn = state.nsrn.wrapping_add(n as core::ffi::c_uint);
                         let ref mut fresh8 = *avalue.offset(i as isize);
                         *fresh8 = compress_hfa_type(reg_0, reg_0, h);
                     } else {
-                        state.nsrn = N_V_ARG_REG as ::core::ffi::c_uint;
+                        state.nsrn = N_V_ARG_REG as core::ffi::c_uint;
                         let ref mut fresh9 = *avalue.offset(i as isize);
                         *fresh9 =
                             allocate_to_stack(&raw mut state, stack, (*ty).alignment as size_t, s);
@@ -998,8 +1000,8 @@ pub unsafe extern "C" fn ffi_closure_SYSV_inner(
                         context,
                         &raw mut state,
                         stack,
-                        ::core::mem::size_of::<*mut ::core::ffi::c_void>() as size_t,
-                    ) as *mut *mut ::core::ffi::c_void);
+                        core::mem::size_of::<*mut core::ffi::c_void>() as size_t,
+                    ) as *mut *mut core::ffi::c_void);
                 } else {
                     n = s.wrapping_add(7 as size_t).wrapping_div(8 as size_t);
                     if (state.ngrn as size_t).wrapping_add(n) <= N_X_ARG_REG as size_t {
@@ -1007,10 +1009,10 @@ pub unsafe extern "C" fn ffi_closure_SYSV_inner(
                         *fresh11 = (&raw mut (*context).x as *mut UINT64)
                             .offset(state.ngrn as isize)
                             as *mut UINT64
-                            as *mut ::core::ffi::c_void;
-                        state.ngrn = state.ngrn.wrapping_add(n as ::core::ffi::c_uint);
+                            as *mut core::ffi::c_void;
+                        state.ngrn = state.ngrn.wrapping_add(n as core::ffi::c_uint);
                     } else {
-                        state.ngrn = N_X_ARG_REG as ::core::ffi::c_uint;
+                        state.ngrn = N_X_ARG_REG as core::ffi::c_uint;
                         let ref mut fresh12 = *avalue.offset(i as isize);
                         *fresh12 =
                             allocate_to_stack(&raw mut state, stack, (*ty).alignment as size_t, s);
@@ -1021,10 +1023,10 @@ pub unsafe extern "C" fn ffi_closure_SYSV_inner(
                 abort();
             }
         }
-        if (i + 1 as ::core::ffi::c_int) as ::core::ffi::c_uint == (*cif).aarch64_nfixedargs {
-            state.ngrn = N_X_ARG_REG as ::core::ffi::c_uint;
-            state.nsrn = N_V_ARG_REG as ::core::ffi::c_uint;
-            state.allocating_variadic = 1 as ::core::ffi::c_uint;
+        if (i + 1 as core::ffi::c_int) as core::ffi::c_uint == (*cif).aarch64_nfixedargs {
+            state.ngrn = N_X_ARG_REG as core::ffi::c_uint;
+            state.nsrn = N_V_ARG_REG as core::ffi::c_uint;
+            state.allocating_variadic = 1 as core::ffi::c_uint;
         }
         i += 1;
     }

commit 25ac1998f65299682b3f67f678c604ffd3d4b400
Author: Ashwin Naren <arihant2math@gmail.com>
Date:   Tue Aug 11 21:57:15 2026 -0700

    fix compile

diff --git a/libffi/Cargo.toml b/libffi/Cargo.toml
index 1dbb374..8f74088 100644
--- a/libffi/Cargo.toml
+++ b/libffi/Cargo.toml
@@ -14,5 +14,7 @@ name = "libffi"
 path = "lib.rs"
 crate-type = ["staticlib", "rlib"]
 [dependencies]
-f128 = "0.2"
+
+[build-dependencies]
+cc = "1"
 
diff --git a/libffi/asm/aarch64/internal.h b/libffi/asm/aarch64/internal.h
new file mode 100644
index 0000000..2f76eb3
--- /dev/null
+++ b/libffi/asm/aarch64/internal.h
@@ -0,0 +1,146 @@
+/* 
+Permission is hereby granted, free of charge, to any person obtaining
+a copy of this software and associated documentation files (the
+``Software''), to deal in the Software without restriction, including
+without limitation the rights to use, copy, modify, merge, publish,
+distribute, sublicense, and/or sell copies of the Software, and to
+permit persons to whom the Software is furnished to do so, subject to
+the following conditions:
+
+The above copyright notice and this permission notice shall be
+included in all copies or substantial portions of the Software.
+
+THE SOFTWARE IS PROVIDED ``AS IS'', WITHOUT WARRANTY OF ANY KIND,
+EXPRESS OR IMPLIED, INCLUDING BUT NOT LIMITED TO THE WARRANTIES OF
+MERCHANTABILITY, FITNESS FOR A PARTICULAR PURPOSE AND NONINFRINGEMENT.
+IN NO EVENT SHALL THE AUTHORS OR COPYRIGHT HOLDERS BE LIABLE FOR ANY
+CLAIM, DAMAGES OR OTHER LIABILITY, WHETHER IN AN ACTION OF CONTRACT,
+TORT OR OTHERWISE, ARISING FROM, OUT OF OR IN CONNECTION WITH THE
+SOFTWARE OR THE USE OR OTHER DEALINGS IN THE SOFTWARE.  */
+
+#define AARCH64_RET_VOID	0
+#define AARCH64_RET_INT64	1
+#define AARCH64_RET_INT128	2
+
+#define AARCH64_RET_UNUSED3	3
+#define AARCH64_RET_UNUSED4	4
+#define AARCH64_RET_UNUSED5	5
+#define AARCH64_RET_UNUSED6	6
+#define AARCH64_RET_UNUSED7	7
+
+/* Note that FFI_TYPE_FLOAT == 2, _DOUBLE == 3, _LONGDOUBLE == 4,
+   so _S4 through _Q1 are layed out as (TYPE * 4) + (4 - COUNT).  */
+#define AARCH64_RET_S4		8
+#define AARCH64_RET_S3		9
+#define AARCH64_RET_S2		10
+#define AARCH64_RET_S1		11
+
+#define AARCH64_RET_D4		12
+#define AARCH64_RET_D3		13
+#define AARCH64_RET_D2		14
+#define AARCH64_RET_D1		15
+
+#define AARCH64_RET_Q4		16
+#define AARCH64_RET_Q3		17
+#define AARCH64_RET_Q2		18
+#define AARCH64_RET_Q1		19
+
+/* Note that each of the sub-64-bit integers gets two entries.  */
+#define AARCH64_RET_UINT8	20
+#define AARCH64_RET_UINT16	22
+#define AARCH64_RET_UINT32	24
+
+#define AARCH64_RET_SINT8	26
+#define AARCH64_RET_SINT16	28
+#define AARCH64_RET_SINT32	30
+
+#define AARCH64_RET_MASK	31
+
+#define AARCH64_RET_IN_MEM	(1 << 5)
+#define AARCH64_RET_NEED_COPY	(1 << 6)
+
+#define AARCH64_FLAG_ARG_V_BIT	7
+#define AARCH64_FLAG_ARG_V	(1 << AARCH64_FLAG_ARG_V_BIT)
+#define AARCH64_FLAG_VARARG	(1 << 8)
+
+#define N_X_ARG_REG		8
+#define N_V_ARG_REG		8
+#define CALL_CONTEXT_SIZE	(N_V_ARG_REG * 16 + N_X_ARG_REG * 8)
+
+#if defined(FFI_EXEC_STATIC_TRAMP)
+/*
+ * For the trampoline code table mapping, a mapping size of 16K is chosen to
+ * cover the base page sizes of 4K and 16K.
+ */
+#define AARCH64_TRAMP_MAP_SHIFT	14
+#define AARCH64_TRAMP_MAP_SIZE	(1 << AARCH64_TRAMP_MAP_SHIFT)
+#define AARCH64_TRAMP_SIZE	32
+
+#endif
+
+/* Helpers for writing assembly compatible with arm ptr auth */
+#ifdef LIBFFI_ASM
+
+  #if defined(HAVE_ARM64E_PTRAUTH)
+  /* ARM64E ABI For Darwin */
+  #define SIGN_LR pacibsp
+  #define SIGN_LR_WITH_REG(x) pacib lr, x
+  #define AUTH_LR_AND_RET retab
+  #define AUTH_LR_WITH_REG(x) autib lr, x
+  #define BRANCH_AND_LINK_TO_REG blraaz
+  #define SIGN_LR_LINUX_ONLY
+  #define BRANCH_TO_REG braaz
+  #define PAC_CFI_WINDOW_SAVE
+  #define AARCH64_POINTER_AUTH 0
+  /* Linux PAC Support */
+  #elif defined(__ARM_FEATURE_PAC_DEFAULT)
+    #define AARCH64_POINTER_AUTH (1 << 1)
+    #define PAC_CFI_WINDOW_SAVE cfi_window_save
+    #define TMP_REG x9
+    #define BRANCH_TO_REG br
+    #define BRANCH_AND_LINK_TO_REG blr
+	#define SIGN_LR_LINUX_ONLY SIGN_LR
+    /* Which key to sign with? */
+    #if (__ARM_FEATURE_PAC_DEFAULT & 1) == 1
+      /* Signed with A-key */
+      #define SIGN_LR            hint #25  /* paciasp */
+      #define AUTH_LR            hint #29  /* autiasp */
+    #else
+      /* Signed with B-key */
+      #define SIGN_LR            hint #27  /* pacibsp */
+      #define AUTH_LR            hint #31  /* autibsp */
+    #endif /* __ARM_FEATURE_PAC_DEFAULT */
+    #define AUTH_LR_WITH_REG(x) _auth_lr_with_reg x
+.macro _auth_lr_with_reg modifier
+    mov TMP_REG, sp
+    mov sp, \modifier
+    AUTH_LR
+    mov sp, TMP_REG
+.endm
+  #define SIGN_LR_WITH_REG(x) _sign_lr_with_reg x
+.macro _sign_lr_with_reg modifier
+    mov TMP_REG, sp
+    mov sp, \modifier
+    SIGN_LR
+    mov sp, TMP_REG
+.endm
+  #define AUTH_LR_AND_RET _auth_lr_and_ret modifier
+.macro _auth_lr_and_ret modifier
+    AUTH_LR
+    ret
+.endm
+  #undef TMP_REG
+
+  /* No Pointer Auth */
+  #else
+    #define SIGN_LR
+    #define SIGN_LR_WITH_REG(x)
+    #define AUTH_LR_AND_RET ret
+    #define AUTH_LR_WITH_REG(x)
+    #define BRANCH_AND_LINK_TO_REG blr
+    #define SIGN_LR_LINUX_ONLY
+    #define BRANCH_TO_REG br
+    #define PAC_CFI_WINDOW_SAVE
+    #define AARCH64_POINTER_AUTH 0
+  #endif /* HAVE_ARM64E_PTRAUTH */
+#endif /* LIBFFI_ASM */
diff --git a/libffi/asm/aarch64/sysv.S b/libffi/asm/aarch64/sysv.S
new file mode 100644
index 0000000..ccf2a3d
--- /dev/null
+++ b/libffi/asm/aarch64/sysv.S
@@ -0,0 +1,730 @@
+/* Copyright (c) 2009, 2010, 2011, 2012 ARM Ltd.
+
+Permission is hereby granted, free of charge, to any person obtaining
+a copy of this software and associated documentation files (the
+``Software''), to deal in the Software without restriction, including
+without limitation the rights to use, copy, modify, merge, publish,
+distribute, sublicense, and/or sell copies of the Software, and to
+permit persons to whom the Software is furnished to do so, subject to
+the following conditions:
+
+The above copyright notice and this permission notice shall be
+included in all copies or substantial portions of the Software.
+
+THE SOFTWARE IS PROVIDED ``AS IS'', WITHOUT WARRANTY OF ANY KIND,
+EXPRESS OR IMPLIED, INCLUDING BUT NOT LIMITED TO THE WARRANTIES OF
+MERCHANTABILITY, FITNESS FOR A PARTICULAR PURPOSE AND NONINFRINGEMENT.
+IN NO EVENT SHALL THE AUTHORS OR COPYRIGHT HOLDERS BE LIABLE FOR ANY
+CLAIM, DAMAGES OR OTHER LIABILITY, WHETHER IN AN ACTION OF CONTRACT,
+TORT OR OTHERWISE, ARISING FROM, OUT OF OR IN CONNECTION WITH THE
+SOFTWARE OR THE USE OR OTHER DEALINGS IN THE SOFTWARE.  */
+
+#if defined(__aarch64__) || defined(__arm64__)
+#define LIBFFI_ASM
+#include <fficonfig.h>
+#include <ffi.h>
+#include <ffi_cfi.h>
+#include "internal.h"
+
+#ifdef HAVE_MACHINE_ASM_H
+#include <machine/asm.h>
+#else
+#ifdef __USER_LABEL_PREFIX__
+#define CONCAT1(a, b) CONCAT2(a, b)
+#define CONCAT2(a, b) a ## b
+
+/* Use the right prefix for global labels.  */
+#define CNAME(x) CONCAT1 (__USER_LABEL_PREFIX__, x)
+#else
+#define CNAME(x) x
+#endif
+#endif
+
+#ifdef __APPLE__
+# define L(X)     CONCAT1(L, X)
+#else
+# define L(X)     CONCAT1(.L, X)
+#endif
+
+#ifdef __AARCH64EB__
+# define BE(X)	X
+#else
+# define BE(X)	0
+#endif
+
+#ifdef __ILP32__
+#define PTR_REG(n)      w##n
+#else
+#define PTR_REG(n)      x##n
+#endif
+
+#ifdef __ILP32__
+#define PTR_SIZE	4
+#else
+#define PTR_SIZE	8
+#endif
+
+#define BTI_C hint #34
+#define BTI_J hint #36
+/*
+ * The ELF Notes section needs to indicate if BTI is supported, as the first ELF loaded that doesn't
+ * declare this support disables it for memory region containing the loaded library.
+ */
+# define AARCH64_BTI (1 << 0)         /* Has Branch Target Identification */
+	.text
+	.align 4
+
+#if defined(__ARM_FEATURE_GCS_DEFAULT) && __ARM_FEATURE_GCS_DEFAULT == 1
+#define AARCH64_GCS (1<<2)
+#else
+#define AARCH64_GCS 0 /* No GCS */
+#endif
+
+/* ffi_call_SYSV
+   extern void ffi_call_SYSV (void *stack, void *frame,
+			      void (*fn)(void), void *rvalue,
+			      int flags, void *closure);
+
+   Therefore on entry we have:
+
+   x0 stack
+   x1 frame
+   x2 fn
+   x3 rvalue
+   x4 flags
+   x5 closure
+*/
+
+CNAME(ffi_call_SYSV):
+	cfi_startproc
+	BTI_C
+	PAC_CFI_WINDOW_SAVE
+	/* Sign the lr with x1 since that is the CFA which is the modifer used in auth instructions */
+	SIGN_LR_WITH_REG(x1)
+
+#if defined(HAVE_ARM64E_PTRAUTH) && defined(__APPLE__)
+	/* darwin's libunwind assumes that the cfa is the sp and that's the data
+	 * used to sign the lr.  In order to allow unwinding through this
+	 * function it is necessary to point the cfa at the signing register.
+	 */
+	cfi_def_cfa(x1, 0);
+#endif
+	/* Use a stack frame allocated by our caller.  */
+	stp	x29, x30, [x1]
+	cfi_def_cfa_register(x1)
+	cfi_rel_offset (x29, 0)
+	cfi_rel_offset (x30, 8)
+	mov	x9, sp
+	str	x9, [x1, #32]
+	mov	x29, x1
+	cfi_def_cfa_register(x29)
+	mov	sp, x0
+
+	mov	x9, x2			/* save fn */
+	mov	x8, x3			/* install structure return */
+#ifdef FFI_GO_CLOSURES
+	mov	x18, x5			/* install static chain */
+#endif
+	stp	x3, x4, [x29, #16]	/* save rvalue and flags */
+
+	/* Load the vector argument passing registers, if necessary.  */
+	tbz	w4, #AARCH64_FLAG_ARG_V_BIT, 1f
+	ldp     q0, q1, [sp, #0]
+	ldp     q2, q3, [sp, #32]
+	ldp     q4, q5, [sp, #64]
+	ldp     q6, q7, [sp, #96]
+1:
+	/* Load the core argument passing registers, including
+	   the structure return pointer.  */
+	ldp     x0, x1, [sp, #16*N_V_ARG_REG + 0]
+	ldp     x2, x3, [sp, #16*N_V_ARG_REG + 16]
+	ldp     x4, x5, [sp, #16*N_V_ARG_REG + 32]
+	ldp     x6, x7, [sp, #16*N_V_ARG_REG + 48]
+
+	/* Deallocate the context, leaving the stacked arguments.  */
+	add	sp, sp, #CALL_CONTEXT_SIZE
+
+	BRANCH_AND_LINK_TO_REG     x9			/* call fn */
+
+	ldp	x3, x4, [x29, #16]	/* reload rvalue and flags */
+
+	/* Partially deconstruct the stack frame.  */
+	ldr	x9, [x29, #32]
+	mov	sp, x9
+	cfi_def_cfa_register (sp)
+	mov	x2, x29			/* Preserve for auth */
+	ldp     x29, x30, [x29]
+
+	/* Save the return value as directed.  */
+	adr	x5, 0f
+	and	w4, w4, #AARCH64_RET_MASK
+	add	x5, x5, x4, lsl #4
+	br	x5
+
+	/* Note that each table entry is 4 insns, and thus 16 bytes.
+	   For integer data, note that we're storing into ffi_arg
+	   and therefore we want to extend to 64 bits; these types
+	   have two consecutive entries allocated for them.  */
+	.align	4
+0:	BTI_J				/* VOID */
+	b 99f
+	nop 
+	nop
+1:	BTI_J				/* INT64 */
+	str	x0, [x3]
+	b 99f
+	nop
+2:	BTI_J				/* INT128 */
+	stp	x0, x1, [x3]
+	b 99f
+	nop
+3:	brk	#1000			/* UNUSED */
+	b 99f
+	nop
+	nop
+4:	brk	#1000			/* UNUSED */
+	b 99f
+	nop
+	nop
+5:	brk	#1000			/* UNUSED */
+	b 99f
+	nop
+	nop
+6:	brk	#1000			/* UNUSED */
+	b 99f
+	nop
+	nop
+7:	brk	#1000			/* UNUSED */
+	b 99f
+	nop
+	nop
+8:	BTI_J				/* S4 */
+	st4	{ v0.s, v1.s, v2.s, v3.s }[0], [x3]
+	b 99f
+	nop
+9:	BTI_J				/* S3 */
+	st3	{ v0.s, v1.s, v2.s }[0], [x3]
+	b 99f
+	nop
+10:	BTI_J				/* S2 */
+	stp	s0, s1, [x3]
+	b 99f
+	nop
+11:	BTI_J
+	str	s0, [x3]		/* S1 */
+	b 99f
+	nop
+12:	BTI_J				/* D4 */
+	st4	{ v0.d, v1.d, v2.d, v3.d }[0], [x3]
+	b 99f
+	nop
+13:	BTI_J				/* D3 */
+	st3	{ v0.d, v1.d, v2.d }[0], [x3]
+	b 99f
+	nop
+14:	BTI_J				/* D2 */
+	stp	d0, d1, [x3]
+	b 99f
+	nop
+15:	BTI_J				/* D1 */
+	str	d0, [x3]
+	b 99f
+	nop
+16:	BTI_J				/* Q4 */
+	str	q3, [x3, #48]
+	nop
+	nop
+17:	BTI_J				/* Q3 */
+	str	q2, [x3, #32]
+	nop
+	nop
+18:	BTI_J				/* Q2 */
+	stp	q0, q1, [x3]
+	b 99f
+	nop
+19:	BTI_J				/* Q1 */
+	str	q0, [x3]
+	b 99f
+	nop
+20:	BTI_J				/* UINT8 */
+	uxtb	w0, w0
+	str	x0, [x3]
+	nop
+21:	b 99f				/* reserved */
+	nop
+	nop
+	nop
+22:	BTI_J				/* UINT16 */
+	uxth	w0, w0
+	str	x0, [x3]
+	nop
+23:	b 99f				/* reserved */
+	nop
+	nop
+	nop
+24:	BTI_J				/* UINT32 */
+	mov	w0, w0
+	str	x0, [x3]
+	nop
+25:	b 99f				/* reserved */
+	nop
+	nop
+	nop
+26:	BTI_J				/* SINT8 */
+	sxtb	x0, w0
+	str	x0, [x3]
+	nop
+27:	b 99f				/* reserved */
+	nop
+	nop
+	nop
+28:	BTI_J				/* SINT16 */
+	sxth	x0, w0
+	str	x0, [x3]
+	nop
+29:	b 99f				/* reserved */
+	nop
+	nop
+	nop
+30:	BTI_J				/* SINT32 */
+	sxtw	x0, w0
+	str	x0, [x3]
+	nop
+31:	b 99f				/* reserved */
+	nop
+	nop
+	nop
+
+	/* Return now that result has been populated. */
+99:
+	AUTH_LR_WITH_REG(x2)
+	ret
+
+	cfi_endproc
+
+	.globl	CNAME(ffi_call_SYSV)
+	FFI_HIDDEN(CNAME(ffi_call_SYSV))
+#ifdef __ELF__
+	.type	CNAME(ffi_call_SYSV), #function
+	.size CNAME(ffi_call_SYSV), .-CNAME(ffi_call_SYSV)
+#endif
+
+#if FFI_CLOSURES
+
+/* ffi_closure_SYSV
+
+   Closure invocation glue. This is the low level code invoked directly by
+   the closure trampoline to setup and call a closure.
+
+   On entry x17 points to a struct ffi_closure, x16 has been clobbered
+   all other registers are preserved.
+
+   We allocate a call context and save the argument passing registers,
+   then invoked the generic C ffi_closure_SYSV_inner() function to do all
+   the real work, on return we load the result passing registers back from
+   the call context.
+*/
+
+#define ffi_closure_SYSV_FS (8*2 + CALL_CONTEXT_SIZE + 64)
+
+	.align 4
+CNAME(ffi_closure_SYSV_V):
+	cfi_startproc
+	BTI_C
+	SIGN_LR
+	PAC_CFI_WINDOW_SAVE
+	stp     x29, x30, [sp, #-ffi_closure_SYSV_FS]!
+	cfi_adjust_cfa_offset (ffi_closure_SYSV_FS)
+	cfi_rel_offset (x29, 0)
+	cfi_rel_offset (x30, 8)
+
+	/* Save the argument passing vector registers.  */
+	stp     q0, q1, [sp, #16 + 0]
+	stp     q2, q3, [sp, #16 + 32]
+	stp     q4, q5, [sp, #16 + 64]
+	stp     q6, q7, [sp, #16 + 96]
+	b	0f
+	cfi_endproc
+
+	.globl	CNAME(ffi_closure_SYSV_V)
+	FFI_HIDDEN(CNAME(ffi_closure_SYSV_V))
+#ifdef __ELF__
+	.type	CNAME(ffi_closure_SYSV_V), #function
+	.size	CNAME(ffi_closure_SYSV_V), . - CNAME(ffi_closure_SYSV_V)
+#endif
+
+	.align	4
+CNAME(ffi_closure_SYSV):
+	cfi_startproc
+	BTI_C
+	SIGN_LR
+	PAC_CFI_WINDOW_SAVE
+	stp     x29, x30, [sp, #-ffi_closure_SYSV_FS]!
+	cfi_adjust_cfa_offset (ffi_closure_SYSV_FS)
+	cfi_rel_offset (x29, 0)
+	cfi_rel_offset (x30, 8)
+0:
+	mov     x29, sp
+
+	/* Save the argument passing core registers.  */
+	stp     x0, x1, [sp, #16 + 16*N_V_ARG_REG + 0]
+	stp     x2, x3, [sp, #16 + 16*N_V_ARG_REG + 16]
+	stp     x4, x5, [sp, #16 + 16*N_V_ARG_REG + 32]
+	stp     x6, x7, [sp, #16 + 16*N_V_ARG_REG + 48]
+
+	/* Load ffi_closure_inner arguments.  */
+	ldp	PTR_REG(0), PTR_REG(1), [x17, #FFI_TRAMPOLINE_CLOSURE_OFFSET]	/* load cif, fn */
+	ldr	PTR_REG(2), [x17, #FFI_TRAMPOLINE_CLOSURE_OFFSET+PTR_SIZE*2]	/* load user_data */
+#ifdef FFI_GO_CLOSURES
+L(do_closure):
+#endif
+	add	x3, sp, #16				/* load context */
+	add	x4, sp, #ffi_closure_SYSV_FS		/* load stack */
+	add	x5, sp, #16+CALL_CONTEXT_SIZE		/* load rvalue */
+	mov	x6, x8					/* load struct_rval */
+	bl      CNAME(ffi_closure_SYSV_inner)
+
+	/* Load the return value as directed.  */
+	adr	x1, 0f
+	and	w0, w0, #AARCH64_RET_MASK
+	add	x1, x1, x0, lsl #4
+	add	x3, sp, #16+CALL_CONTEXT_SIZE
+	br	x1
+
+	/* Note that each table entry is 4 insns, and thus 16 bytes.  */
+	.align	4
+0:	BTI_J				/* VOID */
+	b	99f
+	nop
+	nop
+1:	BTI_J				/* INT64 */
+	ldr	x0, [x3]
+	b	99f
+	nop
+2:	BTI_J				/* INT128 */
+	ldp	x0, x1, [x3]
+	b	99f
+	nop
+3:	brk	#1000			/* UNUSED */
+	nop
+	nop
+	nop
+4:	brk	#1000			/* UNUSED */
+	nop
+	nop
+	nop
+5:	brk	#1000			/* UNUSED */
+	nop
+	nop
+	nop
+6:	brk	#1000			/* UNUSED */
+	nop
+	nop
+	nop
+7:	brk	#1000			/* UNUSED */
+	nop
+	nop
+	nop
+8:	BTI_J				/* S4 */
+	ldr	s3, [x3, #12]
+	nop
+	nop
+9:	BTI_J				/* S3 */
+	ldr	s2, [x3, #8]
+	nop
+	nop
+10:	BTI_J				/* S2 */
+	ldp	s0, s1, [x3]
+	b	99f
+	nop
+11:	BTI_J				/* S1 */
+	ldr	s0, [x3]
+	b	99f
+	nop
+12:	BTI_J				/* D4 */
+	ldr	d3, [x3, #24]
+	nop
+	nop
+13:	BTI_J				/* D3 */
+	ldr	d2, [x3, #16]
+	nop
+	nop
+14:	BTI_J				/* D2 */
+	ldp	d0, d1, [x3]
+	b	99f
+	nop
+15:	BTI_J				/* D1 */
+	ldr	d0, [x3]
+	b	99f
+	nop
+16:	BTI_J				/* Q4 */
+	ldr	q3, [x3, #48]
+	nop
+	nop
+17:	BTI_J				/* Q3 */
+	ldr	q2, [x3, #32]
+	nop
+	nop
+18:	BTI_J				/* Q2 */
+	ldp	q0, q1, [x3]
+	b	99f
+	nop
+19:	BTI_J				/* Q1 */
+	ldr	q0, [x3]
+	b	99f
+	nop
+20:	BTI_J				/* UINT8 */
+	ldrb	w0, [x3, #BE(7)]
+	b	99f
+	nop
+21:	brk	#1000			/* reserved */
+	nop
+	nop
+	nop
+22:	BTI_J				/* UINT16 */
+	ldrh	w0, [x3, #BE(6)]
+	b	99f
+	nop
+23:	brk	#1000			/* reserved */
+	nop
+	nop
+	nop
+24:	BTI_J				/* UINT32 */
+	ldr	w0, [x3, #BE(4)]
+	b	99f
+	nop
+25:	brk	#1000			/* reserved */
+	nop
+	nop
+	nop
+26:	BTI_J				/* SINT8 */
+	ldrsb	x0, [x3, #BE(7)]
+	b	99f
+	nop
+27:	brk	#1000			/* reserved */
+	nop
+	nop
+	nop
+28:	BTI_J				/* SINT16 */
+	ldrsh	x0, [x3, #BE(6)]
+	b	99f
+	nop
+29:	brk	#1000			/* reserved */
+	nop
+	nop
+	nop
+30:	BTI_J				/* SINT32 */
+	ldrsw	x0, [x3, #BE(4)]
+	nop
+	nop
+31:					/* reserved */
+99:	ldp     x29, x30, [sp], #ffi_closure_SYSV_FS
+	cfi_adjust_cfa_offset (-ffi_closure_SYSV_FS)
+	cfi_restore (x29)
+	cfi_restore (x30)
+	AUTH_LR_AND_RET
+	cfi_endproc
+
+	.globl	CNAME(ffi_closure_SYSV)
+	FFI_HIDDEN(CNAME(ffi_closure_SYSV))
+#ifdef __ELF__
+	.type	CNAME(ffi_closure_SYSV), #function
+	.size	CNAME(ffi_closure_SYSV), . - CNAME(ffi_closure_SYSV)
+#endif
+
+#if defined(FFI_EXEC_STATIC_TRAMP)
+	.align 4
+CNAME(ffi_closure_SYSV_V_alt):
+	BTI_C
+	/* See the comments above trampoline_code_table. */
+	ldr	x17, [sp, #8]			/* Load closure in x17 */
+	add	sp, sp, #16			/* Restore the stack */
+	b	CNAME(ffi_closure_SYSV_V)
+
+	.globl	CNAME(ffi_closure_SYSV_V_alt)
+	FFI_HIDDEN(CNAME(ffi_closure_SYSV_V_alt))
+#ifdef __ELF__
+	.type	CNAME(ffi_closure_SYSV_V_alt), #function
+	.size	CNAME(ffi_closure_SYSV_V_alt), . - CNAME(ffi_closure_SYSV_V_alt)
+#endif
+
+	.align 4
+CNAME(ffi_closure_SYSV_alt):
+	BTI_C
+	/* See the comments above trampoline_code_table. */
+	ldr	x17, [sp, #8]			/* Load closure in x17 */
+	add	sp, sp, #16			/* Restore the stack */
+	b	CNAME(ffi_closure_SYSV)
+
+	.globl	CNAME(ffi_closure_SYSV_alt)
+	FFI_HIDDEN(CNAME(ffi_closure_SYSV_alt))
+#ifdef __ELF__
+	.type	CNAME(ffi_closure_SYSV_alt), #function
+	.size	CNAME(ffi_closure_SYSV_alt), . - CNAME(ffi_closure_SYSV_alt)
+#endif
+
+/*
+ * Below is the definition of the trampoline code table. Each element in
+ * the code table is a trampoline.
+ */
+/*
+ * The trampoline uses register x17. It saves the original value of x17 on
+ * the stack.
+ *
+ * The trampoline has two parameters - target code to jump to and data for
+ * the target code. The trampoline extracts the parameters from its parameter
+ * block (see tramp_table_map()). The trampoline saves the data address on
+ * the stack. Finally, it jumps to the target code.
+ *
+ * The target code can choose to:
+ *
+ * - restore the value of x17
+ * - load the data address in a register
+ * - restore the stack pointer to what it was when the trampoline was invoked.
+ */
+	.align	AARCH64_TRAMP_MAP_SHIFT
+CNAME(trampoline_code_table):
+	.rept	AARCH64_TRAMP_MAP_SIZE / AARCH64_TRAMP_SIZE
+	sub	sp, sp, #16		/* Make space on the stack */
+	str	x17, [sp]		/* Save x17 on stack */
+	adr	x17, #16376		/* Get data address */
+	ldr	x17, [x17]		/* Copy data into x17 */
+	str	x17, [sp, #8]		/* Save data on stack */
+	adr	x17, #16372		/* Get code address */
+	ldr	x17, [x17]		/* Load code address into x17 */
+	br	x17			/* Jump to code */
+	.endr
+
+	.globl CNAME(trampoline_code_table)
+	FFI_HIDDEN(CNAME(trampoline_code_table))
+#ifdef __ELF__
+	.type	CNAME(trampoline_code_table), #function
+	.size	CNAME(trampoline_code_table), . - CNAME(trampoline_code_table)
+#endif
+	.align	AARCH64_TRAMP_MAP_SHIFT
+#endif /* FFI_EXEC_STATIC_TRAMP */
+
+#if FFI_EXEC_TRAMPOLINE_TABLE
+
+#ifdef __MACH__
+#include <mach/machine/vm_param.h>
+    .align PAGE_MAX_SHIFT
+CNAME(ffi_closure_trampoline_table_page):
+    .rept PAGE_MAX_SIZE / FFI_TRAMPOLINE_SIZE
+    adr x16, -PAGE_MAX_SIZE
+    ldp x17, x16, [x16]
+    br x16
+	nop		/* each entry in the trampoline config page is 2*sizeof(void*) so the trampoline itself cannot be smaller than 16 bytes */
+    .endr
+
+    .globl CNAME(ffi_closure_trampoline_table_page)
+    FFI_HIDDEN(CNAME(ffi_closure_trampoline_table_page))
+    #ifdef __ELF__
+    	.type	CNAME(ffi_closure_trampoline_table_page), #function
+    	.size	CNAME(ffi_closure_trampoline_table_page), . - CNAME(ffi_closure_trampoline_table_page)
+    #endif
+#endif
+
+#endif /* FFI_EXEC_TRAMPOLINE_TABLE */
+
+#ifdef FFI_GO_CLOSURES
+	.align 4
+CNAME(ffi_go_closure_SYSV_V):
+	cfi_startproc
+	BTI_C
+	stp     x29, x30, [sp, #-ffi_closure_SYSV_FS]!
+	cfi_adjust_cfa_offset (ffi_closure_SYSV_FS)
+	cfi_rel_offset (x29, 0)
+	cfi_rel_offset (x30, 8)
+
+	/* Save the argument passing vector registers.  */
+	stp     q0, q1, [sp, #16 + 0]
+	stp     q2, q3, [sp, #16 + 32]
+	stp     q4, q5, [sp, #16 + 64]
+	stp     q6, q7, [sp, #16 + 96]
+	b	0f
+	cfi_endproc
+
+	.globl	CNAME(ffi_go_closure_SYSV_V)
+	FFI_HIDDEN(CNAME(ffi_go_closure_SYSV_V))
+#ifdef __ELF__
+	.type	CNAME(ffi_go_closure_SYSV_V), #function
+	.size	CNAME(ffi_go_closure_SYSV_V), . - CNAME(ffi_go_closure_SYSV_V)
+#endif
+
+	.align	4
+CNAME(ffi_go_closure_SYSV):
+	cfi_startproc
+	BTI_C
+	SIGN_LR_LINUX_ONLY
+	PAC_CFI_WINDOW_SAVE
+	stp     x29, x30, [sp, #-ffi_closure_SYSV_FS]!
+	cfi_adjust_cfa_offset (ffi_closure_SYSV_FS)
+	cfi_rel_offset (x29, 0)
+	cfi_rel_offset (x30, 8)
+0:
+	mov     x29, sp
+
+	/* Save the argument passing core registers.  */
+	stp     x0, x1, [sp, #16 + 16*N_V_ARG_REG + 0]
+	stp     x2, x3, [sp, #16 + 16*N_V_ARG_REG + 16]
+	stp     x4, x5, [sp, #16 + 16*N_V_ARG_REG + 32]
+	stp     x6, x7, [sp, #16 + 16*N_V_ARG_REG + 48]
+
+	/* Load ffi_closure_inner arguments.  */
+	ldp	PTR_REG(0), PTR_REG(1), [x18, #PTR_SIZE]/* load cif, fn */
+	mov	x2, x18					/* load user_data */
+	b	L(do_closure)
+	cfi_endproc
+
+	.globl	CNAME(ffi_go_closure_SYSV)
+	FFI_HIDDEN(CNAME(ffi_go_closure_SYSV))
+#ifdef __ELF__
+	.type	CNAME(ffi_go_closure_SYSV), #function
+	.size	CNAME(ffi_go_closure_SYSV), . - CNAME(ffi_go_closure_SYSV)
+#endif
+#endif /* FFI_GO_CLOSURES */
+#endif /* FFI_CLOSURES */
+#endif /* __arm64__ */
+
+#define GNU_PROPERTY(value)						\
+	.pushsection .note.gnu.property, "a";				\
+	.balign 8;							\
+	.long 4;							\
+	.long 0x10;							\
+	.long 0x5;							\
+	.asciz "GNU";							\
+	.long 0xc0000000; /* GNU_PROPERTY_AARCH64_FEATURE_1_AND */	\
+	.long 4;							\
+	.long value;							\
+	.long 0;							\
+	.popsection;
+
+#ifdef __ARM_BUILDATTR64_FV
+/* Add AArch64 feature bits build attributes.  */
+# define FEATURE_1_AND_MARK(value)					\
+    .aeabi_subsection aeabi_feature_and_bits, optional, ULEB128;	\
+    .if ((value) & AARCH64_BTI);					\
+    .aeabi_attribute Tag_Feature_BTI, 1;				\
+    .else;								\
+    .aeabi_attribute Tag_Feature_BTI, 0;				\
+    .endif;								\
+    .if ((value) & AARCH64_POINTER_AUTH);				\
+    .aeabi_attribute Tag_Feature_PAC, 1;				\
+    .else;								\
+    .aeabi_attribute Tag_Feature_PAC, 0;				\
+    .endif;								\
+    .if ((value) & AARCH64_GCS);					\
+    .aeabi_attribute Tag_Feature_GCS, 1;				\
+    .else;								\
+    .aeabi_attribute Tag_Feature_GCS, 0;				\
+    .endif;
+#else
+/* Add a NT_GNU_PROPERTY_TYPE_0 note.  */
+# define FEATURE_1_AND_MARK(value) GNU_PROPERTY (value)
+#endif /* __ARM_BUILDATTR64_FV */
+
+#if defined __ELF__ && defined __linux__
+	.section .note.GNU-stack,"",%progbits
+FEATURE_1_AND_MARK(AARCH64_BTI | AARCH64_POINTER_AUTH | AARCH64_GCS)
+#endif
diff --git a/libffi/asm/include/ffi.h b/libffi/asm/include/ffi.h
new file mode 100644
index 0000000..90aa692
--- /dev/null
+++ b/libffi/asm/include/ffi.h
@@ -0,0 +1,548 @@
+/* -----------------------------------------------------------------*-C-*-
+   libffi 3.6.0
+     - Copyright (c) 2011, 2014, 2019, 2021, 2022, 2024, 2025 Anthony Green
+     - Copyright (c) 1996-2003, 2007, 2008 Red Hat, Inc.
+
+   Permission is hereby granted, free of charge, to any person
+   obtaining a copy of this software and associated documentation
+   files (the ``Software''), to deal in the Software without
+   restriction, including without limitation the rights to use, copy,
+   modify, merge, publish, distribute, sublicense, and/or sell copies
+   of the Software, and to permit persons to whom the Software is
+   furnished to do so, subject to the following conditions:
+
+   The above copyright notice and this permission notice shall be
+   included in all copies or substantial portions of the Software.
+
+   THE SOFTWARE IS PROVIDED ``AS IS'', WITHOUT WARRANTY OF ANY KIND,
+   EXPRESS OR IMPLIED, INCLUDING BUT NOT LIMITED TO THE WARRANTIES OF
+   MERCHANTABILITY, FITNESS FOR A PARTICULAR PURPOSE AND
+   NONINFRINGEMENT.  IN NO EVENT SHALL THE AUTHORS OR COPYRIGHT
+   HOLDERS BE LIABLE FOR ANY CLAIM, DAMAGES OR OTHER LIABILITY,
+   WHETHER IN AN ACTION OF CONTRACT, TORT OR OTHERWISE, ARISING FROM,
+   OUT OF OR IN CONNECTION WITH THE SOFTWARE OR THE USE OR OTHER
+   DEALINGS IN THE SOFTWARE.
+
+   ----------------------------------------------------------------------- */
+
+/* -------------------------------------------------------------------
+   Most of the API is documented in doc/libffi.texi.
+
+   The raw API is designed to bypass some of the argument packing and
+   unpacking on architectures for which it can be avoided.  Routines
+   are provided to emulate the raw API if the underlying platform
+   doesn't allow faster implementation.
+
+   More details on the raw API can be found in:
+
+   http://gcc.gnu.org/ml/java/1999-q3/msg00138.html
+
+   and
+
+   http://gcc.gnu.org/ml/java/1999-q3/msg00174.html
+   -------------------------------------------------------------------- */
+
+#ifndef LIBFFI_H
+#define LIBFFI_H
+
+#ifdef __cplusplus
+extern "C" {
+#endif
+
+/* Specify which architecture libffi is configured for. */
+#ifndef AARCH64
+#define AARCH64
+#endif
+
+/* ---- System configuration information --------------------------------- */
+
+/* If these change, update src/mips/ffitarget.h. */
+#define FFI_TYPE_VOID       0
+#define FFI_TYPE_INT        1
+#define FFI_TYPE_FLOAT      2
+#define FFI_TYPE_DOUBLE     3
+#if 0
+#define FFI_TYPE_LONGDOUBLE 4
+#else
+#define FFI_TYPE_LONGDOUBLE FFI_TYPE_DOUBLE
+#endif
+#define FFI_TYPE_UINT8      5
+#define FFI_TYPE_SINT8      6
+#define FFI_TYPE_UINT16     7
+#define FFI_TYPE_SINT16     8
+#define FFI_TYPE_UINT32     9
+#define FFI_TYPE_SINT32     10
+#define FFI_TYPE_UINT64     11
+#define FFI_TYPE_SINT64     12
+#define FFI_TYPE_STRUCT     13
+#define FFI_TYPE_POINTER    14
+#define FFI_TYPE_COMPLEX    15
+#define FFI_TYPE_UINT128    16
+#define FFI_TYPE_SINT128    17
+
+/* This should always refer to the last type code (for sanity checks).  */
+#define FFI_TYPE_LAST       FFI_TYPE_SINT128
+
+#include <ffitarget.h>
+
+#ifndef LIBFFI_ASM
+
+#if defined(_MSC_VER) && !defined(__clang__)
+#define __attribute__(X)
+#endif
+
+#include <stddef.h>
+#include <limits.h>
+
+/* LONG_LONG_MAX is not always defined (not if STRICT_ANSI, for example).
+   But we can find it either under the correct ANSI name, or under GNU
+   C's internal name.  */
+
+#define FFI_64_BIT_MAX 9223372036854775807
+
+#ifdef LONG_LONG_MAX
+# define FFI_LONG_LONG_MAX LONG_LONG_MAX
+#else
+# ifdef LLONG_MAX
+#  define FFI_LONG_LONG_MAX LLONG_MAX
+#  ifdef _AIX52 /* or newer has C99 LLONG_MAX */
+#   undef FFI_64_BIT_MAX
+#   define FFI_64_BIT_MAX 9223372036854775807LL
+#  endif /* _AIX52 or newer */
+# else
+#  ifdef __GNUC__
+#   define FFI_LONG_LONG_MAX __LONG_LONG_MAX__
+#  endif
+#  ifdef _AIX /* AIX 5.1 and earlier have LONGLONG_MAX */
+#   ifndef __PPC64__
+#    if defined (__IBMC__) || defined (__IBMCPP__)
+#     define FFI_LONG_LONG_MAX LONGLONG_MAX
+#    endif
+#   endif /* __PPC64__ */
+#   undef  FFI_64_BIT_MAX
+#   define FFI_64_BIT_MAX 9223372036854775807LL
+#  endif
+# endif
+#endif
+
+/* The closure code assumes that this works on pointers, i.e. a size_t
+   can hold a pointer.  */
+
+typedef struct _ffi_type
+{
+  size_t size;
+  unsigned short alignment;
+  unsigned short type;
+  struct _ffi_type **elements;
+} ffi_type;
+
+/* Need minimal decorations for DLLs to work on Windows.  GCC has
+   autoimport and autoexport.  Always mark externally visible symbols
+   as dllimport for MSVC clients, even if it means an extra indirection
+   when using the static version of the library.
+   Besides, as a workaround, they can define FFI_BUILDING if they
+   *know* they are going to link with the static library.  */
+#if defined _MSC_VER && !defined(FFI_STATIC_BUILD)
+# if defined FFI_BUILDING_DLL /* Building libffi.DLL with msvcc.sh */
+#  define FFI_API __declspec(dllexport)
+# else  /* Importing libffi.DLL */
+#  define FFI_API __declspec(dllimport)
+# endif
+#else
+# define FFI_API
+#endif
+
+/* The externally visible type declarations also need the MSVC DLL
+   decorations, or they will not be exported from the object file.  */
+#if defined LIBFFI_HIDE_BASIC_TYPES
+# define FFI_EXTERN FFI_API
+#else
+# define FFI_EXTERN extern FFI_API
+#endif
+
+#ifndef LIBFFI_HIDE_BASIC_TYPES
+#if SCHAR_MAX == 127
+# define ffi_type_uchar                ffi_type_uint8
+# define ffi_type_schar                ffi_type_sint8
+#else
+ #error "char size not supported"
+#endif
+
+#if SHRT_MAX == 32767
+# define ffi_type_ushort       ffi_type_uint16
+# define ffi_type_sshort       ffi_type_sint16
+#elif SHRT_MAX == 2147483647
+# define ffi_type_ushort       ffi_type_uint32
+# define ffi_type_sshort       ffi_type_sint32
+#else
+ #error "short size not supported"
+#endif
+
+#if INT_MAX == 32767
+# define ffi_type_uint         ffi_type_uint16
+# define ffi_type_sint         ffi_type_sint16
+#elif INT_MAX == 2147483647
+# define ffi_type_uint         ffi_type_uint32
+# define ffi_type_sint         ffi_type_sint32
+#elif INT_MAX == 9223372036854775807
+# define ffi_type_uint         ffi_type_uint64
+# define ffi_type_sint         ffi_type_sint64
+#else
+ #error "int size not supported"
+#endif
+
+#if LONG_MAX == 2147483647
+# if FFI_LONG_LONG_MAX != FFI_64_BIT_MAX
+ #error "no 64-bit data type supported"
+# endif
+#elif LONG_MAX != FFI_64_BIT_MAX
+ #error "long size not supported"
+#endif
+
+#if LONG_MAX == 2147483647
+# define ffi_type_ulong        ffi_type_uint32
+# define ffi_type_slong        ffi_type_sint32
+#elif LONG_MAX == FFI_64_BIT_MAX
+# define ffi_type_ulong        ffi_type_uint64
+# define ffi_type_slong        ffi_type_sint64
+#else
+ #error "long size not supported"
+#endif
+
+/* These are defined in types.c.  */
+FFI_EXTERN ffi_type ffi_type_void;
+FFI_EXTERN ffi_type ffi_type_uint8;
+FFI_EXTERN ffi_type ffi_type_sint8;
+FFI_EXTERN ffi_type ffi_type_uint16;
+FFI_EXTERN ffi_type ffi_type_sint16;
+FFI_EXTERN ffi_type ffi_type_uint32;
+FFI_EXTERN ffi_type ffi_type_sint32;
+FFI_EXTERN ffi_type ffi_type_uint64;
+FFI_EXTERN ffi_type ffi_type_sint64;
+FFI_EXTERN ffi_type ffi_type_float;
+FFI_EXTERN ffi_type ffi_type_double;
+FFI_EXTERN ffi_type ffi_type_pointer;
+FFI_EXTERN ffi_type ffi_type_longdouble;
+
+#ifdef FFI_TARGET_HAS_COMPLEX_TYPE
+FFI_EXTERN ffi_type ffi_type_complex_float;
+FFI_EXTERN ffi_type ffi_type_complex_double;
+FFI_EXTERN ffi_type ffi_type_complex_longdouble;
+#endif
+
+#ifdef FFI_TARGET_HAS_INT128
+FFI_EXTERN ffi_type ffi_type_uint128;
+FFI_EXTERN ffi_type ffi_type_sint128;
+#endif
+#endif /* LIBFFI_HIDE_BASIC_TYPES */
+
+typedef enum {
+  FFI_OK = 0,
+  FFI_BAD_TYPEDEF,
+  FFI_BAD_ABI,
+  FFI_BAD_ARGTYPE
+} ffi_status;
+
+typedef struct {
+  ffi_abi abi;
+  unsigned nargs;
+  ffi_type **arg_types;
+  ffi_type *rtype;
+  unsigned bytes;
+  unsigned flags;
+#ifdef FFI_EXTRA_CIF_FIELDS
+  FFI_EXTRA_CIF_FIELDS;
+#endif
+} ffi_cif;
+
+/* ---- Definitions for the raw API -------------------------------------- */
+
+#ifndef FFI_SIZEOF_ARG
+# if LONG_MAX == 2147483647
+#  define FFI_SIZEOF_ARG        4
+# elif LONG_MAX == FFI_64_BIT_MAX
+#  define FFI_SIZEOF_ARG        8
+# endif
+#endif
+
+#ifndef FFI_SIZEOF_JAVA_RAW
+#  define FFI_SIZEOF_JAVA_RAW FFI_SIZEOF_ARG
+#endif
+
+typedef union {
+  ffi_sarg  sint;
+  ffi_arg   uint;
+  float	    flt;
+  char      data[FFI_SIZEOF_ARG];
+  void*     ptr;
+} ffi_raw;
+
+#if FFI_SIZEOF_JAVA_RAW == 4 && FFI_SIZEOF_ARG == 8
+/* This is a special case for mips64/n32 ABI (and perhaps others) where
+   sizeof(void *) is 4 and FFI_SIZEOF_ARG is 8.  */
+typedef union {
+  signed int	sint;
+  unsigned int	uint;
+  float		flt;
+  char		data[FFI_SIZEOF_JAVA_RAW];
+  void*		ptr;
+} ffi_java_raw;
+#else
+typedef ffi_raw ffi_java_raw;
+#endif
+
+
+FFI_API
+void ffi_raw_call (ffi_cif *cif,
+		   void (*fn)(void),
+		   void *rvalue,
+		   ffi_raw *avalue);
+
+FFI_API void ffi_ptrarray_to_raw (ffi_cif *cif, void **args, ffi_raw *raw);
+FFI_API void ffi_raw_to_ptrarray (ffi_cif *cif, ffi_raw *raw, void **args);
+FFI_API size_t ffi_raw_size (ffi_cif *cif);
+
+/* This is analogous to the raw API, except it uses Java parameter
+   packing, even on 64-bit machines.  I.e. on 64-bit machines longs
+   and doubles are followed by an empty 64-bit word.  */
+
+#if !FFI_NATIVE_RAW_API
+FFI_API
+void ffi_java_raw_call (ffi_cif *cif,
+			void (*fn)(void),
+			void *rvalue,
+			ffi_java_raw *avalue) __attribute__((deprecated));
+#endif
+
+FFI_API
+void ffi_java_ptrarray_to_raw (ffi_cif *cif, void **args, ffi_java_raw *raw) __attribute__((deprecated));
+FFI_API
+void ffi_java_raw_to_ptrarray (ffi_cif *cif, ffi_java_raw *raw, void **args) __attribute__((deprecated));
+FFI_API
+size_t ffi_java_raw_size (ffi_cif *cif) __attribute__((deprecated));
+
+/* ---- Version API ------------------------------------------------------ */
+
+#define FFI_VERSION_STRING "3.5.2"
+#define FFI_VERSION_NUMBER 30502
+
+#ifndef LIBFFI_ASM
+/* Return a version string. */
+FFI_API const char *ffi_get_version (void);
+
+/* Return the version as an unsigned long value: (x * 10000 + y * 100 + z) */
+FFI_API unsigned long ffi_get_version_number (void);
+#endif
+
+/* ---- Internals API ---------------------------------------------------- */
+
+FFI_API unsigned int ffi_get_default_abi (void);
+FFI_API size_t ffi_get_closure_size (void);
+
+/* ---- Definitions for closures ----------------------------------------- */
+
+#if FFI_CLOSURES
+
+#ifdef _MSC_VER
+__declspec(align(8))
+#endif
+typedef struct {
+#if 1
+  void *trampoline_table;
+  void *trampoline_table_entry;
+#else
+  /* Anonymous unions are C11 (a GNU extension in C99); __extension__ keeps
+     the field names without tripping -Wpedantic under -std=c99 (#795).  */
+#ifdef __GNUC__
+  __extension__
+#endif
+  union {
+    char tramp[FFI_TRAMPOLINE_SIZE];
+    void *ftramp;
+  };
+#endif
+  ffi_cif   *cif;
+  void     (*fun)(ffi_cif*,void*,void**,void*);
+  void      *user_data;
+#if defined(_MSC_VER) && defined(_M_IX86)
+  void      *padding;
+#endif
+} ffi_closure
+#ifdef __GNUC__
+    __attribute__((aligned (8)))
+#endif
+    ;
+
+#ifndef __GNUC__
+# ifdef __sgi
+#  pragma pack 0
+# endif
+#endif
+
+FFI_API void *ffi_closure_alloc (size_t size, void **code);
+FFI_API void ffi_closure_free (void *);
+
+FFI_API ffi_status
+ffi_prep_closure (ffi_closure*,
+		  ffi_cif *,
+		  void (*fun)(ffi_cif*,void*,void**,void*),
+		  void *user_data)
+#if defined(__GNUC__) && (((__GNUC__ * 100) + __GNUC_MINOR__) >= 405)
+  __attribute__((deprecated ("use ffi_prep_closure_loc instead")))
+#elif defined(__GNUC__) && __GNUC__ >= 3
+  __attribute__((deprecated))
+#endif
+  ;
+
+FFI_API ffi_status
+ffi_prep_closure_loc (ffi_closure*,
+		      ffi_cif *,
+		      void (*fun)(ffi_cif*,void*,void**,void*),
+		      void *user_data,
+		      void *codeloc);
+
+#ifdef __sgi
+# pragma pack 8
+#endif
+typedef struct {
+#if 1
+  void *trampoline_table;
+  void *trampoline_table_entry;
+#else
+  char tramp[FFI_TRAMPOLINE_SIZE];
+#endif
+  ffi_cif   *cif;
+
+#if !FFI_NATIVE_RAW_API
+
+  /* If this is enabled, then a raw closure has the same layout
+     as a regular closure.  We use this to install an intermediate
+     handler to do the translation, void** -> ffi_raw*.  */
+
+  void     (*translate_args)(ffi_cif*,void*,void**,void*);
+  void      *this_closure;
+
+#endif
+
+  void     (*fun)(ffi_cif*,void*,ffi_raw*,void*);
+  void      *user_data;
+
+} ffi_raw_closure;
+
+typedef struct {
+#if 1
+  void *trampoline_table;
+  void *trampoline_table_entry;
+#else
+  char tramp[FFI_TRAMPOLINE_SIZE];
+#endif
+
+  ffi_cif   *cif;
+
+#if !FFI_NATIVE_RAW_API
+
+  /* If this is enabled, then a raw closure has the same layout
+     as a regular closure.  We use this to install an intermediate
+     handler to do the translation, void** -> ffi_raw*.  */
+
+  void     (*translate_args)(ffi_cif*,void*,void**,void*);
+  void      *this_closure;
+
+#endif
+
+  void     (*fun)(ffi_cif*,void*,ffi_java_raw*,void*);
+  void      *user_data;
+
+} ffi_java_raw_closure;
+
+FFI_API ffi_status
+ffi_prep_raw_closure (ffi_raw_closure*,
+		      ffi_cif *cif,
+		      void (*fun)(ffi_cif*,void*,ffi_raw*,void*),
+		      void *user_data);
+
+FFI_API ffi_status
+ffi_prep_raw_closure_loc (ffi_raw_closure*,
+			  ffi_cif *cif,
+			  void (*fun)(ffi_cif*,void*,ffi_raw*,void*),
+			  void *user_data,
+			  void *codeloc);
+
+#if !FFI_NATIVE_RAW_API
+FFI_API ffi_status
+ffi_prep_java_raw_closure (ffi_java_raw_closure*,
+		           ffi_cif *cif,
+		           void (*fun)(ffi_cif*,void*,ffi_java_raw*,void*),
+		           void *user_data) __attribute__((deprecated));
+
+FFI_API ffi_status
+ffi_prep_java_raw_closure_loc (ffi_java_raw_closure*,
+			       ffi_cif *cif,
+			       void (*fun)(ffi_cif*,void*,ffi_java_raw*,void*),
+			       void *user_data,
+			       void *codeloc) __attribute__((deprecated));
+#endif
+
+#endif /* FFI_CLOSURES */
+
+#ifdef FFI_GO_CLOSURES
+
+typedef struct {
+  void      *tramp;
+  ffi_cif   *cif;
+  void     (*fun)(ffi_cif*,void*,void**,void*);
+} ffi_go_closure;
+
+FFI_API ffi_status ffi_prep_go_closure (ffi_go_closure*, ffi_cif *,
+				void (*fun)(ffi_cif*,void*,void**,void*));
+
+FFI_API void ffi_call_go (ffi_cif *cif, void (*fn)(void), void *rvalue,
+		  void **avalue, void *closure);
+
+#endif /* FFI_GO_CLOSURES */
+
+/* ---- Public interface definition -------------------------------------- */
+
+FFI_API
+ffi_status ffi_prep_cif(ffi_cif *cif,
+			ffi_abi abi,
+			unsigned int nargs,
+			ffi_type *rtype,
+			ffi_type **atypes);
+
+FFI_API
+ffi_status ffi_prep_cif_var(ffi_cif *cif,
+			    ffi_abi abi,
+			    unsigned int nfixedargs,
+			    unsigned int ntotalargs,
+			    ffi_type *rtype,
+			    ffi_type **atypes);
+
+FFI_API
+void ffi_call(ffi_cif *cif,
+	      void (*fn)(void),
+	      void *rvalue,
+	      void **avalue);
+
+FFI_API
+ffi_status ffi_get_struct_offsets (ffi_abi abi, ffi_type *struct_type,
+				   size_t *offsets);
+
+/* Convert between closure and function pointers.  */
+#if defined(PA_LINUX) || defined(PA_HPUX)
+#define FFI_FN(f) ((void (*)(void))((unsigned int)(f) | 2))
+#define FFI_CL(f) ((void *)((unsigned int)(f) & ~3))
+#else
+#define FFI_FN(f) ((void (*)(void))f)
+#define FFI_CL(f) ((void *)(f))
+#endif
+
+/* ---- Definitions shared with assembly code ---------------------------- */
+
+#endif
+
+#ifdef __cplusplus
+}
+#endif
+
+#endif
diff --git a/libffi/asm/include/ffi_cfi.h b/libffi/asm/include/ffi_cfi.h
new file mode 100644
index 0000000..8565663
--- /dev/null
+++ b/libffi/asm/include/ffi_cfi.h
@@ -0,0 +1,78 @@
+/* -----------------------------------------------------------------------
+   ffi_cfi.h - Copyright (c) 2014  Red Hat, Inc.
+
+   Conditionally assemble cfi directives. Only necessary for building libffi.
+
+   Permission is hereby granted, free of charge, to any person
+   obtaining a copy of this software and associated documentation
+   files (the ``Software''), to deal in the Software without
+   restriction, including without limitation the rights to use, copy,
+   modify, merge, publish, distribute, sublicense, and/or sell copies
+   of the Software, and to permit persons to whom the Software is
+   furnished to do so, subject to the following conditions:
+
+   The above copyright notice and this permission notice shall be
+   included in all copies or substantial portions of the Software.
+
+   THE SOFTWARE IS PROVIDED ``AS IS'', WITHOUT WARRANTY OF ANY KIND,
+   EXPRESS OR IMPLIED, INCLUDING BUT NOT LIMITED TO THE WARRANTIES OF
+   MERCHANTABILITY, FITNESS FOR A PARTICULAR PURPOSE AND
+   NONINFRINGEMENT.  IN NO EVENT SHALL THE AUTHORS OR COPYRIGHT
+   HOLDERS BE LIABLE FOR ANY CLAIM, DAMAGES OR OTHER LIABILITY,
+   WHETHER IN AN ACTION OF CONTRACT, TORT OR OTHERWISE, ARISING FROM,
+   OUT OF OR IN CONNECTION WITH THE SOFTWARE OR THE USE OR OTHER
+   DEALINGS IN THE SOFTWARE.
+
+   ----------------------------------------------------------------------- */
+
+#ifndef FFI_CFI_H
+#define FFI_CFI_H
+
+#ifdef HAVE_AS_CFI_PSEUDO_OP
+
+# define cfi_startproc			.cfi_startproc
+# define cfi_endproc			.cfi_endproc
+# define cfi_def_cfa(reg, off)		.cfi_def_cfa reg, off
+# define cfi_def_cfa_register(reg)	.cfi_def_cfa_register reg
+# define cfi_def_cfa_offset(off)	.cfi_def_cfa_offset off
+# define cfi_adjust_cfa_offset(off)	.cfi_adjust_cfa_offset off
+# define cfi_offset(reg, off)		.cfi_offset reg, off
+# define cfi_rel_offset(reg, off)	.cfi_rel_offset reg, off
+# define cfi_register(r1, r2)		.cfi_register r1, r2
+# define cfi_return_column(reg)		.cfi_return_column reg
+# define cfi_restore(reg)		.cfi_restore reg
+# define cfi_same_value(reg)		.cfi_same_value reg
+# define cfi_undefined(reg)		.cfi_undefined reg
+# define cfi_remember_state		.cfi_remember_state
+# define cfi_restore_state		.cfi_restore_state
+# define cfi_window_save		.cfi_window_save
+# define cfi_personality(enc, exp)	.cfi_personality enc, exp
+# define cfi_lsda(enc, exp)		.cfi_lsda enc, exp
+# define cfi_escape(...)		.cfi_escape __VA_ARGS__
+# define cfi_window_save		.cfi_window_save
+
+#else
+
+# define cfi_startproc
+# define cfi_endproc
+# define cfi_def_cfa(reg, off)
+# define cfi_def_cfa_register(reg)
+# define cfi_def_cfa_offset(off)
+# define cfi_adjust_cfa_offset(off)
+# define cfi_offset(reg, off)
+# define cfi_rel_offset(reg, off)
+# define cfi_register(r1, r2)
+# define cfi_return_column(reg)
+# define cfi_restore(reg)
+# define cfi_same_value(reg)
+# define cfi_undefined(reg)
+# define cfi_remember_state
+# define cfi_restore_state
+# define cfi_window_save
+# define cfi_personality(enc, exp)
+# define cfi_lsda(enc, exp)
+# define cfi_escape(...)
+# define cfi_window_save
+
+#endif /* HAVE_AS_CFI_PSEUDO_OP */
+#endif /* FFI_CFI_H */
diff --git a/libffi/asm/include/fficonfig.h b/libffi/asm/include/fficonfig.h
new file mode 100644
index 0000000..67454ac
--- /dev/null
+++ b/libffi/asm/include/fficonfig.h
@@ -0,0 +1,192 @@
+/* fficonfig.h.  Generated from fficonfig.h.in by configure.  */
+/* fficonfig.h.in.  Generated from configure.ac by autoheader.  */
+
+/* Define if building universal (internal helper macro) */
+/* #undef AC_APPLE_UNIVERSAL_BUILD */
+
+/* Define to the flags needed for the .section .eh_frame directive. */
+#define EH_FRAME_FLAGS "a"
+
+/* Define this if you want extra debugging. */
+/* #undef FFI_DEBUG */
+
+/* Define this if you want statically defined trampolines */
+/* #undef FFI_EXEC_STATIC_TRAMP */
+
+/* Cannot use PROT_EXEC on this target, so, we revert to alternative means */
+#define FFI_EXEC_TRAMPOLINE_TABLE 1
+
+/* Define this if you want to enable pax emulated trampolines (experimental)
+   */
+/* #undef FFI_MMAP_EXEC_EMUTRAMP_PAX */
+
+/* Cannot use malloc on this target, so, we revert to alternative means */
+/* #undef FFI_MMAP_EXEC_WRIT */
+
+/* Define this if you do not want support for the raw API. */
+/* #undef FFI_NO_RAW_API */
+
+/* Define this if you do not want support for aggregate types. */
+/* #undef FFI_NO_STRUCTS */
+
+/* Define to 1 if you have the <alloca.h> header file. */
+#define HAVE_ALLOCA_H 1
+
+/* Define if your compiler supports pointer authentication. */
+/* #undef HAVE_ARM64E_PTRAUTH */
+
+/* Define if your assembler supports .cfi_* directives. */
+#define HAVE_AS_CFI_PSEUDO_OP 1
+
+/* Define if your assembler supports .register. */
+/* #undef HAVE_AS_REGISTER_PSEUDO_OP */
+
+/* Define if the compiler uses zarch features. */
+/* #undef HAVE_AS_S390_ZARCH */
+
+/* Define if your assembler and linker support unaligned PC relative relocs.
+   */
+/* #undef HAVE_AS_SPARC_UA_PCREL */
+
+/* Define if your assembler supports unwind section type. */
+/* #undef HAVE_AS_X86_64_UNWIND_SECTION_TYPE */
+
+/* Define if your assembler supports PC relative relocs. */
+/* #undef HAVE_AS_X86_PCREL */
+
+/* Define to 1 if you have the <dlfcn.h> header file. */
+#define HAVE_DLFCN_H 1
+
+/* Define if __attribute__((visibility("hidden"))) is supported. */
+#define HAVE_HIDDEN_VISIBILITY_ATTRIBUTE 1
+
+/* Define if __int128_t and __uint128_t are supported. */
+#define HAVE_INT128 1
+
+/* Define to 1 if you have the <inttypes.h> header file. */
+#define HAVE_INTTYPES_H 1
+
+/* Define if you have the long double type and it is bigger than a double */
+/* #undef HAVE_LONG_DOUBLE */
+
+/* Define if you support more than one size of the long double type */
+/* #undef HAVE_LONG_DOUBLE_VARIANT */
+
+/* Define to 1 if you have the `memcpy' function. */
+#define HAVE_MEMCPY 1
+
+/* Define to 1 if you have the `memfd_create' function. */
+/* #undef HAVE_MEMFD_CREATE */
+
+/* Define if .eh_frame sections should be read-only. */
+#define HAVE_RO_EH_FRAME 1
+
+/* Define to 1 if you have the <stdint.h> header file. */
+#define HAVE_STDINT_H 1
+
+/* Define to 1 if you have the <stdio.h> header file. */
+#define HAVE_STDIO_H 1
+
+/* Define to 1 if you have the <stdlib.h> header file. */
+#define HAVE_STDLIB_H 1
+
+/* Define to 1 if you have the <strings.h> header file. */
+#define HAVE_STRINGS_H 1
+
+/* Define to 1 if you have the <string.h> header file. */
+#define HAVE_STRING_H 1
+
+/* Define to 1 if you have the <sys/memfd.h> header file. */
+/* #undef HAVE_SYS_MEMFD_H */
+
+/* Define to 1 if you have the <sys/stat.h> header file. */
+#define HAVE_SYS_STAT_H 1
+
+/* Define to 1 if you have the <sys/types.h> header file. */
+#define HAVE_SYS_TYPES_H 1
+
+/* Define to 1 if you have the <unistd.h> header file. */
+#define HAVE_UNISTD_H 1
+
+/* Define to 1 if GNU symbol versioning is used for libatomic. */
+/* #undef LIBFFI_GNU_SYMBOL_VERSIONING */
+
+/* Define to the sub-directory where libtool stores uninstalled libraries. */
+#define LT_OBJDIR ".libs/"
+
+/* Name of package */
+#define PACKAGE "libffi"
+
+/* Define to the address where bug reports for this package should be sent. */
+#define PACKAGE_BUGREPORT "http://github.com/libffi/libffi/issues"
+
+/* Define to the full name of this package. */
+#define PACKAGE_NAME "libffi"
+
+/* Define to the full name and version of this package. */
+#define PACKAGE_STRING "libffi 3.6.0"
+
+/* Define to the one symbol short name of this package. */
+#define PACKAGE_TARNAME "libffi"
+
+/* Define to the home page for this package. */
+#define PACKAGE_URL ""
+
+/* Define to the version of this package. */
+#define PACKAGE_VERSION "3.6.0"
+
+/* The size of `double', as computed by sizeof. */
+#define SIZEOF_DOUBLE 8
+
+/* The size of `long double', as computed by sizeof. */
+#define SIZEOF_LONG_DOUBLE 8
+
+/* The size of `size_t', as computed by sizeof. */
+#define SIZEOF_SIZE_T 8
+
+/* Define to 1 if all of the C90 standard headers exist (not just the ones
+   required in a freestanding environment). This macro is provided for
+   backward compatibility; new code need not use it. */
+#define STDC_HEADERS 1
+
+/* Define if symbols are underscored. */
+#define SYMBOL_UNDERSCORE 1
+
+/* Define this if you are using Purify and want to suppress spurious messages.
+   */
+/* #undef USING_PURIFY */
+
+/* Version number of package */
+#define VERSION "3.6.0"
+
+/* Define WORDS_BIGENDIAN to 1 if your processor stores words with the most
+   significant byte first (like Motorola and SPARC, unlike Intel). */
+#if defined AC_APPLE_UNIVERSAL_BUILD
+# if defined __BIG_ENDIAN__
+#  define WORDS_BIGENDIAN 1
+# endif
+#else
+# ifndef WORDS_BIGENDIAN
+/* #  undef WORDS_BIGENDIAN */
+# endif
+#endif
+
+
+#ifdef HAVE_HIDDEN_VISIBILITY_ATTRIBUTE
+#ifdef LIBFFI_ASM
+#ifdef __APPLE__
+#define FFI_HIDDEN(name) .private_extern name
+#else
+#define FFI_HIDDEN(name) .hidden name
+#endif
+#else
+#define FFI_HIDDEN __attribute__ ((visibility ("hidden")))
+#endif
+#else
+#ifdef LIBFFI_ASM
+#define FFI_HIDDEN(name)
+#else
+#define FFI_HIDDEN
+#endif
+#endif
+
diff --git a/libffi/asm/include/ffitarget.h b/libffi/asm/include/ffitarget.h
new file mode 100644
index 0000000..46e2687
--- /dev/null
+++ b/libffi/asm/include/ffitarget.h
@@ -0,0 +1,99 @@
+/* Copyright (c) 2009, 2010, 2011, 2012 ARM Ltd.
+
+Permission is hereby granted, free of charge, to any person obtaining
+a copy of this software and associated documentation files (the
+``Software''), to deal in the Software without restriction, including
+without limitation the rights to use, copy, modify, merge, publish,
+distribute, sublicense, and/or sell copies of the Software, and to
+permit persons to whom the Software is furnished to do so, subject to
+the following conditions:
+
+The above copyright notice and this permission notice shall be
+included in all copies or substantial portions of the Software.
+
+THE SOFTWARE IS PROVIDED ``AS IS'', WITHOUT WARRANTY OF ANY KIND,
+EXPRESS OR IMPLIED, INCLUDING BUT NOT LIMITED TO THE WARRANTIES OF
+MERCHANTABILITY, FITNESS FOR A PARTICULAR PURPOSE AND NONINFRINGEMENT.
+IN NO EVENT SHALL THE AUTHORS OR COPYRIGHT HOLDERS BE LIABLE FOR ANY
+CLAIM, DAMAGES OR OTHER LIABILITY, WHETHER IN AN ACTION OF CONTRACT,
+TORT OR OTHERWISE, ARISING FROM, OUT OF OR IN CONNECTION WITH THE
+SOFTWARE OR THE USE OR OTHER DEALINGS IN THE SOFTWARE.  */
+
+#ifndef LIBFFI_TARGET_H
+#define LIBFFI_TARGET_H
+
+#ifndef LIBFFI_H
+#error "Please do not include ffitarget.h directly into your source.  Use ffi.h instead."
+#endif
+
+#ifndef LIBFFI_ASM
+#ifdef __ILP32__
+#define FFI_SIZEOF_ARG 8
+#define FFI_SIZEOF_JAVA_RAW  4
+typedef unsigned long long ffi_arg;
+typedef signed long long ffi_sarg;
+#elif defined(_WIN32)
+#define FFI_SIZEOF_ARG 8
+typedef unsigned long long ffi_arg;
+typedef signed long long ffi_sarg;
+#else
+typedef unsigned long ffi_arg;
+typedef signed long ffi_sarg;
+#endif
+
+typedef enum ffi_abi
+  {
+    FFI_FIRST_ABI = 0,
+    FFI_SYSV,
+    FFI_WIN64,
+    FFI_LAST_ABI,
+#if defined(_WIN32)
+    FFI_DEFAULT_ABI = FFI_WIN64
+#else
+    FFI_DEFAULT_ABI = FFI_SYSV
+#endif
+  } ffi_abi;
+#endif
+
+/* ---- Definitions for closures ----------------------------------------- */
+
+#define FFI_CLOSURES 1
+#define FFI_NATIVE_RAW_API 0
+
+#if defined (FFI_EXEC_TRAMPOLINE_TABLE) && FFI_EXEC_TRAMPOLINE_TABLE
+
+#ifdef __MACH__
+#define FFI_TRAMPOLINE_SIZE 16
+#define FFI_TRAMPOLINE_CLOSURE_OFFSET 16
+#else
+#error "No trampoline table implementation"
+#endif
+
+#else
+#define FFI_TRAMPOLINE_SIZE 24
+#define FFI_TRAMPOLINE_CLOSURE_OFFSET FFI_TRAMPOLINE_SIZE
+#endif
+
+#ifdef _WIN32
+#define FFI_EXTRA_CIF_FIELDS unsigned is_variadic
+#endif
+#define FFI_TARGET_SPECIFIC_VARIADIC
+
+/* ---- Internal ---- */
+
+#if defined (__APPLE__)
+#define FFI_EXTRA_CIF_FIELDS unsigned aarch64_nfixedargs
+#elif !defined(_WIN32) && !defined(__ANDROID__)
+/* iOS, Windows and Android reserve x18 for the system.  Disable Go closures until
+   a new static chain is chosen.  */
+#define FFI_GO_CLOSURES 1
+#endif
+
+#ifndef _WIN32
+/* No complex type on Windows */
+#define FFI_TARGET_HAS_COMPLEX_TYPE
+#endif
+
+#define FFI_TARGET_HAS_INT128 1
+
+#endif
diff --git a/libffi/build.rs b/libffi/build.rs
index 3d5e53c..129219b 100644
--- a/libffi/build.rs
+++ b/libffi/build.rs
@@ -1,11 +1,18 @@
-#[cfg(all(unix, not(target_os = "macos")))]
-fn main() {
-    // add unix dependencies below
-    // println!("cargo:rustc-flags=-l readline");
-}
+use std::env;
 
-#[cfg(target_os = "macos")]
 fn main() {
-    // add macos dependencies below
-    // println!("cargo:rustc-flags=-l edit");
+    let arch = env::var("CARGO_CFG_TARGET_ARCH").unwrap();
+    let os = env::var("CARGO_CFG_TARGET_OS").unwrap();
+
+    assert_eq!(
+        (arch.as_str(), os.as_str()),
+        ("aarch64", "macos"),
+        "only aarch64 macOS",
+    );
+
+    cc::Build::new()
+        .file("asm/aarch64/sysv.S")
+        .include("asm/include")
+        .include("asm/aarch64")
+        .compile("ffi_sysv");
 }
diff --git a/libffi/lib.rs b/libffi/lib.rs
index eb37382..8db2a5d 100644
--- a/libffi/lib.rs
+++ b/libffi/lib.rs
@@ -4,11 +4,8 @@
 #![allow(non_upper_case_globals)]
 #![allow(unused_assignments)]
 #![allow(unused_mut)]
-#![feature(asm)]
 #![feature(raw_ref_op)]
 
-extern crate f128;
-
 pub mod src {
     pub mod aarch64 {
         pub mod ffi;
diff --git a/libffi/src/aarch64/ffi.rs b/libffi/src/aarch64/ffi.rs
index 2b9f851..ea6db2e 100644
--- a/libffi/src/aarch64/ffi.rs
+++ b/libffi/src/aarch64/ffi.rs
@@ -258,9 +258,11 @@ unsafe extern "C" fn is_vfp_type(mut ty: *const ffi_type) -> ::core::ffi::c_int
                     }
                 }
                 FFI_TYPE_LONGDOUBLE => {
-                    ele_count = size.wrapping_div(::core::mem::size_of::<::f128::f128>() as size_t);
+                    ele_count = size
+                        .wrapping_div(::core::mem::size_of::<::core::ffi::c_double>() as size_t);
                     if size
-                        != ele_count.wrapping_mul(::core::mem::size_of::<::f128::f128>() as size_t)
+                        != ele_count
+                            .wrapping_mul(::core::mem::size_of::<::core::ffi::c_double>() as size_t)
                     {
                         return 0 as ::core::ffi::c_int;
                     }
@@ -449,7 +451,7 @@ unsafe extern "C" fn compress_hfa_type(
         }
         AARCH64_RET_S2 => {
             asm!(
-                "ldp q16, q17, [{1}]\n", "\tst2 { v16.s, v17.s }[0], [{0}]\n",
+                "ldp q16, q17, [{1}]\n", "\tst2 {{ v16.s, v17.s }}[0], [{0}]\n",
                 inlateout(reg) dest => _, inlateout(reg) reg => _, out("v16") _,
                 out("v17") _, options(preserves_flags)
             );
@@ -457,7 +459,7 @@ unsafe extern "C" fn compress_hfa_type(
         AARCH64_RET_S3 => {
             asm!(
                 "ldp q16, q17, [{1}]\n", "\tldr q18, [{1}, #32]\n",
-                "\tst3 { v16.s, v17.s, v18.s }[0], [{0}]\n", inlateout(reg) dest => _,
+                "\tst3 {{ v16.s, v17.s, v18.s }}[0], [{0}]\n", inlateout(reg) dest => _,
                 inlateout(reg) reg => _, out("v16") _, out("v17") _, out("v18") _,
                 options(preserves_flags)
             );
@@ -465,7 +467,7 @@ unsafe extern "C" fn compress_hfa_type(
         AARCH64_RET_S4 => {
             asm!(
                 "ldp q16, q17, [{1}]\n", "\tldp q18, q19, [{1}, #32]\n",
-                "\tst4 { v16.s, v17.s, v18.s, v19.s }[0], [{0}]\n", inlateout(reg) dest
+                "\tst4 {{ v16.s, v17.s, v18.s, v19.s }}[0], [{0}]\n", inlateout(reg) dest
                 => _, inlateout(reg) reg => _, out("v16") _, out("v17") _, out("v18") _,
                 out("v19") _, options(preserves_flags)
             );
@@ -477,7 +479,7 @@ unsafe extern "C" fn compress_hfa_type(
         }
         AARCH64_RET_D2 => {
             asm!(
-                "ldp q16, q17, [{1}]\n", "\tst2 { v16.d, v17.d }[0], [{0}]\n",
+                "ldp q16, q17, [{1}]\n", "\tst2 {{ v16.d, v17.d }}[0], [{0}]\n",
                 inlateout(reg) dest => _, inlateout(reg) reg => _, out("v16") _,
                 out("v17") _, options(preserves_flags)
             );
@@ -485,7 +487,7 @@ unsafe extern "C" fn compress_hfa_type(
         AARCH64_RET_D3 => {
             asm!(
                 "ldp q16, q17, [{1}]\n", "\tldr q18, [{1}, #32]\n",
-                "\tst3 { v16.d, v17.d, v18.d }[0], [{0}]\n", inlateout(reg) dest => _,
+                "\tst3 {{ v16.d, v17.d, v18.d }}[0], [{0}]\n", inlateout(reg) dest => _,
                 inlateout(reg) reg => _, out("v16") _, out("v17") _, out("v18") _,
                 options(preserves_flags)
             );
@@ -493,7 +495,7 @@ unsafe extern "C" fn compress_hfa_type(
         AARCH64_RET_D4 => {
             asm!(
                 "ldp q16, q17, [{1}]\n", "\tldp q18, q19, [{1}, #32]\n",
-                "\tst4 { v16.d, v17.d, v18.d, v19.d }[0], [{0}]\n", inlateout(reg) dest
+                "\tst4 {{ v16.d, v17.d, v18.d, v19.d }}[0], [{0}]\n", inlateout(reg) dest
                 => _, inlateout(reg) reg => _, out("v16") _, out("v17") _, out("v18") _,
                 out("v19") _, options(preserves_flags)
             );
diff --git a/libffi/src/types.rs b/libffi/src/types.rs
index ee31455..a12d7b2 100644
--- a/libffi/src/types.rs
+++ b/libffi/src/types.rs
@@ -161,28 +161,59 @@ pub static mut ffi_type_double: ffi_type = _ffi_type {
 };
 #[no_mangle]
 pub static mut ffi_type_longdouble: ffi_type = _ffi_type {
-    size: ::core::mem::size_of::<::f128::f128>() as size_t,
+    // long double has the same 64-bit representation as double on aarch64 macOS.
+    size: ::core::mem::size_of::<::core::ffi::c_double>() as size_t,
     alignment: 8 as ::core::ffi::c_ulong as ::core::ffi::c_ushort,
     type_0: 3 as ::core::ffi::c_ushort,
     elements: ::core::ptr::null::<*mut _ffi_type>() as *mut *mut _ffi_type,
 };
-static mut ffi_elements_complex_float: [*mut ffi_type; 2] = unsafe {
+
+#[repr(transparent)]
+struct FfiElements([*mut ffi_type; 2]);
+
+// These arrays are immutable after initialization. The raw pointers refer to
+// process-wide ffi_type descriptors, matching libffi's C definitions.
+unsafe impl Sync for FfiElements {}
+
+static ffi_elements_complex_float: FfiElements = FfiElements(unsafe {
     [
         &raw const ffi_type_float as *mut ffi_type,
         ::core::ptr::null::<ffi_type>() as *mut ffi_type,
     ]
-};
-static mut ffi_elements_complex_double: [*mut ffi_type; 2] = unsafe {
+});
+static ffi_elements_complex_double: FfiElements = FfiElements(unsafe {
     [
         &raw const ffi_type_double as *mut ffi_type,
         ::core::ptr::null::<ffi_type>() as *mut ffi_type,
     ]
-};
-static mut ffi_elements_complex_longdouble: [*mut ffi_type; 2] = unsafe {
+});
+static ffi_elements_complex_longdouble: FfiElements = FfiElements(unsafe {
     [
         &raw const ffi_type_longdouble as *mut ffi_type,
         ::core::ptr::null::<ffi_type>() as *mut ffi_type,
     ]
+});
+
+#[no_mangle]
+pub static mut ffi_type_complex_float: ffi_type = _ffi_type {
+    size: 2 * ::core::mem::size_of::<::core::ffi::c_float>(),
+    alignment: ::core::mem::align_of::<::core::ffi::c_float>() as ::core::ffi::c_ushort,
+    type_0: FFI_TYPE_COMPLEX as ::core::ffi::c_ushort,
+    elements: &ffi_elements_complex_float.0 as *const _ as *mut *mut ffi_type,
+};
+#[no_mangle]
+pub static mut ffi_type_complex_double: ffi_type = _ffi_type {
+    size: 2 * ::core::mem::size_of::<::core::ffi::c_double>(),
+    alignment: ::core::mem::align_of::<::core::ffi::c_double>() as ::core::ffi::c_ushort,
+    type_0: FFI_TYPE_COMPLEX as ::core::ffi::c_ushort,
+    elements: &ffi_elements_complex_double.0 as *const _ as *mut *mut ffi_type,
+};
+#[no_mangle]
+pub static mut ffi_type_complex_longdouble: ffi_type = _ffi_type {
+    size: 2 * ::core::mem::size_of::<::core::ffi::c_double>(),
+    alignment: ::core::mem::align_of::<::core::ffi::c_double>() as ::core::ffi::c_ushort,
+    type_0: FFI_TYPE_COMPLEX as ::core::ffi::c_ushort,
+    elements: &ffi_elements_complex_longdouble.0 as *const _ as *mut *mut ffi_type,
 };
 #[no_mangle]
 pub static mut ffi_type_uint128: ffi_type = _ffi_type {

commit 23efc98b537fedc2d0a8c313747283aeecc33587
Author: Ashwin Naren <arihant2math@gmail.com>
Date:   Tue Aug 11 21:50:25 2026 -0700

    initial c2rust

diff --git a/libffi/Cargo.toml b/libffi/Cargo.toml
new file mode 100644
index 0000000..1dbb374
--- /dev/null
+++ b/libffi/Cargo.toml
@@ -0,0 +1,18 @@
+[workspace]
+members = [
+]
+[package]
+name = "libffi"
+authors = ["C2Rust"]
+version = "0.0.0"
+publish = false
+edition = "2021"
+autobins = false
+
+[lib]
+name = "libffi"
+path = "lib.rs"
+crate-type = ["staticlib", "rlib"]
+[dependencies]
+f128 = "0.2"
+
diff --git a/libffi/build.rs b/libffi/build.rs
new file mode 100644
index 0000000..3d5e53c
--- /dev/null
+++ b/libffi/build.rs
@@ -0,0 +1,11 @@
+#[cfg(all(unix, not(target_os = "macos")))]
+fn main() {
+    // add unix dependencies below
+    // println!("cargo:rustc-flags=-l readline");
+}
+
+#[cfg(target_os = "macos")]
+fn main() {
+    // add macos dependencies below
+    // println!("cargo:rustc-flags=-l edit");
+}
diff --git a/libffi/lib.rs b/libffi/lib.rs
new file mode 100644
index 0000000..eb37382
--- /dev/null
+++ b/libffi/lib.rs
@@ -0,0 +1,22 @@
+#![allow(dead_code)]
+#![allow(non_camel_case_types)]
+#![allow(non_snake_case)]
+#![allow(non_upper_case_globals)]
+#![allow(unused_assignments)]
+#![allow(unused_mut)]
+#![feature(asm)]
+#![feature(raw_ref_op)]
+
+extern crate f128;
+
+pub mod src {
+    pub mod aarch64 {
+        pub mod ffi;
+    } // mod aarch64
+    pub mod closures;
+    pub mod java_raw_api;
+    pub mod prep_cif;
+    pub mod raw_api;
+    pub mod tramp;
+    pub mod types;
+} // mod src
diff --git a/libffi/rust-toolchain.toml b/libffi/rust-toolchain.toml
new file mode 100644
index 0000000..fecea06
--- /dev/null
+++ b/libffi/rust-toolchain.toml
@@ -0,0 +1,3 @@
+[toolchain]
+channel = "nightly-2023-04-15" # 1.70 (1.68 for syn v2.0, 1.70 for sparse registry)
+components = ["rustfmt"]
diff --git a/libffi/src/aarch64/ffi.rs b/libffi/src/aarch64/ffi.rs
new file mode 100644
index 0000000..2b9f851
--- /dev/null
+++ b/libffi/src/aarch64/ffi.rs
@@ -0,0 +1,1034 @@
+use ::core::arch::asm;
+extern "C" {
+    fn abort() -> !;
+    fn memcpy(
+        __dst: *mut ::core::ffi::c_void,
+        __src: *const ::core::ffi::c_void,
+        __n: size_t,
+    ) -> *mut ::core::ffi::c_void;
+    fn ffi_call_SYSV(
+        context: *mut call_context,
+        frame: *mut ::core::ffi::c_void,
+        fn_0: Option<unsafe extern "C" fn() -> ()>,
+        rvalue: *mut ::core::ffi::c_void,
+        flags: ::core::ffi::c_int,
+        closure: *mut ::core::ffi::c_void,
+    );
+    fn ffi_closure_SYSV();
+    fn ffi_closure_SYSV_V();
+}
+pub type __darwin_size_t = usize;
+pub type __darwin_ssize_t = isize;
+pub type uintptr_t = usize;
+pub type size_t = __darwin_size_t;
+pub type ssize_t = __darwin_ssize_t;
+pub type uint8_t = u8;
+pub type ffi_arg = ::core::ffi::c_ulong;
+pub type ffi_abi = ::core::ffi::c_uint;
+pub const FFI_DEFAULT_ABI: ffi_abi = 1;
+pub const FFI_LAST_ABI: ffi_abi = 3;
+pub const FFI_WIN64: ffi_abi = 2;
+pub const FFI_SYSV: ffi_abi = 1;
+pub const FFI_FIRST_ABI: ffi_abi = 0;
+#[derive(Copy, Clone)]
+#[repr(C)]
+pub struct _ffi_type {
+    pub size: size_t,
+    pub alignment: ::core::ffi::c_ushort,
+    pub type_0: ::core::ffi::c_ushort,
+    pub elements: *mut *mut _ffi_type,
+}
+pub type ffi_type = _ffi_type;
+pub type ffi_status = ::core::ffi::c_uint;
+pub const FFI_BAD_ARGTYPE: ffi_status = 3;
+pub const FFI_BAD_ABI: ffi_status = 2;
+pub const FFI_BAD_TYPEDEF: ffi_status = 1;
+pub const FFI_OK: ffi_status = 0;
+#[derive(Copy, Clone)]
+#[repr(C)]
+pub struct ffi_cif {
+    pub abi: ffi_abi,
+    pub nargs: ::core::ffi::c_uint,
+    pub arg_types: *mut *mut ffi_type,
+    pub rtype: *mut ffi_type,
+    pub bytes: ::core::ffi::c_uint,
+    pub flags: ::core::ffi::c_uint,
+    pub aarch64_nfixedargs: ::core::ffi::c_uint,
+}
+#[derive(Copy, Clone)]
+#[repr(C)]
+pub struct ffi_closure {
+    pub trampoline_table: *mut ::core::ffi::c_void,
+    pub trampoline_table_entry: *mut ::core::ffi::c_void,
+    pub cif: *mut ffi_cif,
+    pub fun: Option<
+        unsafe extern "C" fn(
+            *mut ffi_cif,
+            *mut ::core::ffi::c_void,
+            *mut *mut ::core::ffi::c_void,
+            *mut ::core::ffi::c_void,
+        ) -> (),
+    >,
+    pub user_data: *mut ::core::ffi::c_void,
+}
+#[derive(Copy, Clone)]
+#[repr(C)]
+pub struct call_context {
+    pub v: [_v; 8],
+    pub x: [UINT64; 8],
+}
+pub type UINT64 = ::core::ffi::c_ulong;
+#[derive(Copy, Clone)]
+#[repr(C)]
+pub struct _v {
+    pub d: [_d; 2],
+}
+#[derive(Copy, Clone)]
+#[repr(C)]
+pub union _d {
+    pub d: UINT64,
+    pub s: [UINT32; 2],
+}
+pub type UINT32 = ::core::ffi::c_uint;
+#[derive(Copy, Clone)]
+#[repr(C)]
+pub struct arg_state {
+    pub ngrn: ::core::ffi::c_uint,
+    pub nsrn: ::core::ffi::c_uint,
+    pub nsaa: size_t,
+    pub next_struct_area: size_t,
+    pub allocating_variadic: ::core::ffi::c_uint,
+}
+pub type SINT32 = ::core::ffi::c_int;
+pub type SINT16 = ::core::ffi::c_short;
+pub type UINT16 = ::core::ffi::c_ushort;
+pub type SINT8 = ::core::ffi::c_schar;
+pub type UINT8 = ::core::ffi::c_uchar;
+pub const __DARWIN_NULL: *mut ::core::ffi::c_void = ::core::ptr::null_mut::<::core::ffi::c_void>();
+pub const NULL: *mut ::core::ffi::c_void = __DARWIN_NULL;
+pub const FFI_TYPE_VOID: ::core::ffi::c_int = 0;
+pub const FFI_TYPE_INT: ::core::ffi::c_int = 1;
+pub const FFI_TYPE_FLOAT: ::core::ffi::c_int = 2;
+pub const FFI_TYPE_DOUBLE: ::core::ffi::c_int = 3;
+pub const FFI_TYPE_UINT8: ::core::ffi::c_int = 5;
+pub const FFI_TYPE_SINT8: ::core::ffi::c_int = 6;
+pub const FFI_TYPE_UINT16: ::core::ffi::c_int = 7;
+pub const FFI_TYPE_SINT16: ::core::ffi::c_int = 8;
+pub const FFI_TYPE_UINT32: ::core::ffi::c_int = 9;
+pub const FFI_TYPE_SINT32: ::core::ffi::c_int = 10;
+pub const FFI_TYPE_UINT64: ::core::ffi::c_int = 11;
+pub const FFI_TYPE_SINT64: ::core::ffi::c_int = 12;
+pub const FFI_TYPE_STRUCT: ::core::ffi::c_int = 13 as ::core::ffi::c_int;
+pub const FFI_TYPE_POINTER: ::core::ffi::c_int = 14;
+pub const FFI_TYPE_COMPLEX: ::core::ffi::c_int = 15 as ::core::ffi::c_int;
+pub const FFI_TYPE_UINT128: ::core::ffi::c_int = 16;
+pub const FFI_TYPE_SINT128: ::core::ffi::c_int = 17;
+pub const AARCH64_RET_VOID: ::core::ffi::c_int = 0 as ::core::ffi::c_int;
+pub const AARCH64_RET_INT64: ::core::ffi::c_int = 1 as ::core::ffi::c_int;
+pub const AARCH64_RET_INT128: ::core::ffi::c_int = 2 as ::core::ffi::c_int;
+pub const AARCH64_RET_S4: ::core::ffi::c_int = 8 as ::core::ffi::c_int;
+pub const AARCH64_RET_S3: ::core::ffi::c_int = 9;
+pub const AARCH64_RET_S2: ::core::ffi::c_int = 10;
+pub const AARCH64_RET_S1: ::core::ffi::c_int = 11;
+pub const AARCH64_RET_D4: ::core::ffi::c_int = 12;
+pub const AARCH64_RET_D3: ::core::ffi::c_int = 13;
+pub const AARCH64_RET_D2: ::core::ffi::c_int = 14;
+pub const AARCH64_RET_D1: ::core::ffi::c_int = 15;
+pub const AARCH64_RET_UINT8: ::core::ffi::c_int = 20 as ::core::ffi::c_int;
+pub const AARCH64_RET_UINT16: ::core::ffi::c_int = 22 as ::core::ffi::c_int;
+pub const AARCH64_RET_UINT32: ::core::ffi::c_int = 24 as ::core::ffi::c_int;
+pub const AARCH64_RET_SINT8: ::core::ffi::c_int = 26 as ::core::ffi::c_int;
+pub const AARCH64_RET_SINT16: ::core::ffi::c_int = 28 as ::core::ffi::c_int;
+pub const AARCH64_RET_SINT32: ::core::ffi::c_int = 30 as ::core::ffi::c_int;
+pub const AARCH64_RET_IN_MEM: ::core::ffi::c_int =
+    (1 as ::core::ffi::c_int) << 5 as ::core::ffi::c_int;
+pub const AARCH64_RET_NEED_COPY: ::core::ffi::c_int =
+    (1 as ::core::ffi::c_int) << 6 as ::core::ffi::c_int;
+pub const AARCH64_FLAG_ARG_V_BIT: ::core::ffi::c_int = 7 as ::core::ffi::c_int;
+pub const AARCH64_FLAG_ARG_V: ::core::ffi::c_int =
+    (1 as ::core::ffi::c_int) << AARCH64_FLAG_ARG_V_BIT;
+pub const AARCH64_FLAG_VARARG: ::core::ffi::c_int =
+    (1 as ::core::ffi::c_int) << 8 as ::core::ffi::c_int;
+pub const N_X_ARG_REG: ::core::ffi::c_int = 8 as ::core::ffi::c_int;
+pub const N_V_ARG_REG: ::core::ffi::c_int = 8 as ::core::ffi::c_int;
+pub const FFI_TYPE_LONGDOUBLE: ::core::ffi::c_int = 4;
+pub const PAGE_MAX_SHIFT: ::core::ffi::c_int = 14 as ::core::ffi::c_int;
+pub const PAGE_MAX_SIZE: ::core::ffi::c_int = (1 as ::core::ffi::c_int) << PAGE_MAX_SHIFT;
+unsafe extern "C" fn is_hfa0(mut ty: *const ffi_type) -> ::core::ffi::c_int {
+    let mut elements: *mut *mut ffi_type = (*ty).elements as *mut *mut ffi_type;
+    let mut i: ::core::ffi::c_int = 0;
+    let mut ret: ::core::ffi::c_int = -(1 as ::core::ffi::c_int);
+    if !elements.is_null() {
+        i = 0 as ::core::ffi::c_int;
+        while !(*elements.offset(i as isize)).is_null() {
+            ret = (**elements.offset(i as isize)).type_0 as ::core::ffi::c_int;
+            if !(ret == FFI_TYPE_STRUCT || ret == FFI_TYPE_COMPLEX) {
+                break;
+            }
+            ret = is_hfa0(*elements.offset(i as isize));
+            if !(ret < 0 as ::core::ffi::c_int) {
+                break;
+            }
+            i += 1;
+        }
+    }
+    return ret;
+}
+unsafe extern "C" fn is_hfa1(
+    mut ty: *const ffi_type,
+    mut candidate: ::core::ffi::c_int,
+) -> ::core::ffi::c_int {
+    let mut elements: *mut *mut ffi_type = (*ty).elements as *mut *mut ffi_type;
+    let mut i: ::core::ffi::c_int = 0;
+    if !elements.is_null() {
+        i = 0 as ::core::ffi::c_int;
+        while !(*elements.offset(i as isize)).is_null() {
+            let mut t: ::core::ffi::c_int =
+                (**elements.offset(i as isize)).type_0 as ::core::ffi::c_int;
+            if t == FFI_TYPE_STRUCT || t == FFI_TYPE_COMPLEX {
+                if is_hfa1(*elements.offset(i as isize), candidate) == 0 {
+                    return 0 as ::core::ffi::c_int;
+                }
+            } else if t != candidate {
+                return 0 as ::core::ffi::c_int;
+            }
+            i += 1;
+        }
+    }
+    return 1 as ::core::ffi::c_int;
+}
+unsafe extern "C" fn is_vfp_type(mut ty: *const ffi_type) -> ::core::ffi::c_int {
+    let mut elements: *mut *mut ffi_type = ::core::ptr::null_mut::<*mut ffi_type>();
+    let mut candidate: ::core::ffi::c_int = 0;
+    let mut i: ::core::ffi::c_int = 0;
+    let mut size: size_t = 0;
+    let mut ele_count: size_t = 0;
+    candidate = (*ty).type_0 as ::core::ffi::c_int;
+    match candidate {
+        FFI_TYPE_FLOAT | FFI_TYPE_DOUBLE | FFI_TYPE_LONGDOUBLE => {
+            ele_count = 1 as size_t;
+        }
+        FFI_TYPE_COMPLEX => {
+            candidate = (**(*ty).elements.offset(0 as ::core::ffi::c_int as isize)).type_0
+                as ::core::ffi::c_int;
+            match candidate {
+                FFI_TYPE_FLOAT | FFI_TYPE_DOUBLE | FFI_TYPE_LONGDOUBLE => {
+                    ele_count = 2 as size_t;
+                }
+                _ => return 0 as ::core::ffi::c_int,
+            }
+        }
+        FFI_TYPE_STRUCT => {
+            size = (*ty).size;
+            if size < 4 as size_t || size > 64 as size_t {
+                return 0 as ::core::ffi::c_int;
+            }
+            elements = (*ty).elements as *mut *mut ffi_type;
+            candidate =
+                (**elements.offset(0 as ::core::ffi::c_int as isize)).type_0 as ::core::ffi::c_int;
+            if candidate == FFI_TYPE_STRUCT || candidate == FFI_TYPE_COMPLEX {
+                i = 0 as ::core::ffi::c_int;
+                loop {
+                    candidate = is_hfa0(*elements.offset(i as isize));
+                    if candidate >= 0 as ::core::ffi::c_int {
+                        break;
+                    }
+                    i += 1;
+                }
+            }
+            match candidate {
+                FFI_TYPE_FLOAT => {
+                    ele_count =
+                        size.wrapping_div(::core::mem::size_of::<::core::ffi::c_float>() as size_t);
+                    if size
+                        != ele_count
+                            .wrapping_mul(::core::mem::size_of::<::core::ffi::c_float>() as size_t)
+                    {
+                        return 0 as ::core::ffi::c_int;
+                    }
+                }
+                FFI_TYPE_DOUBLE => {
+                    ele_count = size
+                        .wrapping_div(::core::mem::size_of::<::core::ffi::c_double>() as size_t);
+                    if size
+                        != ele_count
+                            .wrapping_mul(::core::mem::size_of::<::core::ffi::c_double>() as size_t)
+                    {
+                        return 0 as ::core::ffi::c_int;
+                    }
+                }
+                FFI_TYPE_LONGDOUBLE => {
+                    ele_count = size.wrapping_div(::core::mem::size_of::<::f128::f128>() as size_t);
+                    if size
+                        != ele_count.wrapping_mul(::core::mem::size_of::<::f128::f128>() as size_t)
+                    {
+                        return 0 as ::core::ffi::c_int;
+                    }
+                }
+                _ => return 0 as ::core::ffi::c_int,
+            }
+            if ele_count > 4 as size_t {
+                return 0 as ::core::ffi::c_int;
+            }
+            i = 0 as ::core::ffi::c_int;
+            while !(*elements.offset(i as isize)).is_null() {
+                let mut t: ::core::ffi::c_int =
+                    (**elements.offset(i as isize)).type_0 as ::core::ffi::c_int;
+                if t == FFI_TYPE_STRUCT || t == FFI_TYPE_COMPLEX {
+                    if is_hfa1(*elements.offset(i as isize), candidate) == 0 {
+                        return 0 as ::core::ffi::c_int;
+                    }
+                } else if t != candidate {
+                    return 0 as ::core::ffi::c_int;
+                }
+                i += 1;
+            }
+        }
+        _ => return 0 as ::core::ffi::c_int,
+    }
+    return candidate * 4 as ::core::ffi::c_int
+        + (4 as ::core::ffi::c_int - ele_count as ::core::ffi::c_int);
+}
+unsafe extern "C" fn arg_init(mut state: *mut arg_state, mut size: size_t) {
+    (*state).ngrn = 0 as ::core::ffi::c_uint;
+    (*state).nsrn = 0 as ::core::ffi::c_uint;
+    (*state).nsaa = 0 as size_t;
+    (*state).next_struct_area = size;
+    (*state).allocating_variadic = 0 as ::core::ffi::c_uint;
+}
+unsafe extern "C" fn allocate_to_stack(
+    mut state: *mut arg_state,
+    mut stack: *mut ::core::ffi::c_void,
+    mut alignment: size_t,
+    mut size: size_t,
+) -> *mut ::core::ffi::c_void {
+    let mut nsaa: size_t = (*state).nsaa;
+    if (*state).allocating_variadic != 0 && alignment < 8 as size_t {
+        alignment = 8 as size_t;
+    }
+    nsaa = (nsaa.wrapping_sub(1 as size_t) | alignment.wrapping_sub(1 as size_t))
+        .wrapping_add(1 as size_t);
+    (*state).nsaa = nsaa.wrapping_add(size);
+    return (stack as *mut ::core::ffi::c_char).offset(nsaa as isize) as *mut ::core::ffi::c_void;
+}
+unsafe extern "C" fn allocate_and_copy_struct_to_stack(
+    mut state: *mut arg_state,
+    mut stack: *mut ::core::ffi::c_void,
+    mut alignment: size_t,
+    mut size: size_t,
+    mut value: *mut ::core::ffi::c_void,
+) -> *mut ::core::ffi::c_void {
+    let mut dest: size_t = (*state).next_struct_area.wrapping_sub(size);
+    dest = dest & alignment.wrapping_neg();
+    (*state).next_struct_area = dest;
+    return memcpy(
+        (stack as *mut ::core::ffi::c_char).offset(dest as isize) as *mut ::core::ffi::c_void,
+        value,
+        size,
+    );
+}
+unsafe extern "C" fn extend_integer_type(
+    mut source: *mut ::core::ffi::c_void,
+    mut type_0: ::core::ffi::c_int,
+) -> ffi_arg {
+    match type_0 {
+        FFI_TYPE_UINT8 => {
+            let mut u8: UINT8 = 0;
+            memcpy(
+                &raw mut u8 as *mut ::core::ffi::c_void,
+                source,
+                ::core::mem::size_of::<UINT8>() as size_t,
+            );
+            return u8 as ffi_arg;
+        }
+        FFI_TYPE_SINT8 => {
+            let mut s8: SINT8 = 0;
+            memcpy(
+                &raw mut s8 as *mut ::core::ffi::c_void,
+                source,
+                ::core::mem::size_of::<SINT8>() as size_t,
+            );
+            return s8 as ffi_arg;
+        }
+        FFI_TYPE_UINT16 => {
+            let mut u16: UINT16 = 0;
+            memcpy(
+                &raw mut u16 as *mut ::core::ffi::c_void,
+                source,
+                ::core::mem::size_of::<UINT16>() as size_t,
+            );
+            return u16 as ffi_arg;
+        }
+        FFI_TYPE_SINT16 => {
+            let mut s16: SINT16 = 0;
+            memcpy(
+                &raw mut s16 as *mut ::core::ffi::c_void,
+                source,
+                ::core::mem::size_of::<SINT16>() as size_t,
+            );
+            return s16 as ffi_arg;
+        }
+        FFI_TYPE_UINT32 => {
+            let mut u32: UINT32 = 0;
+            memcpy(
+                &raw mut u32 as *mut ::core::ffi::c_void,
+                source,
+                ::core::mem::size_of::<UINT32>() as size_t,
+            );
+            return u32 as ffi_arg;
+        }
+        FFI_TYPE_INT | FFI_TYPE_SINT32 => {
+            let mut s32: SINT32 = 0;
+            memcpy(
+                &raw mut s32 as *mut ::core::ffi::c_void,
+                source,
+                ::core::mem::size_of::<SINT32>() as size_t,
+            );
+            return s32 as ffi_arg;
+        }
+        FFI_TYPE_UINT64 | FFI_TYPE_SINT64 => {
+            let mut u64: UINT64 = 0;
+            memcpy(
+                &raw mut u64 as *mut ::core::ffi::c_void,
+                source,
+                ::core::mem::size_of::<UINT64>() as size_t,
+            );
+            return u64 as ffi_arg;
+        }
+        FFI_TYPE_POINTER => {
+            let mut uptr: uintptr_t = 0;
+            memcpy(
+                &raw mut uptr as *mut ::core::ffi::c_void,
+                source,
+                ::core::mem::size_of::<uintptr_t>() as size_t,
+            );
+            return uptr as ffi_arg;
+        }
+        _ => {
+            abort();
+        }
+    };
+}
+unsafe extern "C" fn extend_hfa_type(
+    mut dest: *mut ::core::ffi::c_void,
+    mut src: *mut ::core::ffi::c_void,
+    mut h: ::core::ffi::c_int,
+) {
+    let mut f: ssize_t = (h - AARCH64_RET_S4) as ssize_t;
+    let mut x0: *mut ::core::ffi::c_void = ::core::ptr::null_mut::<::core::ffi::c_void>();
+    asm!(
+        "adr\t{0}, 0f\n", "\tadd\t{0}, {0}, {1}\n", "\tbr\t{0}\n", "0:\thint #36\n",
+        "\tldp\ts16, s17, [{3}]\n", "\tldp\ts18, s19, [{3}, #8]\n", "\tb\t4f\n",
+        "\thint #36\n", "\tldp\ts16, s17, [{3}]\n", "\tldr\ts18, [{3}, #8]\n",
+        "\tb\t3f\n", "\thint #36\n", "\tldp\ts16, s17, [{3}]\n", "\tb\t2f\n", "\tnop\n",
+        "\thint #36\n", "\tldr\ts16, [{3}]\n", "\tb\t1f\n", "\tnop\n", "\thint #36\n",
+        "\tldp\td16, d17, [{3}]\n", "\tldp\td18, d19, [{3}, #16]\n", "\tb\t4f\n",
+        "\thint #36\n", "\tldp\td16, d17, [{3}]\n", "\tldr\td18, [{3}, #16]\n",
+        "\tb\t3f\n", "\thint #36\n", "\tldp\td16, d17, [{3}]\n", "\tb\t2f\n", "\tnop\n",
+        "\thint #36\n", "\tldr\td16, [{3}]\n", "\tb\t1f\n", "\tnop\n", "\thint #36\n",
+        "\tldp\tq16, q17, [{3}]\n", "\tldp\tq18, q19, [{3}, #32]\n", "\tb\t4f\n",
+        "\thint #36\n", "\tldp\tq16, q17, [{3}]\n", "\tldr\tq18, [{3}, #32]\n",
+        "\tb\t3f\n", "\thint #36\n", "\tldp\tq16, q17, [{3}]\n", "\tb\t2f\n", "\tnop\n",
+        "\thint #36\n", "\tldr\tq16, [{3}]\n", "\tb\t1f\n", "4:\tstr\tq19, [{2}, #48]\n",
+        "3:\tstr\tq18, [{2}, #32]\n", "2:\tstr\tq17, [{2}, #16]\n",
+        "1:\tstr\tq16, [{2}]\n", out(reg) x0, inlateout(reg) f * 16 as ssize_t => _,
+        inlateout(reg) dest => _, inlateout(reg) src => _, out("v16") _, out("v17") _,
+        out("v18") _, out("v19") _, options(preserves_flags)
+    );
+}
+unsafe extern "C" fn compress_hfa_type(
+    mut dest: *mut ::core::ffi::c_void,
+    mut reg: *mut ::core::ffi::c_void,
+    mut h: ::core::ffi::c_int,
+) -> *mut ::core::ffi::c_void {
+    match h {
+        AARCH64_RET_S1 => {
+            if !(dest == reg) {
+                *(dest as *mut ::core::ffi::c_float) = *(reg as *mut ::core::ffi::c_float);
+            }
+        }
+        AARCH64_RET_S2 => {
+            asm!(
+                "ldp q16, q17, [{1}]\n", "\tst2 { v16.s, v17.s }[0], [{0}]\n",
+                inlateout(reg) dest => _, inlateout(reg) reg => _, out("v16") _,
+                out("v17") _, options(preserves_flags)
+            );
+        }
+        AARCH64_RET_S3 => {
+            asm!(
+                "ldp q16, q17, [{1}]\n", "\tldr q18, [{1}, #32]\n",
+                "\tst3 { v16.s, v17.s, v18.s }[0], [{0}]\n", inlateout(reg) dest => _,
+                inlateout(reg) reg => _, out("v16") _, out("v17") _, out("v18") _,
+                options(preserves_flags)
+            );
+        }
+        AARCH64_RET_S4 => {
+            asm!(
+                "ldp q16, q17, [{1}]\n", "\tldp q18, q19, [{1}, #32]\n",
+                "\tst4 { v16.s, v17.s, v18.s, v19.s }[0], [{0}]\n", inlateout(reg) dest
+                => _, inlateout(reg) reg => _, out("v16") _, out("v17") _, out("v18") _,
+                out("v19") _, options(preserves_flags)
+            );
+        }
+        AARCH64_RET_D1 => {
+            if !(dest == reg) {
+                *(dest as *mut ::core::ffi::c_double) = *(reg as *mut ::core::ffi::c_double);
+            }
+        }
+        AARCH64_RET_D2 => {
+            asm!(
+                "ldp q16, q17, [{1}]\n", "\tst2 { v16.d, v17.d }[0], [{0}]\n",
+                inlateout(reg) dest => _, inlateout(reg) reg => _, out("v16") _,
+                out("v17") _, options(preserves_flags)
+            );
+        }
+        AARCH64_RET_D3 => {
+            asm!(
+                "ldp q16, q17, [{1}]\n", "\tldr q18, [{1}, #32]\n",
+                "\tst3 { v16.d, v17.d, v18.d }[0], [{0}]\n", inlateout(reg) dest => _,
+                inlateout(reg) reg => _, out("v16") _, out("v17") _, out("v18") _,
+                options(preserves_flags)
+            );
+        }
+        AARCH64_RET_D4 => {
+            asm!(
+                "ldp q16, q17, [{1}]\n", "\tldp q18, q19, [{1}, #32]\n",
+                "\tst4 { v16.d, v17.d, v18.d, v19.d }[0], [{0}]\n", inlateout(reg) dest
+                => _, inlateout(reg) reg => _, out("v16") _, out("v17") _, out("v18") _,
+                out("v19") _, options(preserves_flags)
+            );
+        }
+        _ => {
+            if dest != reg {
+                return memcpy(
+                    dest,
+                    reg,
+                    (16 as ::core::ffi::c_int
+                        * (4 as ::core::ffi::c_int - (h & 3 as ::core::ffi::c_int)))
+                        as size_t,
+                );
+            }
+        }
+    }
+    return dest;
+}
+unsafe extern "C" fn allocate_int_to_reg_or_stack(
+    mut context: *mut call_context,
+    mut state: *mut arg_state,
+    mut stack: *mut ::core::ffi::c_void,
+    mut size: size_t,
+) -> *mut ::core::ffi::c_void {
+    if (*state).ngrn < N_X_ARG_REG as ::core::ffi::c_uint {
+        let fresh3 = (*state).ngrn;
+        (*state).ngrn = (*state).ngrn.wrapping_add(1);
+        return (&raw mut (*context).x as *mut UINT64).offset(fresh3 as isize) as *mut UINT64
+            as *mut ::core::ffi::c_void;
+    }
+    (*state).ngrn = N_X_ARG_REG as ::core::ffi::c_uint;
+    return allocate_to_stack(state, stack, size, size);
+}
+unsafe extern "C" fn allocate_int128_to_reg_or_stack(
+    mut context: *mut call_context,
+    mut state: *mut arg_state,
+    mut stack: *mut ::core::ffi::c_void,
+) -> *mut ::core::ffi::c_void {
+    let mut ngrn: ::core::ffi::c_uint = (*state).ngrn;
+    let mut ret: *mut ::core::ffi::c_void = ::core::ptr::null_mut::<::core::ffi::c_void>();
+    if ngrn < N_X_ARG_REG as ::core::ffi::c_uint {
+        ret = (&raw mut (*context).x as *mut UINT64).offset(ngrn as isize) as *mut UINT64
+            as *mut ::core::ffi::c_void;
+        ngrn = ngrn.wrapping_add(2 as ::core::ffi::c_uint);
+    } else {
+        ret = allocate_to_stack(state, stack, 16 as size_t, 16 as size_t);
+        ngrn = N_X_ARG_REG as ::core::ffi::c_uint;
+    }
+    (*state).ngrn = ngrn;
+    return ret;
+}
+#[no_mangle]
+pub unsafe extern "C" fn ffi_prep_cif_machdep(mut cif: *mut ffi_cif) -> ffi_status {
+    let mut rtype: *mut ffi_type = (*cif).rtype;
+    let mut bytes: size_t = (*cif).bytes as size_t;
+    let mut flags: ::core::ffi::c_int = 0;
+    let mut i: ::core::ffi::c_int = 0;
+    let mut n: ::core::ffi::c_int = 0;
+    match (*rtype).type_0 as ::core::ffi::c_int {
+        FFI_TYPE_VOID => {
+            flags = AARCH64_RET_VOID;
+        }
+        FFI_TYPE_UINT8 => {
+            flags = AARCH64_RET_UINT8;
+        }
+        FFI_TYPE_UINT16 => {
+            flags = AARCH64_RET_UINT16;
+        }
+        FFI_TYPE_UINT32 => {
+            flags = AARCH64_RET_UINT32;
+        }
+        FFI_TYPE_SINT8 => {
+            flags = AARCH64_RET_SINT8;
+        }
+        FFI_TYPE_SINT16 => {
+            flags = AARCH64_RET_SINT16;
+        }
+        FFI_TYPE_INT | FFI_TYPE_SINT32 => {
+            flags = AARCH64_RET_SINT32;
+        }
+        FFI_TYPE_SINT64 | FFI_TYPE_UINT64 => {
+            flags = AARCH64_RET_INT64;
+        }
+        FFI_TYPE_POINTER => {
+            flags = if ::core::mem::size_of::<*mut ::core::ffi::c_void>() as usize == 4 as usize {
+                AARCH64_RET_UINT32
+            } else {
+                AARCH64_RET_INT64
+            };
+        }
+        FFI_TYPE_UINT128 | FFI_TYPE_SINT128 => {
+            flags = AARCH64_RET_INT128;
+        }
+        FFI_TYPE_FLOAT | FFI_TYPE_DOUBLE | FFI_TYPE_LONGDOUBLE | FFI_TYPE_STRUCT
+        | FFI_TYPE_COMPLEX => {
+            flags = is_vfp_type(rtype);
+            if flags == 0 as ::core::ffi::c_int {
+                let mut s: size_t = (*rtype).size;
+                if s > 16 as size_t {
+                    flags = AARCH64_RET_VOID | AARCH64_RET_IN_MEM;
+                    bytes = bytes.wrapping_add(8 as size_t);
+                } else if s == 16 as size_t {
+                    flags = AARCH64_RET_INT128;
+                } else if s == 8 as size_t {
+                    flags = AARCH64_RET_INT64;
+                } else {
+                    flags = AARCH64_RET_INT128 | AARCH64_RET_NEED_COPY;
+                }
+            }
+        }
+        _ => {
+            abort();
+        }
+    }
+    i = 0 as ::core::ffi::c_int;
+    n = (*cif).nargs as ::core::ffi::c_int;
+    while i < n {
+        if is_vfp_type(*(*cif).arg_types.offset(i as isize)) != 0 {
+            flags |= AARCH64_FLAG_ARG_V;
+            break;
+        } else {
+            i += 1;
+        }
+    }
+    (*cif).bytes = (bytes.wrapping_sub(1 as size_t)
+        | (16 as ::core::ffi::c_int - 1 as ::core::ffi::c_int) as size_t)
+        .wrapping_add(1 as size_t) as ::core::ffi::c_uint;
+    (*cif).flags = flags as ::core::ffi::c_uint;
+    (*cif).aarch64_nfixedargs = 0 as ::core::ffi::c_uint;
+    return FFI_OK;
+}
+#[no_mangle]
+pub unsafe extern "C" fn ffi_prep_cif_machdep_var(
+    mut cif: *mut ffi_cif,
+    mut nfixedargs: ::core::ffi::c_uint,
+    mut ntotalargs: ::core::ffi::c_uint,
+) -> ffi_status {
+    let mut status: ffi_status = ffi_prep_cif_machdep(cif);
+    (*cif).aarch64_nfixedargs = nfixedargs;
+    return status;
+}
+unsafe extern "C" fn ffi_call_int(
+    mut cif: *mut ffi_cif,
+    mut fn_0: Option<unsafe extern "C" fn() -> ()>,
+    mut orig_rvalue: *mut ::core::ffi::c_void,
+    mut avalue: *mut *mut ::core::ffi::c_void,
+    mut closure: *mut ::core::ffi::c_void,
+) {
+    let mut alloca_allocations: Vec<Vec<u8>> = Vec::new();
+    let mut context: *mut call_context = ::core::ptr::null_mut::<call_context>();
+    let mut stack: *mut ::core::ffi::c_void = ::core::ptr::null_mut::<::core::ffi::c_void>();
+    let mut frame: *mut ::core::ffi::c_void = ::core::ptr::null_mut::<::core::ffi::c_void>();
+    let mut rvalue: *mut ::core::ffi::c_void = ::core::ptr::null_mut::<::core::ffi::c_void>();
+    let mut state: arg_state = arg_state {
+        ngrn: 0,
+        nsrn: 0,
+        nsaa: 0,
+        next_struct_area: 0,
+        allocating_variadic: 0,
+    };
+    let mut stack_bytes: size_t = 0;
+    let mut rtype_size: size_t = 0;
+    let mut rsize: size_t = 0;
+    let mut i: ::core::ffi::c_int = 0;
+    let mut nargs: ::core::ffi::c_int = 0;
+    let mut flags: ::core::ffi::c_int = 0;
+    let mut isvariadic: ::core::ffi::c_int = 0 as ::core::ffi::c_int;
+    let mut rtype: *mut ffi_type = ::core::ptr::null_mut::<ffi_type>();
+    flags = (*cif).flags as ::core::ffi::c_int;
+    rtype = (*cif).rtype;
+    rtype_size = (*rtype).size;
+    stack_bytes = (*cif).bytes as size_t;
+    if flags & AARCH64_FLAG_VARARG != 0 {
+        isvariadic = 1 as ::core::ffi::c_int;
+        flags &= !AARCH64_FLAG_VARARG;
+    }
+    rsize = 0 as size_t;
+    if flags & AARCH64_RET_IN_MEM != 0 {
+        if orig_rvalue.is_null() {
+            rsize = rtype_size;
+        }
+    } else if orig_rvalue.is_null() {
+        flags &= AARCH64_FLAG_ARG_V;
+    } else if flags & AARCH64_RET_NEED_COPY != 0 {
+        rsize = 16 as size_t;
+    }
+    alloca_allocations.push(::std::vec::from_elem(
+        0,
+        (::core::mem::size_of::<call_context>() as usize)
+            .wrapping_add(stack_bytes as usize)
+            .wrapping_add(40 as usize)
+            .wrapping_add(rsize as usize) as usize,
+    ));
+    context = alloca_allocations.last_mut().unwrap().as_mut_ptr() as *mut call_context;
+    stack = context.offset(1 as ::core::ffi::c_int as isize) as *mut ::core::ffi::c_void;
+    frame = (stack as uintptr_t).wrapping_add(stack_bytes as uintptr_t) as *mut ::core::ffi::c_void;
+    rvalue = if rsize != 0 {
+        (frame as uintptr_t).wrapping_add(40 as ::core::ffi::c_int as uintptr_t)
+            as *mut ::core::ffi::c_void
+    } else {
+        orig_rvalue
+    };
+    arg_init(&raw mut state, stack_bytes);
+    i = 0 as ::core::ffi::c_int;
+    nargs = (*cif).nargs as ::core::ffi::c_int;
+    while i < nargs {
+        let mut ty: *mut ffi_type = *(*cif).arg_types.offset(i as isize);
+        let mut s: size_t = (*ty).size;
+        let mut a: *mut ::core::ffi::c_void = *avalue.offset(i as isize);
+        let mut h: ::core::ffi::c_int = 0;
+        let mut t: ::core::ffi::c_int = 0;
+        let mut dest: *mut ::core::ffi::c_void = ::core::ptr::null_mut::<::core::ffi::c_void>();
+        t = (*ty).type_0 as ::core::ffi::c_int;
+        let mut current_block_57: u64;
+        match t {
+            FFI_TYPE_VOID => {
+                current_block_57 = 6243635450180130569;
+            }
+            FFI_TYPE_INT | FFI_TYPE_UINT8 | FFI_TYPE_SINT8 | FFI_TYPE_UINT16 | FFI_TYPE_SINT16
+            | FFI_TYPE_UINT32 | FFI_TYPE_SINT32 | FFI_TYPE_UINT64 | FFI_TYPE_SINT64
+            | FFI_TYPE_POINTER => {
+                current_block_57 = 12308861024312953424;
+            }
+            FFI_TYPE_UINT128 | FFI_TYPE_SINT128 => {
+                dest = allocate_int128_to_reg_or_stack(context, &raw mut state, stack);
+                memcpy(dest, a, 16 as size_t);
+                current_block_57 = 6243635450180130569;
+            }
+            FFI_TYPE_FLOAT | FFI_TYPE_DOUBLE | FFI_TYPE_LONGDOUBLE | FFI_TYPE_STRUCT
+            | FFI_TYPE_COMPLEX => {
+                h = is_vfp_type(ty);
+                if h != 0 {
+                    let mut elems: ::core::ffi::c_int =
+                        4 as ::core::ffi::c_int - (h & 3 as ::core::ffi::c_int);
+                    if (*cif).abi as ::core::ffi::c_uint
+                        == FFI_WIN64 as ::core::ffi::c_int as ::core::ffi::c_uint
+                        && isvariadic != 0
+                    {
+                        if state.ngrn.wrapping_add(elems as ::core::ffi::c_uint)
+                            <= N_X_ARG_REG as ::core::ffi::c_uint
+                        {
+                            dest = (&raw mut (*context).x as *mut UINT64)
+                                .offset(state.ngrn as isize)
+                                as *mut UINT64
+                                as *mut ::core::ffi::c_void;
+                            state.ngrn = state.ngrn.wrapping_add(elems as ::core::ffi::c_uint);
+                            extend_hfa_type(dest, a, h);
+                            current_block_57 = 6243635450180130569;
+                        } else {
+                            state.nsrn = N_X_ARG_REG as ::core::ffi::c_uint;
+                            dest = allocate_to_stack(
+                                &raw mut state,
+                                stack,
+                                (*ty).alignment as size_t,
+                                s,
+                            );
+                            current_block_57 = 16203797167131938757;
+                        }
+                    } else if state.nsrn.wrapping_add(elems as ::core::ffi::c_uint)
+                        <= N_V_ARG_REG as ::core::ffi::c_uint
+                    {
+                        dest = (&raw mut (*context).v as *mut _v).offset(state.nsrn as isize)
+                            as *mut _v as *mut ::core::ffi::c_void;
+                        state.nsrn = state.nsrn.wrapping_add(elems as ::core::ffi::c_uint);
+                        extend_hfa_type(dest, a, h);
+                        current_block_57 = 6243635450180130569;
+                    } else {
+                        state.nsrn = N_V_ARG_REG as ::core::ffi::c_uint;
+                        dest =
+                            allocate_to_stack(&raw mut state, stack, (*ty).alignment as size_t, s);
+                        current_block_57 = 16203797167131938757;
+                    }
+                } else if s > 16 as size_t {
+                    dest = allocate_and_copy_struct_to_stack(
+                        &raw mut state,
+                        stack,
+                        (*ty).alignment as size_t,
+                        s,
+                        *avalue.offset(i as isize),
+                    );
+                    a = &raw mut dest as *mut ::core::ffi::c_void;
+                    t = FFI_TYPE_POINTER;
+                    s = ::core::mem::size_of::<*mut ::core::ffi::c_void>() as usize as size_t;
+                    current_block_57 = 12308861024312953424;
+                } else {
+                    let mut n: size_t = s.wrapping_add(7 as size_t).wrapping_div(8 as size_t);
+                    if (state.ngrn as size_t).wrapping_add(n) <= N_X_ARG_REG as size_t {
+                        dest = (&raw mut (*context).x as *mut UINT64).offset(state.ngrn as isize)
+                            as *mut UINT64
+                            as *mut ::core::ffi::c_void;
+                        state.ngrn = state.ngrn.wrapping_add(n as ::core::ffi::c_uint);
+                    } else {
+                        state.ngrn = N_X_ARG_REG as ::core::ffi::c_uint;
+                        dest =
+                            allocate_to_stack(&raw mut state, stack, (*ty).alignment as size_t, s);
+                    }
+                    current_block_57 = 16203797167131938757;
+                }
+                match current_block_57 {
+                    12308861024312953424 => {}
+                    6243635450180130569 => {}
+                    _ => {
+                        memcpy(dest, a, s);
+                        current_block_57 = 6243635450180130569;
+                    }
+                }
+            }
+            _ => {
+                abort();
+            }
+        }
+        match current_block_57 {
+            12308861024312953424 => {
+                let mut ext: ffi_arg = extend_integer_type(a, t);
+                if state.ngrn < N_X_ARG_REG as ::core::ffi::c_uint {
+                    let fresh2 = state.ngrn;
+                    state.ngrn = state.ngrn.wrapping_add(1);
+                    (*context).x[fresh2 as usize] = ext as UINT64;
+                } else {
+                    let mut d: *mut ::core::ffi::c_void =
+                        allocate_to_stack(&raw mut state, stack, (*ty).alignment as size_t, s);
+                    state.ngrn = N_X_ARG_REG as ::core::ffi::c_uint;
+                    memcpy(d, a, s);
+                }
+            }
+            _ => {}
+        }
+        if (i + 1 as ::core::ffi::c_int) as ::core::ffi::c_uint == (*cif).aarch64_nfixedargs {
+            state.ngrn = N_X_ARG_REG as ::core::ffi::c_uint;
+            state.nsrn = N_V_ARG_REG as ::core::ffi::c_uint;
+            state.allocating_variadic = 1 as ::core::ffi::c_uint;
+        }
+        i += 1;
+    }
+    ffi_call_SYSV(context, frame, fn_0, rvalue, flags, closure);
+    if flags & AARCH64_RET_NEED_COPY != 0 {
+        memcpy(orig_rvalue, rvalue, rtype_size);
+    }
+}
+#[no_mangle]
+pub unsafe extern "C" fn ffi_call(
+    mut cif: *mut ffi_cif,
+    mut fn_0: Option<unsafe extern "C" fn() -> ()>,
+    mut rvalue: *mut ::core::ffi::c_void,
+    mut avalue: *mut *mut ::core::ffi::c_void,
+) {
+    ffi_call_int(cif, fn_0, rvalue, avalue, NULL);
+}
+#[no_mangle]
+pub unsafe extern "C" fn ffi_prep_closure_loc(
+    mut closure: *mut ffi_closure,
+    mut cif: *mut ffi_cif,
+    mut fun: Option<
+        unsafe extern "C" fn(
+            *mut ffi_cif,
+            *mut ::core::ffi::c_void,
+            *mut *mut ::core::ffi::c_void,
+            *mut ::core::ffi::c_void,
+        ) -> (),
+    >,
+    mut user_data: *mut ::core::ffi::c_void,
+    mut codeloc: *mut ::core::ffi::c_void,
+) -> ffi_status {
+    if (*cif).abi as ::core::ffi::c_uint != FFI_SYSV as ::core::ffi::c_int as ::core::ffi::c_uint
+        && (*cif).abi as ::core::ffi::c_uint
+            != FFI_WIN64 as ::core::ffi::c_int as ::core::ffi::c_uint
+    {
+        return FFI_BAD_ABI;
+    }
+    let mut start: Option<unsafe extern "C" fn() -> ()> = None;
+    if (*cif).flags & AARCH64_FLAG_ARG_V as ::core::ffi::c_uint != 0 {
+        start = Some(ffi_closure_SYSV_V as unsafe extern "C" fn() -> ())
+            as Option<unsafe extern "C" fn() -> ()>;
+    } else {
+        start = Some(ffi_closure_SYSV as unsafe extern "C" fn() -> ())
+            as Option<unsafe extern "C" fn() -> ()>;
+    }
+    let mut config: *mut *mut ::core::ffi::c_void = (codeloc as *mut uint8_t)
+        .offset(-(PAGE_MAX_SIZE as isize))
+        as *mut *mut ::core::ffi::c_void;
+    let ref mut fresh0 = *config.offset(0 as ::core::ffi::c_int as isize);
+    *fresh0 = closure as *mut ::core::ffi::c_void;
+    let ref mut fresh1 = *config.offset(1 as ::core::ffi::c_int as isize);
+    *fresh1 = ::core::mem::transmute::<
+        Option<unsafe extern "C" fn() -> ()>,
+        *mut ::core::ffi::c_void,
+    >(start);
+    (*closure).cif = cif;
+    (*closure).fun = fun;
+    (*closure).user_data = user_data;
+    return FFI_OK;
+}
+#[no_mangle]
+pub unsafe extern "C" fn ffi_closure_SYSV_inner(
+    mut cif: *mut ffi_cif,
+    mut fun: Option<
+        unsafe extern "C" fn(
+            *mut ffi_cif,
+            *mut ::core::ffi::c_void,
+            *mut *mut ::core::ffi::c_void,
+            *mut ::core::ffi::c_void,
+        ) -> (),
+    >,
+    mut user_data: *mut ::core::ffi::c_void,
+    mut context: *mut call_context,
+    mut stack: *mut ::core::ffi::c_void,
+    mut rvalue: *mut ::core::ffi::c_void,
+    mut struct_rvalue: *mut ::core::ffi::c_void,
+) -> ::core::ffi::c_int {
+    let mut alloca_allocations: Vec<Vec<u8>> = Vec::new();
+    alloca_allocations.push(::std::vec::from_elem(
+        0,
+        ((*cif).nargs as usize)
+            .wrapping_mul(::core::mem::size_of::<*mut ::core::ffi::c_void>() as usize)
+            as usize,
+    ));
+    let mut avalue: *mut *mut ::core::ffi::c_void =
+        alloca_allocations.last_mut().unwrap().as_mut_ptr() as *mut *mut ::core::ffi::c_void;
+    let mut i: ::core::ffi::c_int = 0;
+    let mut h: ::core::ffi::c_int = 0;
+    let mut nargs: ::core::ffi::c_int = 0;
+    let mut flags: ::core::ffi::c_int = 0;
+    let mut isvariadic: ::core::ffi::c_int = 0 as ::core::ffi::c_int;
+    let mut state: arg_state = arg_state {
+        ngrn: 0,
+        nsrn: 0,
+        nsaa: 0,
+        next_struct_area: 0,
+        allocating_variadic: 0,
+    };
+    arg_init(&raw mut state, (*cif).bytes as size_t);
+    flags = (*cif).flags as ::core::ffi::c_int;
+    if flags & AARCH64_FLAG_VARARG != 0 {
+        isvariadic = 1 as ::core::ffi::c_int;
+        flags &= !AARCH64_FLAG_VARARG;
+    }
+    i = 0 as ::core::ffi::c_int;
+    nargs = (*cif).nargs as ::core::ffi::c_int;
+    while i < nargs {
+        let mut ty: *mut ffi_type = *(*cif).arg_types.offset(i as isize);
+        let mut t: ::core::ffi::c_int = (*ty).type_0 as ::core::ffi::c_int;
+        let mut n: size_t = 0;
+        let mut s: size_t = (*ty).size;
+        match t {
+            FFI_TYPE_VOID => {}
+            FFI_TYPE_INT | FFI_TYPE_UINT8 | FFI_TYPE_SINT8 | FFI_TYPE_UINT16 | FFI_TYPE_SINT16
+            | FFI_TYPE_UINT32 | FFI_TYPE_SINT32 | FFI_TYPE_UINT64 | FFI_TYPE_SINT64
+            | FFI_TYPE_POINTER => {
+                let ref mut fresh4 = *avalue.offset(i as isize);
+                *fresh4 = allocate_int_to_reg_or_stack(context, &raw mut state, stack, s);
+            }
+            FFI_TYPE_UINT128 | FFI_TYPE_SINT128 => {
+                let ref mut fresh5 = *avalue.offset(i as isize);
+                *fresh5 = allocate_int128_to_reg_or_stack(context, &raw mut state, stack);
+            }
+            FFI_TYPE_FLOAT | FFI_TYPE_DOUBLE | FFI_TYPE_LONGDOUBLE | FFI_TYPE_STRUCT
+            | FFI_TYPE_COMPLEX => {
+                h = is_vfp_type(ty);
+                if h != 0 {
+                    n = (4 as ::core::ffi::c_int - (h & 3 as ::core::ffi::c_int)) as size_t;
+                    if (*cif).abi as ::core::ffi::c_uint
+                        == FFI_WIN64 as ::core::ffi::c_int as ::core::ffi::c_uint
+                        && isvariadic != 0
+                    {
+                        if (state.ngrn as size_t).wrapping_add(n) <= N_X_ARG_REG as size_t {
+                            let mut reg: *mut ::core::ffi::c_void =
+                                (&raw mut (*context).x as *mut UINT64).offset(state.ngrn as isize)
+                                    as *mut UINT64
+                                    as *mut ::core::ffi::c_void;
+                            state.ngrn = state.ngrn.wrapping_add(n as ::core::ffi::c_uint);
+                            let ref mut fresh6 = *avalue.offset(i as isize);
+                            *fresh6 = compress_hfa_type(reg, reg, h);
+                        } else {
+                            state.ngrn = N_X_ARG_REG as ::core::ffi::c_uint;
+                            state.nsrn = N_V_ARG_REG as ::core::ffi::c_uint;
+                            let ref mut fresh7 = *avalue.offset(i as isize);
+                            *fresh7 = allocate_to_stack(
+                                &raw mut state,
+                                stack,
+                                (*ty).alignment as size_t,
+                                s,
+                            );
+                        }
+                    } else if (state.nsrn as size_t).wrapping_add(n) <= N_V_ARG_REG as size_t {
+                        let mut reg_0: *mut ::core::ffi::c_void =
+                            (&raw mut (*context).v as *mut _v).offset(state.nsrn as isize)
+                                as *mut _v as *mut ::core::ffi::c_void;
+                        state.nsrn = state.nsrn.wrapping_add(n as ::core::ffi::c_uint);
+                        let ref mut fresh8 = *avalue.offset(i as isize);
+                        *fresh8 = compress_hfa_type(reg_0, reg_0, h);
+                    } else {
+                        state.nsrn = N_V_ARG_REG as ::core::ffi::c_uint;
+                        let ref mut fresh9 = *avalue.offset(i as isize);
+                        *fresh9 =
+                            allocate_to_stack(&raw mut state, stack, (*ty).alignment as size_t, s);
+                    }
+                } else if s > 16 as size_t {
+                    let ref mut fresh10 = *avalue.offset(i as isize);
+                    *fresh10 = *(allocate_int_to_reg_or_stack(
+                        context,
+                        &raw mut state,
+                        stack,
+                        ::core::mem::size_of::<*mut ::core::ffi::c_void>() as size_t,
+                    ) as *mut *mut ::core::ffi::c_void);
+                } else {
+                    n = s.wrapping_add(7 as size_t).wrapping_div(8 as size_t);
+                    if (state.ngrn as size_t).wrapping_add(n) <= N_X_ARG_REG as size_t {
+                        let ref mut fresh11 = *avalue.offset(i as isize);
+                        *fresh11 = (&raw mut (*context).x as *mut UINT64)
+                            .offset(state.ngrn as isize)
+                            as *mut UINT64
+                            as *mut ::core::ffi::c_void;
+                        state.ngrn = state.ngrn.wrapping_add(n as ::core::ffi::c_uint);
+                    } else {
+                        state.ngrn = N_X_ARG_REG as ::core::ffi::c_uint;
+                        let ref mut fresh12 = *avalue.offset(i as isize);
+                        *fresh12 =
+                            allocate_to_stack(&raw mut state, stack, (*ty).alignment as size_t, s);
+                    }
+                }
+            }
+            _ => {
+                abort();
+            }
+        }
+        if (i + 1 as ::core::ffi::c_int) as ::core::ffi::c_uint == (*cif).aarch64_nfixedargs {
+            state.ngrn = N_X_ARG_REG as ::core::ffi::c_uint;
+            state.nsrn = N_V_ARG_REG as ::core::ffi::c_uint;
+            state.allocating_variadic = 1 as ::core::ffi::c_uint;
+        }
+        i += 1;
+    }
+    if flags & AARCH64_RET_IN_MEM != 0 {
+        rvalue = struct_rvalue;
+    }
+    fun.expect("non-null function pointer")(cif, rvalue, avalue, user_data);
+    return flags;
+}
diff --git a/libffi/src/closures.rs b/libffi/src/closures.rs
new file mode 100644
index 0000000..5138d09
--- /dev/null
+++ b/libffi/src/closures.rs
@@ -0,0 +1,370 @@
+extern "C" {
+    fn vm_allocate(
+        target_task: vm_map_t,
+        address: *mut vm_address_t,
+        size: vm_size_t,
+        flags: ::core::ffi::c_int,
+    ) -> kern_return_t;
+    fn vm_deallocate(
+        target_task: vm_map_t,
+        address: vm_address_t,
+        size: vm_size_t,
+    ) -> kern_return_t;
+    fn vm_protect(
+        target_task: vm_map_t,
+        address: vm_address_t,
+        size: vm_size_t,
+        set_maximum: boolean_t,
+        new_protection: vm_prot_t,
+    ) -> kern_return_t;
+    fn vm_remap(
+        target_task: vm_map_t,
+        target_address: *mut vm_address_t,
+        size: vm_size_t,
+        mask: vm_address_t,
+        flags: ::core::ffi::c_int,
+        src_task: vm_map_t,
+        src_address: vm_address_t,
+        copy: boolean_t,
+        cur_protection: *mut vm_prot_t,
+        max_protection: *mut vm_prot_t,
+        inheritance: vm_inherit_t,
+    ) -> kern_return_t;
+    static mut mach_task_self_: mach_port_t;
+    fn pthread_mutex_lock(_: *mut pthread_mutex_t) -> ::core::ffi::c_int;
+    fn pthread_mutex_unlock(_: *mut pthread_mutex_t) -> ::core::ffi::c_int;
+    fn malloc(__size: size_t) -> *mut ::core::ffi::c_void;
+    fn calloc(__count: size_t, __size: size_t) -> *mut ::core::ffi::c_void;
+    fn free(_: *mut ::core::ffi::c_void);
+    static mut ffi_closure_trampoline_table_page: *mut ::core::ffi::c_void;
+}
+pub type ffi_abi = ::core::ffi::c_uint;
+pub const FFI_DEFAULT_ABI: ffi_abi = 1;
+pub const FFI_LAST_ABI: ffi_abi = 3;
+pub const FFI_WIN64: ffi_abi = 2;
+pub const FFI_SYSV: ffi_abi = 1;
+pub const FFI_FIRST_ABI: ffi_abi = 0;
+pub type __darwin_natural_t = ::core::ffi::c_uint;
+pub type __darwin_size_t = usize;
+pub type __darwin_mach_port_name_t = __darwin_natural_t;
+pub type __darwin_mach_port_t = __darwin_mach_port_name_t;
+#[derive(Copy, Clone)]
+#[repr(C)]
+pub struct _opaque_pthread_mutex_t {
+    pub __sig: ::core::ffi::c_long,
+    pub __opaque: [::core::ffi::c_char; 56],
+}
+pub type __darwin_pthread_mutex_t = _opaque_pthread_mutex_t;
+pub type uintptr_t = usize;
+pub type size_t = __darwin_size_t;
+#[derive(Copy, Clone)]
+#[repr(C)]
+pub struct _ffi_type {
+    pub size: size_t,
+    pub alignment: ::core::ffi::c_ushort,
+    pub type_0: ::core::ffi::c_ushort,
+    pub elements: *mut *mut _ffi_type,
+}
+pub type ffi_type = _ffi_type;
+#[derive(Copy, Clone)]
+#[repr(C)]
+pub struct ffi_cif {
+    pub abi: ffi_abi,
+    pub nargs: ::core::ffi::c_uint,
+    pub arg_types: *mut *mut ffi_type,
+    pub rtype: *mut ffi_type,
+    pub bytes: ::core::ffi::c_uint,
+    pub flags: ::core::ffi::c_uint,
+    pub aarch64_nfixedargs: ::core::ffi::c_uint,
+}
+#[derive(Copy, Clone)]
+#[repr(C)]
+pub struct ffi_closure {
+    pub trampoline_table: *mut ::core::ffi::c_void,
+    pub trampoline_table_entry: *mut ::core::ffi::c_void,
+    pub cif: *mut ffi_cif,
+    pub fun: Option<
+        unsafe extern "C" fn(
+            *mut ffi_cif,
+            *mut ::core::ffi::c_void,
+            *mut *mut ::core::ffi::c_void,
+            *mut ::core::ffi::c_void,
+        ) -> (),
+    >,
+    pub user_data: *mut ::core::ffi::c_void,
+}
+#[derive(Copy, Clone)]
+#[repr(C)]
+pub struct ffi_trampoline_table_entry {
+    pub trampoline: Option<unsafe extern "C" fn() -> *mut ::core::ffi::c_void>,
+    pub next: *mut ffi_trampoline_table_entry,
+}
+#[derive(Copy, Clone)]
+#[repr(C)]
+pub struct ffi_trampoline_table {
+    pub config_page: vm_address_t,
+    pub free_count: uint16_t,
+    pub free_list: *mut ffi_trampoline_table_entry,
+    pub free_list_pool: *mut ffi_trampoline_table_entry,
+    pub prev: *mut ffi_trampoline_table,
+    pub next: *mut ffi_trampoline_table,
+}
+pub type uint16_t = u16;
+pub type vm_address_t = vm_offset_t;
+pub type vm_offset_t = uintptr_t;
+pub type pthread_mutex_t = __darwin_pthread_mutex_t;
+pub type kern_return_t = ::core::ffi::c_int;
+pub type vm_size_t = uintptr_t;
+pub type mach_port_t = __darwin_mach_port_t;
+pub type vm_map_t = mach_port_t;
+pub type vm_prot_t = ::core::ffi::c_int;
+pub type boolean_t = ::core::ffi::c_int;
+pub type vm_inherit_t = ::core::ffi::c_uint;
+pub const FFI_TRAMPOLINE_SIZE: ::core::ffi::c_int = 16 as ::core::ffi::c_int;
+pub const __DARWIN_NULL: *mut ::core::ffi::c_void = ::core::ptr::null_mut::<::core::ffi::c_void>();
+pub const NULL: *mut ::core::ffi::c_void = __DARWIN_NULL;
+pub const FALSE: ::core::ffi::c_int = 0 as ::core::ffi::c_int;
+pub const KERN_SUCCESS: ::core::ffi::c_int = 0 as ::core::ffi::c_int;
+pub const VM_FLAGS_ANYWHERE: ::core::ffi::c_int = 0x1 as ::core::ffi::c_int;
+pub const VM_FLAGS_OVERWRITE: ::core::ffi::c_int = 0x4000 as ::core::ffi::c_int;
+pub const VM_PROT_EXECUTE: vm_prot_t = 0x4 as ::core::ffi::c_int;
+pub const VM_INHERIT_SHARE: vm_inherit_t = 0 as ::core::ffi::c_int as vm_inherit_t;
+pub const PAGE_MAX_SHIFT: ::core::ffi::c_int = 14 as ::core::ffi::c_int;
+pub const PAGE_MAX_SIZE: ::core::ffi::c_int = (1 as ::core::ffi::c_int) << PAGE_MAX_SHIFT;
+pub const _PTHREAD_MUTEX_SIG_init: ::core::ffi::c_int = 0x32aaaba7 as ::core::ffi::c_int;
+pub const FFI_TRAMPOLINE_COUNT: ::core::ffi::c_int = PAGE_MAX_SIZE / FFI_TRAMPOLINE_SIZE;
+static mut ffi_trampoline_lock: pthread_mutex_t = _opaque_pthread_mutex_t {
+    __sig: _PTHREAD_MUTEX_SIG_init as ::core::ffi::c_long,
+    __opaque: [
+        0 as ::core::ffi::c_int as ::core::ffi::c_char,
+        0,
+        0,
+        0,
+        0,
+        0,
+        0,
+        0,
+        0,
+        0,
+        0,
+        0,
+        0,
+        0,
+        0,
+        0,
+        0,
+        0,
+        0,
+        0,
+        0,
+        0,
+        0,
+        0,
+        0,
+        0,
+        0,
+        0,
+        0,
+        0,
+        0,
+        0,
+        0,
+        0,
+        0,
+        0,
+        0,
+        0,
+        0,
+        0,
+        0,
+        0,
+        0,
+        0,
+        0,
+        0,
+        0,
+        0,
+        0,
+        0,
+        0,
+        0,
+        0,
+        0,
+        0,
+        0,
+    ],
+};
+static mut ffi_trampoline_tables: *mut ffi_trampoline_table =
+    ::core::ptr::null::<ffi_trampoline_table>() as *mut ffi_trampoline_table;
+unsafe extern "C" fn ffi_trampoline_table_alloc() -> *mut ffi_trampoline_table {
+    let mut table: *mut ffi_trampoline_table = ::core::ptr::null_mut::<ffi_trampoline_table>();
+    let mut config_page: vm_address_t = 0;
+    let mut trampoline_page: vm_address_t = 0;
+    let mut trampoline_page_template: vm_address_t = 0;
+    let mut cur_prot: vm_prot_t = 0;
+    let mut max_prot: vm_prot_t = 0;
+    let mut kt: kern_return_t = 0;
+    let mut i: uint16_t = 0;
+    config_page = 0 as vm_address_t;
+    kt = vm_allocate(
+        mach_task_self_ as vm_map_t,
+        &raw mut config_page,
+        (PAGE_MAX_SIZE * 2 as ::core::ffi::c_int) as vm_size_t,
+        VM_FLAGS_ANYWHERE,
+    );
+    if kt != KERN_SUCCESS {
+        return ::core::ptr::null_mut::<ffi_trampoline_table>();
+    }
+    trampoline_page = config_page.wrapping_add(PAGE_MAX_SIZE as vm_address_t);
+    trampoline_page_template = &raw mut ffi_closure_trampoline_table_page as vm_address_t;
+    kt = vm_remap(
+        mach_task_self_ as vm_map_t,
+        &raw mut trampoline_page,
+        PAGE_MAX_SIZE as vm_size_t,
+        0 as vm_address_t,
+        VM_FLAGS_OVERWRITE,
+        mach_task_self_ as vm_map_t,
+        trampoline_page_template,
+        FALSE,
+        &raw mut cur_prot,
+        &raw mut max_prot,
+        VM_INHERIT_SHARE,
+    );
+    if kt != KERN_SUCCESS {
+        vm_deallocate(
+            mach_task_self_ as vm_map_t,
+            config_page,
+            (PAGE_MAX_SIZE * 2 as ::core::ffi::c_int) as vm_size_t,
+        );
+        return ::core::ptr::null_mut::<ffi_trampoline_table>();
+    }
+    if cur_prot & VM_PROT_EXECUTE == 0 {
+        kt = vm_protect(
+            mach_task_self_ as vm_map_t,
+            trampoline_page,
+            PAGE_MAX_SIZE as vm_size_t,
+            FALSE,
+            cur_prot | VM_PROT_EXECUTE,
+        );
+        if kt != KERN_SUCCESS {
+            vm_deallocate(
+                mach_task_self_ as vm_map_t,
+                config_page,
+                (PAGE_MAX_SIZE * 2 as ::core::ffi::c_int) as vm_size_t,
+            );
+            return ::core::ptr::null_mut::<ffi_trampoline_table>();
+        }
+    }
+    table = calloc(
+        1 as size_t,
+        ::core::mem::size_of::<ffi_trampoline_table>() as size_t,
+    ) as *mut ffi_trampoline_table;
+    (*table).free_count = FFI_TRAMPOLINE_COUNT as uint16_t;
+    (*table).config_page = config_page;
+    (*table).free_list_pool = calloc(
+        FFI_TRAMPOLINE_COUNT as size_t,
+        ::core::mem::size_of::<ffi_trampoline_table_entry>() as size_t,
+    ) as *mut ffi_trampoline_table_entry;
+    i = 0 as uint16_t;
+    while (i as ::core::ffi::c_int) < (*table).free_count as ::core::ffi::c_int {
+        let mut entry: *mut ffi_trampoline_table_entry =
+            (*table).free_list_pool.offset(i as isize) as *mut ffi_trampoline_table_entry;
+        (*entry).trampoline = ::core::mem::transmute::<
+            *mut ::core::ffi::c_void,
+            Option<unsafe extern "C" fn() -> *mut ::core::ffi::c_void>,
+        >(
+            trampoline_page
+                .wrapping_add((i as ::core::ffi::c_int * FFI_TRAMPOLINE_SIZE) as vm_address_t)
+                as *mut ::core::ffi::c_void,
+        );
+        if (i as ::core::ffi::c_int)
+            < (*table).free_count as ::core::ffi::c_int - 1 as ::core::ffi::c_int
+        {
+            (*entry).next = (*table)
+                .free_list_pool
+                .offset((i as ::core::ffi::c_int + 1 as ::core::ffi::c_int) as isize)
+                as *mut ffi_trampoline_table_entry;
+        }
+        i = i.wrapping_add(1);
+    }
+    (*table).free_list = (*table).free_list_pool;
+    return table;
+}
+unsafe extern "C" fn ffi_trampoline_table_free(mut table: *mut ffi_trampoline_table) {
+    if !(*table).prev.is_null() {
+        (*(*table).prev).next = (*table).next;
+    }
+    if !(*table).next.is_null() {
+        (*(*table).next).prev = (*table).prev;
+    }
+    vm_deallocate(
+        mach_task_self_ as vm_map_t,
+        (*table).config_page,
+        (PAGE_MAX_SIZE * 2 as ::core::ffi::c_int) as vm_size_t,
+    );
+    free((*table).free_list_pool as *mut ::core::ffi::c_void);
+    free(table as *mut ::core::ffi::c_void);
+}
+#[no_mangle]
+pub unsafe extern "C" fn ffi_closure_alloc(
+    mut size: size_t,
+    mut code: *mut *mut ::core::ffi::c_void,
+) -> *mut ::core::ffi::c_void {
+    let mut closure: *mut ffi_closure = malloc(size) as *mut ffi_closure;
+    if closure.is_null() {
+        return NULL;
+    }
+    pthread_mutex_lock(&raw mut ffi_trampoline_lock);
+    let mut table: *mut ffi_trampoline_table = ffi_trampoline_tables;
+    if table.is_null() || (*table).free_list.is_null() {
+        table = ffi_trampoline_table_alloc();
+        if table.is_null() {
+            pthread_mutex_unlock(&raw mut ffi_trampoline_lock);
+            free(closure as *mut ::core::ffi::c_void);
+            return NULL;
+        }
+        (*table).next = ffi_trampoline_tables;
+        if !(*table).next.is_null() {
+            (*(*table).next).prev = table;
+        }
+        ffi_trampoline_tables = table;
+    }
+    let mut entry: *mut ffi_trampoline_table_entry = (*ffi_trampoline_tables).free_list;
+    (*ffi_trampoline_tables).free_list = (*entry).next;
+    (*ffi_trampoline_tables).free_count = (*ffi_trampoline_tables).free_count.wrapping_sub(1);
+    (*entry).next = ::core::ptr::null_mut::<ffi_trampoline_table_entry>();
+    pthread_mutex_unlock(&raw mut ffi_trampoline_lock);
+    *code = ::core::mem::transmute::<
+        Option<unsafe extern "C" fn() -> *mut ::core::ffi::c_void>,
+        *mut ::core::ffi::c_void,
+    >((*entry).trampoline);
+    (*closure).trampoline_table = table as *mut ::core::ffi::c_void;
+    (*closure).trampoline_table_entry = entry as *mut ::core::ffi::c_void;
+    return closure as *mut ::core::ffi::c_void;
+}
+#[no_mangle]
+pub unsafe extern "C" fn ffi_closure_free(mut ptr: *mut ::core::ffi::c_void) {
+    let mut closure: *mut ffi_closure = ptr as *mut ffi_closure;
+    pthread_mutex_lock(&raw mut ffi_trampoline_lock);
+    let mut table: *mut ffi_trampoline_table =
+        (*closure).trampoline_table as *mut ffi_trampoline_table;
+    let mut entry: *mut ffi_trampoline_table_entry =
+        (*closure).trampoline_table_entry as *mut ffi_trampoline_table_entry;
+    (*entry).next = (*table).free_list;
+    (*table).free_list = entry;
+    (*table).free_count = (*table).free_count.wrapping_add(1);
+    if (*table).free_count as ::core::ffi::c_int == FFI_TRAMPOLINE_COUNT
+        && ffi_trampoline_tables != table
+    {
+        ffi_trampoline_table_free(table);
+    } else if ffi_trampoline_tables != table {
+        (*table).prev = ::core::ptr::null_mut::<ffi_trampoline_table>();
+        (*table).next = ffi_trampoline_tables;
+        if !ffi_trampoline_tables.is_null() {
+            (*ffi_trampoline_tables).prev = table;
+        }
+        ffi_trampoline_tables = table;
+    }
+    pthread_mutex_unlock(&raw mut ffi_trampoline_lock);
+    free(closure as *mut ::core::ffi::c_void);
+}
diff --git a/libffi/src/java_raw_api.rs b/libffi/src/java_raw_api.rs
new file mode 100644
index 0000000..33305f1
--- /dev/null
+++ b/libffi/src/java_raw_api.rs
@@ -0,0 +1,378 @@
+extern "C" {
+    fn ffi_prep_closure_loc(
+        _: *mut ffi_closure,
+        _: *mut ffi_cif,
+        fun: Option<
+            unsafe extern "C" fn(
+                *mut ffi_cif,
+                *mut ::core::ffi::c_void,
+                *mut *mut ::core::ffi::c_void,
+                *mut ::core::ffi::c_void,
+            ) -> (),
+        >,
+        user_data: *mut ::core::ffi::c_void,
+        codeloc: *mut ::core::ffi::c_void,
+    ) -> ffi_status;
+    fn ffi_call(
+        cif: *mut ffi_cif,
+        fn_0: Option<unsafe extern "C" fn() -> ()>,
+        rvalue: *mut ::core::ffi::c_void,
+        avalue: *mut *mut ::core::ffi::c_void,
+    );
+    fn abort() -> !;
+}
+pub type ffi_arg = ::core::ffi::c_ulong;
+pub type ffi_sarg = ::core::ffi::c_long;
+pub type ffi_abi = ::core::ffi::c_uint;
+pub const FFI_DEFAULT_ABI: ffi_abi = 1;
+pub const FFI_LAST_ABI: ffi_abi = 3;
+pub const FFI_WIN64: ffi_abi = 2;
+pub const FFI_SYSV: ffi_abi = 1;
+pub const FFI_FIRST_ABI: ffi_abi = 0;
+pub type __darwin_size_t = usize;
+pub type size_t = __darwin_size_t;
+#[derive(Copy, Clone)]
+#[repr(C)]
+pub struct _ffi_type {
+    pub size: size_t,
+    pub alignment: ::core::ffi::c_ushort,
+    pub type_0: ::core::ffi::c_ushort,
+    pub elements: *mut *mut _ffi_type,
+}
+pub type ffi_type = _ffi_type;
+pub type ffi_status = ::core::ffi::c_uint;
+pub const FFI_BAD_ARGTYPE: ffi_status = 3;
+pub const FFI_BAD_ABI: ffi_status = 2;
+pub const FFI_BAD_TYPEDEF: ffi_status = 1;
+pub const FFI_OK: ffi_status = 0;
+#[derive(Copy, Clone)]
+#[repr(C)]
+pub struct ffi_cif {
+    pub abi: ffi_abi,
+    pub nargs: ::core::ffi::c_uint,
+    pub arg_types: *mut *mut ffi_type,
+    pub rtype: *mut ffi_type,
+    pub bytes: ::core::ffi::c_uint,
+    pub flags: ::core::ffi::c_uint,
+    pub aarch64_nfixedargs: ::core::ffi::c_uint,
+}
+#[derive(Copy, Clone)]
+#[repr(C)]
+pub union ffi_raw {
+    pub sint: ffi_sarg,
+    pub uint: ffi_arg,
+    pub flt: ::core::ffi::c_float,
+    pub data: [::core::ffi::c_char; 8],
+    pub ptr: *mut ::core::ffi::c_void,
+}
+pub type ffi_java_raw = ffi_raw;
+pub type UINT64 = ::core::ffi::c_ulong;
+pub type FLOAT32 = ::core::ffi::c_float;
+pub type SINT32 = ::core::ffi::c_int;
+pub type UINT32 = ::core::ffi::c_uint;
+pub type SINT16 = ::core::ffi::c_short;
+pub type UINT16 = ::core::ffi::c_ushort;
+pub type SINT8 = ::core::ffi::c_schar;
+pub type UINT8 = ::core::ffi::c_uchar;
+#[derive(Copy, Clone)]
+#[repr(C)]
+pub struct ffi_closure {
+    pub trampoline_table: *mut ::core::ffi::c_void,
+    pub trampoline_table_entry: *mut ::core::ffi::c_void,
+    pub cif: *mut ffi_cif,
+    pub fun: Option<
+        unsafe extern "C" fn(
+            *mut ffi_cif,
+            *mut ::core::ffi::c_void,
+            *mut *mut ::core::ffi::c_void,
+            *mut ::core::ffi::c_void,
+        ) -> (),
+    >,
+    pub user_data: *mut ::core::ffi::c_void,
+}
+#[derive(Copy, Clone)]
+#[repr(C)]
+pub struct ffi_raw_closure {
+    pub trampoline_table: *mut ::core::ffi::c_void,
+    pub trampoline_table_entry: *mut ::core::ffi::c_void,
+    pub cif: *mut ffi_cif,
+    pub translate_args: Option<
+        unsafe extern "C" fn(
+            *mut ffi_cif,
+            *mut ::core::ffi::c_void,
+            *mut *mut ::core::ffi::c_void,
+            *mut ::core::ffi::c_void,
+        ) -> (),
+    >,
+    pub this_closure: *mut ::core::ffi::c_void,
+    pub fun: Option<
+        unsafe extern "C" fn(
+            *mut ffi_cif,
+            *mut ::core::ffi::c_void,
+            *mut ffi_raw,
+            *mut ::core::ffi::c_void,
+        ) -> (),
+    >,
+    pub user_data: *mut ::core::ffi::c_void,
+}
+#[derive(Copy, Clone)]
+#[repr(C)]
+pub struct ffi_java_raw_closure {
+    pub trampoline_table: *mut ::core::ffi::c_void,
+    pub trampoline_table_entry: *mut ::core::ffi::c_void,
+    pub cif: *mut ffi_cif,
+    pub translate_args: Option<
+        unsafe extern "C" fn(
+            *mut ffi_cif,
+            *mut ::core::ffi::c_void,
+            *mut *mut ::core::ffi::c_void,
+            *mut ::core::ffi::c_void,
+        ) -> (),
+    >,
+    pub this_closure: *mut ::core::ffi::c_void,
+    pub fun: Option<
+        unsafe extern "C" fn(
+            *mut ffi_cif,
+            *mut ::core::ffi::c_void,
+            *mut ffi_java_raw,
+            *mut ::core::ffi::c_void,
+        ) -> (),
+    >,
+    pub user_data: *mut ::core::ffi::c_void,
+}
+pub const FFI_TYPE_FLOAT: ::core::ffi::c_int = 2;
+pub const FFI_TYPE_DOUBLE: ::core::ffi::c_int = 3;
+pub const FFI_TYPE_UINT8: ::core::ffi::c_int = 5;
+pub const FFI_TYPE_SINT8: ::core::ffi::c_int = 6;
+pub const FFI_TYPE_UINT16: ::core::ffi::c_int = 7;
+pub const FFI_TYPE_SINT16: ::core::ffi::c_int = 8;
+pub const FFI_TYPE_UINT32: ::core::ffi::c_int = 9;
+pub const FFI_TYPE_SINT32: ::core::ffi::c_int = 10;
+pub const FFI_TYPE_UINT64: ::core::ffi::c_int = 11;
+pub const FFI_TYPE_SINT64: ::core::ffi::c_int = 12;
+pub const FFI_TYPE_STRUCT: ::core::ffi::c_int = 13;
+pub const FFI_TYPE_POINTER: ::core::ffi::c_int = 14;
+pub const FFI_TYPE_COMPLEX: ::core::ffi::c_int = 15;
+pub const FFI_SIZEOF_ARG: ::core::ffi::c_int = 8 as ::core::ffi::c_int;
+pub const FFI_SIZEOF_JAVA_RAW: ::core::ffi::c_int = FFI_SIZEOF_ARG;
+#[no_mangle]
+pub unsafe extern "C" fn ffi_java_raw_size(mut cif: *mut ffi_cif) -> size_t {
+    let mut result: size_t = 0 as size_t;
+    let mut i: ::core::ffi::c_int = 0;
+    let mut at: *mut *mut ffi_type = (*cif).arg_types;
+    i = (*cif).nargs.wrapping_sub(1 as ::core::ffi::c_uint) as ::core::ffi::c_int;
+    while i >= 0 as ::core::ffi::c_int {
+        match (**at).type_0 as ::core::ffi::c_int {
+            FFI_TYPE_UINT64 | FFI_TYPE_SINT64 | FFI_TYPE_DOUBLE => {
+                result =
+                    result.wrapping_add((2 as ::core::ffi::c_int * FFI_SIZEOF_JAVA_RAW) as size_t);
+            }
+            FFI_TYPE_STRUCT => {
+                abort();
+            }
+            FFI_TYPE_COMPLEX => {
+                abort();
+            }
+            _ => {
+                result = result.wrapping_add(FFI_SIZEOF_JAVA_RAW as size_t);
+            }
+        }
+        i -= 1;
+        at = at.offset(1);
+    }
+    return result;
+}
+#[no_mangle]
+pub unsafe extern "C" fn ffi_java_raw_to_ptrarray(
+    mut cif: *mut ffi_cif,
+    mut raw: *mut ffi_java_raw,
+    mut args: *mut *mut ::core::ffi::c_void,
+) {
+    let mut i: ::core::ffi::c_uint = 0;
+    let mut tp: *mut *mut ffi_type = (*cif).arg_types;
+    i = 0 as ::core::ffi::c_uint;
+    while i < (*cif).nargs {
+        match (**tp).type_0 as ::core::ffi::c_int {
+            FFI_TYPE_UINT64 | FFI_TYPE_SINT64 | FFI_TYPE_DOUBLE => {
+                *args = raw as *mut ::core::ffi::c_void;
+                raw = raw.offset(2 as ::core::ffi::c_int as isize);
+            }
+            FFI_TYPE_COMPLEX => {
+                abort();
+            }
+            _ => {
+                let fresh0 = raw;
+                raw = raw.offset(1);
+                *args = fresh0 as *mut ::core::ffi::c_void;
+            }
+        }
+        i = i.wrapping_add(1);
+        tp = tp.offset(1);
+        args = args.offset(1);
+    }
+}
+#[no_mangle]
+pub unsafe extern "C" fn ffi_java_ptrarray_to_raw(
+    mut cif: *mut ffi_cif,
+    mut args: *mut *mut ::core::ffi::c_void,
+    mut raw: *mut ffi_java_raw,
+) {
+    let mut i: ::core::ffi::c_uint = 0;
+    let mut tp: *mut *mut ffi_type = (*cif).arg_types;
+    i = 0 as ::core::ffi::c_uint;
+    while i < (*cif).nargs {
+        match (**tp).type_0 as ::core::ffi::c_int {
+            FFI_TYPE_UINT8 => {
+                let fresh1 = raw;
+                raw = raw.offset(1);
+                (*fresh1).uint = *(*args as *mut UINT8) as ffi_arg;
+            }
+            FFI_TYPE_SINT8 => {
+                let fresh2 = raw;
+                raw = raw.offset(1);
+                (*fresh2).sint = *(*args as *mut SINT8) as ffi_sarg;
+            }
+            FFI_TYPE_UINT16 => {
+                let fresh3 = raw;
+                raw = raw.offset(1);
+                (*fresh3).uint = *(*args as *mut UINT16) as ffi_arg;
+            }
+            FFI_TYPE_SINT16 => {
+                let fresh4 = raw;
+                raw = raw.offset(1);
+                (*fresh4).sint = *(*args as *mut SINT16) as ffi_sarg;
+            }
+            FFI_TYPE_UINT32 => {
+                let fresh5 = raw;
+                raw = raw.offset(1);
+                (*fresh5).uint = *(*args as *mut UINT32) as ffi_arg;
+            }
+            FFI_TYPE_SINT32 => {
+                let fresh6 = raw;
+                raw = raw.offset(1);
+                (*fresh6).sint = *(*args as *mut SINT32) as ffi_sarg;
+            }
+            FFI_TYPE_FLOAT => {
+                let fresh7 = raw;
+                raw = raw.offset(1);
+                (*fresh7).flt = *(*args as *mut FLOAT32) as ::core::ffi::c_float;
+            }
+            FFI_TYPE_UINT64 | FFI_TYPE_SINT64 | FFI_TYPE_DOUBLE => {
+                (*raw).uint = *(*args as *mut UINT64) as ffi_arg;
+                raw = raw.offset(2 as ::core::ffi::c_int as isize);
+            }
+            FFI_TYPE_POINTER => {
+                let fresh8 = raw;
+                raw = raw.offset(1);
+                (*fresh8).ptr = **(args as *mut *mut *mut ::core::ffi::c_void);
+            }
+            _ => {}
+        }
+        i = i.wrapping_add(1);
+        tp = tp.offset(1);
+        args = args.offset(1);
+    }
+}
+unsafe extern "C" fn ffi_java_rvalue_to_raw(
+    mut cif: *mut ffi_cif,
+    mut rvalue: *mut ::core::ffi::c_void,
+) {
+}
+unsafe extern "C" fn ffi_java_raw_to_rvalue(
+    mut cif: *mut ffi_cif,
+    mut rvalue: *mut ::core::ffi::c_void,
+) {
+}
+#[no_mangle]
+pub unsafe extern "C" fn ffi_java_raw_call(
+    mut cif: *mut ffi_cif,
+    mut fn_0: Option<unsafe extern "C" fn() -> ()>,
+    mut rvalue: *mut ::core::ffi::c_void,
+    mut raw: *mut ffi_java_raw,
+) {
+    let mut alloca_allocations: Vec<Vec<u8>> = Vec::new();
+    alloca_allocations.push(::std::vec::from_elem(
+        0,
+        ((*cif).nargs as usize)
+            .wrapping_mul(::core::mem::size_of::<*mut ::core::ffi::c_void>() as usize)
+            as usize,
+    ));
+    let mut avalue: *mut *mut ::core::ffi::c_void =
+        alloca_allocations.last_mut().unwrap().as_mut_ptr() as *mut *mut ::core::ffi::c_void;
+    ffi_java_raw_to_ptrarray(cif, raw, avalue);
+    ffi_call(cif, fn_0, rvalue, avalue);
+    ffi_java_rvalue_to_raw(cif, rvalue);
+}
+unsafe extern "C" fn ffi_java_translate_args(
+    mut cif: *mut ffi_cif,
+    mut rvalue: *mut ::core::ffi::c_void,
+    mut avalue: *mut *mut ::core::ffi::c_void,
+    mut user_data: *mut ::core::ffi::c_void,
+) {
+    let mut alloca_allocations: Vec<Vec<u8>> = Vec::new();
+    alloca_allocations.push(::std::vec::from_elem(0, ffi_java_raw_size(cif) as usize));
+    let mut raw: *mut ffi_java_raw =
+        alloca_allocations.last_mut().unwrap().as_mut_ptr() as *mut ffi_java_raw;
+    let mut cl: *mut ffi_raw_closure = user_data as *mut ffi_raw_closure;
+    ffi_java_ptrarray_to_raw(cif, avalue, raw);
+    Some((*cl).fun.expect("non-null function pointer")).expect("non-null function pointer")(
+        cif,
+        rvalue,
+        raw as *mut ffi_raw,
+        (*cl).user_data,
+    );
+    ffi_java_raw_to_rvalue(cif, rvalue);
+}
+#[no_mangle]
+pub unsafe extern "C" fn ffi_prep_java_raw_closure_loc(
+    mut cl: *mut ffi_java_raw_closure,
+    mut cif: *mut ffi_cif,
+    mut fun: Option<
+        unsafe extern "C" fn(
+            *mut ffi_cif,
+            *mut ::core::ffi::c_void,
+            *mut ffi_java_raw,
+            *mut ::core::ffi::c_void,
+        ) -> (),
+    >,
+    mut user_data: *mut ::core::ffi::c_void,
+    mut codeloc: *mut ::core::ffi::c_void,
+) -> ffi_status {
+    let mut status: ffi_status = FFI_OK;
+    status = ffi_prep_closure_loc(
+        cl as *mut ffi_closure,
+        cif,
+        Some(
+            ffi_java_translate_args
+                as unsafe extern "C" fn(
+                    *mut ffi_cif,
+                    *mut ::core::ffi::c_void,
+                    *mut *mut ::core::ffi::c_void,
+                    *mut ::core::ffi::c_void,
+                ) -> (),
+        ),
+        codeloc,
+        codeloc,
+    );
+    if status as ::core::ffi::c_uint == FFI_OK as ::core::ffi::c_int as ::core::ffi::c_uint {
+        (*cl).fun = fun;
+        (*cl).user_data = user_data;
+    }
+    return status;
+}
+#[no_mangle]
+pub unsafe extern "C" fn ffi_prep_java_raw_closure(
+    mut cl: *mut ffi_java_raw_closure,
+    mut cif: *mut ffi_cif,
+    mut fun: Option<
+        unsafe extern "C" fn(
+            *mut ffi_cif,
+            *mut ::core::ffi::c_void,
+            *mut ffi_java_raw,
+            *mut ::core::ffi::c_void,
+        ) -> (),
+    >,
+    mut user_data: *mut ::core::ffi::c_void,
+) -> ffi_status {
+    return ffi_prep_java_raw_closure_loc(cl, cif, fun, user_data, cl as *mut ::core::ffi::c_void);
+}
diff --git a/libffi/src/prep_cif.rs b/libffi/src/prep_cif.rs
new file mode 100644
index 0000000..f906103
--- /dev/null
+++ b/libffi/src/prep_cif.rs
@@ -0,0 +1,295 @@
+extern "C" {
+    static mut ffi_type_sint32: ffi_type;
+    static mut ffi_type_float: ffi_type;
+    fn ffi_prep_closure_loc(
+        _: *mut ffi_closure,
+        _: *mut ffi_cif,
+        fun: Option<
+            unsafe extern "C" fn(
+                *mut ffi_cif,
+                *mut ::core::ffi::c_void,
+                *mut *mut ::core::ffi::c_void,
+                *mut ::core::ffi::c_void,
+            ) -> (),
+        >,
+        user_data: *mut ::core::ffi::c_void,
+        codeloc: *mut ::core::ffi::c_void,
+    ) -> ffi_status;
+    fn ffi_prep_cif_machdep(cif: *mut ffi_cif) -> ffi_status;
+    fn ffi_prep_cif_machdep_var(
+        cif: *mut ffi_cif,
+        nfixedargs: ::core::ffi::c_uint,
+        ntotalargs: ::core::ffi::c_uint,
+    ) -> ffi_status;
+}
+pub type ffi_abi = ::core::ffi::c_uint;
+pub const FFI_DEFAULT_ABI: ffi_abi = 1;
+pub const FFI_LAST_ABI: ffi_abi = 3;
+pub const FFI_WIN64: ffi_abi = 2;
+pub const FFI_SYSV: ffi_abi = 1;
+pub const FFI_FIRST_ABI: ffi_abi = 0;
+pub type __darwin_size_t = usize;
+pub type size_t = __darwin_size_t;
+#[derive(Copy, Clone)]
+#[repr(C)]
+pub struct _ffi_type {
+    pub size: size_t,
+    pub alignment: ::core::ffi::c_ushort,
+    pub type_0: ::core::ffi::c_ushort,
+    pub elements: *mut *mut _ffi_type,
+}
+pub type ffi_type = _ffi_type;
+pub type ffi_status = ::core::ffi::c_uint;
+pub const FFI_BAD_ARGTYPE: ffi_status = 3;
+pub const FFI_BAD_ABI: ffi_status = 2;
+pub const FFI_BAD_TYPEDEF: ffi_status = 1;
+pub const FFI_OK: ffi_status = 0;
+#[derive(Copy, Clone)]
+#[repr(C)]
+pub struct ffi_cif {
+    pub abi: ffi_abi,
+    pub nargs: ::core::ffi::c_uint,
+    pub arg_types: *mut *mut ffi_type,
+    pub rtype: *mut ffi_type,
+    pub bytes: ::core::ffi::c_uint,
+    pub flags: ::core::ffi::c_uint,
+    pub aarch64_nfixedargs: ::core::ffi::c_uint,
+}
+#[derive(Copy, Clone)]
+#[repr(C)]
+pub struct ffi_closure {
+    pub trampoline_table: *mut ::core::ffi::c_void,
+    pub trampoline_table_entry: *mut ::core::ffi::c_void,
+    pub cif: *mut ffi_cif,
+    pub fun: Option<
+        unsafe extern "C" fn(
+            *mut ffi_cif,
+            *mut ::core::ffi::c_void,
+            *mut *mut ::core::ffi::c_void,
+            *mut ::core::ffi::c_void,
+        ) -> (),
+    >,
+    pub user_data: *mut ::core::ffi::c_void,
+}
+pub const FFI_TYPE_STRUCT: ::core::ffi::c_int = 13 as ::core::ffi::c_int;
+pub const FFI_TYPE_COMPLEX: ::core::ffi::c_int = 15 as ::core::ffi::c_int;
+pub const __DARWIN_NULL: *mut ::core::ffi::c_void = ::core::ptr::null_mut::<::core::ffi::c_void>();
+pub const NULL: *mut ::core::ffi::c_void = __DARWIN_NULL;
+unsafe extern "C" fn initialize_aggregate(
+    mut arg: *mut ffi_type,
+    mut offsets: *mut size_t,
+) -> ffi_status {
+    let mut ptr: *mut *mut ffi_type = ::core::ptr::null_mut::<*mut ffi_type>();
+    if ((arg.is_null() || (*arg).elements.is_null()) as ::core::ffi::c_int
+        != 0 as ::core::ffi::c_int) as ::core::ffi::c_int as ::core::ffi::c_long
+        != 0
+    {
+        return FFI_BAD_TYPEDEF;
+    }
+    (*arg).size = 0 as size_t;
+    (*arg).alignment = 0 as ::core::ffi::c_ushort;
+    ptr = (*arg).elements.offset(0 as ::core::ffi::c_int as isize) as *mut *mut _ffi_type
+        as *mut *mut ffi_type;
+    if ((ptr == ::core::ptr::null_mut::<*mut ffi_type>()) as ::core::ffi::c_int
+        != 0 as ::core::ffi::c_int) as ::core::ffi::c_int as ::core::ffi::c_long
+        != 0
+    {
+        return FFI_BAD_TYPEDEF;
+    }
+    while !(*ptr).is_null() {
+        if (((**ptr).size == 0 as size_t
+            && initialize_aggregate(*ptr, ::core::ptr::null_mut::<size_t>()) as ::core::ffi::c_uint
+                != FFI_OK as ::core::ffi::c_int as ::core::ffi::c_uint)
+            as ::core::ffi::c_int
+            != 0 as ::core::ffi::c_int) as ::core::ffi::c_int as ::core::ffi::c_long
+            != 0
+        {
+            return FFI_BAD_TYPEDEF;
+        }
+        (*arg).size = ((*arg).size.wrapping_sub(1 as size_t)
+            | ((**ptr).alignment as ::core::ffi::c_int - 1 as ::core::ffi::c_int) as size_t)
+            .wrapping_add(1 as size_t);
+        if !offsets.is_null() {
+            let fresh0 = offsets;
+            offsets = offsets.offset(1);
+            *fresh0 = (*arg).size;
+        }
+        (*arg).size = (*arg).size.wrapping_add((**ptr).size);
+        (*arg).alignment =
+            (if (*arg).alignment as ::core::ffi::c_int > (**ptr).alignment as ::core::ffi::c_int {
+                (*arg).alignment as ::core::ffi::c_int
+            } else {
+                (**ptr).alignment as ::core::ffi::c_int
+            }) as ::core::ffi::c_ushort;
+        ptr = ptr.offset(1);
+    }
+    (*arg).size = ((*arg).size.wrapping_sub(1 as size_t)
+        | ((*arg).alignment as ::core::ffi::c_int - 1 as ::core::ffi::c_int) as size_t)
+        .wrapping_add(1 as size_t);
+    if (*arg).size == 0 as size_t {
+        return FFI_BAD_TYPEDEF;
+    } else {
+        return FFI_OK;
+    };
+}
+#[no_mangle]
+pub unsafe extern "C" fn ffi_prep_cif_core(
+    mut cif: *mut ffi_cif,
+    mut abi: ffi_abi,
+    mut isvariadic: ::core::ffi::c_uint,
+    mut nfixedargs: ::core::ffi::c_uint,
+    mut ntotalargs: ::core::ffi::c_uint,
+    mut rtype: *mut ffi_type,
+    mut atypes: *mut *mut ffi_type,
+) -> ffi_status {
+    let mut bytes: ::core::ffi::c_uint = 0 as ::core::ffi::c_uint;
+    let mut i: ::core::ffi::c_uint = 0;
+    let mut ptr: *mut *mut ffi_type = ::core::ptr::null_mut::<*mut ffi_type>();
+    if !(abi as ::core::ffi::c_uint > FFI_FIRST_ABI as ::core::ffi::c_int as ::core::ffi::c_uint
+        && (abi as ::core::ffi::c_uint) < FFI_LAST_ABI as ::core::ffi::c_int as ::core::ffi::c_uint)
+    {
+        return FFI_BAD_ABI;
+    }
+    (*cif).abi = abi;
+    (*cif).arg_types = atypes;
+    (*cif).nargs = ntotalargs;
+    (*cif).rtype = rtype;
+    (*cif).flags = 0 as ::core::ffi::c_uint;
+    if (*(*cif).rtype).size == 0 as size_t
+        && initialize_aggregate((*cif).rtype, ::core::ptr::null_mut::<size_t>())
+            as ::core::ffi::c_uint
+            != FFI_OK as ::core::ffi::c_int as ::core::ffi::c_uint
+    {
+        return FFI_BAD_TYPEDEF;
+    }
+    if (*(*cif).rtype).type_0 as ::core::ffi::c_int == FFI_TYPE_STRUCT {
+        bytes = (::core::mem::size_of::<*mut ::core::ffi::c_void>().wrapping_sub(1 as size_t)
+            | (8 as ::core::ffi::c_int - 1 as ::core::ffi::c_int) as size_t)
+            .wrapping_add(1 as size_t) as ::core::ffi::c_uint;
+    }
+    ptr = (*cif).arg_types;
+    i = (*cif).nargs;
+    while i > 0 as ::core::ffi::c_uint {
+        if (**ptr).size == 0 as size_t
+            && initialize_aggregate(*ptr, ::core::ptr::null_mut::<size_t>()) as ::core::ffi::c_uint
+                != FFI_OK as ::core::ffi::c_int as ::core::ffi::c_uint
+        {
+            return FFI_BAD_TYPEDEF;
+        }
+        if ((**ptr).alignment as ::core::ffi::c_int - 1 as ::core::ffi::c_int)
+            as ::core::ffi::c_uint
+            & bytes
+            != 0
+        {
+            bytes = ((bytes as size_t).wrapping_sub(1 as size_t)
+                | ((**ptr).alignment as ::core::ffi::c_int - 1 as ::core::ffi::c_int) as size_t)
+                .wrapping_add(1 as size_t) as ::core::ffi::c_uint;
+        }
+        bytes = bytes.wrapping_add(
+            ((**ptr).size.wrapping_sub(1 as size_t)
+                | (8 as ::core::ffi::c_int - 1 as ::core::ffi::c_int) as size_t)
+                .wrapping_add(1 as size_t) as ::core::ffi::c_uint,
+        );
+        i = i.wrapping_sub(1);
+        ptr = ptr.offset(1);
+    }
+    (*cif).bytes = bytes;
+    if isvariadic != 0 {
+        return ffi_prep_cif_machdep_var(cif, nfixedargs, ntotalargs);
+    }
+    return ffi_prep_cif_machdep(cif);
+}
+#[no_mangle]
+pub unsafe extern "C" fn ffi_prep_cif(
+    mut cif: *mut ffi_cif,
+    mut abi: ffi_abi,
+    mut nargs: ::core::ffi::c_uint,
+    mut rtype: *mut ffi_type,
+    mut atypes: *mut *mut ffi_type,
+) -> ffi_status {
+    return ffi_prep_cif_core(
+        cif,
+        abi,
+        0 as ::core::ffi::c_uint,
+        nargs,
+        nargs,
+        rtype,
+        atypes,
+    );
+}
+#[no_mangle]
+pub unsafe extern "C" fn ffi_prep_cif_var(
+    mut cif: *mut ffi_cif,
+    mut abi: ffi_abi,
+    mut nfixedargs: ::core::ffi::c_uint,
+    mut ntotalargs: ::core::ffi::c_uint,
+    mut rtype: *mut ffi_type,
+    mut atypes: *mut *mut ffi_type,
+) -> ffi_status {
+    let mut rc: ffi_status = FFI_OK;
+    let mut int_size: size_t = ffi_type_sint32.size;
+    let mut i: ::core::ffi::c_uint = 0;
+    rc = ffi_prep_cif_core(
+        cif,
+        abi,
+        1 as ::core::ffi::c_uint,
+        nfixedargs,
+        ntotalargs,
+        rtype,
+        atypes,
+    );
+    if rc as ::core::ffi::c_uint != FFI_OK as ::core::ffi::c_int as ::core::ffi::c_uint {
+        return rc;
+    }
+    i = nfixedargs;
+    while i < ntotalargs {
+        let mut arg_type: *mut ffi_type = *atypes.offset(i as isize);
+        if arg_type == &raw mut ffi_type_float
+            || (*arg_type).type_0 as ::core::ffi::c_int != FFI_TYPE_STRUCT
+                && (*arg_type).type_0 as ::core::ffi::c_int != FFI_TYPE_COMPLEX
+                && (*arg_type).size < int_size
+        {
+            return FFI_BAD_ARGTYPE;
+        }
+        i = i.wrapping_add(1);
+    }
+    return FFI_OK;
+}
+#[no_mangle]
+pub unsafe extern "C" fn ffi_prep_closure(
+    mut closure: *mut ffi_closure,
+    mut cif: *mut ffi_cif,
+    mut fun: Option<
+        unsafe extern "C" fn(
+            *mut ffi_cif,
+            *mut ::core::ffi::c_void,
+            *mut *mut ::core::ffi::c_void,
+            *mut ::core::ffi::c_void,
+        ) -> (),
+    >,
+    mut user_data: *mut ::core::ffi::c_void,
+) -> ffi_status {
+    return ffi_prep_closure_loc(
+        closure,
+        cif,
+        fun,
+        user_data,
+        closure as *mut ::core::ffi::c_void,
+    );
+}
+#[no_mangle]
+pub unsafe extern "C" fn ffi_get_struct_offsets(
+    mut abi: ffi_abi,
+    mut struct_type: *mut ffi_type,
+    mut offsets: *mut size_t,
+) -> ffi_status {
+    if !(abi as ::core::ffi::c_uint > FFI_FIRST_ABI as ::core::ffi::c_int as ::core::ffi::c_uint
+        && (abi as ::core::ffi::c_uint) < FFI_LAST_ABI as ::core::ffi::c_int as ::core::ffi::c_uint)
+    {
+        return FFI_BAD_ABI;
+    }
+    if (*struct_type).type_0 as ::core::ffi::c_int != FFI_TYPE_STRUCT {
+        return FFI_BAD_TYPEDEF;
+    }
+    return initialize_aggregate(struct_type, offsets);
+}
diff --git a/libffi/src/raw_api.rs b/libffi/src/raw_api.rs
new file mode 100644
index 0000000..bf070c6
--- /dev/null
+++ b/libffi/src/raw_api.rs
@@ -0,0 +1,352 @@
+extern "C" {
+    fn ffi_prep_closure_loc(
+        _: *mut ffi_closure,
+        _: *mut ffi_cif,
+        fun: Option<
+            unsafe extern "C" fn(
+                *mut ffi_cif,
+                *mut ::core::ffi::c_void,
+                *mut *mut ::core::ffi::c_void,
+                *mut ::core::ffi::c_void,
+            ) -> (),
+        >,
+        user_data: *mut ::core::ffi::c_void,
+        codeloc: *mut ::core::ffi::c_void,
+    ) -> ffi_status;
+    fn ffi_call(
+        cif: *mut ffi_cif,
+        fn_0: Option<unsafe extern "C" fn() -> ()>,
+        rvalue: *mut ::core::ffi::c_void,
+        avalue: *mut *mut ::core::ffi::c_void,
+    );
+    fn memcpy(
+        __dst: *mut ::core::ffi::c_void,
+        __src: *const ::core::ffi::c_void,
+        __n: size_t,
+    ) -> *mut ::core::ffi::c_void;
+}
+pub type ffi_arg = ::core::ffi::c_ulong;
+pub type ffi_sarg = ::core::ffi::c_long;
+pub type ffi_abi = ::core::ffi::c_uint;
+pub const FFI_DEFAULT_ABI: ffi_abi = 1;
+pub const FFI_LAST_ABI: ffi_abi = 3;
+pub const FFI_WIN64: ffi_abi = 2;
+pub const FFI_SYSV: ffi_abi = 1;
+pub const FFI_FIRST_ABI: ffi_abi = 0;
+pub type __darwin_size_t = usize;
+pub type size_t = __darwin_size_t;
+#[derive(Copy, Clone)]
+#[repr(C)]
+pub struct _ffi_type {
+    pub size: size_t,
+    pub alignment: ::core::ffi::c_ushort,
+    pub type_0: ::core::ffi::c_ushort,
+    pub elements: *mut *mut _ffi_type,
+}
+pub type ffi_type = _ffi_type;
+pub type ffi_status = ::core::ffi::c_uint;
+pub const FFI_BAD_ARGTYPE: ffi_status = 3;
+pub const FFI_BAD_ABI: ffi_status = 2;
+pub const FFI_BAD_TYPEDEF: ffi_status = 1;
+pub const FFI_OK: ffi_status = 0;
+#[derive(Copy, Clone)]
+#[repr(C)]
+pub struct ffi_cif {
+    pub abi: ffi_abi,
+    pub nargs: ::core::ffi::c_uint,
+    pub arg_types: *mut *mut ffi_type,
+    pub rtype: *mut ffi_type,
+    pub bytes: ::core::ffi::c_uint,
+    pub flags: ::core::ffi::c_uint,
+    pub aarch64_nfixedargs: ::core::ffi::c_uint,
+}
+#[derive(Copy, Clone)]
+#[repr(C)]
+pub union ffi_raw {
+    pub sint: ffi_sarg,
+    pub uint: ffi_arg,
+    pub flt: ::core::ffi::c_float,
+    pub data: [::core::ffi::c_char; 8],
+    pub ptr: *mut ::core::ffi::c_void,
+}
+pub type SINT32 = ::core::ffi::c_int;
+pub type UINT32 = ::core::ffi::c_uint;
+pub type SINT16 = ::core::ffi::c_short;
+pub type UINT16 = ::core::ffi::c_ushort;
+pub type SINT8 = ::core::ffi::c_schar;
+pub type UINT8 = ::core::ffi::c_uchar;
+#[derive(Copy, Clone)]
+#[repr(C)]
+pub struct ffi_closure {
+    pub trampoline_table: *mut ::core::ffi::c_void,
+    pub trampoline_table_entry: *mut ::core::ffi::c_void,
+    pub cif: *mut ffi_cif,
+    pub fun: Option<
+        unsafe extern "C" fn(
+            *mut ffi_cif,
+            *mut ::core::ffi::c_void,
+            *mut *mut ::core::ffi::c_void,
+            *mut ::core::ffi::c_void,
+        ) -> (),
+    >,
+    pub user_data: *mut ::core::ffi::c_void,
+}
+#[derive(Copy, Clone)]
+#[repr(C)]
+pub struct ffi_raw_closure {
+    pub trampoline_table: *mut ::core::ffi::c_void,
+    pub trampoline_table_entry: *mut ::core::ffi::c_void,
+    pub cif: *mut ffi_cif,
+    pub translate_args: Option<
+        unsafe extern "C" fn(
+            *mut ffi_cif,
+            *mut ::core::ffi::c_void,
+            *mut *mut ::core::ffi::c_void,
+            *mut ::core::ffi::c_void,
+        ) -> (),
+    >,
+    pub this_closure: *mut ::core::ffi::c_void,
+    pub fun: Option<
+        unsafe extern "C" fn(
+            *mut ffi_cif,
+            *mut ::core::ffi::c_void,
+            *mut ffi_raw,
+            *mut ::core::ffi::c_void,
+        ) -> (),
+    >,
+    pub user_data: *mut ::core::ffi::c_void,
+}
+pub const FFI_TYPE_UINT8: ::core::ffi::c_int = 5;
+pub const FFI_TYPE_SINT8: ::core::ffi::c_int = 6;
+pub const FFI_TYPE_UINT16: ::core::ffi::c_int = 7;
+pub const FFI_TYPE_SINT16: ::core::ffi::c_int = 8;
+pub const FFI_TYPE_UINT32: ::core::ffi::c_int = 9;
+pub const FFI_TYPE_SINT32: ::core::ffi::c_int = 10;
+pub const FFI_TYPE_STRUCT: ::core::ffi::c_int = 13 as ::core::ffi::c_int;
+pub const FFI_TYPE_POINTER: ::core::ffi::c_int = 14;
+pub const FFI_TYPE_COMPLEX: ::core::ffi::c_int = 15 as ::core::ffi::c_int;
+pub const FFI_SIZEOF_ARG: ::core::ffi::c_int = 8 as ::core::ffi::c_int;
+#[no_mangle]
+pub unsafe extern "C" fn ffi_raw_size(mut cif: *mut ffi_cif) -> size_t {
+    let mut result: size_t = 0 as size_t;
+    let mut i: ::core::ffi::c_int = 0;
+    let mut at: *mut *mut ffi_type = (*cif).arg_types;
+    i = (*cif).nargs.wrapping_sub(1 as ::core::ffi::c_uint) as ::core::ffi::c_int;
+    while i >= 0 as ::core::ffi::c_int {
+        if (**at).type_0 as ::core::ffi::c_int == FFI_TYPE_STRUCT {
+            result = result.wrapping_add(
+                (::core::mem::size_of::<*mut ::core::ffi::c_void>().wrapping_sub(1 as size_t)
+                    | (8 as ::core::ffi::c_int - 1 as ::core::ffi::c_int) as size_t)
+                    .wrapping_add(1 as size_t),
+            );
+        } else {
+            result = result.wrapping_add(
+                ((**at).size.wrapping_sub(1 as size_t)
+                    | (8 as ::core::ffi::c_int - 1 as ::core::ffi::c_int) as size_t)
+                    .wrapping_add(1 as size_t),
+            );
+        }
+        i -= 1;
+        at = at.offset(1);
+    }
+    return result;
+}
+#[no_mangle]
+pub unsafe extern "C" fn ffi_raw_to_ptrarray(
+    mut cif: *mut ffi_cif,
+    mut raw: *mut ffi_raw,
+    mut args: *mut *mut ::core::ffi::c_void,
+) {
+    let mut i: ::core::ffi::c_uint = 0;
+    let mut tp: *mut *mut ffi_type = (*cif).arg_types;
+    i = 0 as ::core::ffi::c_uint;
+    while i < (*cif).nargs {
+        if (**tp).type_0 as ::core::ffi::c_int == FFI_TYPE_STRUCT {
+            let fresh0 = raw;
+            raw = raw.offset(1);
+            *args = (*fresh0).ptr;
+        } else if (**tp).type_0 as ::core::ffi::c_int == FFI_TYPE_COMPLEX {
+            let fresh1 = raw;
+            raw = raw.offset(1);
+            *args = (*fresh1).ptr;
+        } else {
+            *args = raw as *mut ::core::ffi::c_void;
+            raw = raw.offset(
+                ((**tp).size.wrapping_sub(1 as size_t)
+                    | (::core::mem::size_of::<*mut ::core::ffi::c_void>() as size_t)
+                        .wrapping_sub(1 as size_t))
+                .wrapping_add(1 as size_t)
+                .wrapping_div(::core::mem::size_of::<*mut ::core::ffi::c_void>() as size_t)
+                    as isize,
+            );
+        }
+        i = i.wrapping_add(1);
+        tp = tp.offset(1);
+        args = args.offset(1);
+    }
+}
+#[no_mangle]
+pub unsafe extern "C" fn ffi_ptrarray_to_raw(
+    mut cif: *mut ffi_cif,
+    mut args: *mut *mut ::core::ffi::c_void,
+    mut raw: *mut ffi_raw,
+) {
+    let mut i: ::core::ffi::c_uint = 0;
+    let mut tp: *mut *mut ffi_type = (*cif).arg_types;
+    i = 0 as ::core::ffi::c_uint;
+    while i < (*cif).nargs {
+        match (**tp).type_0 as ::core::ffi::c_int {
+            FFI_TYPE_UINT8 => {
+                let fresh2 = raw;
+                raw = raw.offset(1);
+                (*fresh2).uint = *(*args as *mut UINT8) as ffi_arg;
+            }
+            FFI_TYPE_SINT8 => {
+                let fresh3 = raw;
+                raw = raw.offset(1);
+                (*fresh3).sint = *(*args as *mut SINT8) as ffi_sarg;
+            }
+            FFI_TYPE_UINT16 => {
+                let fresh4 = raw;
+                raw = raw.offset(1);
+                (*fresh4).uint = *(*args as *mut UINT16) as ffi_arg;
+            }
+            FFI_TYPE_SINT16 => {
+                let fresh5 = raw;
+                raw = raw.offset(1);
+                (*fresh5).sint = *(*args as *mut SINT16) as ffi_sarg;
+            }
+            FFI_TYPE_UINT32 => {
+                let fresh6 = raw;
+                raw = raw.offset(1);
+                (*fresh6).uint = *(*args as *mut UINT32) as ffi_arg;
+            }
+            FFI_TYPE_SINT32 => {
+                let fresh7 = raw;
+                raw = raw.offset(1);
+                (*fresh7).sint = *(*args as *mut SINT32) as ffi_sarg;
+            }
+            FFI_TYPE_STRUCT => {
+                let fresh8 = raw;
+                raw = raw.offset(1);
+                (*fresh8).ptr = *args;
+            }
+            FFI_TYPE_COMPLEX => {
+                let fresh9 = raw;
+                raw = raw.offset(1);
+                (*fresh9).ptr = *args;
+            }
+            FFI_TYPE_POINTER => {
+                let fresh10 = raw;
+                raw = raw.offset(1);
+                (*fresh10).ptr = **(args as *mut *mut *mut ::core::ffi::c_void);
+            }
+            _ => {
+                memcpy(
+                    &raw mut (*raw).data as *mut ::core::ffi::c_char as *mut ::core::ffi::c_void,
+                    *args,
+                    (**tp).size,
+                );
+                raw = raw.offset(
+                    ((**tp).size.wrapping_sub(1 as size_t)
+                        | (8 as ::core::ffi::c_int - 1 as ::core::ffi::c_int) as size_t)
+                        .wrapping_add(1 as size_t)
+                        .wrapping_div(FFI_SIZEOF_ARG as size_t) as isize,
+                );
+            }
+        }
+        i = i.wrapping_add(1);
+        tp = tp.offset(1);
+        args = args.offset(1);
+    }
+}
+#[no_mangle]
+pub unsafe extern "C" fn ffi_raw_call(
+    mut cif: *mut ffi_cif,
+    mut fn_0: Option<unsafe extern "C" fn() -> ()>,
+    mut rvalue: *mut ::core::ffi::c_void,
+    mut raw: *mut ffi_raw,
+) {
+    let mut alloca_allocations: Vec<Vec<u8>> = Vec::new();
+    alloca_allocations.push(::std::vec::from_elem(
+        0,
+        ((*cif).nargs as usize)
+            .wrapping_mul(::core::mem::size_of::<*mut ::core::ffi::c_void>() as usize)
+            as usize,
+    ));
+    let mut avalue: *mut *mut ::core::ffi::c_void =
+        alloca_allocations.last_mut().unwrap().as_mut_ptr() as *mut *mut ::core::ffi::c_void;
+    ffi_raw_to_ptrarray(cif, raw, avalue);
+    ffi_call(cif, fn_0, rvalue, avalue);
+}
+unsafe extern "C" fn ffi_translate_args(
+    mut cif: *mut ffi_cif,
+    mut rvalue: *mut ::core::ffi::c_void,
+    mut avalue: *mut *mut ::core::ffi::c_void,
+    mut user_data: *mut ::core::ffi::c_void,
+) {
+    let mut alloca_allocations: Vec<Vec<u8>> = Vec::new();
+    alloca_allocations.push(::std::vec::from_elem(0, ffi_raw_size(cif) as usize));
+    let mut raw: *mut ffi_raw = alloca_allocations.last_mut().unwrap().as_mut_ptr() as *mut ffi_raw;
+    let mut cl: *mut ffi_raw_closure = user_data as *mut ffi_raw_closure;
+    ffi_ptrarray_to_raw(cif, avalue, raw);
+    Some((*cl).fun.expect("non-null function pointer")).expect("non-null function pointer")(
+        cif,
+        rvalue,
+        raw,
+        (*cl).user_data,
+    );
+}
+#[no_mangle]
+pub unsafe extern "C" fn ffi_prep_raw_closure_loc(
+    mut cl: *mut ffi_raw_closure,
+    mut cif: *mut ffi_cif,
+    mut fun: Option<
+        unsafe extern "C" fn(
+            *mut ffi_cif,
+            *mut ::core::ffi::c_void,
+            *mut ffi_raw,
+            *mut ::core::ffi::c_void,
+        ) -> (),
+    >,
+    mut user_data: *mut ::core::ffi::c_void,
+    mut codeloc: *mut ::core::ffi::c_void,
+) -> ffi_status {
+    let mut status: ffi_status = FFI_OK;
+    status = ffi_prep_closure_loc(
+        cl as *mut ffi_closure,
+        cif,
+        Some(
+            ffi_translate_args
+                as unsafe extern "C" fn(
+                    *mut ffi_cif,
+                    *mut ::core::ffi::c_void,
+                    *mut *mut ::core::ffi::c_void,
+                    *mut ::core::ffi::c_void,
+                ) -> (),
+        ),
+        codeloc,
+        codeloc,
+    );
+    if status as ::core::ffi::c_uint == FFI_OK as ::core::ffi::c_int as ::core::ffi::c_uint {
+        (*cl).fun = fun;
+        (*cl).user_data = user_data;
+    }
+    return status;
+}
+#[no_mangle]
+pub unsafe extern "C" fn ffi_prep_raw_closure(
+    mut cl: *mut ffi_raw_closure,
+    mut cif: *mut ffi_cif,
+    mut fun: Option<
+        unsafe extern "C" fn(
+            *mut ffi_cif,
+            *mut ::core::ffi::c_void,
+            *mut ffi_raw,
+            *mut ::core::ffi::c_void,
+        ) -> (),
+    >,
+    mut user_data: *mut ::core::ffi::c_void,
+) -> ffi_status {
+    return ffi_prep_raw_closure_loc(cl, cif, fun, user_data, cl as *mut ::core::ffi::c_void);
+}
diff --git a/libffi/src/tramp.rs b/libffi/src/tramp.rs
new file mode 100644
index 0000000..9afbde8
--- /dev/null
+++ b/libffi/src/tramp.rs
@@ -0,0 +1,27 @@
+pub const __DARWIN_NULL: *mut ::core::ffi::c_void = ::core::ptr::null_mut::<::core::ffi::c_void>();
+pub const NULL: *mut ::core::ffi::c_void = __DARWIN_NULL;
+#[no_mangle]
+pub unsafe extern "C" fn ffi_tramp_is_supported() -> ::core::ffi::c_int {
+    return 0 as ::core::ffi::c_int;
+}
+#[no_mangle]
+pub unsafe extern "C" fn ffi_tramp_alloc(
+    mut flags: ::core::ffi::c_int,
+) -> *mut ::core::ffi::c_void {
+    return NULL;
+}
+#[no_mangle]
+pub unsafe extern "C" fn ffi_tramp_set_parms(
+    mut arg: *mut ::core::ffi::c_void,
+    mut target: *mut ::core::ffi::c_void,
+    mut data: *mut ::core::ffi::c_void,
+) {
+}
+#[no_mangle]
+pub unsafe extern "C" fn ffi_tramp_get_addr(
+    mut arg: *mut ::core::ffi::c_void,
+) -> *mut ::core::ffi::c_void {
+    return NULL;
+}
+#[no_mangle]
+pub unsafe extern "C" fn ffi_tramp_free(mut arg: *mut ::core::ffi::c_void) {}
diff --git a/libffi/src/types.rs b/libffi/src/types.rs
new file mode 100644
index 0000000..ee31455
--- /dev/null
+++ b/libffi/src/types.rs
@@ -0,0 +1,200 @@
+pub type __int128_t = i128;
+pub type __uint128_t = u128;
+pub type ffi_abi = ::core::ffi::c_uint;
+pub const FFI_DEFAULT_ABI: ffi_abi = 1;
+pub const FFI_LAST_ABI: ffi_abi = 3;
+pub const FFI_WIN64: ffi_abi = 2;
+pub const FFI_SYSV: ffi_abi = 1;
+pub const FFI_FIRST_ABI: ffi_abi = 0;
+pub type __darwin_size_t = usize;
+pub type size_t = __darwin_size_t;
+#[derive(Copy, Clone)]
+#[repr(C)]
+pub struct _ffi_type {
+    pub size: size_t,
+    pub alignment: ::core::ffi::c_ushort,
+    pub type_0: ::core::ffi::c_ushort,
+    pub elements: *mut *mut _ffi_type,
+}
+pub type ffi_type = _ffi_type;
+#[derive(Copy, Clone)]
+#[repr(C)]
+pub struct ffi_cif {
+    pub abi: ffi_abi,
+    pub nargs: ::core::ffi::c_uint,
+    pub arg_types: *mut *mut ffi_type,
+    pub rtype: *mut ffi_type,
+    pub bytes: ::core::ffi::c_uint,
+    pub flags: ::core::ffi::c_uint,
+    pub aarch64_nfixedargs: ::core::ffi::c_uint,
+}
+#[derive(Copy, Clone)]
+#[repr(C)]
+pub struct ffi_closure {
+    pub trampoline_table: *mut ::core::ffi::c_void,
+    pub trampoline_table_entry: *mut ::core::ffi::c_void,
+    pub cif: *mut ffi_cif,
+    pub fun: Option<
+        unsafe extern "C" fn(
+            *mut ffi_cif,
+            *mut ::core::ffi::c_void,
+            *mut *mut ::core::ffi::c_void,
+            *mut ::core::ffi::c_void,
+        ) -> (),
+    >,
+    pub user_data: *mut ::core::ffi::c_void,
+}
+pub type UINT8 = ::core::ffi::c_uchar;
+pub type SINT8 = ::core::ffi::c_schar;
+pub type UINT16 = ::core::ffi::c_ushort;
+pub type SINT16 = ::core::ffi::c_short;
+pub type UINT32 = ::core::ffi::c_uint;
+pub type SINT32 = ::core::ffi::c_int;
+pub type UINT64 = ::core::ffi::c_ulong;
+pub type SINT64 = ::core::ffi::c_long;
+pub const FFI_TYPE_VOID: ::core::ffi::c_int = 0 as ::core::ffi::c_int;
+pub const FFI_TYPE_COMPLEX: ::core::ffi::c_int = 15 as ::core::ffi::c_int;
+pub const __DARWIN_NULL: *mut ::core::ffi::c_void = ::core::ptr::null_mut::<::core::ffi::c_void>();
+pub const NULL: *mut ::core::ffi::c_void = __DARWIN_NULL;
+pub const FFI_VERSION_STRING: [::core::ffi::c_char; 6] =
+    unsafe { ::core::mem::transmute::<[u8; 6], [::core::ffi::c_char; 6]>(*b"3.5.2\0") };
+pub const FFI_VERSION_NUMBER: ::core::ffi::c_int = 30502 as ::core::ffi::c_int;
+#[no_mangle]
+pub unsafe extern "C" fn ffi_get_version() -> *const ::core::ffi::c_char {
+    return FFI_VERSION_STRING.as_ptr();
+}
+#[no_mangle]
+pub unsafe extern "C" fn ffi_get_version_number() -> ::core::ffi::c_ulong {
+    return FFI_VERSION_NUMBER as ::core::ffi::c_ulong;
+}
+#[no_mangle]
+pub unsafe extern "C" fn ffi_get_default_abi() -> ::core::ffi::c_uint {
+    return FFI_DEFAULT_ABI as ::core::ffi::c_int as ::core::ffi::c_uint;
+}
+#[no_mangle]
+pub unsafe extern "C" fn ffi_get_closure_size() -> size_t {
+    return ::core::mem::size_of::<ffi_closure>() as size_t;
+}
+#[no_mangle]
+pub static mut ffi_type_void: ffi_type = _ffi_type {
+    size: 1 as size_t,
+    alignment: 1 as ::core::ffi::c_ushort,
+    type_0: FFI_TYPE_VOID as ::core::ffi::c_ushort,
+    elements: ::core::ptr::null::<*mut _ffi_type>() as *mut *mut _ffi_type,
+};
+#[no_mangle]
+pub static mut ffi_type_uint8: ffi_type = _ffi_type {
+    size: ::core::mem::size_of::<UINT8>() as size_t,
+    alignment: 1 as ::core::ffi::c_ulong as ::core::ffi::c_ushort,
+    type_0: 5 as ::core::ffi::c_ushort,
+    elements: ::core::ptr::null::<*mut _ffi_type>() as *mut *mut _ffi_type,
+};
+#[no_mangle]
+pub static mut ffi_type_sint8: ffi_type = _ffi_type {
+    size: ::core::mem::size_of::<SINT8>() as size_t,
+    alignment: 1 as ::core::ffi::c_ulong as ::core::ffi::c_ushort,
+    type_0: 6 as ::core::ffi::c_ushort,
+    elements: ::core::ptr::null::<*mut _ffi_type>() as *mut *mut _ffi_type,
+};
+#[no_mangle]
+pub static mut ffi_type_uint16: ffi_type = _ffi_type {
+    size: ::core::mem::size_of::<UINT16>() as size_t,
+    alignment: 2 as ::core::ffi::c_ulong as ::core::ffi::c_ushort,
+    type_0: 7 as ::core::ffi::c_ushort,
+    elements: ::core::ptr::null::<*mut _ffi_type>() as *mut *mut _ffi_type,
+};
+#[no_mangle]
+pub static mut ffi_type_sint16: ffi_type = _ffi_type {
+    size: ::core::mem::size_of::<SINT16>() as size_t,
+    alignment: 2 as ::core::ffi::c_ulong as ::core::ffi::c_ushort,
+    type_0: 8 as ::core::ffi::c_ushort,
+    elements: ::core::ptr::null::<*mut _ffi_type>() as *mut *mut _ffi_type,
+};
+#[no_mangle]
+pub static mut ffi_type_uint32: ffi_type = _ffi_type {
+    size: ::core::mem::size_of::<UINT32>() as size_t,
+    alignment: 4 as ::core::ffi::c_ulong as ::core::ffi::c_ushort,
+    type_0: 9 as ::core::ffi::c_ushort,
+    elements: ::core::ptr::null::<*mut _ffi_type>() as *mut *mut _ffi_type,
+};
+#[no_mangle]
+pub static mut ffi_type_sint32: ffi_type = _ffi_type {
+    size: ::core::mem::size_of::<SINT32>() as size_t,
+    alignment: 4 as ::core::ffi::c_ulong as ::core::ffi::c_ushort,
+    type_0: 10 as ::core::ffi::c_ushort,
+    elements: ::core::ptr::null::<*mut _ffi_type>() as *mut *mut _ffi_type,
+};
+#[no_mangle]
+pub static mut ffi_type_uint64: ffi_type = _ffi_type {
+    size: ::core::mem::size_of::<UINT64>() as size_t,
+    alignment: 8 as ::core::ffi::c_ulong as ::core::ffi::c_ushort,
+    type_0: 11 as ::core::ffi::c_ushort,
+    elements: ::core::ptr::null::<*mut _ffi_type>() as *mut *mut _ffi_type,
+};
+#[no_mangle]
+pub static mut ffi_type_sint64: ffi_type = _ffi_type {
+    size: ::core::mem::size_of::<SINT64>() as size_t,
+    alignment: 8 as ::core::ffi::c_ulong as ::core::ffi::c_ushort,
+    type_0: 12 as ::core::ffi::c_ushort,
+    elements: ::core::ptr::null::<*mut _ffi_type>() as *mut *mut _ffi_type,
+};
+#[no_mangle]
+pub static mut ffi_type_pointer: ffi_type = _ffi_type {
+    size: ::core::mem::size_of::<*mut ::core::ffi::c_void>() as size_t,
+    alignment: 8 as ::core::ffi::c_ulong as ::core::ffi::c_ushort,
+    type_0: 14 as ::core::ffi::c_ushort,
+    elements: ::core::ptr::null::<*mut _ffi_type>() as *mut *mut _ffi_type,
+};
+#[no_mangle]
+pub static mut ffi_type_float: ffi_type = _ffi_type {
+    size: ::core::mem::size_of::<::core::ffi::c_float>() as size_t,
+    alignment: 4 as ::core::ffi::c_ulong as ::core::ffi::c_ushort,
+    type_0: 2 as ::core::ffi::c_ushort,
+    elements: ::core::ptr::null::<*mut _ffi_type>() as *mut *mut _ffi_type,
+};
+#[no_mangle]
+pub static mut ffi_type_double: ffi_type = _ffi_type {
+    size: ::core::mem::size_of::<::core::ffi::c_double>() as size_t,
+    alignment: 8 as ::core::ffi::c_ulong as ::core::ffi::c_ushort,
+    type_0: 3 as ::core::ffi::c_ushort,
+    elements: ::core::ptr::null::<*mut _ffi_type>() as *mut *mut _ffi_type,
+};
+#[no_mangle]
+pub static mut ffi_type_longdouble: ffi_type = _ffi_type {
+    size: ::core::mem::size_of::<::f128::f128>() as size_t,
+    alignment: 8 as ::core::ffi::c_ulong as ::core::ffi::c_ushort,
+    type_0: 3 as ::core::ffi::c_ushort,
+    elements: ::core::ptr::null::<*mut _ffi_type>() as *mut *mut _ffi_type,
+};
+static mut ffi_elements_complex_float: [*mut ffi_type; 2] = unsafe {
+    [
+        &raw const ffi_type_float as *mut ffi_type,
+        ::core::ptr::null::<ffi_type>() as *mut ffi_type,
+    ]
+};
+static mut ffi_elements_complex_double: [*mut ffi_type; 2] = unsafe {
+    [
+        &raw const ffi_type_double as *mut ffi_type,
+        ::core::ptr::null::<ffi_type>() as *mut ffi_type,
+    ]
+};
+static mut ffi_elements_complex_longdouble: [*mut ffi_type; 2] = unsafe {
+    [
+        &raw const ffi_type_longdouble as *mut ffi_type,
+        ::core::ptr::null::<ffi_type>() as *mut ffi_type,
+    ]
+};
+#[no_mangle]
+pub static mut ffi_type_uint128: ffi_type = _ffi_type {
+    size: ::core::mem::size_of::<__uint128_t>() as size_t,
+    alignment: 16 as ::core::ffi::c_ulong as ::core::ffi::c_ushort,
+    type_0: 16 as ::core::ffi::c_ushort,
+    elements: ::core::ptr::null::<*mut _ffi_type>() as *mut *mut _ffi_type,
+};
+#[no_mangle]
+pub static mut ffi_type_sint128: ffi_type = _ffi_type {
+    size: ::core::mem::size_of::<__int128_t>() as size_t,
+    alignment: 16 as ::core::ffi::c_ulong as ::core::ffi::c_ushort,
+    type_0: 17 as ::core::ffi::c_ushort,
+    elements: ::core::ptr::null::<*mut _ffi_type>() as *mut *mut _ffi_type,
+};
