
libffi_riscv64_musl_port-2c97858cf7663453.libffi_riscv64_musl_port.4b6c9aced84598ee-cgu.0.rcgu.o:
0000000000000000 V DW.ref.rust_eh_personality
0000000000000000 T _RNvNtNtCs6ttQFKwWvMw_24libffi_riscv64_musl_port3src8closures23open_temp_exec_file_dir.llvm.14074135629410480994
0000000000000000 T _RNvNtNtCs6ttQFKwWvMw_24libffi_riscv64_musl_port3src8closures23open_temp_exec_file_env.llvm.14074135629410480994
0000000000000000 T _RNvNtNtCs6ttQFKwWvMw_24libffi_riscv64_musl_port3src8closures23open_temp_exec_file_mnt.llvm.14074135629410480994
0000000000000000 D _RNvNtNtCs6ttQFKwWvMw_24libffi_riscv64_musl_port3src8closures24open_temp_exec_file_opts.llvm.14074135629410480994
0000000000000000 T _RNvNtNtCs6ttQFKwWvMw_24libffi_riscv64_musl_port3src8closures25open_temp_exec_file_memfd.llvm.14074135629410480994
0000000000000010 B _RNvNtNtCs6ttQFKwWvMw_24libffi_riscv64_musl_port3src8closures28open_temp_exec_file_opts_idx.0.llvm.14074135629410480994
0000000000000078 B _RNvNtNtCs6ttQFKwWvMw_24libffi_riscv64_musl_port3src8closures4__gm_.llvm.14074135629410480994
000000000000000b R anon.b88346096aafdbada30346fe08e96c66.0.llvm.14074135629410480994
000000000000005f R anon.b88346096aafdbada30346fe08e96c66.11.llvm.14074135629410480994
0000000000000066 R anon.b88346096aafdbada30346fe08e96c66.12.llvm.14074135629410480994
0000000000000074 R anon.b88346096aafdbada30346fe08e96c66.13.llvm.14074135629410480994
000000000000007b R anon.b88346096aafdbada30346fe08e96c66.14.llvm.14074135629410480994
0000000000000080 R anon.b88346096aafdbada30346fe08e96c66.15.llvm.14074135629410480994
0000000000000089 R anon.b88346096aafdbada30346fe08e96c66.16.llvm.14074135629410480994
0000000000000092 R anon.b88346096aafdbada30346fe08e96c66.17.llvm.14074135629410480994
0000000000000097 R anon.b88346096aafdbada30346fe08e96c66.18.llvm.14074135629410480994
0000000000000000 D anon.b88346096aafdbada30346fe08e96c66.20.llvm.14074135629410480994
0000000000000000 D anon.b88346096aafdbada30346fe08e96c66.21.llvm.14074135629410480994
000000000000003d R anon.b88346096aafdbada30346fe08e96c66.6.llvm.14074135629410480994
0000000000000000 T dlbulk_free
0000000000000000 T dlmalloc_footprint_limit
0000000000000000 T dlmalloc_set_footprint_limit
0000000000000000 T dlposix_memalign
0000000000000000 T dlrealloc_in_place
0000000000000000 T ffi_closure_alloc
0000000000000000 T ffi_closure_free
0000000000000000 T ffi_data_to_code_pointer
0000000000000000 T ffi_tramp_is_present
0000000000000000 T open_temp_exec_file

libffi_riscv64_musl_port-2c97858cf7663453.libffi_riscv64_musl_port.4b6c9aced84598ee-cgu.1.rcgu.o:
0000000000000000 V DW.ref.rust_eh_personality
0000000000000000 T _RNvMs4_NtCs4rJUcQVFpWT_5alloc7raw_vecNtB5_11RawVecInner15try_allocate_inCs6ttQFKwWvMw_24libffi_riscv64_musl_port
0000000000000030 B _RNvNtNtCs6ttQFKwWvMw_24libffi_riscv64_musl_port3src5tramp13tramp_globals.6.llvm.5249942109482437343
0000000000000020 B _RNvNtNtCs6ttQFKwWvMw_24libffi_riscv64_musl_port3src5tramp13tramp_globals.7.llvm.5249942109482437343
0000000000000000 T _RNvNtNtCs6ttQFKwWvMw_24libffi_riscv64_musl_port3src5tramp14ffi_tramp_init.llvm.5249942109482437343
0000000000000000 T _RNvNtNtCs6ttQFKwWvMw_24libffi_riscv64_musl_port3src5tramp17tramp_table_alloc.llvm.5249942109482437343
0000000000000038 B _RNvNtNtCs6ttQFKwWvMw_24libffi_riscv64_musl_port3src5tramp19tramp_globals_mutex.llvm.5249942109482437343
0000000000000000 T _RNvNtNtCs6ttQFKwWvMw_24libffi_riscv64_musl_port3src5tramp9tramp_add.llvm.5249942109482437343
0000000000000000 T _RNvXs1_NtCs4rJUcQVFpWT_5alloc7raw_vecINtB5_6RawVecINtNtB7_3vec3VechEENtNtNtCsdAiEuf0GwQL_4core3ops4drop4Drop4dropCs6ttQFKwWvMw_24libffi_riscv64_musl_port
0000000000000000 T _RNvXs1_NtCs4rJUcQVFpWT_5alloc7raw_vecINtB5_6RawVechENtNtNtCsdAiEuf0GwQL_4core3ops4drop4Drop4dropCs6ttQFKwWvMw_24libffi_riscv64_musl_port
0000000000000000 T _RNvXso_NtCs4rJUcQVFpWT_5alloc3vecINtB5_3VecIBw_hEENtNtNtCsdAiEuf0GwQL_4core3ops4drop4Drop4dropCs6ttQFKwWvMw_24libffi_riscv64_musl_port
0000000000000000 T _RNvXso_NtCs4rJUcQVFpWT_5alloc3vecINtB5_3VechENtNtNtCsdAiEuf0GwQL_4core3ops4drop4Drop4dropCs6ttQFKwWvMw_24libffi_riscv64_musl_port
0000000000000000 T ffi_call
0000000000000000 T ffi_call_go
0000000000000000 T ffi_closure_inner
0000000000000000 T ffi_get_closure_size
0000000000000000 T ffi_get_default_abi
0000000000000000 T ffi_get_struct_offsets
0000000000000000 T ffi_get_version
0000000000000000 T ffi_get_version_number
0000000000000000 T ffi_java_ptrarray_to_raw
0000000000000000 T ffi_java_raw_call
0000000000000000 T ffi_java_raw_size
0000000000000000 T ffi_java_raw_to_ptrarray
0000000000000000 T ffi_prep_cif
0000000000000000 T ffi_prep_cif_core
0000000000000000 T ffi_prep_cif_machdep
0000000000000000 T ffi_prep_cif_machdep_var
0000000000000000 T ffi_prep_cif_var
0000000000000000 T ffi_prep_closure
0000000000000000 T ffi_prep_closure_loc
0000000000000000 T ffi_prep_go_closure
0000000000000000 T ffi_prep_java_raw_closure
0000000000000000 T ffi_prep_java_raw_closure_loc
0000000000000000 T ffi_prep_raw_closure
0000000000000000 T ffi_prep_raw_closure_loc
0000000000000000 T ffi_ptrarray_to_raw
0000000000000000 T ffi_raw_call
0000000000000000 T ffi_raw_size
0000000000000000 T ffi_raw_to_ptrarray
0000000000000000 T ffi_tramp_alloc
0000000000000000 T ffi_tramp_arch
0000000000000000 T ffi_tramp_free
0000000000000000 T ffi_tramp_get_addr
0000000000000000 T ffi_tramp_is_supported
0000000000000000 T ffi_tramp_set_parms
0000000000000000 D ffi_type_double
0000000000000000 D ffi_type_float
0000000000000000 D ffi_type_longdouble
0000000000000000 D ffi_type_pointer
0000000000000000 D ffi_type_sint128
0000000000000000 D ffi_type_sint16
0000000000000000 D ffi_type_sint32
0000000000000000 D ffi_type_sint64
0000000000000000 D ffi_type_sint8
0000000000000000 D ffi_type_uint128
0000000000000000 D ffi_type_uint16
0000000000000000 D ffi_type_uint32
0000000000000000 D ffi_type_uint64
0000000000000000 D ffi_type_uint8
0000000000000000 D ffi_type_void

libffi_riscv64_musl_port-2c97858cf7663453.al58zun97yosatuhg1eb4mw4b.rcgu.o:
0000000000000000 T _RNvCs9wFQrvczXsK_7___rustc12___rust_alloc
0000000000000000 T _RNvCs9wFQrvczXsK_7___rustc14___rust_dealloc
0000000000000000 T _RNvCs9wFQrvczXsK_7___rustc14___rust_realloc
0000000000000000 T _RNvCs9wFQrvczXsK_7___rustc19___rust_alloc_zeroed
0000000000000000 T _RNvCs9wFQrvczXsK_7___rustc35___rust_no_alloc_shim_is_unstable_v2

fa2077b9d86100bc-sysv.o:
0000000000000000 T ffi_call_asm
0000000000000090 T ffi_closure_asm
00000000000000e0 T ffi_go_closure_asm
000000000000112c T trampoline_code_table

std-b871381db4a4ad14.std.28be4e62f2a3eb6d-cgu.0.rcgu.o:
0000000000000000 V DW.ref.rust_eh_personality
0000000000000000 T _RINvMs3_NtNtCs3uSjD9aaJ19_3std2io5errorNtB6_5Error3newNtNtNtCsdAiEuf0GwQL_4core3num5error15TryFromIntErrorEBa_
0000000000000000 T _RINvMs3_NtNtCs3uSjD9aaJ19_3std2io5errorNtB6_5Error3newReEBa_
0000000000000000 T _RINvNtCs3uSjD9aaJ19_3std9panicking11begin_panicReEB4_
0000000000000000 T _RINvNtCsdAiEuf0GwQL_4core9panicking13assert_failedAhj4_RShECs3uSjD9aaJ19_3std
0000000000000000 T _RINvNtCsdAiEuf0GwQL_4core9panicking13assert_failedllECs3uSjD9aaJ19_3std
0000000000000000 T _RINvNtCsdAiEuf0GwQL_4core9panicking13assert_failedmmECs3uSjD9aaJ19_3std
0000000000000000 T _RINvNtCsdAiEuf0GwQL_4core9panicking13assert_failedssECs3uSjD9aaJ19_3std
0000000000000000 T _RINvNtNtCs3uSjD9aaJ19_3std3sys9backtrace26___rust_end_short_backtraceNCINvNtB6_9panicking11begin_panicReE0zEB6_
0000000000000000 T _RINvNtNtCs3uSjD9aaJ19_3std3sys9backtrace26___rust_end_short_backtraceNCNvNtB6_5alloc8rust_oom0zEB6_
0000000000000000 T _RINvNtNtCs3uSjD9aaJ19_3std3sys9backtrace26___rust_end_short_backtraceNCNvNtB6_9panicking13panic_handler0zEB6_
0000000000000000 T _RINvNtNtNtCsdAiEuf0GwQL_4core5slice4sort6stable14driftsort_mainNtNtCsdFlqFMAv1Pq_9addr2line4line12LineSequenceNCINvMNtCs4rJUcQVFpWT_5alloc5sliceSBZ_11sort_by_keyyNCINvMs_B11_NtB11_5Lines5parseINtNtNtCs7z3mJhSrc6f_5gimli4read12endian_slice11EndianSliceNtNtB3b_9endianity12LittleEndianEEs_0E0INtNtB1S_3vec3VecBZ_EECs3uSjD9aaJ19_3std
0000000000000000 T _RINvNtNtNtCsdAiEuf0GwQL_4core5slice4sort6stable14driftsort_mainNtNtCsdFlqFMAv1Pq_9addr2line4unit9UnitRangeNCINvMNtCs4rJUcQVFpWT_5alloc5sliceSBZ_11sort_by_keyyNCNvMs_B11_INtB11_8ResUnitsINtNtNtCs7z3mJhSrc6f_5gimli4read12endian_slice11EndianSliceNtNtB34_9endianity12LittleEndianEE5parses2_0E0INtNtB1O_3vec3VecBZ_EECs3uSjD9aaJ19_3std
0000000000000000 T _RINvNtNtNtCsdAiEuf0GwQL_4core5slice4sort6stable14driftsort_mainNtNtCsdFlqFMAv1Pq_9addr2line8function15FunctionAddressNCINvMNtCs4rJUcQVFpWT_5alloc5sliceSBZ_11sort_by_keyyNCNvMs0_B11_INtB11_9FunctionsINtNtNtCs7z3mJhSrc6f_5gimli4read12endian_slice11EndianSliceNtNtB3h_9endianity12LittleEndianEE5parses_0E0INtNtB1Z_3vec3VecBZ_EECs3uSjD9aaJ19_3std
0000000000000000 T _RINvNtNtNtCsdAiEuf0GwQL_4core5slice4sort6stable14driftsort_mainNtNtCsdFlqFMAv1Pq_9addr2line8function22InlinedFunctionAddressNCINvMNtCs4rJUcQVFpWT_5alloc5sliceSBZ_7sort_byNCNvMs1_B11_INtB11_8FunctionINtNtNtCs7z3mJhSrc6f_5gimli4read12endian_slice11EndianSliceNtNtB3h_9endianity12LittleEndianEE5parse0E0INtNtB26_3vec3VecBZ_EECs3uSjD9aaJ19_3std
0000000000000000 T _RINvNtNtNtCsdAiEuf0GwQL_4core5slice4sort6stable14driftsort_mainTNtNtCs7z3mJhSrc6f_5gimli6common15DebugInfoOffsetNtB12_18DebugArangesOffsetENCINvMNtCs4rJUcQVFpWT_5alloc5sliceSBZ_11sort_by_keyB10_NCNvMs_NtCsdFlqFMAv1Pq_9addr2line4unitINtB3d_8ResUnitsINtNtNtB14_4read12endian_slice11EndianSliceNtNtB14_9endianity12LittleEndianEE5parse0E0INtNtB2l_3vec3VecBZ_EECs3uSjD9aaJ19_3std
0000000000000000 T _RINvNtNtNtCsdAiEuf0GwQL_4core5slice4sort8unstable7ipnsortNtNtNtNtNtCs3uSjD9aaJ19_3std12backtrace_rs9symbolize5gimli3elf9ParsedSymNCINvMB6_SBT_20sort_unstable_by_keyyNCNvMs_BV_NtBV_6Object5parses1_0E0EB13_
0000000000000000 T _RINvNtNtNtNtCsdAiEuf0GwQL_4core5slice4sort6stable9quicksort9quicksortNtNtCsdFlqFMAv1Pq_9addr2line4line12LineSequenceNCINvMNtCs4rJUcQVFpWT_5alloc5sliceSB15_11sort_by_keyyNCINvMs_B17_NtB17_5Lines5parseINtNtNtCs7z3mJhSrc6f_5gimli4read12endian_slice11EndianSliceNtNtB3i_9endianity12LittleEndianEEs_0E0ECs3uSjD9aaJ19_3std
0000000000000000 T _RINvNtNtNtNtCsdAiEuf0GwQL_4core5slice4sort6stable9quicksort9quicksortNtNtCsdFlqFMAv1Pq_9addr2line4unit9UnitRangeNCINvMNtCs4rJUcQVFpWT_5alloc5sliceSB15_11sort_by_keyyNCNvMs_B17_INtB17_8ResUnitsINtNtNtCs7z3mJhSrc6f_5gimli4read12endian_slice11EndianSliceNtNtB3b_9endianity12LittleEndianEE5parses2_0E0ECs3uSjD9aaJ19_3std
0000000000000000 T _RINvNtNtNtNtCsdAiEuf0GwQL_4core5slice4sort6stable9quicksort9quicksortNtNtCsdFlqFMAv1Pq_9addr2line8function15FunctionAddressNCINvMNtCs4rJUcQVFpWT_5alloc5sliceSB15_11sort_by_keyyNCNvMs0_B17_INtB17_9FunctionsINtNtNtCs7z3mJhSrc6f_5gimli4read12endian_slice11EndianSliceNtNtB3o_9endianity12LittleEndianEE5parses_0E0ECs3uSjD9aaJ19_3std
0000000000000000 T _RINvNtNtNtNtCsdAiEuf0GwQL_4core5slice4sort6stable9quicksort9quicksortNtNtCsdFlqFMAv1Pq_9addr2line8function22InlinedFunctionAddressNCINvMNtCs4rJUcQVFpWT_5alloc5sliceSB15_7sort_byNCNvMs1_B17_INtB17_8FunctionINtNtNtCs7z3mJhSrc6f_5gimli4read12endian_slice11EndianSliceNtNtB3o_9endianity12LittleEndianEE5parse0E0ECs3uSjD9aaJ19_3std
0000000000000000 T _RINvNtNtNtNtCsdAiEuf0GwQL_4core5slice4sort6stable9quicksort9quicksortTNtNtCs7z3mJhSrc6f_5gimli6common15DebugInfoOffsetNtB18_18DebugArangesOffsetENCINvMNtCs4rJUcQVFpWT_5alloc5sliceSB15_11sort_by_keyB16_NCNvMs_NtCsdFlqFMAv1Pq_9addr2line4unitINtB3k_8ResUnitsINtNtNtB1a_4read12endian_slice11EndianSliceNtNtB1a_9endianity12LittleEndianEE5parse0E0ECs3uSjD9aaJ19_3std
0000000000000000 T _RINvNtNtNtNtCsdAiEuf0GwQL_4core5slice4sort8unstable8heapsort8heapsortNtNtNtNtNtCs3uSjD9aaJ19_3std12backtrace_rs9symbolize5gimli3elf9ParsedSymNCINvMB8_SB15_20sort_unstable_by_keyyNCNvMs_B17_NtB17_6Object5parses1_0E0EB1f_
0000000000000000 T _RNvCs9wFQrvczXsK_7___rustc10rust_panic
0000000000000000 T _RNvCs9wFQrvczXsK_7___rustc11___rdl_alloc
0000000000000000 T _RNvCs9wFQrvczXsK_7___rustc12___rust_abort
0000000000000000 T _RNvCs9wFQrvczXsK_7___rustc13___rdl_dealloc
0000000000000000 T _RNvCs9wFQrvczXsK_7___rustc13___rdl_realloc
0000000000000000 T _RNvCs9wFQrvczXsK_7___rustc17___rust_drop_panic
0000000000000000 T _RNvCs9wFQrvczXsK_7___rustc17rust_begin_unwind
0000000000000000 T _RNvCs9wFQrvczXsK_7___rustc18___rdl_alloc_zeroed
0000000000000000 T _RNvCs9wFQrvczXsK_7___rustc24___rust_foreign_exception
0000000000000000 T _RNvCs9wFQrvczXsK_7___rustc26___rust_alloc_error_handler
0000000000000000 T _RNvMNtCs3uSjD9aaJ19_3std4timeNtB2_7Instant11checked_add
0000000000000000 T _RNvMNtCs3uSjD9aaJ19_3std4timeNtB2_7Instant11checked_sub
0000000000000000 T _RNvMNtCs3uSjD9aaJ19_3std4timeNtB2_7Instant14duration_since
0000000000000000 T _RNvMNtCs3uSjD9aaJ19_3std4timeNtB2_7Instant22checked_duration_since
0000000000000000 T _RNvMNtCs3uSjD9aaJ19_3std4timeNtB2_7Instant25saturating_duration_since
0000000000000000 T _RNvMNtCs3uSjD9aaJ19_3std4timeNtB2_7Instant3now
0000000000000000 T _RNvMNtCs3uSjD9aaJ19_3std4timeNtB2_7Instant7elapsed
0000000000000000 T _RNvMNtNtCs3uSjD9aaJ19_3std3net3tcpNtB2_9TcpStream10local_addr
0000000000000000 T _RNvMNtNtCs3uSjD9aaJ19_3std3net3tcpNtB2_9TcpStream10set_linger
0000000000000000 T _RNvMNtNtCs3uSjD9aaJ19_3std3net3tcpNtB2_9TcpStream10take_error
0000000000000000 T _RNvMNtNtCs3uSjD9aaJ19_3std3net3tcpNtB2_9TcpStream11set_nodelay
0000000000000000 T _RNvMNtNtCs3uSjD9aaJ19_3std3net3tcpNtB2_9TcpStream12read_timeout
0000000000000000 T _RNvMNtNtCs3uSjD9aaJ19_3std3net3tcpNtB2_9TcpStream13set_keepalive
0000000000000000 T _RNvMNtNtCs3uSjD9aaJ19_3std3net3tcpNtB2_9TcpStream13write_timeout
0000000000000000 T _RNvMNtNtCs3uSjD9aaJ19_3std3net3tcpNtB2_9TcpStream15connect_timeout
0000000000000000 T _RNvMNtNtCs3uSjD9aaJ19_3std3net3tcpNtB2_9TcpStream15set_nonblocking
0000000000000000 T _RNvMNtNtCs3uSjD9aaJ19_3std3net3tcpNtB2_9TcpStream16set_read_timeout
0000000000000000 T _RNvMNtNtCs3uSjD9aaJ19_3std3net3tcpNtB2_9TcpStream17set_write_timeout
0000000000000000 T _RNvMNtNtCs3uSjD9aaJ19_3std3net3tcpNtB2_9TcpStream3ttl
0000000000000000 T _RNvMNtNtCs3uSjD9aaJ19_3std3net3tcpNtB2_9TcpStream4peek
0000000000000000 T _RNvMNtNtCs3uSjD9aaJ19_3std3net3tcpNtB2_9TcpStream6linger
0000000000000000 T _RNvMNtNtCs3uSjD9aaJ19_3std3net3tcpNtB2_9TcpStream7nodelay
0000000000000000 T _RNvMNtNtCs3uSjD9aaJ19_3std3net3tcpNtB2_9TcpStream7set_ttl
0000000000000000 T _RNvMNtNtCs3uSjD9aaJ19_3std3net3tcpNtB2_9TcpStream8shutdown
0000000000000000 T _RNvMNtNtCs3uSjD9aaJ19_3std3net3tcpNtB2_9TcpStream9keepalive
0000000000000000 T _RNvMNtNtCs3uSjD9aaJ19_3std3net3tcpNtB2_9TcpStream9peer_addr
0000000000000000 T _RNvMNtNtCs3uSjD9aaJ19_3std3net3tcpNtB2_9TcpStream9try_clone
0000000000000000 T _RNvMNtNtCs3uSjD9aaJ19_3std3net3udpNtB2_9UdpSocket10local_addr
0000000000000000 T _RNvMNtNtCs3uSjD9aaJ19_3std3net3udpNtB2_9UdpSocket10take_error
0000000000000000 T _RNvMNtNtCs3uSjD9aaJ19_3std3net3udpNtB2_9UdpSocket12read_timeout
0000000000000000 T _RNvMNtNtCs3uSjD9aaJ19_3std3net3udpNtB2_9UdpSocket13set_broadcast
0000000000000000 T _RNvMNtNtCs3uSjD9aaJ19_3std3net3udpNtB2_9UdpSocket13write_timeout
0000000000000000 T _RNvMNtNtCs3uSjD9aaJ19_3std3net3udpNtB2_9UdpSocket15set_nonblocking
0000000000000000 T _RNvMNtNtCs3uSjD9aaJ19_3std3net3udpNtB2_9UdpSocket16multicast_ttl_v4
0000000000000000 T _RNvMNtNtCs3uSjD9aaJ19_3std3net3udpNtB2_9UdpSocket16set_read_timeout
0000000000000000 T _RNvMNtNtCs3uSjD9aaJ19_3std3net3udpNtB2_9UdpSocket17join_multicast_v4
0000000000000000 T _RNvMNtNtCs3uSjD9aaJ19_3std3net3udpNtB2_9UdpSocket17join_multicast_v6
0000000000000000 T _RNvMNtNtCs3uSjD9aaJ19_3std3net3udpNtB2_9UdpSocket17multicast_loop_v4
0000000000000000 T _RNvMNtNtCs3uSjD9aaJ19_3std3net3udpNtB2_9UdpSocket17multicast_loop_v6
0000000000000000 T _RNvMNtNtCs3uSjD9aaJ19_3std3net3udpNtB2_9UdpSocket17set_write_timeout
0000000000000000 T _RNvMNtNtCs3uSjD9aaJ19_3std3net3udpNtB2_9UdpSocket18leave_multicast_v4
0000000000000000 T _RNvMNtNtCs3uSjD9aaJ19_3std3net3udpNtB2_9UdpSocket18leave_multicast_v6
0000000000000000 T _RNvMNtNtCs3uSjD9aaJ19_3std3net3udpNtB2_9UdpSocket20set_multicast_ttl_v4
0000000000000000 T _RNvMNtNtCs3uSjD9aaJ19_3std3net3udpNtB2_9UdpSocket21set_multicast_loop_v4
0000000000000000 T _RNvMNtNtCs3uSjD9aaJ19_3std3net3udpNtB2_9UdpSocket21set_multicast_loop_v6
0000000000000000 T _RNvMNtNtCs3uSjD9aaJ19_3std3net3udpNtB2_9UdpSocket3ttl
0000000000000000 T _RNvMNtNtCs3uSjD9aaJ19_3std3net3udpNtB2_9UdpSocket4peek
0000000000000000 T _RNvMNtNtCs3uSjD9aaJ19_3std3net3udpNtB2_9UdpSocket4recv
0000000000000000 T _RNvMNtNtCs3uSjD9aaJ19_3std3net3udpNtB2_9UdpSocket4send
0000000000000000 T _RNvMNtNtCs3uSjD9aaJ19_3std3net3udpNtB2_9UdpSocket7set_ttl
0000000000000000 T _RNvMNtNtCs3uSjD9aaJ19_3std3net3udpNtB2_9UdpSocket9broadcast
0000000000000000 T _RNvMNtNtCs3uSjD9aaJ19_3std3net3udpNtB2_9UdpSocket9peek_from
0000000000000000 T _RNvMNtNtCs3uSjD9aaJ19_3std3net3udpNtB2_9UdpSocket9peer_addr
0000000000000000 T _RNvMNtNtCs3uSjD9aaJ19_3std3net3udpNtB2_9UdpSocket9recv_from
0000000000000000 T _RNvMNtNtCs3uSjD9aaJ19_3std3net3udpNtB2_9UdpSocket9try_clone
0000000000000000 T _RNvMNtNtCs3uSjD9aaJ19_3std6thread2idNtB2_8ThreadId3new
0000000000000000 T _RNvMNtNtCs3uSjD9aaJ19_3std6thread6scopedNtB2_9ScopeData29decrement_num_running_threads
0000000000000000 T _RNvMNtNtCs3uSjD9aaJ19_3std6thread6scopedNtB2_9ScopeData29increment_num_running_threads
0000000000000000 T _RNvMNtNtCs3uSjD9aaJ19_3std6thread7builderNtB2_7Builder4name
0000000000000000 T _RNvMNtNtNtCs3uSjD9aaJ19_3std2os5linux7processNtB2_5PidFd4kill
0000000000000000 T _RNvMNtNtNtCs3uSjD9aaJ19_3std2os5linux7processNtB2_5PidFd4wait
0000000000000000 T _RNvMNtNtNtCs3uSjD9aaJ19_3std2os5linux7processNtB2_5PidFd8try_wait
0000000000000000 T _RNvMNtNtNtCs3uSjD9aaJ19_3std3sys2fd4unixNtB2_8FileDesc11read_buf_at
0000000000000000 T _RNvMNtNtNtCs3uSjD9aaJ19_3std3sys2fd4unixNtB2_8FileDesc11read_to_end
0000000000000000 T _RNvMNtNtNtCs3uSjD9aaJ19_3std3sys2fd4unixNtB2_8FileDesc11set_cloexec
0000000000000000 T _RNvMNtNtNtCs3uSjD9aaJ19_3std3sys2fd4unixNtB2_8FileDesc13read_vectored
0000000000000000 T _RNvMNtNtNtCs3uSjD9aaJ19_3std3sys2fd4unixNtB2_8FileDesc14write_vectored
0000000000000000 T _RNvMNtNtNtCs3uSjD9aaJ19_3std3sys2fd4unixNtB2_8FileDesc15set_nonblocking
0000000000000000 T _RNvMNtNtNtCs3uSjD9aaJ19_3std3sys2fd4unixNtB2_8FileDesc16read_vectored_at
0000000000000000 T _RNvMNtNtNtCs3uSjD9aaJ19_3std3sys2fd4unixNtB2_8FileDesc17write_vectored_at
0000000000000000 T _RNvMNtNtNtCs3uSjD9aaJ19_3std3sys2fd4unixNtB2_8FileDesc4read
0000000000000000 T _RNvMNtNtNtCs3uSjD9aaJ19_3std3sys2fd4unixNtB2_8FileDesc5write
0000000000000000 T _RNvMNtNtNtCs3uSjD9aaJ19_3std3sys2fd4unixNtB2_8FileDesc7read_at
0000000000000000 T _RNvMNtNtNtCs3uSjD9aaJ19_3std3sys2fd4unixNtB2_8FileDesc8read_buf
0000000000000000 T _RNvMNtNtNtCs3uSjD9aaJ19_3std3sys2fd4unixNtB2_8FileDesc8write_at
0000000000000000 T _RNvMNtNtNtCs3uSjD9aaJ19_3std4sync4mpmc7contextNtB2_7Context3new
0000000000000000 T _RNvMNtNtNtCs3uSjD9aaJ19_3std4sync6poison7condvarNtB2_7Condvar10notify_all
0000000000000000 T _RNvMNtNtNtCs3uSjD9aaJ19_3std4sync6poison7condvarNtB2_7Condvar10notify_one
0000000000000000 T _RNvMNtNtNtCs3uSjD9aaJ19_3std4sync9nonpoison7condvarNtB2_7Condvar10notify_all
0000000000000000 T _RNvMNtNtNtCs3uSjD9aaJ19_3std4sync9nonpoison7condvarNtB2_7Condvar10notify_one
0000000000000000 T _RNvMNtNtNtNtCs3uSjD9aaJ19_3std2io8buffered9bufreader6bufferNtB2_6Buffer9backshift
0000000000000000 T _RNvMNtNtNtNtCs3uSjD9aaJ19_3std2os4unix3net4addrNtB2_10SocketAddr10from_parts
0000000000000000 T _RNvMNtNtNtNtCs3uSjD9aaJ19_3std2os4unix3net4addrNtB2_10SocketAddr10is_unnamed
0000000000000000 T _RNvMNtNtNtNtCs3uSjD9aaJ19_3std2os4unix3net4addrNtB2_10SocketAddr11as_pathname
0000000000000000 T _RNvMNtNtNtNtCs3uSjD9aaJ19_3std3sys2fs4unix3dirNtB2_3Dir4open
0000000000000000 T _RNvMNtNtNtNtCs3uSjD9aaJ19_3std3sys2fs4unix3dirNtB2_3Dir9open_file
0000000000000000 T _RNvMNtNtNtNtCs3uSjD9aaJ19_3std3sys4sync5mutex5futexNtB2_5Mutex14lock_contended
0000000000000000 T _RNvMNtNtNtNtCs3uSjD9aaJ19_3std3sys4sync5mutex5futexNtB2_5Mutex4wake
0000000000000000 T _RNvMNtNtNtNtCs3uSjD9aaJ19_3std3sys4sync6rwlock5futexNtB2_6RwLock14read_contended
0000000000000000 T _RNvMNtNtNtNtCs3uSjD9aaJ19_3std3sys4sync6rwlock5futexNtB2_6RwLock15write_contended
0000000000000000 T _RNvMNtNtNtNtCs3uSjD9aaJ19_3std3sys4sync6rwlock5futexNtB2_6RwLock22wake_writer_or_readers
0000000000000000 T _RNvMNtNtNtNtCs3uSjD9aaJ19_3std3sys4sync7condvar5futexNtB2_7Condvar12wait_timeout
0000000000000000 T _RNvMNtNtNtNtCs3uSjD9aaJ19_3std3sys4sync7condvar5futexNtB2_7Condvar4wait
0000000000000000 T _RNvMNtNtNtNtNtCs3uSjD9aaJ19_3std3sys3net10connection6socket4unixNtB2_6Socket3new
0000000000000000 T _RNvMNvMs_NtNtNtCs3uSjD9aaJ19_3std2io8buffered9bufwriterINtB7_9BufWriterpE9flush_bufNtB2_8BufGuard9remaining
0000000000000000 T _RNvMs0_NtNtCs3uSjD9aaJ19_3std3ffi6os_strNtB5_8OsString17into_boxed_os_str
0000000000000000 T _RNvMs0_NtNtCs3uSjD9aaJ19_3std4sync4onceNtB5_4Once10wait_force
0000000000000000 T _RNvMs0_NtNtCs3uSjD9aaJ19_3std4sync4onceNtB5_4Once4wait
0000000000000000 T _RNvMs0_NtNtCs3uSjD9aaJ19_3std4sync7barrierNtB5_7Barrier4wait
0000000000000000 T _RNvMs0_NtNtNtCs3uSjD9aaJ19_3std2os2fd5ownedNtB5_10BorrowedFd18try_clone_to_owned
0000000000000000 T _RNvMs0_NtNtNtCs3uSjD9aaJ19_3std3sys6thread4unixNtB5_6Thread3new
0000000000000000 T _RNvMs0_NtNtNtCs3uSjD9aaJ19_3std3sys6thread4unixNtB5_6Thread4join
0000000000000000 T _RNvMs0_NtNtNtNtCs3uSjD9aaJ19_3std2os4unix3net6streamNtB5_10UnixStream10local_addr
0000000000000000 T _RNvMs0_NtNtNtNtCs3uSjD9aaJ19_3std2os4unix3net6streamNtB5_10UnixStream10take_error
0000000000000000 T _RNvMs0_NtNtNtNtCs3uSjD9aaJ19_3std2os4unix3net6streamNtB5_10UnixStream12connect_addr
0000000000000000 T _RNvMs0_NtNtNtNtCs3uSjD9aaJ19_3std2os4unix3net6streamNtB5_10UnixStream12read_timeout
0000000000000000 T _RNvMs0_NtNtNtNtCs3uSjD9aaJ19_3std2os4unix3net6streamNtB5_10UnixStream13write_timeout
0000000000000000 T _RNvMs0_NtNtNtNtCs3uSjD9aaJ19_3std2os4unix3net6streamNtB5_10UnixStream15set_nonblocking
0000000000000000 T _RNvMs0_NtNtNtNtCs3uSjD9aaJ19_3std2os4unix3net6streamNtB5_10UnixStream16set_read_timeout
0000000000000000 T _RNvMs0_NtNtNtNtCs3uSjD9aaJ19_3std2os4unix3net6streamNtB5_10UnixStream17set_write_timeout
0000000000000000 T _RNvMs0_NtNtNtNtCs3uSjD9aaJ19_3std2os4unix3net6streamNtB5_10UnixStream28recv_vectored_with_ancillary
0000000000000000 T _RNvMs0_NtNtNtNtCs3uSjD9aaJ19_3std2os4unix3net6streamNtB5_10UnixStream28send_vectored_with_ancillary
0000000000000000 T _RNvMs0_NtNtNtNtCs3uSjD9aaJ19_3std2os4unix3net6streamNtB5_10UnixStream4pair
0000000000000000 T _RNvMs0_NtNtNtNtCs3uSjD9aaJ19_3std2os4unix3net6streamNtB5_10UnixStream4peek
0000000000000000 T _RNvMs0_NtNtNtNtCs3uSjD9aaJ19_3std2os4unix3net6streamNtB5_10UnixStream8set_mark
0000000000000000 T _RNvMs0_NtNtNtNtCs3uSjD9aaJ19_3std2os4unix3net6streamNtB5_10UnixStream8shutdown
0000000000000000 T _RNvMs0_NtNtNtNtCs3uSjD9aaJ19_3std2os4unix3net6streamNtB5_10UnixStream9peer_addr
0000000000000000 T _RNvMs0_NtNtNtNtCs3uSjD9aaJ19_3std2os4unix3net6streamNtB5_10UnixStream9peer_cred
0000000000000000 T _RNvMs0_NtNtNtNtCs3uSjD9aaJ19_3std2os4unix3net6streamNtB5_10UnixStream9try_clone
0000000000000000 T _RNvMs0_NtNtNtNtCs3uSjD9aaJ19_3std2os4unix3net8datagramNtB5_12UnixDatagram10local_addr
0000000000000000 T _RNvMs0_NtNtNtNtCs3uSjD9aaJ19_3std2os4unix3net8datagramNtB5_12UnixDatagram10take_error
0000000000000000 T _RNvMs0_NtNtNtNtCs3uSjD9aaJ19_3std2os4unix3net8datagramNtB5_12UnixDatagram12connect_addr
0000000000000000 T _RNvMs0_NtNtNtNtCs3uSjD9aaJ19_3std2os4unix3net8datagramNtB5_12UnixDatagram12read_timeout
0000000000000000 T _RNvMs0_NtNtNtNtCs3uSjD9aaJ19_3std2os4unix3net8datagramNtB5_12UnixDatagram12send_to_addr
0000000000000000 T _RNvMs0_NtNtNtNtCs3uSjD9aaJ19_3std2os4unix3net8datagramNtB5_12UnixDatagram13write_timeout
0000000000000000 T _RNvMs0_NtNtNtNtCs3uSjD9aaJ19_3std2os4unix3net8datagramNtB5_12UnixDatagram15set_nonblocking
0000000000000000 T _RNvMs0_NtNtNtNtCs3uSjD9aaJ19_3std2os4unix3net8datagramNtB5_12UnixDatagram16set_read_timeout
0000000000000000 T _RNvMs0_NtNtNtNtCs3uSjD9aaJ19_3std2os4unix3net8datagramNtB5_12UnixDatagram17set_write_timeout
0000000000000000 T _RNvMs0_NtNtNtNtCs3uSjD9aaJ19_3std2os4unix3net8datagramNtB5_12UnixDatagram28recv_vectored_with_ancillary
0000000000000000 T _RNvMs0_NtNtNtNtCs3uSjD9aaJ19_3std2os4unix3net8datagramNtB5_12UnixDatagram28send_vectored_with_ancillary
0000000000000000 T _RNvMs0_NtNtNtNtCs3uSjD9aaJ19_3std2os4unix3net8datagramNtB5_12UnixDatagram33recv_vectored_with_ancillary_from
0000000000000000 T _RNvMs0_NtNtNtNtCs3uSjD9aaJ19_3std2os4unix3net8datagramNtB5_12UnixDatagram4pair
0000000000000000 T _RNvMs0_NtNtNtNtCs3uSjD9aaJ19_3std2os4unix3net8datagramNtB5_12UnixDatagram4peek
0000000000000000 T _RNvMs0_NtNtNtNtCs3uSjD9aaJ19_3std2os4unix3net8datagramNtB5_12UnixDatagram4recv
0000000000000000 T _RNvMs0_NtNtNtNtCs3uSjD9aaJ19_3std2os4unix3net8datagramNtB5_12UnixDatagram4send
0000000000000000 T _RNvMs0_NtNtNtNtCs3uSjD9aaJ19_3std2os4unix3net8datagramNtB5_12UnixDatagram7unbound
0000000000000000 T _RNvMs0_NtNtNtNtCs3uSjD9aaJ19_3std2os4unix3net8datagramNtB5_12UnixDatagram8set_mark
0000000000000000 T _RNvMs0_NtNtNtNtCs3uSjD9aaJ19_3std2os4unix3net8datagramNtB5_12UnixDatagram8shutdown
0000000000000000 T _RNvMs0_NtNtNtNtCs3uSjD9aaJ19_3std2os4unix3net8datagramNtB5_12UnixDatagram9bind_addr
0000000000000000 T _RNvMs0_NtNtNtNtCs3uSjD9aaJ19_3std2os4unix3net8datagramNtB5_12UnixDatagram9peek_from
0000000000000000 T _RNvMs0_NtNtNtNtCs3uSjD9aaJ19_3std2os4unix3net8datagramNtB5_12UnixDatagram9peer_addr
0000000000000000 T _RNvMs0_NtNtNtNtCs3uSjD9aaJ19_3std2os4unix3net8datagramNtB5_12UnixDatagram9recv_from
0000000000000000 T _RNvMs0_NtNtNtNtCs3uSjD9aaJ19_3std2os4unix3net8datagramNtB5_12UnixDatagram9try_clone
0000000000000000 T _RNvMs0_NtNtNtNtCs3uSjD9aaJ19_3std3sys4sync4once5futexNtB5_4Once4call
0000000000000000 T _RNvMs16_NtCs3uSjD9aaJ19_3std4pathNtB6_4Path10__ends_with
0000000000000000 T _RNvMs16_NtCs3uSjD9aaJ19_3std4pathNtB6_4Path10components
0000000000000000 T _RNvMs16_NtCs3uSjD9aaJ19_3std4pathNtB6_4Path10is_symlink
0000000000000000 T _RNvMs16_NtCs3uSjD9aaJ19_3std4pathNtB6_4Path11file_prefix
0000000000000000 T _RNvMs16_NtCs3uSjD9aaJ19_3std4pathNtB6_4Path11is_absolute
0000000000000000 T _RNvMs16_NtCs3uSjD9aaJ19_3std4pathNtB6_4Path11to_path_buf
0000000000000000 T _RNvMs16_NtCs3uSjD9aaJ19_3std4pathNtB6_4Path12__starts_with
0000000000000000 T _RNvMs16_NtCs3uSjD9aaJ19_3std4pathNtB6_4Path13__strip_prefix
0000000000000000 T _RNvMs16_NtCs3uSjD9aaJ19_3std4pathNtB6_4Path13into_path_buf
0000000000000000 T _RNvMs16_NtCs3uSjD9aaJ19_3std4pathNtB6_4Path15__with_extension
0000000000000000 T _RNvMs16_NtCs3uSjD9aaJ19_3std4pathNtB6_4Path15__with_file_name
0000000000000000 T _RNvMs16_NtCs3uSjD9aaJ19_3std4pathNtB6_4Path19normalize_lexically
0000000000000000 T _RNvMs16_NtCs3uSjD9aaJ19_3std4pathNtB6_4Path5__join
0000000000000000 T _RNvMs16_NtCs3uSjD9aaJ19_3std4pathNtB6_4Path6is_dir
0000000000000000 T _RNvMs16_NtCs3uSjD9aaJ19_3std4pathNtB6_4Path6parent
0000000000000000 T _RNvMs16_NtCs3uSjD9aaJ19_3std4pathNtB6_4Path7is_file
0000000000000000 T _RNvMs16_NtCs3uSjD9aaJ19_3std4pathNtB6_4Path9extension
0000000000000000 T _RNvMs16_NtCs3uSjD9aaJ19_3std4pathNtB6_4Path9file_name
0000000000000000 T _RNvMs16_NtCs3uSjD9aaJ19_3std4pathNtB6_4Path9file_stem
0000000000000000 T _RNvMs1_NtNtCs3uSjD9aaJ19_3std2io5stdioNtB5_5Stdin4lock
0000000000000000 T _RNvMs1_NtNtCs3uSjD9aaJ19_3std2io5stdioNtB5_5Stdin5lines
0000000000000000 T _RNvMs1_NtNtCs3uSjD9aaJ19_3std2io5stdioNtB5_5Stdin9read_line
0000000000000000 T _RNvMs2_NtCs3uSjD9aaJ19_3std2fsNtB5_4File11lock_shared
0000000000000000 T _RNvMs2_NtCs3uSjD9aaJ19_3std2fsNtB5_4File15set_permissions
0000000000000000 T _RNvMs2_NtCs3uSjD9aaJ19_3std2fsNtB5_4File15try_lock_shared
0000000000000000 T _RNvMs2_NtCs3uSjD9aaJ19_3std2fsNtB5_4File4lock
0000000000000000 T _RNvMs2_NtCs3uSjD9aaJ19_3std2fsNtB5_4File6unlock
0000000000000000 T _RNvMs2_NtCs3uSjD9aaJ19_3std2fsNtB5_4File7set_len
0000000000000000 T _RNvMs2_NtCs3uSjD9aaJ19_3std2fsNtB5_4File8metadata
0000000000000000 T _RNvMs2_NtCs3uSjD9aaJ19_3std2fsNtB5_4File8sync_all
0000000000000000 T _RNvMs2_NtCs3uSjD9aaJ19_3std2fsNtB5_4File8try_lock
0000000000000000 T _RNvMs2_NtCs3uSjD9aaJ19_3std2fsNtB5_4File9set_times
0000000000000000 T _RNvMs2_NtCs3uSjD9aaJ19_3std2fsNtB5_4File9sync_data
0000000000000000 T _RNvMs2_NtCs3uSjD9aaJ19_3std2fsNtB5_4File9try_clone
0000000000000000 T _RNvMs2_NtCs3uSjD9aaJ19_3std2ioNtB5_10IoSliceMut10into_slice
0000000000000000 T _RNvMs2_NtCs3uSjD9aaJ19_3std9backtraceNtB5_9Backtrace13force_capture
0000000000000000 T _RNvMs2_NtCs3uSjD9aaJ19_3std9backtraceNtB5_9Backtrace7capture
0000000000000000 T _RNvMs2_NtNtCs3uSjD9aaJ19_3std2io4pipeNtB5_10PipeReader9try_clone
0000000000000000 T _RNvMs3_NtCs3uSjD9aaJ19_3std9backtraceNtB5_9Backtrace6frames
0000000000000000 T _RNvMs3_NtCs4rJUcQVFpWT_5alloc7raw_vecINtB5_6RawVecINtNtB7_3vec3VechEE8grow_oneCs3uSjD9aaJ19_3std
0000000000000000 T _RNvMs3_NtCs4rJUcQVFpWT_5alloc7raw_vecINtB5_6RawVecINtNtB7_5boxed3BoxDINtNtNtCsdAiEuf0GwQL_4core3ops8function5FnMutuEp6OutputINtNtB1c_6result6ResultuNtNtNtCs3uSjD9aaJ19_3std2io5error5ErrorENtNtB1c_6marker4SyncNtB32_4SendEL_EE8grow_oneB2s_
0000000000000000 T _RNvMs3_NtCs4rJUcQVFpWT_5alloc7raw_vecINtB5_6RawVecINtNtCsdFlqFMAv1Pq_9addr2line4unit7ResUnitINtNtNtCs7z3mJhSrc6f_5gimli4read12endian_slice11EndianSliceNtNtB1z_9endianity12LittleEndianEEE8grow_oneCs3uSjD9aaJ19_3std
0000000000000000 T _RNvMs3_NtCs4rJUcQVFpWT_5alloc7raw_vecINtB5_6RawVecINtNtCsdFlqFMAv1Pq_9addr2line4unit7SupUnitINtNtNtCs7z3mJhSrc6f_5gimli4read12endian_slice11EndianSliceNtNtB1z_9endianity12LittleEndianEEE8grow_oneCs3uSjD9aaJ19_3std
0000000000000000 T _RNvMs3_NtCs4rJUcQVFpWT_5alloc7raw_vecINtB5_6RawVecINtNtCsdFlqFMAv1Pq_9addr2line8function12LazyFunctionINtNtNtCs7z3mJhSrc6f_5gimli4read12endian_slice11EndianSliceNtNtB1J_9endianity12LittleEndianEEE8grow_oneCs3uSjD9aaJ19_3std
0000000000000000 T _RNvMs3_NtCs4rJUcQVFpWT_5alloc7raw_vecINtB5_6RawVecINtNtCsdFlqFMAv1Pq_9addr2line8function15InlinedFunctionINtNtNtCs7z3mJhSrc6f_5gimli4read12endian_slice11EndianSliceNtNtB1M_9endianity12LittleEndianEEE8grow_oneCs3uSjD9aaJ19_3std
0000000000000000 T _RNvMs3_NtCs4rJUcQVFpWT_5alloc7raw_vecINtB5_6RawVecINtNtNtCs7z3mJhSrc6f_5gimli4read4line9FileEntryINtNtBR_12endian_slice11EndianSliceNtNtBT_9endianity12LittleEndianEjEE8grow_oneCs3uSjD9aaJ19_3std
0000000000000000 T _RNvMs3_NtCs4rJUcQVFpWT_5alloc7raw_vecINtB5_6RawVecINtNtNtCs7z3mJhSrc6f_5gimli4read4unit14AttributeValueINtNtBR_12endian_slice11EndianSliceNtNtBT_9endianity12LittleEndianEjEE8grow_oneCs3uSjD9aaJ19_3std
0000000000000000 T _RNvMs3_NtCs4rJUcQVFpWT_5alloc7raw_vecINtB5_6RawVecNtNtB7_6string6StringE8grow_oneCs3uSjD9aaJ19_3std
0000000000000000 T _RNvMs3_NtCs4rJUcQVFpWT_5alloc7raw_vecINtB5_6RawVecNtNtCs3uSjD9aaJ19_3std9backtrace14BacktraceFrameE8grow_oneBQ_
0000000000000000 T _RNvMs3_NtCs4rJUcQVFpWT_5alloc7raw_vecINtB5_6RawVecNtNtCs3uSjD9aaJ19_3std9backtrace15BacktraceSymbolE8grow_oneBQ_
0000000000000000 T _RNvMs3_NtCs4rJUcQVFpWT_5alloc7raw_vecINtB5_6RawVecNtNtCsdFlqFMAv1Pq_9addr2line4line12LineSequenceE8grow_oneCs3uSjD9aaJ19_3std
0000000000000000 T _RNvMs3_NtCs4rJUcQVFpWT_5alloc7raw_vecINtB5_6RawVecNtNtCsdFlqFMAv1Pq_9addr2line4line7LineRowE8grow_oneCs3uSjD9aaJ19_3std
0000000000000000 T _RNvMs3_NtCs4rJUcQVFpWT_5alloc7raw_vecINtB5_6RawVecNtNtCsdFlqFMAv1Pq_9addr2line4unit9UnitRangeE8grow_oneCs3uSjD9aaJ19_3std
0000000000000000 T _RNvMs3_NtCs4rJUcQVFpWT_5alloc7raw_vecINtB5_6RawVecNtNtCsdFlqFMAv1Pq_9addr2line8function15FunctionAddressE8grow_oneCs3uSjD9aaJ19_3std
0000000000000000 T _RNvMs3_NtCs4rJUcQVFpWT_5alloc7raw_vecINtB5_6RawVecNtNtCsdFlqFMAv1Pq_9addr2line8function22InlinedFunctionAddressE8grow_oneCs3uSjD9aaJ19_3std
0000000000000000 T _RNvMs3_NtCs4rJUcQVFpWT_5alloc7raw_vecINtB5_6RawVecNtNtNtCs3uSjD9aaJ19_3std3ffi6os_str8OsStringE8grow_oneBS_
0000000000000000 T _RNvMs3_NtCs4rJUcQVFpWT_5alloc7raw_vecINtB5_6RawVecNtNtNtCs7z3mJhSrc6f_5gimli4read4line15FileEntryFormatE8grow_oneCs3uSjD9aaJ19_3std
0000000000000000 T _RNvMs3_NtCs4rJUcQVFpWT_5alloc7raw_vecINtB5_6RawVecNtNtNtNtCs3uSjD9aaJ19_3std12backtrace_rs9symbolize5gimli7LibraryE8grow_oneBU_
0000000000000000 T _RNvMs3_NtCs4rJUcQVFpWT_5alloc7raw_vecINtB5_6RawVecNtNtNtNtNtCs3uSjD9aaJ19_3std12backtrace_rs9symbolize5gimli19parse_running_mmaps9MapsEntryE8grow_oneBW_
0000000000000000 T _RNvMs3_NtCs4rJUcQVFpWT_5alloc7raw_vecINtB5_6RawVecNtNtNtNtNtCs3uSjD9aaJ19_3std12backtrace_rs9symbolize5gimli4mmap4MmapE8grow_oneBW_
0000000000000000 T _RNvMs3_NtCs4rJUcQVFpWT_5alloc7raw_vecINtB5_6RawVecPhE8grow_oneCs3uSjD9aaJ19_3std
0000000000000000 T _RNvMs3_NtCs4rJUcQVFpWT_5alloc7raw_vecINtB5_6RawVecRINtNtCsdFlqFMAv1Pq_9addr2line8function15InlinedFunctionINtNtNtCs7z3mJhSrc6f_5gimli4read12endian_slice11EndianSliceNtNtB1N_9endianity12LittleEndianEEE8grow_oneCs3uSjD9aaJ19_3std
0000000000000000 T _RNvMs3_NtCs4rJUcQVFpWT_5alloc7raw_vecINtB5_6RawVecTNtNtCs7z3mJhSrc6f_5gimli6common15DebugInfoOffsetNtBP_18DebugArangesOffsetEE8grow_oneCs3uSjD9aaJ19_3std
0000000000000000 T _RNvMs3_NtCs4rJUcQVFpWT_5alloc7raw_vecINtB5_6RawVecTNtNtNtCs3uSjD9aaJ19_3std3ffi6os_str8OsStringBN_EE8grow_oneBT_
0000000000000000 T _RNvMs3_NtCs4rJUcQVFpWT_5alloc7raw_vecINtB5_6RawVecTOhFUKCBN_EuENtNtCs3uSjD9aaJ19_3std5alloc6SystemE8grow_oneB13_
0000000000000000 T _RNvMs3_NtNtCs3uSjD9aaJ19_3std2io4pipeNtB5_10PipeWriter9try_clone
0000000000000000 T _RNvMs3_NtNtCs3uSjD9aaJ19_3std2io5errorNtB5_5Error4__new
0000000000000000 T _RNvMs5_NtCs3uSjD9aaJ19_3std4timeNtB5_10SystemTime11checked_add
0000000000000000 T _RNvMs5_NtCs3uSjD9aaJ19_3std4timeNtB5_10SystemTime11checked_sub
0000000000000000 T _RNvMs5_NtCs3uSjD9aaJ19_3std4timeNtB5_10SystemTime14duration_since
0000000000000000 T _RNvMs5_NtCs3uSjD9aaJ19_3std4timeNtB5_10SystemTime14saturating_add
0000000000000000 T _RNvMs5_NtCs3uSjD9aaJ19_3std4timeNtB5_10SystemTime14saturating_sub
0000000000000000 T _RNvMs5_NtCs3uSjD9aaJ19_3std4timeNtB5_10SystemTime25saturating_duration_since
0000000000000000 T _RNvMs5_NtCs3uSjD9aaJ19_3std4timeNtB5_10SystemTime3now
0000000000000000 T _RNvMs5_NtCs3uSjD9aaJ19_3std4timeNtB5_10SystemTime7elapsed
0000000000000000 T _RNvMs5_NtNtNtNtCs3uSjD9aaJ19_3std2os4unix3net9ancillaryNtB5_15SocketAncillary7add_fds
0000000000000000 T _RNvMs5_NtNtNtNtCs3uSjD9aaJ19_3std2os4unix3net9ancillaryNtB5_15SocketAncillary8messages
0000000000000000 T _RNvMs5_NtNtNtNtCs3uSjD9aaJ19_3std2os4unix3net9ancillaryNtB5_15SocketAncillary9add_creds
0000000000000000 T _RNvMs7_NtNtCs3uSjD9aaJ19_3std3net3tcpNtB5_11TcpListener10local_addr
0000000000000000 T _RNvMs7_NtNtCs3uSjD9aaJ19_3std3net3tcpNtB5_11TcpListener10take_error
0000000000000000 T _RNvMs7_NtNtCs3uSjD9aaJ19_3std3net3tcpNtB5_11TcpListener11set_only_v6
0000000000000000 T _RNvMs7_NtNtCs3uSjD9aaJ19_3std3net3tcpNtB5_11TcpListener15set_nonblocking
0000000000000000 T _RNvMs7_NtNtCs3uSjD9aaJ19_3std3net3tcpNtB5_11TcpListener3ttl
0000000000000000 T _RNvMs7_NtNtCs3uSjD9aaJ19_3std3net3tcpNtB5_11TcpListener6accept
0000000000000000 T _RNvMs7_NtNtCs3uSjD9aaJ19_3std3net3tcpNtB5_11TcpListener7only_v6
0000000000000000 T _RNvMs7_NtNtCs3uSjD9aaJ19_3std3net3tcpNtB5_11TcpListener7set_ttl
0000000000000000 T _RNvMs7_NtNtCs3uSjD9aaJ19_3std3net3tcpNtB5_11TcpListener9try_clone
0000000000000000 T _RNvMs8_NtCs3uSjD9aaJ19_3std2ioNtB5_7IoSlice8as_slice
0000000000000000 T _RNvMs8_NtCs3uSjD9aaJ19_3std4pathNtB5_10Components7as_path
0000000000000000 T _RNvMsA_NtCs3uSjD9aaJ19_3std2fsNtB5_8DirEntry4path
0000000000000000 T _RNvMsA_NtCs3uSjD9aaJ19_3std2fsNtB5_8DirEntry8metadata
0000000000000000 T _RNvMsA_NtCs3uSjD9aaJ19_3std2fsNtB5_8DirEntry9file_name
0000000000000000 T _RNvMsA_NtCs3uSjD9aaJ19_3std2fsNtB5_8DirEntry9file_type
0000000000000000 T _RNvMsD_NtCs3uSjD9aaJ19_3std2fsNtB5_10DirBuilder7__create
0000000000000000 T _RNvMsN_NtCs3uSjD9aaJ19_3std7processNtB5_15ExitStatusError12code_nonzero
0000000000000000 T _RNvMsN_NtCs3uSjD9aaJ19_3std7processNtB5_15ExitStatusError4code
0000000000000000 T _RNvMsS_NtCs3uSjD9aaJ19_3std7processNtB5_8ExitCode12exit_process
0000000000000000 T _RNvMsY_NtCs3uSjD9aaJ19_3std7processNtB5_5Child16wait_with_output
0000000000000000 T _RNvMsY_NtCs3uSjD9aaJ19_3std7processNtB5_5Child4kill
0000000000000000 T _RNvMsY_NtCs3uSjD9aaJ19_3std7processNtB5_5Child4wait
0000000000000000 T _RNvMsY_NtCs3uSjD9aaJ19_3std7processNtB5_5Child8try_wait
0000000000000000 T _RNvMs_NtNtCs3uSjD9aaJ19_3std12backtrace_rs9symbolizeNtB4_6Symbol12filename_raw
0000000000000000 T _RNvMs_NtNtCs3uSjD9aaJ19_3std12backtrace_rs9symbolizeNtB4_6Symbol4name
0000000000000000 T _RNvMs_NtNtCs3uSjD9aaJ19_3std6thread6threadNtB4_6Thread12park_timeout
0000000000000000 T _RNvMs_NtNtCs3uSjD9aaJ19_3std6thread6threadNtB4_6Thread3new
0000000000000000 T _RNvMs_NtNtCs3uSjD9aaJ19_3std6thread6threadNtB4_6Thread4name
0000000000000000 T _RNvMs_NtNtCs3uSjD9aaJ19_3std6thread6threadNtB4_6Thread4park
0000000000000000 T _RNvMs_NtNtCs3uSjD9aaJ19_3std6thread6threadNtB4_6Thread8from_raw
0000000000000000 T _RNvMs_NtNtCs3uSjD9aaJ19_3std6thread9spawnhookNtB4_15ChildSpawnHooks3run
0000000000000000 T _RNvMs_NtNtNtCs3uSjD9aaJ19_3std2io8buffered9bufwriterINtB4_9BufWriterNtNtB8_5stdio9StdoutRawE10write_coldBa_
0000000000000000 T _RNvMs_NtNtNtCs3uSjD9aaJ19_3std2io8buffered9bufwriterINtB4_9BufWriterNtNtB8_5stdio9StdoutRawE14write_all_coldBa_
0000000000000000 T _RNvMs_NtNtNtCs3uSjD9aaJ19_3std2os2fd5ownedNtB4_7OwnedFd9try_clone
0000000000000000 T _RNvMs_NtNtNtCs3uSjD9aaJ19_3std3sys7process3envNtB4_10CommandEnv3set
0000000000000000 T _RNvMs_NtNtNtCs3uSjD9aaJ19_3std3sys7process3envNtB4_10CommandEnv6remove
0000000000000000 T _RNvMs_NtNtNtNtCs3uSjD9aaJ19_3std2os4unix3net8listenerNtB4_12UnixListener10local_addr
0000000000000000 T _RNvMs_NtNtNtNtCs3uSjD9aaJ19_3std2os4unix3net8listenerNtB4_12UnixListener10take_error
0000000000000000 T _RNvMs_NtNtNtNtCs3uSjD9aaJ19_3std2os4unix3net8listenerNtB4_12UnixListener15set_nonblocking
0000000000000000 T _RNvMs_NtNtNtNtCs3uSjD9aaJ19_3std2os4unix3net8listenerNtB4_12UnixListener6accept
0000000000000000 T _RNvMs_NtNtNtNtCs3uSjD9aaJ19_3std2os4unix3net8listenerNtB4_12UnixListener9bind_addr
0000000000000000 T _RNvMs_NtNtNtNtCs3uSjD9aaJ19_3std2os4unix3net8listenerNtB4_12UnixListener9try_clone
0000000000000000 T _RNvMs_NtNtNtNtCs3uSjD9aaJ19_3std3sys7process4unix6commonNtB4_7Command3arg
0000000000000000 T _RNvMs_NtNtNtNtCs3uSjD9aaJ19_3std3sys7process4unix6commonNtB4_7Command3cwd
0000000000000000 T _RNvMs_NtNtNtNtCs3uSjD9aaJ19_3std3sys7process4unix6commonNtB4_7Command3new
0000000000000000 T _RNvMs_NtNtNtNtCs3uSjD9aaJ19_3std3sys7process4unix6commonNtB4_7Command5stdin
0000000000000000 T _RNvMs_NtNtNtNtCs3uSjD9aaJ19_3std3sys7process4unix6commonNtB4_7Command6chroot
0000000000000000 T _RNvMs_NtNtNtNtCs3uSjD9aaJ19_3std3sys7process4unix6commonNtB4_7Command6stderr
0000000000000000 T _RNvMs_NtNtNtNtCs3uSjD9aaJ19_3std3sys7process4unix6commonNtB4_7Command6stdout
0000000000000000 T _RNvMs_NtNtNtNtCs3uSjD9aaJ19_3std3sys7process4unix6commonNtB4_7Command8pre_exec
0000000000000000 T _RNvMs_NtNtNtNtCs3uSjD9aaJ19_3std3sys7process4unix6commonNtB4_7Command9set_arg_0
0000000000000000 T _RNvMsa_NtNtCs3uSjD9aaJ19_3std2io5stdioNtB5_6Stdout4lock
0000000000000000 T _RNvMsa_NtNtNtNtCs3uSjD9aaJ19_3std3sys3net10connection6socketNtB5_9UdpSocket7send_to
0000000000000000 T _RNvMsi_NtNtNtCs3uSjD9aaJ19_3std3sys2fs4unixNtB5_4File13read_vectored
0000000000000000 T _RNvMsi_NtNtNtCs3uSjD9aaJ19_3std3sys2fs4unixNtB5_4File4read
0000000000000000 T _RNvMsi_NtNtNtCs3uSjD9aaJ19_3std3sys2fs4unixNtB5_4File8read_buf
0000000000000000 T _RNvMsj_NtCs3uSjD9aaJ19_3std2fsNtB5_11OpenOptions5__open
0000000000000000 T _RNvMsk_NtCs3uSjD9aaJ19_3std7processNtB5_7Command11get_program
0000000000000000 T _RNvMsk_NtCs3uSjD9aaJ19_3std7processNtB5_7Command15get_current_dir
0000000000000000 T _RNvMsk_NtCs3uSjD9aaJ19_3std7processNtB5_7Command17get_resolved_envs
0000000000000000 T _RNvMsk_NtCs3uSjD9aaJ19_3std7processNtB5_7Command5spawn
0000000000000000 T _RNvMsk_NtCs3uSjD9aaJ19_3std7processNtB5_7Command6output
0000000000000000 T _RNvMsk_NtCs3uSjD9aaJ19_3std7processNtB5_7Command6status
0000000000000000 T _RNvMsk_NtCs3uSjD9aaJ19_3std7processNtB5_7Command8get_args
0000000000000000 T _RNvMsk_NtCs3uSjD9aaJ19_3std7processNtB5_7Command9env_clear
0000000000000000 T _RNvMsk_NtNtCs3uSjD9aaJ19_3std2io5stdioNtB5_6Stderr4lock
0000000000000000 T _RNvMsl_NtNtCs3uSjD9aaJ19_3std3ffi6os_strNtB5_5OsStr14into_os_string
0000000000000000 T _RNvMsl_NtNtCs3uSjD9aaJ19_3std3ffi6os_strNtB5_5OsStr16split_at_checked
0000000000000000 T _RNvMsl_NtNtCs3uSjD9aaJ19_3std3ffi6os_strNtB5_5OsStr18to_ascii_lowercase
0000000000000000 T _RNvMsl_NtNtCs3uSjD9aaJ19_3std3ffi6os_strNtB5_5OsStr18to_ascii_uppercase
0000000000000000 T _RNvMsl_NtNtCs3uSjD9aaJ19_3std3ffi6os_strNtB5_5OsStr8split_at
0000000000000000 T _RNvMsm_NtCs3uSjD9aaJ19_3std2fsNtB5_8Metadata7created
0000000000000000 T _RNvMsm_NtCs3uSjD9aaJ19_3std2fsNtB5_8Metadata8accessed
0000000000000000 T _RNvMsm_NtCs3uSjD9aaJ19_3std2fsNtB5_8Metadata8modified
0000000000000000 T _RNvMsn_NtCs4rJUcQVFpWT_5alloc4syncINtB5_3ArcINtNtNtCs7z3mJhSrc6f_5gimli4read5dwarf5DwarfINtNtBL_12endian_slice11EndianSliceNtNtBN_9endianity12LittleEndianEEE9drop_slowCs3uSjD9aaJ19_3std
0000000000000000 T _RNvMsn_NtCs4rJUcQVFpWT_5alloc4syncINtB5_3ArcINtNtNtNtCs3uSjD9aaJ19_3std4sync6poison5mutex5MutexINtNtB7_3vec3VechEEE9drop_slowBP_
0000000000000000 T _RNvMsn_NtCs4rJUcQVFpWT_5alloc4syncINtB5_3ArcNtNtNtCs3uSjD9aaJ19_3std6thread6thread5InnerNtNtBM_5alloc6SystemE9drop_slowBM_
0000000000000000 T _RNvMsn_NtCs4rJUcQVFpWT_5alloc4syncINtB5_3ArcNtNtNtCs3uSjD9aaJ19_3std6thread9spawnhook9SpawnHookE9drop_slowBM_
0000000000000000 T _RNvMsn_NtCs4rJUcQVFpWT_5alloc4syncINtB5_3ArcNtNtNtCs7z3mJhSrc6f_5gimli4read6abbrev13AbbreviationsE9drop_slowCs3uSjD9aaJ19_3std
0000000000000000 T _RNvMsn_NtCs4rJUcQVFpWT_5alloc4syncINtB5_3ArcNtNtNtNtCs3uSjD9aaJ19_3std3sys2fs4unix12InnerReadDirE9drop_slowBO_
0000000000000000 T _RNvMsr_NtCs3uSjD9aaJ19_3std4pathNtB5_7PathBuf11into_string
0000000000000000 T _RNvMsr_NtCs3uSjD9aaJ19_3std4pathNtB5_7PathBuf14__add_extension
0000000000000000 T _RNvMsr_NtCs3uSjD9aaJ19_3std4pathNtB5_7PathBuf14__set_extension
0000000000000000 T _RNvMsr_NtCs3uSjD9aaJ19_3std4pathNtB5_7PathBuf14__set_file_name
0000000000000000 T _RNvMsr_NtCs3uSjD9aaJ19_3std4pathNtB5_7PathBuf16pop_trailing_sep
0000000000000000 T _RNvMsr_NtCs3uSjD9aaJ19_3std4pathNtB5_7PathBuf16set_trailing_sep
0000000000000000 T _RNvMsr_NtCs3uSjD9aaJ19_3std4pathNtB5_7PathBuf17push_trailing_sep
0000000000000000 T _RNvMsr_NtCs3uSjD9aaJ19_3std4pathNtB5_7PathBuf3pop
0000000000000000 T _RNvMsr_NtCs3uSjD9aaJ19_3std4pathNtB5_7PathBuf5__push
0000000000000000 T _RNvMst_NtCs3uSjD9aaJ19_3std7processNtB5_6Output7exit_ok
0000000000000000 B _RNvNCNKNvNtNtCs3uSjD9aaJ19_3std6thread9spawnhook11SPAWN_HOOKS0023___RUST_STD_INTERNAL_VAL
0000000000000000 B _RNvNCNKNvNvMNtNtCs3uSjD9aaJ19_3std4hash6randomNtBa_11RandomState3new4KEYS0s_023___RUST_STD_INTERNAL_VAL
0000000000000000 B _RNvNCNKNvNvMNtNtNtCs3uSjD9aaJ19_3std4sync4mpmc7contextNtBa_7Context4with7CONTEXT0023___RUST_STD_INTERNAL_VAL
0000000000000000 D _RNvNCNKNvNvNtNtNtCs3uSjD9aaJ19_3std4sync4mpmc5waker17current_thread_id5DUMMY0s_023___RUST_STD_INTERNAL_VAL
0000000000000000 B _RNvNCNvNtNtCs3uSjD9aaJ19_3std6thread9lifecycle15spawn_unchecked03MIN
0000000000000000 T _RNvNtCs3uSjD9aaJ19_3std2rt19lang_start_internal
0000000000000000 T _RNvNtCs3uSjD9aaJ19_3std3env11current_dir
0000000000000000 T _RNvNtCs3uSjD9aaJ19_3std3env11current_exe
0000000000000000 T _RNvNtCs3uSjD9aaJ19_3std3env4__var
0000000000000000 T _RNvNtCs3uSjD9aaJ19_3std3env4args
0000000000000000 T _RNvNtCs3uSjD9aaJ19_3std3env4vars
0000000000000000 T _RNvNtCs3uSjD9aaJ19_3std3env7__var_os
0000000000000000 T _RNvNtCs3uSjD9aaJ19_3std3env7args_os
0000000000000000 T _RNvNtCs3uSjD9aaJ19_3std3env7vars_os
0000000000000000 T _RNvNtCs3uSjD9aaJ19_3std3env8home_dir
0000000000000000 T _RNvNtCs3uSjD9aaJ19_3std3env8temp_dir
0000000000000000 T _RNvNtCs3uSjD9aaJ19_3std4path18compare_components
0000000000000000 T _RNvNtCs3uSjD9aaJ19_3std5alloc20set_alloc_error_hook
0000000000000000 T _RNvNtCs3uSjD9aaJ19_3std5alloc24default_alloc_error_hook
0000000000000000 B _RNvNtCs3uSjD9aaJ19_3std5alloc4HOOK
0000000000000000 T _RNvNtCs3uSjD9aaJ19_3std5alloc8rust_oom
0000000000000000 T _RNvNtCs3uSjD9aaJ19_3std5panic13resume_unwind
0000000000000000 T _RNvNtCs3uSjD9aaJ19_3std5panic19get_backtrace_style
0000000000000000 T _RNvNtCs3uSjD9aaJ19_3std5panic19set_backtrace_style
0000000000000000 T _RNvNtCs3uSjD9aaJ19_3std7process2id
0000000000000000 T _RNvNtCs3uSjD9aaJ19_3std7process4exit
0000000000000000 T _RNvNtCs3uSjD9aaJ19_3std7process5abort
0000000000000000 D _RNvNtCs3uSjD9aaJ19_3std9panicking11EMPTY_PANIC
0000000000000000 T _RNvNtCs3uSjD9aaJ19_3std9panicking12default_hook
0000000000000000 T _RNvNtCs3uSjD9aaJ19_3std9panicking14payload_as_str
0000000000000000 T _RNvNtCs3uSjD9aaJ19_3std9panicking15panic_with_hook
0000000000000000 B _RNvNtCs3uSjD9aaJ19_3std9panicking4HOOK
0000000000000000 T _RNvNtCs3uSjD9aaJ19_3std9panicking8set_hook
0000000000000000 T _RNvNtCs3uSjD9aaJ19_3std9panicking9take_hook
0000000000000000 T _RNvNtNtCs3uSjD9aaJ19_3std2io5stdio18set_output_capture
0000000000000000 T _RNvNtNtCs3uSjD9aaJ19_3std2io5stdio22try_set_output_capture
0000000000000000 T _RNvNtNtCs3uSjD9aaJ19_3std2io5stdio23attempt_print_to_stderr
0000000000000000 T _RNvNtNtCs3uSjD9aaJ19_3std2io5stdio5stdin
0000000000000000 T _RNvNtNtCs3uSjD9aaJ19_3std2io5stdio6__print
0000000000000000 T _RNvNtNtCs3uSjD9aaJ19_3std2io5stdio6stdout
0000000000000000 T _RNvNtNtCs3uSjD9aaJ19_3std2io5stdio7__eprint
0000000000000000 T _RNvNtNtCs3uSjD9aaJ19_3std3net8hostname8hostname
0000000000000000 T _RNvNtNtCs3uSjD9aaJ19_3std3sys2fs10remove_dir
0000000000000000 T _RNvNtNtCs3uSjD9aaJ19_3std3sys2fs11remove_file
0000000000000000 T _RNvNtNtCs3uSjD9aaJ19_3std3sys2fs12canonicalize
0000000000000000 T _RNvNtNtCs3uSjD9aaJ19_3std3sys2fs14remove_dir_all
0000000000000000 T _RNvNtNtCs3uSjD9aaJ19_3std3sys2fs15set_permissions
0000000000000000 T _RNvNtNtCs3uSjD9aaJ19_3std3sys2fs16symlink_metadata
0000000000000000 T _RNvNtNtCs3uSjD9aaJ19_3std3sys2fs18set_times_nofollow
0000000000000000 T _RNvNtNtCs3uSjD9aaJ19_3std3sys2fs24set_permissions_nofollow
0000000000000000 T _RNvNtNtCs3uSjD9aaJ19_3std3sys2fs4copy
0000000000000000 T _RNvNtNtCs3uSjD9aaJ19_3std3sys2fs6exists
0000000000000000 T _RNvNtNtCs3uSjD9aaJ19_3std3sys2fs6rename
0000000000000000 T _RNvNtNtCs3uSjD9aaJ19_3std3sys2fs7symlink
0000000000000000 T _RNvNtNtCs3uSjD9aaJ19_3std3sys2fs8metadata
0000000000000000 T _RNvNtNtCs3uSjD9aaJ19_3std3sys2fs8read_dir
0000000000000000 T _RNvNtNtCs3uSjD9aaJ19_3std3sys2fs9hard_link
0000000000000000 T _RNvNtNtCs3uSjD9aaJ19_3std3sys2fs9read_link
0000000000000000 T _RNvNtNtCs3uSjD9aaJ19_3std3sys2fs9set_times
0000000000000000 T _RNvNtNtCs3uSjD9aaJ19_3std3sys5alloc16realloc_fallback
0000000000000000 T _RNvNtNtCs3uSjD9aaJ19_3std3sys9backtrace4lock
0000000000000000 T _RNvNtNtCs3uSjD9aaJ19_3std4sync9lazy_lock14panic_poisoned
0000000000000000 T _RNvNtNtCs3uSjD9aaJ19_3std6thread5local18panic_access_error
0000000000000000 T _RNvNtNtCs3uSjD9aaJ19_3std6thread7current18current_or_unnamed
0000000000000000 B _RNvNtNtCs3uSjD9aaJ19_3std6thread7current7CURRENT
0000000000000000 T _RNvNtNtCs3uSjD9aaJ19_3std6thread7current7current
0000000000000000 T _RNvNtNtCs3uSjD9aaJ19_3std6thread9functions11sleep_until
0000000000000000 T _RNvNtNtCs3uSjD9aaJ19_3std6thread9functions12park_timeout
0000000000000000 T _RNvNtNtCs3uSjD9aaJ19_3std6thread9functions15park_timeout_ms
0000000000000000 T _RNvNtNtCs3uSjD9aaJ19_3std6thread9functions21available_parallelism
0000000000000000 T _RNvNtNtCs3uSjD9aaJ19_3std6thread9functions4park
0000000000000000 T _RNvNtNtCs3uSjD9aaJ19_3std6thread9functions5sleep
0000000000000000 T _RNvNtNtCs3uSjD9aaJ19_3std6thread9functions8sleep_ms
0000000000000000 T _RNvNtNtCs3uSjD9aaJ19_3std6thread9functions9yield_now
0000000000000000 T _RNvNtNtCs3uSjD9aaJ19_3std6thread9spawnhook15run_spawn_hooks
0000000000000000 T _RNvNtNtCs3uSjD9aaJ19_3std9panicking11panic_count17is_zero_slow_path
0000000000000000 B _RNvNtNtCs3uSjD9aaJ19_3std9panicking11panic_count18GLOBAL_PANIC_COUNT
0000000000000000 T _RNvNtNtCs3uSjD9aaJ19_3std9panicking11panic_count19finished_panic_hook
0000000000000000 T _RNvNtNtCs3uSjD9aaJ19_3std9panicking11panic_count8decrease
0000000000000000 T _RNvNtNtCs3uSjD9aaJ19_3std9panicking11panic_count8increase
0000000000000000 T _RNvNtNtCs3uSjD9aaJ19_3std9panicking11panic_count9get_count
0000000000000000 T _RNvNtNtNtCs3uSjD9aaJ19_3std12backtrace_rs9symbolize5gimli7resolve
0000000000000000 T _RNvNtNtNtCs3uSjD9aaJ19_3std2os4unix2io16replace_stdio_fd
0000000000000000 T _RNvNtNtNtCs3uSjD9aaJ19_3std2os4unix7process9parent_id
0000000000000000 T _RNvNtNtNtCs3uSjD9aaJ19_3std3sys2fs4unix5chown
0000000000000000 T _RNvNtNtNtCs3uSjD9aaJ19_3std3sys2fs4unix6chroot
0000000000000000 T _RNvNtNtNtCs3uSjD9aaJ19_3std3sys2fs4unix6fchown
0000000000000000 T _RNvNtNtNtCs3uSjD9aaJ19_3std3sys2fs4unix6lchown
0000000000000000 T _RNvNtNtNtCs3uSjD9aaJ19_3std3sys2fs4unix6mkfifo
0000000000000000 T _RNvNtNtNtCs3uSjD9aaJ19_3std3sys3env4unix6setenv
0000000000000000 T _RNvNtNtNtCs3uSjD9aaJ19_3std3sys3env4unix8unsetenv
0000000000000000 T _RNvNtNtNtCs3uSjD9aaJ19_3std3sys4path4unix8absolute
0000000000000000 T _RNvNtNtNtCs3uSjD9aaJ19_3std3sys4pipe4unix4pipe
0000000000000000 T _RNvNtNtNtCs3uSjD9aaJ19_3std3sys5paths4unix5chdir
0000000000000000 T _RNvNtNtNtCs3uSjD9aaJ19_3std3sys6random5linux19hashmap_random_keys
0000000000000000 B _RNvNtNtNtCs3uSjD9aaJ19_3std6thread7current2id2ID
0000000000000000 T _RNvNtNtNtNtCs3uSjD9aaJ19_3std2os4unix3net4addr11sockaddr_un
0000000000000000 T _RNvNtNtNtNtCs3uSjD9aaJ19_3std2os4unix3net9ancillary31send_vectored_with_ancillary_to
0000000000000000 T _RNvNtNtNtNtCs3uSjD9aaJ19_3std3sys12thread_local11destructors10linux_like8register
0000000000000000 T _RNvNtNtNtNtCs3uSjD9aaJ19_3std3sys2io11kernel_copy5linux15sendfile_splice
0000000000000000 T _RNvNtNtNtNtCs3uSjD9aaJ19_3std3sys2io11kernel_copy5linux18copy_regular_files
0000000000000000 T _RNvNtNtNtNtCs3uSjD9aaJ19_3std3sys3pal4unix5futex10futex_wake
0000000000000000 T _RNvNtNtNtNtCs3uSjD9aaJ19_3std3sys3pal4unix5futex14futex_wake_all
0000000000000000 T _RNvNvMs3_NtNtNtNtCs3uSjD9aaJ19_3std3sys3net10connection6socketNtB7_9TcpStream7connect5inner
0000000000000000 T _RNvNvMs7_NtNtNtCs3uSjD9aaJ19_3std3sys6os_str5bytesNtB7_5Slice25try_check_public_boundary9slow_path
0000000000000000 T _RNvNvMs7_NtNtNtNtCs3uSjD9aaJ19_3std3sys3net10connection6socketNtB7_11TcpListener4bind5inner
0000000000000000 T _RNvNvMsa_NtNtNtNtCs3uSjD9aaJ19_3std3sys3net10connection6socketNtB7_9UdpSocket4bind5inner
0000000000000000 T _RNvNvMsa_NtNtNtNtCs3uSjD9aaJ19_3std3sys3net10connection6socketNtB7_9UdpSocket7connect5inner
0000000000000000 T _RNvNvNtCs3uSjD9aaJ19_3std2fs14read_to_string5inner
0000000000000000 T _RNvNvNtCs3uSjD9aaJ19_3std2fs4read5inner
0000000000000000 T _RNvNvNtCs3uSjD9aaJ19_3std2fs5write5inner
0000000000000000 T _RNvNvNtCs3uSjD9aaJ19_3std9panicking12catch_unwind7cleanup
0000000000000000 B _RNvNvNtNtCs3uSjD9aaJ19_3std2io5stdio6stderr8INSTANCE
0000000000000000 T _RNvNvNtNtNtCs3uSjD9aaJ19_3std3sys5paths4unix11split_paths12into_pathbuf
0000000000000000 T _RNvXNtCs3uSjD9aaJ19_3std2ioNtB2_5GuardNtNtNtCsdAiEuf0GwQL_4core3ops4drop4Drop4drop
0000000000000000 T _RNvXNtCs3uSjD9aaJ19_3std3envNtB2_4VarsNtNtNtNtCsdAiEuf0GwQL_4core4iter6traits8iterator8Iterator4next
0000000000000000 T _RNvXNtCs3uSjD9aaJ19_3std3envNtB2_4VarsNtNtNtNtCsdAiEuf0GwQL_4core4iter6traits8iterator8Iterator9size_hint
0000000000000000 T _RNvXNtCs3uSjD9aaJ19_3std6randomNtB2_19DefaultRandomSourceNtNtCsdAiEuf0GwQL_4core6random12RandomSource10fill_bytes
0000000000000000 T _RNvXNtCs3uSjD9aaJ19_3std9backtraceNtB2_9BacktraceNtNtCsdAiEuf0GwQL_4core3fmt5Debug3fmt
0000000000000000 T _RNvXNtNtCs3uSjD9aaJ19_3std2io5errorNtB2_5ErrorNtNtCsdAiEuf0GwQL_4core3fmt5Debug3fmt
0000000000000000 T _RNvXNtNtCs3uSjD9aaJ19_3std2io5stdioNtB2_8StdinRawNtB4_4Read10read_exact
0000000000000000 T _RNvXNtNtCs3uSjD9aaJ19_3std2io5stdioNtB2_8StdinRawNtB4_4Read11read_to_end
0000000000000000 T _RNvXNtNtCs3uSjD9aaJ19_3std2io5stdioNtB2_8StdinRawNtB4_4Read13read_vectored
0000000000000000 T _RNvXNtNtCs3uSjD9aaJ19_3std2io5stdioNtB2_8StdinRawNtB4_4Read14read_buf_exact
0000000000000000 T _RNvXNtNtCs3uSjD9aaJ19_3std2io5stdioNtB2_8StdinRawNtB4_4Read14read_to_string
0000000000000000 T _RNvXNtNtCs3uSjD9aaJ19_3std2io5stdioNtB2_8StdinRawNtB4_4Read4read
0000000000000000 T _RNvXNtNtCs3uSjD9aaJ19_3std2io5stdioNtB2_8StdinRawNtB4_4Read8read_buf
0000000000000000 T _RNvXNtNtCs3uSjD9aaJ19_3std4sync9nonpoisonNtB2_10WouldBlockNtNtCsdAiEuf0GwQL_4core3fmt5Debug3fmt
0000000000000000 T _RNvXNtNtCs3uSjD9aaJ19_3std6thread9functionsNtB2_10PanicGuardNtNtNtCsdAiEuf0GwQL_4core3ops4drop4Drop4drop
0000000000000000 T _RNvXNtNtCs3uSjD9aaJ19_3std6thread9spawnhookNtB2_10SpawnHooksNtNtNtCsdAiEuf0GwQL_4core3ops4drop4Drop4drop
0000000000000000 T _RNvXNtNtNtCs3uSjD9aaJ19_3std2os4unix2fsNtNtB8_2fs4FileNtB2_7FileExt11read_buf_at
0000000000000000 T _RNvXNtNtNtCs3uSjD9aaJ19_3std2os4unix2fsNtNtB8_2fs4FileNtB2_7FileExt16read_vectored_at
0000000000000000 T _RNvXNtNtNtCs3uSjD9aaJ19_3std2os4unix2fsNtNtB8_2fs4FileNtB2_7FileExt17write_vectored_at
0000000000000000 T _RNvXNtNtNtCs3uSjD9aaJ19_3std2os4unix2fsNtNtB8_2fs4FileNtB2_7FileExt7read_at
0000000000000000 T _RNvXNtNtNtCs3uSjD9aaJ19_3std2os4unix2fsNtNtB8_2fs4FileNtB2_7FileExt8write_at
0000000000000000 T _RNvXNtNtNtCs3uSjD9aaJ19_3std2os4unix2ioNtNtNtB8_2io5stdio6StdoutNtB2_8StdioExt7take_fd
0000000000000000 T _RNvXNtNtNtCs3uSjD9aaJ19_3std2os4unix7processNtNtB8_7process7CommandNtB2_10CommandExt4exec
0000000000000000 T _RNvXNtNtNtCs3uSjD9aaJ19_3std2os4unix7processNtNtB8_7process7CommandNtB2_10CommandExt6groups
0000000000000000 T _RNvXNtNtNtCs3uSjD9aaJ19_3std3sys5paths4unixNtB2_14JoinPathsErrorNtNtCsdAiEuf0GwQL_4core3fmt7Display3fmt
0000000000000000 T _RNvXNtNtNtCs3uSjD9aaJ19_3std3sys7process3envNtB2_10CommandEnvNtNtCsdAiEuf0GwQL_4core3fmt5Debug3fmt
0000000000000000 T _RNvXNtNtNtCs3uSjD9aaJ19_3std6thread6thread18thread_name_stringNtB2_16ThreadNameStringINtNtCsdAiEuf0GwQL_4core7convert4FromNtNtCs4rJUcQVFpWT_5alloc6string6StringE4from
0000000000000000 T _RNvXNtNtNtNtCs3uSjD9aaJ19_3std2os3net9linux_ext6socketNtNtNtNtB8_4unix3net8datagram12UnixDatagramNtB2_13UnixSocketExt12set_passcred
0000000000000000 T _RNvXNtNtNtNtCs3uSjD9aaJ19_3std2os3net9linux_ext6socketNtNtNtNtB8_4unix3net8datagram12UnixDatagramNtB2_13UnixSocketExt8passcred
0000000000000000 T _RNvXNtNtNtNtCs3uSjD9aaJ19_3std2os4unix3net8listenerNtB2_12UnixListenerNtNtCsdAiEuf0GwQL_4core3fmt5Debug3fmt
0000000000000000 T _RNvXNtNtNtNtCs3uSjD9aaJ19_3std3sys2fs4unix3cfmNtB2_18CachedFileMetadataNtNtBa_2io4Read11read_to_end
0000000000000000 T _RNvXNtNtNtNtCs3uSjD9aaJ19_3std3sys2fs4unix3cfmNtB2_18CachedFileMetadataNtNtBa_2io4Read13read_vectored
0000000000000000 T _RNvXNtNtNtNtCs3uSjD9aaJ19_3std3sys2fs4unix3cfmNtB2_18CachedFileMetadataNtNtBa_2io4Read14read_to_string
0000000000000000 T _RNvXNtNtNtNtCs3uSjD9aaJ19_3std3sys2fs4unix3cfmNtB2_18CachedFileMetadataNtNtBa_2io4Read4read
0000000000000000 T _RNvXNtNtNtNtCs3uSjD9aaJ19_3std3sys2fs4unix3cfmNtB2_18CachedFileMetadataNtNtBa_2io4Read8read_buf
0000000000000000 T _RNvXNtNtNtNtNtCs3uSjD9aaJ19_3std3sys3pal4unix14stack_overflow11thread_infoNtB2_12UnlockOnDropNtNtNtCsdAiEuf0GwQL_4core3ops4drop4Drop4drop
0000000000000000 T _RNvXNtNtNtNtNtCs3uSjD9aaJ19_3std3sys7process4unix4unix15linux_child_extNtNtBc_7process5ChildNtNtNtNtBc_2os5linux7process8ChildExt10into_pidfd
0000000000000000 T _RNvXNtNtNtNtNtCs3uSjD9aaJ19_3std3sys7process4unix4unix15linux_child_extNtNtBc_7process5ChildNtNtNtNtBc_2os5linux7process8ChildExt5pidfd
0000000000000000 T _RNvXNvMNtNtCs3uSjD9aaJ19_3std3sys9backtraceNtB5_13BacktraceLock5printNtB2_16DisplayBacktraceNtNtCsdAiEuf0GwQL_4core3fmt7Display3fmt
0000000000000000 T _RNvXNvMNtNtNtNtCs3uSjD9aaJ19_3std3sys7process4unix4unixNtNtB7_6common7Command11posix_spawnNtB2_21PosixSpawnFileActionsNtNtNtCsdAiEuf0GwQL_4core3ops4drop4Drop4drop
0000000000000000 T _RNvXNvNtCs3uSjD9aaJ19_3std9panicking13resume_unwindNtB2_9RewrapBoxNtNtCsdAiEuf0GwQL_4core5panic12PanicPayload8take_box
0000000000000000 T _RNvXNvXs7_NtCs3uSjD9aaJ19_3std4pathNtB8_10ComponentsNtNtCsdAiEuf0GwQL_4core3fmt5Debug3fmtNtB2_11DebugHelperBO_3fmt
0000000000000000 T _RNvXNvXsb_NtCs3uSjD9aaJ19_3std4pathNtB8_4IterNtNtCsdAiEuf0GwQL_4core3fmt5Debug3fmtNtB2_11DebugHelperBH_3fmt
0000000000000000 T _RNvXs0_NtCs3uSjD9aaJ19_3std2fsNtB5_12TryLockErrorNtNtCsdAiEuf0GwQL_4core3fmt7Display3fmt
0000000000000000 T _RNvXs0_NtCs3uSjD9aaJ19_3std3envNtB5_6VarsOsNtNtNtNtCsdAiEuf0GwQL_4core4iter6traits8iterator8Iterator4next
0000000000000000 T _RNvXs0_NtCs3uSjD9aaJ19_3std3envNtB5_6VarsOsNtNtNtNtCsdAiEuf0GwQL_4core4iter6traits8iterator8Iterator9size_hint
0000000000000000 T _RNvXs0_NtCs3uSjD9aaJ19_3std4timeNtB5_7InstantINtNtNtCsdAiEuf0GwQL_4core3ops5arith9AddAssignNtNtBO_4time8DurationE10add_assign
0000000000000000 T _RNvXs0_NtCs3uSjD9aaJ19_3std9backtraceNtB5_15BacktraceSymbolNtNtCsdAiEuf0GwQL_4core3fmt5Debug3fmt
0000000000000000 T _RNvXs0_NtNtCs3uSjD9aaJ19_3std12backtrace_rs9symbolizeNtB5_6SymbolNtNtCsdAiEuf0GwQL_4core3fmt5Debug3fmt
0000000000000000 T _RNvXs0_NtNtCs3uSjD9aaJ19_3std2io5errorNtB5_5ErrorINtNtCsdAiEuf0GwQL_4core7convert4FromNtNtNtCs4rJUcQVFpWT_5alloc3ffi5c_str8NulErrorE4from
0000000000000000 T _RNvXs0_NtNtCs3uSjD9aaJ19_3std2io5stdioNtB5_9StderrRawNtB7_5Write14write_vectored
0000000000000000 T _RNvXs0_NtNtCs3uSjD9aaJ19_3std2io5stdioNtB5_9StderrRawNtB7_5Write18write_all_vectored
0000000000000000 T _RNvXs0_NtNtCs3uSjD9aaJ19_3std2io5stdioNtB5_9StderrRawNtB7_5Write5flush
0000000000000000 T _RNvXs0_NtNtCs3uSjD9aaJ19_3std2io5stdioNtB5_9StderrRawNtB7_5Write5write
0000000000000000 T _RNvXs0_NtNtCs3uSjD9aaJ19_3std2io5stdioNtB5_9StderrRawNtB7_5Write9write_all
0000000000000000 T _RNvXs0_NtNtCs3uSjD9aaJ19_3std2io5stdioNtB5_9StderrRawNtB7_5Write9write_fmt
0000000000000000 T _RNvXs0_NtNtCs3uSjD9aaJ19_3std3net3tcpNtB5_9TcpStreamNtNtB9_2io5Write14write_vectored
0000000000000000 T _RNvXs0_NtNtCs3uSjD9aaJ19_3std3net3tcpNtB5_9TcpStreamNtNtB9_2io5Write5write
0000000000000000 T _RNvXs0_NtNtCs3uSjD9aaJ19_3std6thread5localNtB5_11AccessErrorNtNtCsdAiEuf0GwQL_4core3fmt7Display3fmt
0000000000000000 T _RNvXs0_NtNtCs3uSjD9aaJ19_3std6thread6threadNtB5_6ThreadNtNtCsdAiEuf0GwQL_4core3fmt5Debug3fmt
0000000000000000 T _RNvXs0_NtNtNtCs3uSjD9aaJ19_3std2os4unix2ioNtNtNtBb_2io5stdio5StdinNtB5_8StdioExt7take_fd
0000000000000000 T _RNvXs0_NtNtNtCs3uSjD9aaJ19_3std2os4unix7processNtNtBb_7process15ExitStatusErrorNtB5_13ExitStatusExt8from_raw
0000000000000000 T _RNvXs0_NtNtNtCs3uSjD9aaJ19_3std3sys7process3envNtB5_11CommandEnvsNtNtNtNtCsdAiEuf0GwQL_4core4iter6traits8iterator8Iterator4next
0000000000000000 T _RNvXs0_NtNtNtNtCs3uSjD9aaJ19_3std12backtrace_rs9symbolize5gimli4mmapNtB5_4MmapNtNtNtCsdAiEuf0GwQL_4core3ops4drop4Drop4drop
0000000000000000 T _RNvXs0_NtNtNtNtCs3uSjD9aaJ19_3std2os4unix3net4addrNtB5_10SocketAddrNtNtNtNtBb_3net9linux_ext4addr13SocketAddrExt16as_abstract_name
0000000000000000 T _RNvXs0_NtNtNtNtCs3uSjD9aaJ19_3std3sys7process4unix4unixNtB5_10ExitStatusNtNtCsdAiEuf0GwQL_4core3fmt5Debug3fmt
0000000000000000 T _RNvXs0_NtNtNtNtNtCs3uSjD9aaJ19_3std3sys7process4unix6common13cstring_arrayNtB5_12CStringArrayNtNtCsdAiEuf0GwQL_4core3fmt5Debug3fmt
0000000000000000 T _RNvXs0_NvNtCs3uSjD9aaJ19_3std9panicking13panic_handlerNtB5_19FormatStringPayloadNtNtCsdAiEuf0GwQL_4core3fmt7Display3fmt
0000000000000000 T _RNvXs19_NtCs3uSjD9aaJ19_3std4pathNtB6_4PathNtNtCsdAiEuf0GwQL_4core3fmt5Debug3fmt
0000000000000000 T _RNvXs1_NtCs3uSjD9aaJ19_3std2ioNtB5_10IoSliceMutNtNtCsdAiEuf0GwQL_4core3fmt5Debug3fmt
0000000000000000 T _RNvXs1_NtCs3uSjD9aaJ19_3std3envNtB5_6VarsOsNtNtCsdAiEuf0GwQL_4core3fmt5Debug3fmt
0000000000000000 T _RNvXs1_NtCs3uSjD9aaJ19_3std4timeNtB5_7InstantINtNtNtCsdAiEuf0GwQL_4core3ops5arith3SubNtNtBO_4time8DurationE3sub
0000000000000000 T _RNvXs1_NtCs3uSjD9aaJ19_3std7processNtB5_5ChildINtNtB7_3sys9IntoInnerNtNtNtNtBL_7process4unix4unix7ProcessE10into_inner
0000000000000000 T _RNvXs1_NtCs3uSjD9aaJ19_3std9backtraceNtB5_11BytesOrWideNtNtCsdAiEuf0GwQL_4core3fmt5Debug3fmt
0000000000000000 T _RNvXs1_NtNtCs3uSjD9aaJ19_3std3net3tcpRNtB5_9TcpStreamNtNtB9_2io4Read13read_vectored
0000000000000000 T _RNvXs1_NtNtCs3uSjD9aaJ19_3std3net3tcpRNtB5_9TcpStreamNtNtB9_2io4Read4read
0000000000000000 T _RNvXs1_NtNtCs3uSjD9aaJ19_3std3net3tcpRNtB5_9TcpStreamNtNtB9_2io4Read8read_buf
0000000000000000 T _RNvXs1_NtNtCs3uSjD9aaJ19_3std4sync4onceNtB5_4OnceNtNtCsdAiEuf0GwQL_4core3fmt5Debug3fmt
0000000000000000 T _RNvXs1_NtNtCs3uSjD9aaJ19_3std4sync7barrierNtB5_17BarrierWaitResultNtNtCsdAiEuf0GwQL_4core3fmt5Debug3fmt
0000000000000000 T _RNvXs1_NtNtNtCs3uSjD9aaJ19_3std12backtrace_rs9backtrace9libunwindNtB5_5FrameNtNtCsdAiEuf0GwQL_4core5clone5Clone5clone
0000000000000000 T _RNvXs1_NtNtNtCs3uSjD9aaJ19_3std2os4unix2ioNtNtNtBb_2io5stdio9StdinLockNtB5_8StdioExt7take_fd
0000000000000000 T _RNvXs1_NtNtNtCs3uSjD9aaJ19_3std2os4unix7processNtNtBb_7process5ChildNtB5_8ChildExt11send_signal
0000000000000000 T _RNvXs1_NtNtNtCs3uSjD9aaJ19_3std2os4unix7processNtNtBb_7process5ChildNtB5_8ChildExt18kill_process_group
0000000000000000 T _RNvXs1_NtNtNtCs3uSjD9aaJ19_3std2os4unix7processNtNtBb_7process5ChildNtB5_8ChildExt25send_process_group_signal
0000000000000000 T _RNvXs1_NtNtNtCs3uSjD9aaJ19_3std3sys4args6commonNtB5_4ArgsNtNtCsdAiEuf0GwQL_4core3fmt5Debug3fmt
0000000000000000 T _RNvXs1_NtNtNtCs3uSjD9aaJ19_3std3sys5stdio4unixNtB5_6StdoutNtNtBb_2io5Write14write_vectored
0000000000000000 T _RNvXs1_NtNtNtCs3uSjD9aaJ19_3std3sys5stdio4unixNtB5_6StdoutNtNtBb_2io5Write5write
0000000000000000 T _RNvXs1_NtNtNtCs3uSjD9aaJ19_3std3sys6os_str5bytesNtB5_3BufNtNtCsdAiEuf0GwQL_4core3fmt5Debug3fmt
0000000000000000 T _RNvXs1_NtNtNtCs3uSjD9aaJ19_3std3sys6thread4unixNtB5_6ThreadNtNtNtCsdAiEuf0GwQL_4core3ops4drop4Drop4drop
0000000000000000 T _RNvXs1_NtNtNtNtCs3uSjD9aaJ19_3std2os4unix3net4addrNtB5_10SocketAddrNtNtCsdAiEuf0GwQL_4core3fmt5Debug3fmt
0000000000000000 T _RNvXs1_NtNtNtNtCs3uSjD9aaJ19_3std2os4unix3net6streamNtB5_10UnixStreamNtNtBd_2io4Read13read_vectored
0000000000000000 T _RNvXs1_NtNtNtNtCs3uSjD9aaJ19_3std2os4unix3net6streamNtB5_10UnixStreamNtNtBd_2io4Read4read
0000000000000000 T _RNvXs1_NtNtNtNtCs3uSjD9aaJ19_3std2os4unix3net6streamNtB5_10UnixStreamNtNtBd_2io4Read8read_buf
0000000000000000 T _RNvXs1_NtNtNtNtCs3uSjD9aaJ19_3std2os4unix3net9ancillaryNtB5_9ScmRightsNtNtNtNtCsdAiEuf0GwQL_4core4iter6traits8iterator8Iterator4next
0000000000000000 T _RNvXs1_NvNtCs3uSjD9aaJ19_3std9panicking13panic_handlerNtB5_16StaticStrPayloadNtNtCsdAiEuf0GwQL_4core5panic12PanicPayload8take_box
0000000000000000 T _RNvXs1a_NtCs3uSjD9aaJ19_3std4pathNtB6_7DisplayNtNtCsdAiEuf0GwQL_4core3fmt5Debug3fmt
0000000000000000 T _RNvXs1b_NtCs3uSjD9aaJ19_3std4pathNtB6_7DisplayNtNtCsdAiEuf0GwQL_4core3fmt7Display3fmt
0000000000000000 T _RNvXs1u_NtCs3uSjD9aaJ19_3std4pathNtB6_16StripPrefixErrorNtNtCsdAiEuf0GwQL_4core3fmt7Display3fmt
0000000000000000 T _RNvXs1w_NtCs3uSjD9aaJ19_3std4pathNtB6_14NormalizeErrorNtNtCsdAiEuf0GwQL_4core3fmt7Display3fmt
0000000000000000 T _RNvXs2_NtCs3uSjD9aaJ19_3std3envNtB5_8VarErrorNtNtCsdAiEuf0GwQL_4core3fmt7Display3fmt
0000000000000000 T _RNvXs2_NtCs3uSjD9aaJ19_3std4timeNtB5_7InstantINtNtNtCsdAiEuf0GwQL_4core3ops5arith9SubAssignNtNtBO_4time8DurationE10sub_assign
0000000000000000 T _RNvXs2_NtCs3uSjD9aaJ19_3std7processNtB5_5ChildNtNtCsdAiEuf0GwQL_4core3fmt5Debug3fmt
0000000000000000 T _RNvXs2_NtNtCs3uSjD9aaJ19_3std12backtrace_rs9symbolizeNtB5_10SymbolNameNtNtCsdAiEuf0GwQL_4core3fmt7Display3fmt
0000000000000000 T _RNvXs2_NtNtCs3uSjD9aaJ19_3std2io5stdioNtB5_5StdinNtNtCsdAiEuf0GwQL_4core3fmt5Debug3fmt
0000000000000000 T _RNvXs2_NtNtCs3uSjD9aaJ19_3std3net3tcpRNtB5_9TcpStreamNtNtB9_2io5Write14write_vectored
0000000000000000 T _RNvXs2_NtNtCs3uSjD9aaJ19_3std3net3tcpRNtB5_9TcpStreamNtNtB9_2io5Write5write
0000000000000000 T _RNvXs2_NtNtCs3uSjD9aaJ19_3std3net3udpNtB5_9UdpSocketNtNtCsdAiEuf0GwQL_4core3fmt5Debug3fmt
0000000000000000 T _RNvXs2_NtNtCs3uSjD9aaJ19_3std6thread6scopedNtB5_5ScopeNtNtCsdAiEuf0GwQL_4core3fmt5Debug3fmt
0000000000000000 T _RNvXs2_NtNtNtCs3uSjD9aaJ19_3std12backtrace_rs9backtrace9libunwindNtB5_4BombNtNtNtCsdAiEuf0GwQL_4core3ops4drop4Drop4drop
0000000000000000 T _RNvXs2_NtNtNtCs3uSjD9aaJ19_3std2io8buffered9bufwriterNtB5_14WriterPanickedNtNtCsdAiEuf0GwQL_4core3fmt7Display3fmt
0000000000000000 T _RNvXs2_NtNtNtCs3uSjD9aaJ19_3std2os4unix2ioNtNtNtBb_2io5stdio6StderrNtB5_8StdioExt7take_fd
0000000000000000 T _RNvXs2_NtNtNtCs3uSjD9aaJ19_3std3sys3env6commonNtB5_3EnvNtNtNtNtCsdAiEuf0GwQL_4core4iter6traits8iterator8Iterator4next
0000000000000000 T _RNvXs2_NtNtNtCs3uSjD9aaJ19_3std3sys3env6commonNtB5_3EnvNtNtNtNtCsdAiEuf0GwQL_4core4iter6traits8iterator8Iterator9size_hint
0000000000000000 T _RNvXs2_NtNtNtCs3uSjD9aaJ19_3std3sys4time4unixNtB5_7InstantNtNtCsdAiEuf0GwQL_4core3fmt5Debug3fmt
0000000000000000 T _RNvXs2_NtNtNtCs3uSjD9aaJ19_3std3sys6os_str5bytesNtB5_3BufNtNtCsdAiEuf0GwQL_4core3fmt7Display3fmt
0000000000000000 T _RNvXs2_NtNtNtNtCs3uSjD9aaJ19_3std2os4unix3net6streamRNtB5_10UnixStreamNtNtBd_2io4Read13read_vectored
0000000000000000 T _RNvXs2_NtNtNtNtCs3uSjD9aaJ19_3std2os4unix3net6streamRNtB5_10UnixStreamNtNtBd_2io4Read4read
0000000000000000 T _RNvXs2_NtNtNtNtCs3uSjD9aaJ19_3std2os4unix3net6streamRNtB5_10UnixStreamNtNtBd_2io4Read8read_buf
0000000000000000 T _RNvXs2_NtNtNtNtCs3uSjD9aaJ19_3std2os4unix3net9ancillaryNtB5_14ScmCredentialsNtNtNtNtCsdAiEuf0GwQL_4core4iter6traits8iterator8Iterator4next
0000000000000000 T _RNvXs2_NtNtNtNtCs3uSjD9aaJ19_3std3sys2fs4unix3dirNtNtBd_2fs3DirNtNtNtNtBd_2os2fd3raw9FromRawFd11from_raw_fd
0000000000000000 T _RNvXs2_NtNtNtNtCs3uSjD9aaJ19_3std3sys3net10connection6socketNtB5_10LookupHostNtNtNtCsdAiEuf0GwQL_4core3ops4drop4Drop4drop
0000000000000000 T _RNvXs2_NtNtNtNtNtCs3uSjD9aaJ19_3std3sys3net10connection6socket4unixNtB5_6SocketNtNtNtNtBf_2os2fd5owned4AsFd5as_fd
0000000000000000 T _RNvXs2_NtNtNtNtNtCs3uSjD9aaJ19_3std3sys3pal4unix5linux5pidfdNtB5_5PidFdNtNtNtNtBf_2os2fd3raw9FromRawFd11from_raw_fd
0000000000000000 T _RNvXs2_NvNtCs3uSjD9aaJ19_3std9panicking13panic_handlerNtB5_16StaticStrPayloadNtNtCsdAiEuf0GwQL_4core3fmt7Display3fmt
0000000000000000 T _RNvXs3_NtCs3uSjD9aaJ19_3std4timeNtB5_7InstantNtNtNtCsdAiEuf0GwQL_4core3ops5arith3Sub3sub
0000000000000000 T _RNvXs3_NtCs3uSjD9aaJ19_3std7processNtB5_10ChildStdinNtNtB7_2io5Write14write_vectored
0000000000000000 T _RNvXs3_NtCs3uSjD9aaJ19_3std7processNtB5_10ChildStdinNtNtB7_2io5Write5write
0000000000000000 T _RNvXs3_NtNtCs3uSjD9aaJ19_3std12backtrace_rs9symbolizeNtB5_10SymbolNameNtNtCsdAiEuf0GwQL_4core3fmt5Debug3fmt
0000000000000000 T _RNvXs3_NtNtCs3uSjD9aaJ19_3std2io5stdioNtB5_5StdinNtB7_4Read10read_exact
0000000000000000 T _RNvXs3_NtNtCs3uSjD9aaJ19_3std2io5stdioNtB5_5StdinNtB7_4Read11read_to_end
0000000000000000 T _RNvXs3_NtNtCs3uSjD9aaJ19_3std2io5stdioNtB5_5StdinNtB7_4Read13read_vectored
0000000000000000 T _RNvXs3_NtNtCs3uSjD9aaJ19_3std2io5stdioNtB5_5StdinNtB7_4Read14read_buf_exact
0000000000000000 T _RNvXs3_NtNtCs3uSjD9aaJ19_3std2io5stdioNtB5_5StdinNtB7_4Read14read_to_string
0000000000000000 T _RNvXs3_NtNtCs3uSjD9aaJ19_3std2io5stdioNtB5_5StdinNtB7_4Read4read
0000000000000000 T _RNvXs3_NtNtCs3uSjD9aaJ19_3std2io5stdioNtB5_5StdinNtB7_4Read8read_buf
0000000000000000 T _RNvXs3_NtNtCs3uSjD9aaJ19_3std4sync4onceNtB5_9OnceStateNtNtCsdAiEuf0GwQL_4core3fmt5Debug3fmt
0000000000000000 T _RNvXs3_NtNtNtCs3uSjD9aaJ19_3std2io8buffered9bufwriterNtB5_14WriterPanickedNtNtCsdAiEuf0GwQL_4core3fmt5Debug3fmt
0000000000000000 T _RNvXs3_NtNtNtCs3uSjD9aaJ19_3std2os4unix2ioNtNtNtBb_2io5stdio10StderrLockNtB5_8StdioExt7take_fd
0000000000000000 T _RNvXs3_NtNtNtCs3uSjD9aaJ19_3std2os5linux7processNtB5_5PidFdNtNtNtB9_2fd3raw9FromRawFd11from_raw_fd
0000000000000000 T _RNvXs3_NtNtNtCs3uSjD9aaJ19_3std3sys2fd4unixNtB5_8FileDescNtNtNtNtBb_2os2fd5owned4AsFd5as_fd
0000000000000000 T _RNvXs3_NtNtNtCs3uSjD9aaJ19_3std3sys5stdio4unixNtB5_6StderrNtNtBb_2io5Write14write_vectored
0000000000000000 T _RNvXs3_NtNtNtCs3uSjD9aaJ19_3std3sys5stdio4unixNtB5_6StderrNtNtBb_2io5Write5write
0000000000000000 T _RNvXs3_NtNtNtCs3uSjD9aaJ19_3std3sys6os_str5bytesNtB5_5SliceNtNtCsdAiEuf0GwQL_4core3fmt5Debug3fmt
0000000000000000 T _RNvXs3_NtNtNtCs3uSjD9aaJ19_3std3sys7process3envNtB5_19CommandResolvedEnvsNtNtNtNtCsdAiEuf0GwQL_4core4iter6traits8iterator8Iterator4next
0000000000000000 T _RNvXs3_NtNtNtNtCs3uSjD9aaJ19_3std2os4unix3net6streamNtB5_10UnixStreamNtNtBd_2io5Write14write_vectored
0000000000000000 T _RNvXs3_NtNtNtNtCs3uSjD9aaJ19_3std2os4unix3net6streamNtB5_10UnixStreamNtNtBd_2io5Write5write
0000000000000000 T _RNvXs3_NtNtNtNtCs3uSjD9aaJ19_3std3sys2fs4unix3dirNtNtBd_2fs3DirNtNtNtNtBd_2os2fd5owned4AsFd5as_fd
0000000000000000 T _RNvXs3_NtNtNtNtCs3uSjD9aaJ19_3std3sys2io11kernel_copy5linuxNtNtBd_2fs4FileNtB5_8CopyRead10properties
0000000000000000 T _RNvXs3_NtNtNtNtCs3uSjD9aaJ19_3std3sys7process4unix4unixNtB5_10ExitStatusNtNtCsdAiEuf0GwQL_4core3fmt7Display3fmt
0000000000000000 T _RNvXs3_NtNtNtNtNtCs3uSjD9aaJ19_3std3sys7process4unix6common13cstring_arrayNtB5_12CStringArrayNtNtNtCsdAiEuf0GwQL_4core3ops4drop4Drop4drop
0000000000000000 T _RNvXs4_NtCs3uSjD9aaJ19_3std3envNtB5_10SplitPathsNtNtNtNtCsdAiEuf0GwQL_4core4iter6traits8iterator8Iterator4next
0000000000000000 T _RNvXs4_NtCs3uSjD9aaJ19_3std4timeNtB5_7InstantNtNtCsdAiEuf0GwQL_4core3fmt5Debug3fmt
0000000000000000 T _RNvXs4_NtCs3uSjD9aaJ19_3std7processRNtB5_10ChildStdinNtNtB7_2io5Write14write_vectored
0000000000000000 T _RNvXs4_NtCs3uSjD9aaJ19_3std7processRNtB5_10ChildStdinNtNtB7_2io5Write5write
0000000000000000 T _RNvXs4_NtCs3uSjD9aaJ19_3std9backtraceNtB5_9BacktraceNtNtCsdAiEuf0GwQL_4core3fmt7Display3fmt
0000000000000000 T _RNvXs4_NtNtCs3uSjD9aaJ19_3std2io4copyINtNtCs4rJUcQVFpWT_5alloc3vec3VechENtB5_18BufferedWriterSpec11buffer_size
0000000000000000 T _RNvXs4_NtNtCs3uSjD9aaJ19_3std2io4pipeRNtB5_10PipeReaderNtB7_4Read11read_to_end
0000000000000000 T _RNvXs4_NtNtCs3uSjD9aaJ19_3std2io4pipeRNtB5_10PipeReaderNtB7_4Read13read_vectored
0000000000000000 T _RNvXs4_NtNtCs3uSjD9aaJ19_3std2io4pipeRNtB5_10PipeReaderNtB7_4Read4read
0000000000000000 T _RNvXs4_NtNtCs3uSjD9aaJ19_3std2io4pipeRNtB5_10PipeReaderNtB7_4Read8read_buf
0000000000000000 T _RNvXs4_NtNtCs3uSjD9aaJ19_3std2io5errorNtNtB5_14repr_bitpacked4ReprNtNtCsdAiEuf0GwQL_4core3fmt5Debug3fmt
0000000000000000 T _RNvXs4_NtNtCs3uSjD9aaJ19_3std2io5stdioRNtB5_5StdinNtB7_4Read10read_exact
0000000000000000 T _RNvXs4_NtNtCs3uSjD9aaJ19_3std2io5stdioRNtB5_5StdinNtB7_4Read11read_to_end
0000000000000000 T _RNvXs4_NtNtCs3uSjD9aaJ19_3std2io5stdioRNtB5_5StdinNtB7_4Read13read_vectored
0000000000000000 T _RNvXs4_NtNtCs3uSjD9aaJ19_3std2io5stdioRNtB5_5StdinNtB7_4Read14read_buf_exact
0000000000000000 T _RNvXs4_NtNtCs3uSjD9aaJ19_3std2io5stdioRNtB5_5StdinNtB7_4Read14read_to_string
0000000000000000 T _RNvXs4_NtNtCs3uSjD9aaJ19_3std2io5stdioRNtB5_5StdinNtB7_4Read4read
0000000000000000 T _RNvXs4_NtNtCs3uSjD9aaJ19_3std2io5stdioRNtB5_5StdinNtB7_4Read8read_buf
0000000000000000 T _RNvXs4_NtNtCs3uSjD9aaJ19_3std3net11socket_addrTRetENtB5_13ToSocketAddrs15to_socket_addrs
0000000000000000 T _RNvXs4_NtNtCs3uSjD9aaJ19_3std4hash6randomNtB5_11RandomStateNtNtCsdAiEuf0GwQL_4core3fmt5Debug3fmt
0000000000000000 T _RNvXs4_NtNtNtCs3uSjD9aaJ19_3std3sys6os_str5bytesNtB5_5SliceNtNtCsdAiEuf0GwQL_4core3fmt7Display3fmt
0000000000000000 T _RNvXs4_NtNtNtNtCs3uSjD9aaJ19_3std2os4unix3net6streamRNtB5_10UnixStreamNtNtBd_2io5Write14write_vectored
0000000000000000 T _RNvXs4_NtNtNtNtCs3uSjD9aaJ19_3std2os4unix3net6streamRNtB5_10UnixStreamNtNtBd_2io5Write5write
0000000000000000 T _RNvXs4_NtNtNtNtCs3uSjD9aaJ19_3std2os4unix3net9ancillaryNtB5_8MessagesNtNtNtNtCsdAiEuf0GwQL_4core4iter6traits8iterator8Iterator4next
0000000000000000 T _RNvXs4_NtNtNtNtCs3uSjD9aaJ19_3std3sys2io11kernel_copy5linuxRNtNtBd_2fs4FileNtB5_8CopyRead10properties
0000000000000000 T _RNvXs4_NtNtNtNtNtCs3uSjD9aaJ19_3std3sys7process4unix6common13cstring_arrayNtB5_11CStringIterNtNtNtNtCsdAiEuf0GwQL_4core4iter6traits8iterator8Iterator4next
0000000000000000 T _RNvXs4_NtNtNtNtNtCs3uSjD9aaJ19_3std3sys7process4unix6common13cstring_arrayNtB5_11CStringIterNtNtNtNtCsdAiEuf0GwQL_4core4iter6traits8iterator8Iterator9size_hint
0000000000000000 T _RNvXs5_NtCs3uSjD9aaJ19_3std3envNtB5_10SplitPathsNtNtCsdAiEuf0GwQL_4core3fmt5Debug3fmt
0000000000000000 T _RNvXs5_NtNtCs3uSjD9aaJ19_3std2io4pipeNtB5_10PipeReaderNtB7_4Read11read_to_end
0000000000000000 T _RNvXs5_NtNtCs3uSjD9aaJ19_3std2io4pipeNtB5_10PipeReaderNtB7_4Read13read_vectored
0000000000000000 T _RNvXs5_NtNtCs3uSjD9aaJ19_3std2io4pipeNtB5_10PipeReaderNtB7_4Read4read
0000000000000000 T _RNvXs5_NtNtCs3uSjD9aaJ19_3std2io4pipeNtB5_10PipeReaderNtB7_4Read8read_buf
0000000000000000 T _RNvXs5_NtNtCs3uSjD9aaJ19_3std2io5errorNtB5_5ErrorNtNtCsdAiEuf0GwQL_4core3fmt7Display3fmt
0000000000000000 T _RNvXs5_NtNtCs3uSjD9aaJ19_3std3net11socket_addrTNtNtCs4rJUcQVFpWT_5alloc6string6StringtENtB5_13ToSocketAddrs15to_socket_addrs
0000000000000000 T _RNvXs5_NtNtNtCs3uSjD9aaJ19_3std2os4unix2fsNtNtBb_2fs8DirEntryNtB5_12DirEntryExt213file_name_ref
0000000000000000 T _RNvXs5_NtNtNtCs3uSjD9aaJ19_3std2os5linux7processNtB5_5PidFdNtNtNtB9_2fd5owned4AsFd5as_fd
0000000000000000 T _RNvXs5_NtNtNtNtCs3uSjD9aaJ19_3std3sys2io11kernel_copy5linuxNtNtBd_2fs4FileNtB5_9CopyWrite10properties
0000000000000000 T _RNvXs5_NtNtNtNtCs3uSjD9aaJ19_3std3sys7process4unix4unixNtB5_15ExitStatusErrorNtNtCsdAiEuf0GwQL_4core3fmt5Debug3fmt
0000000000000000 T _RNvXs5_NtNtNtNtNtCs3uSjD9aaJ19_3std3sys3net10connection6socket4unixNtB5_6SocketNtNtNtNtBf_2os2fd3raw9FromRawFd11from_raw_fd
0000000000000000 T _RNvXs5_NtNtNtNtNtCs3uSjD9aaJ19_3std3sys7process4unix6common13cstring_arrayNtB5_11CStringIterNtNtNtNtCsdAiEuf0GwQL_4core4iter6traits10exact_size17ExactSizeIterator3len
0000000000000000 T _RNvXs6_NtCs3uSjD9aaJ19_3std2fsNtB5_4FileNtNtCsdAiEuf0GwQL_4core3fmt5Debug3fmt
0000000000000000 T _RNvXs6_NtCs3uSjD9aaJ19_3std3envNtB5_14JoinPathsErrorNtNtCsdAiEuf0GwQL_4core3fmt7Display3fmt
0000000000000000 T _RNvXs6_NtCs3uSjD9aaJ19_3std4timeNtB5_10SystemTimeINtNtNtCsdAiEuf0GwQL_4core3ops5arith3AddNtNtBS_4time8DurationE3add
0000000000000000 T _RNvXs6_NtNtCs3uSjD9aaJ19_3std2io4pipeRNtB5_10PipeWriterNtB7_5Write14write_vectored
0000000000000000 T _RNvXs6_NtNtCs3uSjD9aaJ19_3std2io4pipeRNtB5_10PipeWriterNtB7_5Write5write
0000000000000000 T _RNvXs6_NtNtCs3uSjD9aaJ19_3std2io5errorNtB5_5ErrorNtNtCsdAiEuf0GwQL_4core5error5Error5cause
0000000000000000 T _RNvXs6_NtNtCs3uSjD9aaJ19_3std2io5errorNtB5_5ErrorNtNtCsdAiEuf0GwQL_4core5error5Error6source
0000000000000000 T _RNvXs6_NtNtCs3uSjD9aaJ19_3std2io5stdioNtB5_9StdinLockNtB7_4Read10read_exact
0000000000000000 T _RNvXs6_NtNtCs3uSjD9aaJ19_3std2io5stdioNtB5_9StdinLockNtB7_4Read11read_to_end
0000000000000000 T _RNvXs6_NtNtCs3uSjD9aaJ19_3std2io5stdioNtB5_9StdinLockNtB7_4Read13read_vectored
0000000000000000 T _RNvXs6_NtNtCs3uSjD9aaJ19_3std2io5stdioNtB5_9StdinLockNtB7_4Read14read_buf_exact
0000000000000000 T _RNvXs6_NtNtCs3uSjD9aaJ19_3std2io5stdioNtB5_9StdinLockNtB7_4Read14read_to_string
0000000000000000 T _RNvXs6_NtNtCs3uSjD9aaJ19_3std2io5stdioNtB5_9StdinLockNtB7_4Read4read
0000000000000000 T _RNvXs6_NtNtCs3uSjD9aaJ19_3std2io5stdioNtB5_9StdinLockNtB7_4Read8read_buf
0000000000000000 T _RNvXs6_NtNtCs3uSjD9aaJ19_3std3net11socket_addreNtB5_13ToSocketAddrs15to_socket_addrs
0000000000000000 T _RNvXs6_NtNtCs3uSjD9aaJ19_3std3net3tcpNtB5_9TcpStreamNtNtCsdAiEuf0GwQL_4core3fmt5Debug3fmt
0000000000000000 T _RNvXs6_NtNtNtCs3uSjD9aaJ19_3std2os2fd5ownedNtB5_10BorrowedFdNtNtCsdAiEuf0GwQL_4core3fmt5Debug3fmt
0000000000000000 T _RNvXs6_NtNtNtCs3uSjD9aaJ19_3std3sys2fd4unixNtB5_8FileDescNtNtNtNtBb_2os2fd3raw9FromRawFd11from_raw_fd
0000000000000000 T _RNvXs6_NtNtNtNtCs3uSjD9aaJ19_3std3sys2io11kernel_copy5linuxRNtNtBd_2fs4FileNtB5_9CopyWrite10properties
0000000000000000 T _RNvXs6_NtNtNtNtCs3uSjD9aaJ19_3std3sys3net10connection6socketNtB5_9TcpStreamNtNtCsdAiEuf0GwQL_4core3fmt5Debug3fmt
0000000000000000 T _RNvXs6_NtNtNtNtCs3uSjD9aaJ19_3std3sys7process4unix6commonNtB5_7CommandNtNtCsdAiEuf0GwQL_4core3fmt5Debug3fmt
0000000000000000 T _RNvXs7_NtCs3uSjD9aaJ19_3std2fsRNtB5_4FileNtNtB7_2io4Read11read_to_end
0000000000000000 T _RNvXs7_NtCs3uSjD9aaJ19_3std2fsRNtB5_4FileNtNtB7_2io4Read14read_to_string
0000000000000000 T _RNvXs7_NtCs3uSjD9aaJ19_3std2ioNtB5_7IoSliceNtNtCsdAiEuf0GwQL_4core3fmt5Debug3fmt
0000000000000000 T _RNvXs7_NtCs3uSjD9aaJ19_3std4pathNtB5_10ComponentsNtNtCsdAiEuf0GwQL_4core3fmt5Debug3fmt
0000000000000000 T _RNvXs7_NtCs3uSjD9aaJ19_3std4timeNtB5_10SystemTimeINtNtNtCsdAiEuf0GwQL_4core3ops5arith9AddAssignNtNtBS_4time8DurationE10add_assign
0000000000000000 T _RNvXs7_NtNtCs3uSjD9aaJ19_3std2io4pipeNtB5_10PipeWriterNtB7_5Write14write_vectored
0000000000000000 T _RNvXs7_NtNtCs3uSjD9aaJ19_3std2io4pipeNtB5_10PipeWriterNtB7_5Write5write
0000000000000000 T _RNvXs7_NtNtNtCs3uSjD9aaJ19_3std2os2fd5ownedNtB5_7OwnedFdNtNtCsdAiEuf0GwQL_4core3fmt5Debug3fmt
0000000000000000 T _RNvXs7_NtNtNtCs3uSjD9aaJ19_3std3sys2fs4unixNtB5_8FileTypeNtNtCsdAiEuf0GwQL_4core3fmt5Debug3fmt
0000000000000000 T _RNvXs7_NtNtNtNtCs3uSjD9aaJ19_3std2os4unix3net8listenerNtB5_8IncomingNtNtNtNtCsdAiEuf0GwQL_4core4iter6traits8iterator8Iterator4next
0000000000000000 T _RNvXs7_NtNtNtNtCs3uSjD9aaJ19_3std3sys7process4unix6commonNtB5_8ExitCodeNtNtCsdAiEuf0GwQL_4core3fmt5Debug3fmt
0000000000000000 T _RNvXs8_NtCs3uSjD9aaJ19_3std2fsRNtB5_4FileNtNtB7_2io5Write14write_vectored
0000000000000000 T _RNvXs8_NtCs3uSjD9aaJ19_3std2fsRNtB5_4FileNtNtB7_2io5Write5write
0000000000000000 T _RNvXs8_NtCs3uSjD9aaJ19_3std4timeNtB5_10SystemTimeINtNtNtCsdAiEuf0GwQL_4core3ops5arith3SubNtNtBS_4time8DurationE3sub
0000000000000000 T _RNvXs8_NtCs3uSjD9aaJ19_3std7processNtB5_10ChildStdinNtNtCsdAiEuf0GwQL_4core3fmt5Debug3fmt
0000000000000000 T _RNvXs8_NtNtCs3uSjD9aaJ19_3std2io5stdioNtB5_9StdinLockNtB7_7BufRead10read_until
0000000000000000 T _RNvXs8_NtNtCs3uSjD9aaJ19_3std2io5stdioNtB5_9StdinLockNtB7_7BufRead7consume
0000000000000000 T _RNvXs8_NtNtCs3uSjD9aaJ19_3std2io5stdioNtB5_9StdinLockNtB7_7BufRead8fill_buf
0000000000000000 T _RNvXs8_NtNtCs3uSjD9aaJ19_3std2io5stdioNtB5_9StdinLockNtB7_7BufRead9read_line
0000000000000000 T _RNvXs8_NtNtCs3uSjD9aaJ19_3std3net3tcpNtB5_8IncomingNtNtNtNtCsdAiEuf0GwQL_4core4iter6traits8iterator8Iterator4next
0000000000000000 T _RNvXs9_NtCs3uSjD9aaJ19_3std2fsRNtB5_4FileNtNtB7_2io4Seek10stream_len
0000000000000000 T _RNvXs9_NtCs3uSjD9aaJ19_3std2fsRNtB5_4FileNtNtB7_2io4Seek15stream_position
0000000000000000 T _RNvXs9_NtCs3uSjD9aaJ19_3std2fsRNtB5_4FileNtNtB7_2io4Seek4seek
0000000000000000 T _RNvXs9_NtCs3uSjD9aaJ19_3std4timeNtB5_10SystemTimeINtNtNtCsdAiEuf0GwQL_4core3ops5arith9SubAssignNtNtBS_4time8DurationE10sub_assign
0000000000000000 T _RNvXs9_NtCs3uSjD9aaJ19_3std7processNtB5_11ChildStdoutNtNtB7_2io4Read11read_to_end
0000000000000000 T _RNvXs9_NtCs3uSjD9aaJ19_3std7processNtB5_11ChildStdoutNtNtB7_2io4Read13read_vectored
0000000000000000 T _RNvXs9_NtCs3uSjD9aaJ19_3std7processNtB5_11ChildStdoutNtNtB7_2io4Read4read
0000000000000000 T _RNvXs9_NtCs3uSjD9aaJ19_3std7processNtB5_11ChildStdoutNtNtB7_2io4Read8read_buf
0000000000000000 T _RNvXs9_NtNtCs3uSjD9aaJ19_3std2io5stdioNtB5_9StdinLockNtNtCsdAiEuf0GwQL_4core3fmt5Debug3fmt
0000000000000000 T _RNvXs9_NtNtCs3uSjD9aaJ19_3std3ffi6os_strNtB5_8OsStringNtNtCsdAiEuf0GwQL_4core3fmt5Debug3fmt
0000000000000000 T _RNvXs9_NtNtCs3uSjD9aaJ19_3std3net11socket_addrNtNtCs4rJUcQVFpWT_5alloc6string6StringNtB5_13ToSocketAddrs15to_socket_addrs
0000000000000000 T _RNvXs9_NtNtNtCs3uSjD9aaJ19_3std3sys2fs4unixNtB5_15FilePermissionsNtNtCsdAiEuf0GwQL_4core3fmt5Debug3fmt
0000000000000000 T _RNvXs9_NtNtNtNtCs3uSjD9aaJ19_3std3sys3net10connection6socketNtB5_11TcpListenerNtNtCsdAiEuf0GwQL_4core3fmt5Debug3fmt
0000000000000000 T _RNvXsA_NtNtNtCs3uSjD9aaJ19_3std2os2fd5ownedNtNtNtBb_2io4pipe10PipeWriterNtB5_4AsFd5as_fd
0000000000000000 T _RNvXsB_NtCs3uSjD9aaJ19_3std2fsNtB5_8DirEntryNtNtCsdAiEuf0GwQL_4core3fmt5Debug3fmt
0000000000000000 T _RNvXsD_NtNtCs3uSjD9aaJ19_3std3ffi6os_strReINtNtCsdAiEuf0GwQL_4core7convert7TryFromRNtB5_5OsStrE8try_from
0000000000000000 T _RNvXsG_NtCs3uSjD9aaJ19_3std4pathNtB5_7PathBufNtNtCsdAiEuf0GwQL_4core3fmt5Debug3fmt
0000000000000000 T _RNvXsL_NtCs3uSjD9aaJ19_3std7processNtB5_10ExitStatusNtNtCsdAiEuf0GwQL_4core3fmt7Display3fmt
0000000000000000 T _RNvXsO_NtNtCs3uSjD9aaJ19_3std3ffi6os_strNtB5_5OsStrNtNtCsdAiEuf0GwQL_4core3fmt5Debug3fmt
0000000000000000 T _RNvXsP_NtCs3uSjD9aaJ19_3std7processNtB5_15ExitStatusErrorNtNtCsdAiEuf0GwQL_4core3fmt7Display3fmt
0000000000000000 T _RNvXsP_NtNtCs3uSjD9aaJ19_3std3ffi6os_strNtB5_7DisplayNtNtCsdAiEuf0GwQL_4core3fmt5Debug3fmt
0000000000000000 T _RNvXsQ_NtNtCs3uSjD9aaJ19_3std3ffi6os_strNtB5_7DisplayNtNtCsdAiEuf0GwQL_4core3fmt7Display3fmt
0000000000000000 T _RNvXs_NtCs3uSjD9aaJ19_3std2fsNtB4_12TryLockErrorNtNtCsdAiEuf0GwQL_4core3fmt5Debug3fmt
0000000000000000 T _RNvXs_NtCs3uSjD9aaJ19_3std3envNtB4_4VarsNtNtCsdAiEuf0GwQL_4core3fmt5Debug3fmt
0000000000000000 T _RNvXs_NtCs3uSjD9aaJ19_3std4timeNtB4_7InstantINtNtNtCsdAiEuf0GwQL_4core3ops5arith3AddNtNtBN_4time8DurationE3add
0000000000000000 T _RNvXs_NtCs3uSjD9aaJ19_3std5panicNtB4_13PanicHookInfoNtNtCsdAiEuf0GwQL_4core3fmt7Display3fmt
0000000000000000 T _RNvXs_NtCs3uSjD9aaJ19_3std9backtraceNtB4_14BacktraceFrameNtNtCsdAiEuf0GwQL_4core3fmt5Debug3fmt
0000000000000000 T _RNvXs_NtNtCs3uSjD9aaJ19_3std12backtrace_rs9backtraceNtB4_5FrameNtNtCsdAiEuf0GwQL_4core3fmt5Debug3fmt
0000000000000000 T _RNvXs_NtNtCs3uSjD9aaJ19_3std2io5stdioNtB4_9StdoutRawNtB6_5Write14write_vectored
0000000000000000 T _RNvXs_NtNtCs3uSjD9aaJ19_3std2io5stdioNtB4_9StdoutRawNtB6_5Write18write_all_vectored
0000000000000000 T _RNvXs_NtNtCs3uSjD9aaJ19_3std2io5stdioNtB4_9StdoutRawNtB6_5Write5flush
0000000000000000 T _RNvXs_NtNtCs3uSjD9aaJ19_3std2io5stdioNtB4_9StdoutRawNtB6_5Write5write
0000000000000000 T _RNvXs_NtNtCs3uSjD9aaJ19_3std2io5stdioNtB4_9StdoutRawNtB6_5Write9write_all
0000000000000000 T _RNvXs_NtNtCs3uSjD9aaJ19_3std2io5stdioNtB4_9StdoutRawNtB6_5Write9write_fmt
0000000000000000 T _RNvXs_NtNtCs3uSjD9aaJ19_3std3net3tcpNtB4_9TcpStreamNtNtB8_2io4Read13read_vectored
0000000000000000 T _RNvXs_NtNtCs3uSjD9aaJ19_3std3net3tcpNtB4_9TcpStreamNtNtB8_2io4Read4read
0000000000000000 T _RNvXs_NtNtCs3uSjD9aaJ19_3std3net3tcpNtB4_9TcpStreamNtNtB8_2io4Read8read_buf
0000000000000000 T _RNvXs_NtNtCs3uSjD9aaJ19_3std4sync7barrierNtB4_7BarrierNtNtCsdAiEuf0GwQL_4core3fmt5Debug3fmt
0000000000000000 T _RNvXs_NtNtCs3uSjD9aaJ19_3std4sync9nonpoisonNtB4_10WouldBlockNtNtCsdAiEuf0GwQL_4core3fmt7Display3fmt
0000000000000000 T _RNvXs_NtNtCs3uSjD9aaJ19_3std6thread5localNtB4_11AccessErrorNtNtCsdAiEuf0GwQL_4core3fmt5Debug3fmt
0000000000000000 T _RNvXs_NtNtNtCs3uSjD9aaJ19_3std2os4unix2ioNtNtNtBa_2io5stdio10StdoutLockNtB4_8StdioExt7take_fd
0000000000000000 T _RNvXs_NtNtNtCs3uSjD9aaJ19_3std3sys2fd4unixRNtB4_8FileDescNtNtBa_2io4Read13read_vectored
0000000000000000 T _RNvXs_NtNtNtCs3uSjD9aaJ19_3std3sys2fd4unixRNtB4_8FileDescNtNtBa_2io4Read4read
0000000000000000 T _RNvXs_NtNtNtCs3uSjD9aaJ19_3std3sys2fd4unixRNtB4_8FileDescNtNtBa_2io4Read8read_buf
0000000000000000 T _RNvXs_NtNtNtCs3uSjD9aaJ19_3std3sys2fs6commonNtB4_3DirNtNtCsdAiEuf0GwQL_4core3fmt5Debug3fmt
0000000000000000 T _RNvXs_NtNtNtCs3uSjD9aaJ19_3std3sys3env6commonNtB4_3EnvNtNtCsdAiEuf0GwQL_4core3fmt5Debug3fmt
0000000000000000 T _RNvXs_NtNtNtCs3uSjD9aaJ19_3std3sys4time4unixNtB4_10SystemTimeNtNtCsdAiEuf0GwQL_4core3fmt5Debug3fmt
0000000000000000 T _RNvXs_NtNtNtCs3uSjD9aaJ19_3std3sys5stdio4unixNtB4_5StdinNtNtBa_2io4Read13read_vectored
0000000000000000 T _RNvXs_NtNtNtCs3uSjD9aaJ19_3std3sys5stdio4unixNtB4_5StdinNtNtBa_2io4Read4read
0000000000000000 T _RNvXs_NtNtNtCs3uSjD9aaJ19_3std3sys5stdio4unixNtB4_5StdinNtNtBa_2io4Read8read_buf
0000000000000000 T _RNvXs_NtNtNtCs3uSjD9aaJ19_3std3sys7helpers4wstrNtB4_9WStrUnitsNtNtNtNtCsdAiEuf0GwQL_4core4iter6traits8iterator8Iterator4next
0000000000000000 T _RNvXs_NtNtNtCs3uSjD9aaJ19_3std4sync4mpmc4zeroNtB4_9ZeroTokenNtNtCsdAiEuf0GwQL_4core3fmt5Debug3fmt
0000000000000000 T _RNvXs_NtNtNtCs3uSjD9aaJ19_3std4sync6poison7condvarNtB4_7CondvarNtNtCsdAiEuf0GwQL_4core3fmt5Debug3fmt
0000000000000000 T _RNvXs_NtNtNtCs3uSjD9aaJ19_3std4sync9nonpoison7condvarNtB4_7CondvarNtNtCsdAiEuf0GwQL_4core3fmt5Debug3fmt
0000000000000000 T _RNvXs_NtNtNtNtCs3uSjD9aaJ19_3std12backtrace_rs9symbolize5gimli19parse_running_mmapsNtB4_9MapsEntryNtNtNtCsdAiEuf0GwQL_4core3str6traits7FromStr8from_str
0000000000000000 T _RNvXs_NtNtNtNtCs3uSjD9aaJ19_3std12backtrace_rs9symbolize5gimli4mmapNtB4_4MmapNtNtNtCsdAiEuf0GwQL_4core3ops5deref5Deref5deref
0000000000000000 T _RNvXs_NtNtNtNtCs3uSjD9aaJ19_3std2os3net9linux_ext3tcpNtNtNtBc_3net3tcp9TcpStreamNtB4_12TcpStreamExt11deferaccept
0000000000000000 T _RNvXs_NtNtNtNtCs3uSjD9aaJ19_3std2os3net9linux_ext3tcpNtNtNtBc_3net3tcp9TcpStreamNtB4_12TcpStreamExt12set_quickack
0000000000000000 T _RNvXs_NtNtNtNtCs3uSjD9aaJ19_3std2os3net9linux_ext3tcpNtNtNtBc_3net3tcp9TcpStreamNtB4_12TcpStreamExt15set_deferaccept
0000000000000000 T _RNvXs_NtNtNtNtCs3uSjD9aaJ19_3std2os3net9linux_ext3tcpNtNtNtBc_3net3tcp9TcpStreamNtB4_12TcpStreamExt8quickack
0000000000000000 T _RNvXs_NtNtNtNtCs3uSjD9aaJ19_3std2os3net9linux_ext6socketNtNtNtNtBa_4unix3net6stream10UnixStreamNtB4_13UnixSocketExt12set_passcred
0000000000000000 T _RNvXs_NtNtNtNtCs3uSjD9aaJ19_3std2os3net9linux_ext6socketNtNtNtNtBa_4unix3net6stream10UnixStreamNtB4_13UnixSocketExt8passcred
0000000000000000 T _RNvXs_NtNtNtNtCs3uSjD9aaJ19_3std2os4unix3net6streamNtB4_10UnixStreamNtNtCsdAiEuf0GwQL_4core3fmt5Debug3fmt
0000000000000000 T _RNvXs_NtNtNtNtCs3uSjD9aaJ19_3std2os4unix3net8datagramNtB4_12UnixDatagramNtNtCsdAiEuf0GwQL_4core3fmt5Debug3fmt
0000000000000000 T _RNvXs_NtNtNtNtCs3uSjD9aaJ19_3std3sys2fs4unix3cfmNtB4_18CachedFileMetadataNtNtBc_2io5Write14write_vectored
0000000000000000 T _RNvXs_NtNtNtNtCs3uSjD9aaJ19_3std3sys2fs4unix3cfmNtB4_18CachedFileMetadataNtNtBc_2io5Write5write
0000000000000000 T _RNvXs_NtNtNtNtCs3uSjD9aaJ19_3std3sys2fs4unix3dirNtB4_3DirNtNtCsdAiEuf0GwQL_4core3fmt5Debug3fmt
0000000000000000 T _RNvXs_NtNtNtNtCs3uSjD9aaJ19_3std3sys3net10connection6socketNtB4_10LookupHostNtNtNtNtCsdAiEuf0GwQL_4core4iter6traits8iterator8Iterator4next
0000000000000000 T _RNvXs_NtNtNtNtCs3uSjD9aaJ19_3std3sys3pal4unix14stack_overflowNtB4_7HandlerNtNtNtCsdAiEuf0GwQL_4core3ops4drop4Drop4drop
0000000000000000 T _RNvXs_NtNtNtNtCs3uSjD9aaJ19_3std3sys4sync4once5futexNtB4_15CompletionGuardNtNtNtCsdAiEuf0GwQL_4core3ops4drop4Drop4drop
0000000000000000 T _RNvXs_NtNtNtNtNtCs3uSjD9aaJ19_3std3sys7process4unix6common13cstring_arrayNtB4_12CStringArrayINtNtNtCsdAiEuf0GwQL_4core3ops5index5IndexjE5index
0000000000000000 T _RNvXs_NvMNtNtNtNtCs3uSjD9aaJ19_3std3sys7process4unix4unixNtNtB9_6common7Command11posix_spawnNtB4_14PosixSpawnattrNtNtNtCsdAiEuf0GwQL_4core3ops4drop4Drop4drop
0000000000000000 T _RNvXs_NvMs_NtNtNtCs3uSjD9aaJ19_3std2io8buffered9bufwriterINtB9_9BufWriterpE9flush_bufNtB4_8BufGuardNtNtNtCsdAiEuf0GwQL_4core3ops4drop4Drop4drop
0000000000000000 T _RNvXs_NvNtCs3uSjD9aaJ19_3std9panicking13panic_handlerNtB4_19FormatStringPayloadNtNtCsdAiEuf0GwQL_4core5panic12PanicPayload3get
0000000000000000 T _RNvXs_NvNtCs3uSjD9aaJ19_3std9panicking13panic_handlerNtB4_19FormatStringPayloadNtNtCsdAiEuf0GwQL_4core5panic12PanicPayload8take_box
0000000000000000 T _RNvXs_NvNtCs3uSjD9aaJ19_3std9panicking13resume_unwindNtB4_9RewrapBoxNtNtCsdAiEuf0GwQL_4core3fmt7Display3fmt
0000000000000000 T _RNvXsa_NtCs3uSjD9aaJ19_3std2fsNtB5_4FileNtNtB7_2io4Read11read_to_end
0000000000000000 T _RNvXsa_NtCs3uSjD9aaJ19_3std2fsNtB5_4FileNtNtB7_2io4Read13read_vectored
0000000000000000 T _RNvXsa_NtCs3uSjD9aaJ19_3std2fsNtB5_4FileNtNtB7_2io4Read14read_to_string
0000000000000000 T _RNvXsa_NtCs3uSjD9aaJ19_3std2fsNtB5_4FileNtNtB7_2io4Read4read
0000000000000000 T _RNvXsa_NtCs3uSjD9aaJ19_3std2fsNtB5_4FileNtNtB7_2io4Read8read_buf
0000000000000000 T _RNvXsa_NtCs3uSjD9aaJ19_3std3envNtB5_4ArgsNtNtNtNtCsdAiEuf0GwQL_4core4iter6traits8iterator8Iterator4next
0000000000000000 T _RNvXsa_NtCs3uSjD9aaJ19_3std4timeNtB5_10SystemTimeNtNtCsdAiEuf0GwQL_4core3fmt5Debug3fmt
0000000000000000 T _RNvXsa_NtNtCs3uSjD9aaJ19_3std3net3tcpNtB5_12IntoIncomingNtNtNtNtCsdAiEuf0GwQL_4core4iter6traits8iterator8Iterator4next
0000000000000000 T _RNvXsa_NtNtNtCs3uSjD9aaJ19_3std3sys2fs4unixNtB5_7ReadDirNtNtCsdAiEuf0GwQL_4core3fmt5Debug3fmt
0000000000000000 T _RNvXsa_NtNtNtNtCs3uSjD9aaJ19_3std3sys7process4unix6commonNtB5_11CommandArgsNtNtNtNtCsdAiEuf0GwQL_4core4iter6traits8iterator8Iterator4next
0000000000000000 T _RNvXsa_NtNtNtNtCs3uSjD9aaJ19_3std3sys7process4unix6commonNtB5_11CommandArgsNtNtNtNtCsdAiEuf0GwQL_4core4iter6traits8iterator8Iterator9size_hint
0000000000000000 T _RNvXsb_NtCs3uSjD9aaJ19_3std2fsNtB5_4FileNtNtB7_2io5Write14write_vectored
0000000000000000 T _RNvXsb_NtCs3uSjD9aaJ19_3std2fsNtB5_4FileNtNtB7_2io5Write5write
0000000000000000 T _RNvXsb_NtCs3uSjD9aaJ19_3std4pathNtB5_4IterNtNtCsdAiEuf0GwQL_4core3fmt5Debug3fmt
0000000000000000 T _RNvXsb_NtNtNtCs3uSjD9aaJ19_3std3sys2fs4unixNtB5_7ReadDirNtNtNtNtCsdAiEuf0GwQL_4core4iter6traits8iterator8Iterator4next
0000000000000000 T _RNvXsb_NtNtNtNtCs3uSjD9aaJ19_3std3sys7process4unix6commonNtB5_11CommandArgsNtNtNtNtCsdAiEuf0GwQL_4core4iter6traits10exact_size17ExactSizeIterator3len
0000000000000000 T _RNvXsc_NtCs3uSjD9aaJ19_3std2fsNtB5_4FileNtNtB7_2io4Seek10stream_len
0000000000000000 T _RNvXsc_NtCs3uSjD9aaJ19_3std2fsNtB5_4FileNtNtB7_2io4Seek15stream_position
0000000000000000 T _RNvXsc_NtCs3uSjD9aaJ19_3std2fsNtB5_4FileNtNtB7_2io4Seek4seek
0000000000000000 T _RNvXsc_NtCs3uSjD9aaJ19_3std3envNtB5_4ArgsNtNtNtNtCsdAiEuf0GwQL_4core4iter6traits12double_ended19DoubleEndedIterator9next_back
0000000000000000 T _RNvXsc_NtNtNtCs3uSjD9aaJ19_3std3sys2fs4unixNtB5_9DirStreamNtNtNtCsdAiEuf0GwQL_4core3ops4drop4Drop4drop
0000000000000000 T _RNvXsc_NtNtNtNtCs3uSjD9aaJ19_3std3sys3net10connection6socketNtB5_9UdpSocketNtNtCsdAiEuf0GwQL_4core3fmt5Debug3fmt
0000000000000000 T _RNvXsc_NtNtNtNtCs3uSjD9aaJ19_3std3sys7process4unix6commonNtB5_11CommandArgsNtNtCsdAiEuf0GwQL_4core3fmt5Debug3fmt
0000000000000000 T _RNvXsd_NtCs3uSjD9aaJ19_3std3envNtB5_4ArgsNtNtCsdAiEuf0GwQL_4core3fmt5Debug3fmt
0000000000000000 T _RNvXsd_NtCs3uSjD9aaJ19_3std4timeNtB5_15SystemTimeErrorNtNtCsdAiEuf0GwQL_4core3fmt7Display3fmt
0000000000000000 T _RNvXsd_NtCs3uSjD9aaJ19_3std7processNtB5_11ChildStdoutNtNtCsdAiEuf0GwQL_4core3fmt5Debug3fmt
0000000000000000 T _RNvXsd_NtNtCs3uSjD9aaJ19_3std2io5stdioNtB5_6StdoutNtNtCsdAiEuf0GwQL_4core3fmt5Debug3fmt
0000000000000000 T _RNvXse_NtCs3uSjD9aaJ19_3std7processNtB5_11ChildStderrNtNtB7_2io4Read11read_to_end
0000000000000000 T _RNvXse_NtCs3uSjD9aaJ19_3std7processNtB5_11ChildStderrNtNtB7_2io4Read13read_vectored
0000000000000000 T _RNvXse_NtCs3uSjD9aaJ19_3std7processNtB5_11ChildStderrNtNtB7_2io4Read4read
0000000000000000 T _RNvXse_NtCs3uSjD9aaJ19_3std7processNtB5_11ChildStderrNtNtB7_2io4Read8read_buf
0000000000000000 T _RNvXse_NtNtCs3uSjD9aaJ19_3std2io5stdioNtB5_6StdoutNtB7_5Write14write_vectored
0000000000000000 T _RNvXse_NtNtCs3uSjD9aaJ19_3std2io5stdioNtB5_6StdoutNtB7_5Write18write_all_vectored
0000000000000000 T _RNvXse_NtNtCs3uSjD9aaJ19_3std2io5stdioNtB5_6StdoutNtB7_5Write5flush
0000000000000000 T _RNvXse_NtNtCs3uSjD9aaJ19_3std2io5stdioNtB5_6StdoutNtB7_5Write5write
0000000000000000 T _RNvXse_NtNtCs3uSjD9aaJ19_3std2io5stdioNtB5_6StdoutNtB7_5Write9write_all
0000000000000000 T _RNvXse_NtNtCs3uSjD9aaJ19_3std2io5stdioNtB5_6StdoutNtB7_5Write9write_fmt
0000000000000000 T _RNvXsf_NtNtCs3uSjD9aaJ19_3std2io5stdioRNtB5_6StdoutNtB7_5Write14write_vectored
0000000000000000 T _RNvXsf_NtNtCs3uSjD9aaJ19_3std2io5stdioRNtB5_6StdoutNtB7_5Write18write_all_vectored
0000000000000000 T _RNvXsf_NtNtCs3uSjD9aaJ19_3std2io5stdioRNtB5_6StdoutNtB7_5Write5flush
0000000000000000 T _RNvXsf_NtNtCs3uSjD9aaJ19_3std2io5stdioRNtB5_6StdoutNtB7_5Write5write
0000000000000000 T _RNvXsf_NtNtCs3uSjD9aaJ19_3std2io5stdioRNtB5_6StdoutNtB7_5Write9write_all
0000000000000000 T _RNvXsf_NtNtCs3uSjD9aaJ19_3std2io5stdioRNtB5_6StdoutNtB7_5Write9write_fmt
0000000000000000 T _RNvXsf_NtNtCs3uSjD9aaJ19_3std3net3tcpNtB5_11TcpListenerNtNtCsdAiEuf0GwQL_4core3fmt5Debug3fmt
0000000000000000 T _RNvXsf_NtNtNtCs3uSjD9aaJ19_3std2os2fd3rawNtNtNtBb_2io4pipe10PipeReaderNtB5_9FromRawFd11from_raw_fd
0000000000000000 T _RNvXsh_NtNtNtCs3uSjD9aaJ19_3std3sys2fs4unixNtB5_11OpenOptionsNtNtCsdAiEuf0GwQL_4core3fmt5Debug3fmt
0000000000000000 T _RNvXsi_NtCs3uSjD9aaJ19_3std2fsNtB5_3DirNtNtCsdAiEuf0GwQL_4core3fmt5Debug3fmt
0000000000000000 T _RNvXsi_NtCs3uSjD9aaJ19_3std4pathNtB5_10ComponentsNtNtNtNtCsdAiEuf0GwQL_4core4iter6traits8iterator8Iterator4next
0000000000000000 T _RNvXsi_NtCs3uSjD9aaJ19_3std7processNtB5_11ChildStderrNtNtCsdAiEuf0GwQL_4core3fmt5Debug3fmt
0000000000000000 T _RNvXsi_NtNtCs3uSjD9aaJ19_3std2io5stdioNtB5_10StdoutLockNtB7_5Write14write_vectored
0000000000000000 T _RNvXsi_NtNtCs3uSjD9aaJ19_3std2io5stdioNtB5_10StdoutLockNtB7_5Write18write_all_vectored
0000000000000000 T _RNvXsi_NtNtCs3uSjD9aaJ19_3std2io5stdioNtB5_10StdoutLockNtB7_5Write5flush
0000000000000000 T _RNvXsi_NtNtCs3uSjD9aaJ19_3std2io5stdioNtB5_10StdoutLockNtB7_5Write5write
0000000000000000 T _RNvXsi_NtNtCs3uSjD9aaJ19_3std2io5stdioNtB5_10StdoutLockNtB7_5Write9write_all
0000000000000000 T _RNvXsi_NtNtNtCs3uSjD9aaJ19_3std2os2fd3rawNtNtNtBb_2io4pipe10PipeWriterNtB5_9FromRawFd11from_raw_fd
0000000000000000 T _RNvXsj_NtCs3uSjD9aaJ19_3std3envNtB5_6ArgsOsNtNtCsdAiEuf0GwQL_4core3fmt5Debug3fmt
0000000000000000 T _RNvXsj_NtCs3uSjD9aaJ19_3std4pathNtB5_10ComponentsNtNtNtNtCsdAiEuf0GwQL_4core4iter6traits12double_ended19DoubleEndedIterator9next_back
0000000000000000 T _RNvXsj_NtNtCs3uSjD9aaJ19_3std2io5stdioNtB5_10StdoutLockNtNtCsdAiEuf0GwQL_4core3fmt5Debug3fmt
0000000000000000 T _RNvXsk_NtNtCs3uSjD9aaJ19_3std3ffi6os_strNtB5_8OsStringNtNtCsdAiEuf0GwQL_4core3fmt5Write9write_str
0000000000000000 T _RNvXsk_NtNtNtCs3uSjD9aaJ19_3std3sys2fs4unixNtB5_10DirBuilderNtNtCsdAiEuf0GwQL_4core3fmt5Debug3fmt
0000000000000000 T _RNvXsl_NtCs3uSjD9aaJ19_3std7processNtB5_7CommandNtNtCsdAiEuf0GwQL_4core3fmt5Debug3fmt
0000000000000000 T _RNvXsm_NtNtNtNtCs3uSjD9aaJ19_3std3sys2io11kernel_copy5linuxNtNtNtBd_2io5stdio9StdinLockNtB5_8CopyRead10properties
0000000000000000 T _RNvXsn_NtCs3uSjD9aaJ19_3std2fsNtB5_8MetadataNtNtCsdAiEuf0GwQL_4core3fmt5Debug3fmt
0000000000000000 T _RNvXsn_NtNtCs3uSjD9aaJ19_3std2io5stdioNtB5_6StderrNtNtCsdAiEuf0GwQL_4core3fmt5Debug3fmt
0000000000000000 T _RNvXsn_NtNtCs3uSjD9aaJ19_3std4sync4mpscNtB5_9RecvErrorNtNtCsdAiEuf0GwQL_4core3fmt7Display3fmt
0000000000000000 T _RNvXsn_NtNtNtNtCs3uSjD9aaJ19_3std3sys2io11kernel_copy5linuxNtNtNtBd_2io5stdio10StdoutLockNtB5_9CopyWrite10properties
0000000000000000 T _RNvXso_NtCs3uSjD9aaJ19_3std7processNtB5_11CommandArgsNtNtNtNtCsdAiEuf0GwQL_4core4iter6traits8iterator8Iterator4next
0000000000000000 T _RNvXso_NtCs3uSjD9aaJ19_3std7processNtB5_11CommandArgsNtNtNtNtCsdAiEuf0GwQL_4core4iter6traits8iterator8Iterator9size_hint
0000000000000000 T _RNvXso_NtNtCs3uSjD9aaJ19_3std2io5stdioNtB5_6StderrNtB7_5Write14write_vectored
0000000000000000 T _RNvXso_NtNtCs3uSjD9aaJ19_3std2io5stdioNtB5_6StderrNtB7_5Write18write_all_vectored
0000000000000000 T _RNvXso_NtNtCs3uSjD9aaJ19_3std2io5stdioNtB5_6StderrNtB7_5Write5flush
0000000000000000 T _RNvXso_NtNtCs3uSjD9aaJ19_3std2io5stdioNtB5_6StderrNtB7_5Write5write
0000000000000000 T _RNvXso_NtNtCs3uSjD9aaJ19_3std2io5stdioNtB5_6StderrNtB7_5Write9write_all
0000000000000000 T _RNvXso_NtNtCs3uSjD9aaJ19_3std2io5stdioNtB5_6StderrNtB7_5Write9write_fmt
0000000000000000 T _RNvXso_NtNtNtNtCs3uSjD9aaJ19_3std3sys2io11kernel_copy5linuxNtNtNtBd_2io5stdio10StderrLockNtB5_9CopyWrite10properties
0000000000000000 T _RNvXsp_NtCs3uSjD9aaJ19_3std7processNtB5_11CommandArgsNtNtNtNtCsdAiEuf0GwQL_4core4iter6traits10exact_size17ExactSizeIterator3len
0000000000000000 T _RNvXsp_NtNtCs3uSjD9aaJ19_3std2io5stdioRNtB5_6StderrNtB7_5Write14write_vectored
0000000000000000 T _RNvXsp_NtNtCs3uSjD9aaJ19_3std2io5stdioRNtB5_6StderrNtB7_5Write18write_all_vectored
0000000000000000 T _RNvXsp_NtNtCs3uSjD9aaJ19_3std2io5stdioRNtB5_6StderrNtB7_5Write5flush
0000000000000000 T _RNvXsp_NtNtCs3uSjD9aaJ19_3std2io5stdioRNtB5_6StderrNtB7_5Write5write
0000000000000000 T _RNvXsp_NtNtCs3uSjD9aaJ19_3std2io5stdioRNtB5_6StderrNtB7_5Write9write_all
0000000000000000 T _RNvXsp_NtNtCs3uSjD9aaJ19_3std2io5stdioRNtB5_6StderrNtB7_5Write9write_fmt
0000000000000000 T _RNvXsp_NtNtCs3uSjD9aaJ19_3std4sync4mpscNtB5_12TryRecvErrorNtNtCsdAiEuf0GwQL_4core3fmt7Display3fmt
0000000000000000 T _RNvXsq_NtCs3uSjD9aaJ19_3std7processNtB5_11CommandEnvsNtNtNtNtCsdAiEuf0GwQL_4core4iter6traits8iterator8Iterator4next
0000000000000000 T _RNvXss_NtCs3uSjD9aaJ19_3std7processNtB5_11CommandEnvsNtNtCsdAiEuf0GwQL_4core3fmt5Debug3fmt
0000000000000000 T _RNvXss_NtNtCs3uSjD9aaJ19_3std2io5stdioNtB5_10StderrLockNtB7_5Write14write_vectored
0000000000000000 T _RNvXss_NtNtCs3uSjD9aaJ19_3std2io5stdioNtB5_10StderrLockNtB7_5Write18write_all_vectored
0000000000000000 T _RNvXss_NtNtCs3uSjD9aaJ19_3std2io5stdioNtB5_10StderrLockNtB7_5Write5flush
0000000000000000 T _RNvXss_NtNtCs3uSjD9aaJ19_3std2io5stdioNtB5_10StderrLockNtB7_5Write5write
0000000000000000 T _RNvXss_NtNtCs3uSjD9aaJ19_3std2io5stdioNtB5_10StderrLockNtB7_5Write9write_all
0000000000000000 T _RNvXss_NtNtCs3uSjD9aaJ19_3std4sync4mpscNtB5_16RecvTimeoutErrorNtNtCsdAiEuf0GwQL_4core3fmt7Display3fmt
0000000000000000 T _RNvXss_NtNtNtCs3uSjD9aaJ19_3std3sys2fs4unixNtB5_4FileNtNtNtNtBb_2os2fd3raw9FromRawFd11from_raw_fd
0000000000000000 T _RNvXst_NtCs3uSjD9aaJ19_3std4pathINtNtCs4rJUcQVFpWT_5alloc5boxed3BoxNtB5_4PathEINtNtCsdAiEuf0GwQL_4core7convert4FromRB13_E4from
0000000000000000 T _RNvXst_NtNtCs3uSjD9aaJ19_3std2io5stdioNtB5_10StderrLockNtNtCsdAiEuf0GwQL_4core3fmt5Debug3fmt
0000000000000000 T _RNvXst_NtNtNtCs3uSjD9aaJ19_3std3sys2fs4unixNtB5_4FileNtNtCsdAiEuf0GwQL_4core3fmt5Debug3fmt
0000000000000000 T _RNvXsu_NtCs3uSjD9aaJ19_3std4pathINtNtCs4rJUcQVFpWT_5alloc5boxed3BoxNtB5_4PathEINtNtCsdAiEuf0GwQL_4core7convert4FromQB13_E4from
0000000000000000 T _RNvXsu_NtCs3uSjD9aaJ19_3std7processNtB5_6OutputNtNtCsdAiEuf0GwQL_4core3fmt5Debug3fmt
0000000000000000 T _RNvXsu_NtNtNtCs3uSjD9aaJ19_3std3sys2fs4unixNtB5_4ModeNtNtCsdAiEuf0GwQL_4core3fmt5Debug3fmt
0000000000000000 T _RNvXsv_NtCs3uSjD9aaJ19_3std2fsNtB5_8FileTypeNtNtCsdAiEuf0GwQL_4core3fmt5Debug3fmt
0000000000000000 T _RNvXsx_NtCs3uSjD9aaJ19_3std7processNtB5_5StdioNtNtCsdAiEuf0GwQL_4core3fmt5Debug3fmt
0000000000000000 T _RNvXsy_NtNtNtCs3uSjD9aaJ19_3std2os2fd5ownedNtNtNtBb_2io4pipe10PipeReaderNtB5_4AsFd5as_fd
0000000000000000 T _RNvXsz_NtCs3uSjD9aaJ19_3std2fsNtB5_7ReadDirNtNtNtNtCsdAiEuf0GwQL_4core4iter6traits8iterator8Iterator4next
0000000000000000 T rust_eh_personality

panic_unwind-7a3ae0cc524a9883.panic_unwind.a9c6ba8c5b9198fa-cgu.0.rcgu.o:
0000000000000000 V DW.ref.rust_eh_personality
0000000000000000 T _RNvCs9wFQrvczXsK_7___rustc18___rust_start_panic
0000000000000000 T _RNvCs9wFQrvczXsK_7___rustc20___rust_panic_cleanup

object-39a1d4dae822acb8.object.a146d3c130b06ad1-cgu.0.rcgu.o:
0000000000000000 V DW.ref.rust_eh_personality
0000000000000000 T _RNvMNtNtNtCsdQtg4oqSMBF_6object4read2pe10relocationNtB2_23RelocationBlockIterator4next
0000000000000000 T _RNvMNtNtNtCsdQtg4oqSMBF_6object4read2pe14data_directoryNtB2_15DataDirectories3get
0000000000000000 T _RNvMNtNtNtCsdQtg4oqSMBF_6object4read2pe14data_directoryNtB2_15DataDirectories5parse
0000000000000000 T _RNvMNtNtNtCsdQtg4oqSMBF_6object4read2pe6importNtB2_11ImportTable4name
0000000000000000 T _RNvMNtNtNtCsdQtg4oqSMBF_6object4read2pe6importNtB2_11ImportTable9hint_name
0000000000000000 T _RNvMNtNtNtCsdQtg4oqSMBF_6object4read2pe8resourceNtB2_17ResourceDirectory4root
0000000000000000 T _RNvMNtNtNtCsdQtg4oqSMBF_6object4read3elf10relocationNtB2_18RelocationSections3get
0000000000000000 T _RNvMs0_NtNtNtCsdQtg4oqSMBF_6object4read2pe8resourceNtNtBb_2pe27ImageResourceDirectoryEntry4data
0000000000000000 T _RNvMs1_NtNtNtCsdQtg4oqSMBF_6object4read2pe6exportNtB5_11ExportTable14forward_string
0000000000000000 T _RNvMs1_NtNtNtCsdQtg4oqSMBF_6object4read2pe6exportNtB5_11ExportTable15parse_directory
0000000000000000 T _RNvMs1_NtNtNtCsdQtg4oqSMBF_6object4read2pe6exportNtB5_11ExportTable15target_by_index
0000000000000000 T _RNvMs1_NtNtNtCsdQtg4oqSMBF_6object4read2pe6exportNtB5_11ExportTable17name_from_pointer
0000000000000000 T _RNvMs1_NtNtNtCsdQtg4oqSMBF_6object4read2pe6exportNtB5_11ExportTable17target_by_ordinal
0000000000000000 T _RNvMs1_NtNtNtCsdQtg4oqSMBF_6object4read2pe6exportNtB5_11ExportTable18address_by_ordinal
0000000000000000 T _RNvMs1_NtNtNtCsdQtg4oqSMBF_6object4read2pe6exportNtB5_11ExportTable19target_from_address
0000000000000000 T _RNvMs1_NtNtNtCsdQtg4oqSMBF_6object4read2pe6exportNtB5_11ExportTable5parse
0000000000000000 T _RNvMs1_NtNtNtCsdQtg4oqSMBF_6object4read2pe6exportNtB5_11ExportTable7exports
0000000000000000 T _RNvMs1_NtNtNtCsdQtg4oqSMBF_6object4read2pe6exportNtB5_11ExportTable9name_iter
0000000000000000 T _RNvMs2_NtNtNtCsdQtg4oqSMBF_6object4read2pe8resourceNtB5_12ResourceName15to_string_lossy
0000000000000000 T _RNvMs2_NtNtNtCsdQtg4oqSMBF_6object4read2pe8resourceNtB5_12ResourceName4data
0000000000000000 T _RNvMs2_NtNtNtCsdQtg4oqSMBF_6object4read2pe8resourceNtB5_12ResourceName8raw_data
0000000000000000 T _RNvMs3_NtCs4rJUcQVFpWT_5alloc7raw_vecINtB5_6RawVecNtNtNtNtCsdQtg4oqSMBF_6object4read2pe6export6ExportE8grow_oneBU_
0000000000000000 T _RNvMs4_NtNtNtCsdQtg4oqSMBF_6object4read2pe6importNtB5_20DelayLoadImportTable4name
0000000000000000 T _RNvMs4_NtNtNtCsdQtg4oqSMBF_6object4read2pe6importNtB5_20DelayLoadImportTable9hint_name
0000000000000000 T _RNvMs5_NtNtNtCsdQtg4oqSMBF_6object4read2pe6importNtB5_27DelayLoadDescriptorIterator4next
0000000000000000 T _RNvMs5_NtNtNtCsdQtg4oqSMBF_6object4read3elf10attributesNtB5_22AttributeIndexIterator4next
0000000000000000 T _RNvMs6_NtNtNtCsdQtg4oqSMBF_6object4read2pe7sectionNtNtNtB9_4coff7section12SectionTable16pe_file_range_at
0000000000000000 T _RNvMs6_NtNtNtCsdQtg4oqSMBF_6object4read2pe7sectionNtNtNtB9_4coff7section12SectionTable18section_containing
0000000000000000 T _RNvMs7_NtNtNtCsdQtg4oqSMBF_6object4read2pe7sectionNtNtBb_2pe18ImageSectionHeader13pe_file_range
0000000000000000 T _RNvMs7_NtNtNtCsdQtg4oqSMBF_6object4read2pe7sectionNtNtBb_2pe18ImageSectionHeader16pe_file_range_at
0000000000000000 T _RNvMs7_NtNtNtCsdQtg4oqSMBF_6object4read3elf10attributesNtB5_15AttributeReader11read_string
0000000000000000 T _RNvMs7_NtNtNtCsdQtg4oqSMBF_6object4read3elf10attributesNtB5_15AttributeReader12read_integer
0000000000000000 T _RNvMs7_NtNtNtCsdQtg4oqSMBF_6object4read3elf10attributesNtB5_15AttributeReader8read_tag
0000000000000000 T _RNvMs8_NtNtNtCsdQtg4oqSMBF_6object4read4coff7sectionNtNtBb_2pe18ImageSectionHeader11name_offset
0000000000000000 T _RNvMs8_NtNtNtCsdQtg4oqSMBF_6object4read4coff7sectionNtNtBb_2pe18ImageSectionHeader8raw_name
0000000000000000 T _RNvMs_NtNtCsdQtg4oqSMBF_6object4read4utilNtB4_5Bytes12read_sleb128
0000000000000000 T _RNvMs_NtNtCsdQtg4oqSMBF_6object4read4utilNtB4_5Bytes12read_uleb128
0000000000000000 T _RNvMs_NtNtNtCsdQtg4oqSMBF_6object4read2pe14data_directoryNtNtBa_2pe18ImageDataDirectory10file_range
0000000000000000 T _RNvMs_NtNtNtCsdQtg4oqSMBF_6object4read2pe6importNtB4_24ImportDescriptorIterator4next
0000000000000000 T _RNvMsa_NtCsdQtg4oqSMBF_6object4readNtB5_9ObjectMap3get
0000000000000000 T _RNvMse_NtNtNtCsdQtg4oqSMBF_6object4read3elf10relocationNtB5_12CrelIterator3new
0000000000000000 T _RNvMsi_NtCsdQtg4oqSMBF_6object4readNtB5_13RelocationMap8relocate
0000000000000000 T _RNvNtNtCsdQtg4oqSMBF_6object4read7archive16parse_u64_digits
0000000000000000 T _RNvNtNtCsdQtg4oqSMBF_6object4read7archive24parse_sysv_extended_name
0000000000000000 T _RNvNvMNtNtNtCsdQtg4oqSMBF_6object4read4coff6importNtB4_10ImportFile5parse12strip_prefix
0000000000000000 T _RNvXNtNtCsdQtg4oqSMBF_6object4read4utilNtB2_5BytesNtNtCsdAiEuf0GwQL_4core3fmt5Debug3fmt
0000000000000000 T _RNvXNtNtCsdQtg4oqSMBF_6object4read8read_refRShNtB2_7ReadRef19read_bytes_at_until
0000000000000000 T _RNvXs0_NtNtCsdQtg4oqSMBF_6object4read4utilNtB5_9DebugByteNtNtCsdAiEuf0GwQL_4core3fmt5Debug3fmt
0000000000000000 T _RNvXs0_NtNtNtCsdQtg4oqSMBF_6object4read2pe6exportNtB5_12ExportTargetNtNtCsdAiEuf0GwQL_4core3fmt5Debug3fmt
0000000000000000 T _RNvXs0_NtNtNtCsdQtg4oqSMBF_6object4read2pe6importNtB5_24ImportDescriptorIteratorNtNtNtNtCsdAiEuf0GwQL_4core4iter6traits8iterator8Iterator4next
0000000000000000 T _RNvXs1_NtNtCsdQtg4oqSMBF_6object4read4utilNtB5_8DebugLenNtNtCsdAiEuf0GwQL_4core3fmt5Debug3fmt
0000000000000000 T _RNvXs2_NtNtCsdQtg4oqSMBF_6object4read4utilNtB5_10ByteStringNtNtCsdAiEuf0GwQL_4core3fmt5Debug3fmt
0000000000000000 T _RNvXs2_NtNtCsdQtg4oqSMBF_6object4read7archiveNtB5_21ArchiveSymbolIteratorNtNtNtNtCsdAiEuf0GwQL_4core4iter6traits8iterator8Iterator4next
0000000000000000 T _RNvXs2_NtNtCsdQtg4oqSMBF_6object4read7archiveNtB5_21ArchiveSymbolIteratorNtNtNtNtCsdAiEuf0GwQL_4core4iter6traits8iterator8Iterator9size_hint
0000000000000000 T _RNvXs4_NtCsdQtg4oqSMBF_6object4readNtB5_12SectionIndexNtNtCsdAiEuf0GwQL_4core3fmt7Display3fmt
0000000000000000 T _RNvXs5_NtCsdQtg4oqSMBF_6object4readNtB5_11SymbolIndexNtNtCsdAiEuf0GwQL_4core3fmt7Display3fmt
0000000000000000 T _RNvXs6_NtNtNtCsdQtg4oqSMBF_6object4read2pe6importNtB5_27DelayLoadDescriptorIteratorNtNtNtNtCsdAiEuf0GwQL_4core4iter6traits8iterator8Iterator4next
0000000000000000 T _RNvXs6_NtNtNtCsdQtg4oqSMBF_6object4read3elf10attributesNtB5_22AttributeIndexIteratorNtNtNtNtCsdAiEuf0GwQL_4core4iter6traits8iterator8Iterator4next
0000000000000000 T _RNvXs9_NtNtNtCsdQtg4oqSMBF_6object4read5macho10dyld_cacheNtB5_14DyldRelocationNtNtCsdAiEuf0GwQL_4core3fmt5Debug3fmt
0000000000000000 T _RNvXs9_NtNtNtCsdQtg4oqSMBF_6object4read5xcoff6symbolNtNtBb_5xcoff8Symbol32NtB5_6Symbol11name_offset
0000000000000000 T _RNvXs_NtNtNtCsdQtg4oqSMBF_6object4read2pe10relocationNtB4_23RelocationBlockIteratorNtNtNtNtCsdAiEuf0GwQL_4core4iter6traits8iterator8Iterator4next
0000000000000000 T _RNvXs_NtNtNtCsdQtg4oqSMBF_6object4read2pe6exportNtB4_6ExportNtNtCsdAiEuf0GwQL_4core3fmt5Debug3fmt
0000000000000000 T _RNvXsa_NtNtNtCsdQtg4oqSMBF_6object4read5macho10dyld_cacheNtB5_18DyldRelocationAuthNtNtCsdAiEuf0GwQL_4core3fmt5Debug3fmt
0000000000000000 T _RNvXsf_NtNtNtCsdQtg4oqSMBF_6object4read3elf10relocationNtB5_12CrelIteratorNtNtNtNtCsdAiEuf0GwQL_4core4iter6traits8iterator8Iterator4next

memchr-8ad18a6559864bf7.memchr.f61548c56f81783f-cgu.0.rcgu.o:
0000000000000000 T _RNvMs0_NtNtNtCsl7TtzbXHT4N_6memchr4arch3all6twowayNtB5_5Shift7forward
0000000000000000 T _RNvMs0_NtNtNtCsl7TtzbXHT4N_6memchr4arch3all6twowayNtB5_5Shift7reverse
0000000000000000 T _RNvNtNtCsl7TtzbXHT4N_6memchr6memmem8searcher21searcher_kind_two_way
0000000000000000 T _RNvNtNtCsl7TtzbXHT4N_6memchr6memmem8searcher22searcher_kind_one_byte
0000000000000000 T _RNvNtNtCsl7TtzbXHT4N_6memchr6memmem8searcher23prefilter_kind_fallback
0000000000000000 T _RNvNtNtCsl7TtzbXHT4N_6memchr6memmem8searcher36searcher_kind_two_way_with_prefilter
0000000000000000 T _RNvNtNtNtCsl7TtzbXHT4N_6memchr4arch3all9rabinkarp12is_equal_raw
0000000000000000 T _RNvXs1_NtCsl7TtzbXHT4N_6memchr6memmemNtB5_11FindRevIterNtNtNtNtCsdAiEuf0GwQL_4core4iter6traits8iterator8Iterator4next
0000000000000000 T _RNvXs4_NtNtCsl7TtzbXHT4N_6memchr6memmem8searcherNtB5_9PrefilterNtNtCsdAiEuf0GwQL_4core3fmt5Debug3fmt
0000000000000000 T _RNvXs_NtCsl7TtzbXHT4N_6memchr6memmemNtB4_8FindIterNtNtNtNtCsdAiEuf0GwQL_4core4iter6traits8iterator8Iterator4next
0000000000000000 T _RNvXs_NtNtCsl7TtzbXHT4N_6memchr6memmem8searcherNtB4_8SearcherNtNtCsdAiEuf0GwQL_4core3fmt5Debug3fmt

addr2line-7ee5100c98cb8e85.addr2line.9f2fba169c065802-cgu.0.rcgu.o:
0000000000000000 V DW.ref.rust_eh_personality
0000000000000000 T _RINvNvMs2_NtCs4rJUcQVFpWT_5alloc7raw_vecINtB8_11RawVecInnerpE7reserve21do_reserve_and_handleNtNtBa_5alloc6GlobalECsdFlqFMAv1Pq_9addr2line
0000000000000000 T _RNvMNtCsdAiEuf0GwQL_4core5sliceSh11starts_withCsdFlqFMAv1Pq_9addr2line
0000000000000000 T _RNvMNtCsdAiEuf0GwQL_4core5sliceSh9ends_withCsdFlqFMAv1Pq_9addr2line
0000000000000000 T _RNvMs_NtCs4rJUcQVFpWT_5alloc3vecINtB4_3VechE7reserveCsdFlqFMAv1Pq_9addr2line
0000000000000000 T _RNvMs_NtCsdFlqFMAv1Pq_9addr2line4lineNtB4_5Lines13find_location
0000000000000000 T _RNvMs_NtCsdFlqFMAv1Pq_9addr2line4lineNtB4_5Lines19find_location_range
0000000000000000 T _RNvNtCsdFlqFMAv1Pq_9addr2line4line9path_push
0000000000000000 T _RNvNtCsdFlqFMAv1Pq_9addr2line5frame13demangle_auto
0000000000000000 T _RNvXNvNtCsdAiEuf0GwQL_4core4hint20select_unpredictableINtB2_11DropOnPanicjENtNtNtB6_3ops4drop4Drop4dropCsdFlqFMAv1Pq_9addr2line
0000000000000000 T _RNvXs0_NtCsdFlqFMAv1Pq_9addr2line4lineNtB5_21LineLocationRangeIterNtNtNtNtCsdAiEuf0GwQL_4core4iter6traits8iterator8Iterator4next

gimli-ce5290bb02a9fb49.gimli.581e699f810f545d-cgu.0.rcgu.o:
0000000000000000 V DW.ref.rust_eh_personality
0000000000000000 T _RINvMs0_NtNtNtCs4rJUcQVFpWT_5alloc11collections5btree6searchINtNtB8_4node7NodeRefNtNtBZ_6marker3MutyNtNtNtCs7z3mJhSrc6f_5gimli4read6abbrev12AbbreviationNtB1j_14LeafOrInternalE14find_key_indexyEB1G_
0000000000000000 T _RINvMs0_NtNtNtCs4rJUcQVFpWT_5alloc11collections5btree6searchINtNtB8_4node7NodeRefNtNtBZ_6marker5ImmutyNtNtNtCs7z3mJhSrc6f_5gimli4read6abbrev12AbbreviationNtB1j_14LeafOrInternalE14find_key_indexyEB1I_
0000000000000000 T _RINvMs5_NtNtCsdAiEuf0GwQL_4core3fmt8buildersNtB6_9DebugList7entriesNtNtNtCs7z3mJhSrc6f_5gimli4read12endian_slice9DebugByteINtNtNtNtBa_4iter8adapters3map3MapINtNtB21_6copied6CopiedINtNtB21_4take4TakeINtNtNtBa_5slice4iter4IterhEEENcB13_0EEB19_
0000000000000000 T _RINvMs5_NtNtCsdAiEuf0GwQL_4core3fmt8buildersNtB6_9DebugList7entriesRNtNtNtCs7z3mJhSrc6f_5gimli4read6abbrev22AttributeSpecificationINtNtNtBa_5slice4iter4IterB14_EEB1a_
0000000000000000 T _RINvMs8_NtNtNtCs4rJUcQVFpWT_5alloc11collections5btree4nodeINtB6_7NodeRefNtNtB6_6marker5OwnedyNtNtNtCs7z3mJhSrc6f_5gimli4read6abbrev12AbbreviationNtB1a_4LeafE13from_new_leafNtNtBc_5alloc6GlobalEB1z_
0000000000000000 T _RINvMs8_NtNtNtCs4rJUcQVFpWT_5alloc11collections5btree4nodeINtB6_7NodeRefNtNtB6_6marker5OwnedyNtNtNtCs7z3mJhSrc6f_5gimli4read6abbrev12AbbreviationNtB1a_4LeafE8new_leafNtNtBc_5alloc6GlobalEB1z_
0000000000000000 T _RINvMs9_NtNtNtCs4rJUcQVFpWT_5alloc11collections5btree4nodeINtB6_7NodeRefNtNtB6_6marker5OwnedyNtNtNtCs7z3mJhSrc6f_5gimli4read6abbrev12AbbreviationNtB1a_8InternalE12new_internalNtNtBc_5alloc6GlobalEB1z_
0000000000000000 T _RINvMs9_NtNtNtCs4rJUcQVFpWT_5alloc11collections5btree4nodeINtB6_7NodeRefNtNtB6_6marker5OwnedyNtNtNtCs7z3mJhSrc6f_5gimli4read6abbrev12AbbreviationNtB1a_8InternalE17from_new_internalNtNtBc_5alloc6GlobalEB1z_
0000000000000000 T _RINvMsK_NtNtNtCs4rJUcQVFpWT_5alloc11collections5btree4nodeINtB6_6HandleINtB6_7NodeRefNtNtB6_6marker3MutyNtNtNtCs7z3mJhSrc6f_5gimli4read6abbrev12AbbreviationNtB1n_4LeafENtB1n_4EdgeE6insertNtNtBc_5alloc6GlobalEB1K_
0000000000000000 T _RINvMsM_NtNtNtCs4rJUcQVFpWT_5alloc11collections5btree4nodeINtB6_6HandleINtB6_7NodeRefNtNtB6_6marker3MutyNtNtNtCs7z3mJhSrc6f_5gimli4read6abbrev12AbbreviationNtB1n_8InternalENtB1n_4EdgeE6insertNtNtBc_5alloc6GlobalEB1K_
0000000000000000 T _RINvMsN_NtNtNtCs4rJUcQVFpWT_5alloc11collections5btree4nodeINtB6_6HandleINtB6_7NodeRefNtNtB6_6marker3MutyNtNtNtCs7z3mJhSrc6f_5gimli4read6abbrev12AbbreviationNtB1n_4LeafENtB1n_4EdgeE16insert_recursingNtNtBc_5alloc6GlobalNCNvMs4_NtNtB8_3map5entryINtB3C_11VacantEntryyB1E_E12insert_entry0EB1K_
0000000000000000 T _RINvMsV_NtNtNtCs4rJUcQVFpWT_5alloc11collections5btree4nodeINtB6_6HandleINtB6_7NodeRefNtNtB6_6marker3MutyNtNtNtCs7z3mJhSrc6f_5gimli4read6abbrev12AbbreviationNtB1n_4LeafENtB1n_2KVE5splitNtNtBc_5alloc6GlobalEB1K_
0000000000000000 T _RINvMsW_NtNtNtCs4rJUcQVFpWT_5alloc11collections5btree4nodeINtB6_6HandleINtB6_7NodeRefNtNtB6_6marker3MutyNtNtNtCs7z3mJhSrc6f_5gimli4read6abbrev12AbbreviationNtB1n_8InternalENtB1n_2KVE5splitNtNtBc_5alloc6GlobalEB1K_
0000000000000000 T _RINvMs_NtNtNtCs4rJUcQVFpWT_5alloc11collections5btree6searchINtNtB7_4node7NodeRefNtNtBY_6marker3MutyNtNtNtCs7z3mJhSrc6f_5gimli4read6abbrev12AbbreviationNtB1i_14LeafOrInternalE11search_treeyEB1F_
0000000000000000 T _RINvMs_NtNtNtCs4rJUcQVFpWT_5alloc11collections5btree6searchINtNtB7_4node7NodeRefNtNtBY_6marker5ImmutyNtNtNtCs7z3mJhSrc6f_5gimli4read6abbrev12AbbreviationNtB1i_14LeafOrInternalE11search_treeyEB1H_
0000000000000000 T _RINvMsi_NtNtNtCs4rJUcQVFpWT_5alloc11collections5btree3mapINtB6_8BTreeMapyNtNtNtCs7z3mJhSrc6f_5gimli4read6abbrev12AbbreviationE3getyEB1f_
0000000000000000 T _RINvMsp_NtNtNtCs4rJUcQVFpWT_5alloc11collections5btree4nodeINtB6_7NodeRefNtNtB6_6marker3MutyNtNtNtCs7z3mJhSrc6f_5gimli4read6abbrev12AbbreviationNtB1a_8InternalE30correct_childrens_parent_linksINtNtNtCsdAiEuf0GwQL_4core3ops5range14RangeInclusivejEEB1x_
0000000000000000 T _RINvMsp_NtNtNtCs4rJUcQVFpWT_5alloc11collections5btree4nodeINtB6_7NodeRefNtNtB6_6marker3MutyNtNtNtCs7z3mJhSrc6f_5gimli4read6abbrev12AbbreviationNtB1a_8InternalE30correct_childrens_parent_linksINtNtNtCsdAiEuf0GwQL_4core3ops5range5RangejEEB1x_
0000000000000000 T _RINvNtNtNtCs4rJUcQVFpWT_5alloc11collections5btree4node12slice_insertINtNtNtCsdAiEuf0GwQL_4core3ptr8non_null7NonNullINtB2_8LeafNodeyNtNtNtCs7z3mJhSrc6f_5gimli4read6abbrev12AbbreviationEEEB2b_
0000000000000000 T _RINvNtNtNtCs4rJUcQVFpWT_5alloc11collections5btree4node12slice_insertNtNtNtCs7z3mJhSrc6f_5gimli4read6abbrev12AbbreviationEB1a_
0000000000000000 T _RINvNtNtNtCs4rJUcQVFpWT_5alloc11collections5btree4node12slice_insertyECs7z3mJhSrc6f_5gimli
0000000000000000 T _RINvNtNtNtCs4rJUcQVFpWT_5alloc11collections5btree4node13move_to_sliceINtNtNtCsdAiEuf0GwQL_4core3ptr8non_null7NonNullINtB2_8LeafNodeyNtNtNtCs7z3mJhSrc6f_5gimli4read6abbrev12AbbreviationEEEB2c_
0000000000000000 T _RINvNtNtNtCs4rJUcQVFpWT_5alloc11collections5btree4node13move_to_sliceNtNtNtCs7z3mJhSrc6f_5gimli4read6abbrev12AbbreviationEB1b_
0000000000000000 T _RINvNtNtNtCs4rJUcQVFpWT_5alloc11collections5btree4node13move_to_sliceyECs7z3mJhSrc6f_5gimli
0000000000000000 T _RNvMs1b_NtCs7z3mJhSrc6f_5gimli9constantsNtB6_4DwAt13static_string
0000000000000000 T _RNvMs1n_NtCs7z3mJhSrc6f_5gimli9constantsNtB6_6DwForm13static_string
0000000000000000 T _RNvMs2V_NtCs7z3mJhSrc6f_5gimli9constantsNtB6_6DwLang13static_string
0000000000000000 T _RNvMs2_NtCs4rJUcQVFpWT_5alloc7raw_vecNtB5_11RawVecInner10deallocateCs7z3mJhSrc6f_5gimli
0000000000000000 T _RNvMs3_NtCs4rJUcQVFpWT_5alloc7raw_vecINtB5_6RawVecNtNtNtCs7z3mJhSrc6f_5gimli4read6abbrev12AbbreviationE8grow_oneBS_
0000000000000000 T _RNvMs3_NtCs4rJUcQVFpWT_5alloc7raw_vecINtB5_6RawVecNtNtNtCs7z3mJhSrc6f_5gimli4read6abbrev22AttributeSpecificationE8grow_oneBS_
0000000000000000 T _RNvMs3_NtCs7z3mJhSrc6f_5gimli4archNtB5_3Arm13register_name
0000000000000000 T _RNvMs3_NtCs7z3mJhSrc6f_5gimli4archNtB5_3Arm16name_to_register
0000000000000000 T _RNvMs4_NtCs4rJUcQVFpWT_5alloc7raw_vecNtB5_11RawVecInner11finish_growCs7z3mJhSrc6f_5gimli
0000000000000000 T _RNvMs4_NtCs4rJUcQVFpWT_5alloc7raw_vecNtB5_11RawVecInner14grow_amortizedCs7z3mJhSrc6f_5gimli
0000000000000000 T _RNvMs4_NtCs4rJUcQVFpWT_5alloc7raw_vecNtB5_11RawVecInner15try_allocate_inCs7z3mJhSrc6f_5gimli
0000000000000000 T _RNvMs4_NtNtCs7z3mJhSrc6f_5gimli4read6abbrevNtB5_13Abbreviations6insert
0000000000000000 T _RNvMs4_NtNtNtNtCs4rJUcQVFpWT_5alloc11collections5btree3map5entryINtB5_11VacantEntryyNtNtNtCs7z3mJhSrc6f_5gimli4read6abbrev12AbbreviationE12insert_entryB1q_
0000000000000000 T _RNvMs5P_NtCs7z3mJhSrc6f_5gimli9constantsNtB6_4DwOp13static_string
0000000000000000 T _RNvMs5_NtNtCs7z3mJhSrc6f_5gimli4read6abbrevNtB5_12Abbreviation3new
0000000000000000 T _RNvMs5_NtNtNtNtCs4rJUcQVFpWT_5alloc11collections5btree3map5entryINtB5_13OccupiedEntryyNtNtNtCs7z3mJhSrc6f_5gimli4read6abbrev12AbbreviationE8into_mutB1s_
0000000000000000 T _RNvMs6_NtNtCs7z3mJhSrc6f_5gimli4read6abbrevNtB5_10Attributes4push
0000000000000000 T _RNvMs9_NtCs7z3mJhSrc6f_5gimli4archNtB5_7AArch6413register_name
0000000000000000 T _RNvMs9_NtCs7z3mJhSrc6f_5gimli4archNtB5_7AArch6416name_to_register
0000000000000000 T _RNvMsD_NtCs7z3mJhSrc6f_5gimli4archNtB5_6X86_6413register_name
0000000000000000 T _RNvMsD_NtCs7z3mJhSrc6f_5gimli4archNtB5_6X86_6416name_to_register
0000000000000000 T _RNvMsJ_NtCs7z3mJhSrc6f_5gimli4archNtB5_9PowerPc6413register_name
0000000000000000 T _RNvMsJ_NtCs7z3mJhSrc6f_5gimli4archNtB5_9PowerPc6416name_to_register
0000000000000000 T _RNvMsJ_NtNtNtCs4rJUcQVFpWT_5alloc11collections5btree4nodeINtB5_6HandleINtB5_7NodeRefNtNtB5_6marker3MutyNtNtNtCs7z3mJhSrc6f_5gimli4read6abbrev12AbbreviationNtB1m_4LeafENtB1m_4EdgeE10insert_fitB1J_
0000000000000000 T _RNvMsL_NtNtNtCs4rJUcQVFpWT_5alloc11collections5btree4nodeINtB5_6HandleINtB5_7NodeRefNtNtB5_6marker3MutyNtNtNtCs7z3mJhSrc6f_5gimli4read6abbrev12AbbreviationNtB1m_8InternalENtB1m_4EdgeE19correct_parent_linkB1J_
0000000000000000 T _RNvMsM_NtNtNtCs4rJUcQVFpWT_5alloc11collections5btree4nodeINtB5_6HandleINtB5_7NodeRefNtNtB5_6marker3MutyNtNtNtCs7z3mJhSrc6f_5gimli4read6abbrev12AbbreviationNtB1m_8InternalENtB1m_4EdgeE10insert_fitB1J_
0000000000000000 T _RNvMsP_NtNtNtCs4rJUcQVFpWT_5alloc11collections5btree4nodeINtB5_6HandleINtB5_7NodeRefNtNtB5_6marker5ImmutyNtNtNtCs7z3mJhSrc6f_5gimli4read6abbrev12AbbreviationNtB1m_14LeafOrInternalENtB1m_2KVE7into_kvB1L_
0000000000000000 T _RNvMsQ_NtNtNtCs4rJUcQVFpWT_5alloc11collections5btree4nodeINtB5_6HandleINtB5_7NodeRefNtNtB5_6marker3MutyNtNtNtCs7z3mJhSrc6f_5gimli4read6abbrev12AbbreviationNtB1m_14LeafOrInternalENtB1m_2KVE12into_val_mutB1J_
0000000000000000 T _RNvMsU_NtNtNtCs4rJUcQVFpWT_5alloc11collections5btree4nodeINtB5_6HandleINtB5_7NodeRefNtNtB5_6marker3MutyNtNtNtCs7z3mJhSrc6f_5gimli4read6abbrev12AbbreviationNtB1m_4LeafENtB1m_2KVE15split_leaf_dataB1J_
0000000000000000 T _RNvMsU_NtNtNtCs4rJUcQVFpWT_5alloc11collections5btree4nodeINtB5_6HandleINtB5_7NodeRefNtNtB5_6marker3MutyNtNtNtCs7z3mJhSrc6f_5gimli4read6abbrev12AbbreviationNtB1m_8InternalENtB1m_2KVE15split_leaf_dataB1J_
0000000000000000 T _RNvMsZ_NtCs7z3mJhSrc6f_5gimli9constantsNtB5_5DwTag13static_string
0000000000000000 T _RNvMs_NtCs4rJUcQVFpWT_5alloc5boxedINtB4_3BoxINtNtNtNtB6_11collections5btree4node12InternalNodeyNtNtNtCs7z3mJhSrc6f_5gimli4read6abbrev12AbbreviationEE13new_uninit_inB1B_
0000000000000000 T _RNvMs_NtCs4rJUcQVFpWT_5alloc5boxedINtB4_3BoxINtNtNtNtB6_11collections5btree4node12InternalNodeyNtNtNtCs7z3mJhSrc6f_5gimli4read6abbrev12AbbreviationEE17try_new_uninit_inB1B_
0000000000000000 T _RNvMs_NtCs4rJUcQVFpWT_5alloc5boxedINtB4_3BoxINtNtNtNtB6_11collections5btree4node8LeafNodeyNtNtNtCs7z3mJhSrc6f_5gimli4read6abbrev12AbbreviationEE13new_uninit_inB1w_
0000000000000000 T _RNvMs_NtCs4rJUcQVFpWT_5alloc5boxedINtB4_3BoxINtNtNtNtB6_11collections5btree4node8LeafNodeyNtNtNtCs7z3mJhSrc6f_5gimli4read6abbrev12AbbreviationEE17try_new_uninit_inB1w_
0000000000000000 T _RNvMs_NtCs7z3mJhSrc6f_5gimli4readNtB4_5Error11description
0000000000000000 T _RNvMs_NtNtCs7z3mJhSrc6f_5gimli4read5valueNtB4_5Value11reinterpret
0000000000000000 T _RNvMs_NtNtCs7z3mJhSrc6f_5gimli4read5valueNtB4_5Value2or
0000000000000000 T _RNvMs_NtNtCs7z3mJhSrc6f_5gimli4read5valueNtB4_5Value3and
0000000000000000 T _RNvMs_NtNtCs7z3mJhSrc6f_5gimli4read5valueNtB4_5Value3div
0000000000000000 T _RNvMs_NtNtCs7z3mJhSrc6f_5gimli4read5valueNtB4_5Value3not
0000000000000000 T _RNvMs_NtNtCs7z3mJhSrc6f_5gimli4read5valueNtB4_5Value3rem
0000000000000000 T _RNvMs_NtNtCs7z3mJhSrc6f_5gimli4read5valueNtB4_5Value3shl
0000000000000000 T _RNvMs_NtNtCs7z3mJhSrc6f_5gimli4read5valueNtB4_5Value3shr
0000000000000000 T _RNvMs_NtNtCs7z3mJhSrc6f_5gimli4read5valueNtB4_5Value3xor
0000000000000000 T _RNvMs_NtNtCs7z3mJhSrc6f_5gimli4read5valueNtB4_5Value4shra
0000000000000000 T _RNvMs_NtNtCs7z3mJhSrc6f_5gimli4read5valueNtB4_5Value7convert
0000000000000000 T _RNvMsf_NtCs7z3mJhSrc6f_5gimli4archNtB5_9LoongArch13register_name
0000000000000000 T _RNvMsf_NtCs7z3mJhSrc6f_5gimli4archNtB5_9LoongArch16name_to_register
0000000000000000 T _RNvMsi_NtNtNtCs4rJUcQVFpWT_5alloc11collections5btree3mapINtB5_8BTreeMapyNtNtNtCs7z3mJhSrc6f_5gimli4read6abbrev12AbbreviationE5entryB1e_
0000000000000000 T _RNvMsl_NtCs7z3mJhSrc6f_5gimli4archNtB5_4MIPS13register_name
0000000000000000 T _RNvMsl_NtCs7z3mJhSrc6f_5gimli4archNtB5_4MIPS16name_to_register
0000000000000000 T _RNvMsr_NtCs7z3mJhSrc6f_5gimli4archNtB5_5RiscV13register_name
0000000000000000 T _RNvMsr_NtCs7z3mJhSrc6f_5gimli4archNtB5_5RiscV16name_to_register
0000000000000000 T _RNvMsu_NtNtNtCs4rJUcQVFpWT_5alloc11collections5btree4nodeINtB5_7NodeRefNtNtB5_6marker3MutyNtNtNtCs7z3mJhSrc6f_5gimli4read6abbrev12AbbreviationNtB19_4LeafE16push_with_handleB1w_
0000000000000000 T _RNvMsv_NtNtNtCs4rJUcQVFpWT_5alloc11collections5btree4nodeINtB5_7NodeRefNtNtB5_6marker3MutyNtNtNtCs7z3mJhSrc6f_5gimli4read6abbrev12AbbreviationNtB19_8InternalE4pushB1w_
0000000000000000 T _RNvMsx_NtCs7z3mJhSrc6f_5gimli4archNtB5_3X8616name_to_register
0000000000000000 T _RNvXs10_NtCs7z3mJhSrc6f_5gimli9constantsNtB6_5DwTagNtNtCsdAiEuf0GwQL_4core3fmt7Display3fmt
0000000000000000 T _RNvXs1A_NtCs7z3mJhSrc6f_5gimli9constantsNtB6_5DwAteNtNtCsdAiEuf0GwQL_4core3fmt7Display3fmt
0000000000000000 T _RNvXs1M_NtCs7z3mJhSrc6f_5gimli9constantsNtB6_5DwLleNtNtCsdAiEuf0GwQL_4core3fmt7Display3fmt
0000000000000000 T _RNvXs1Y_NtCs7z3mJhSrc6f_5gimli9constantsNtB6_4DwDsNtNtCsdAiEuf0GwQL_4core3fmt7Display3fmt
0000000000000000 T _RNvXs1_NtCs4rJUcQVFpWT_5alloc7raw_vecINtB5_6RawVecNtNtNtCs7z3mJhSrc6f_5gimli4read6abbrev22AttributeSpecificationENtNtNtCsdAiEuf0GwQL_4core3ops4drop4Drop4dropBS_
0000000000000000 T _RNvXs1_NtCs4rJUcQVFpWT_5alloc7raw_vecINtB5_6RawVechENtNtNtCsdAiEuf0GwQL_4core3ops4drop4Drop4dropCs7z3mJhSrc6f_5gimli
0000000000000000 T _RNvXs1c_NtCs7z3mJhSrc6f_5gimli9constantsNtB6_4DwAtNtNtCsdAiEuf0GwQL_4core3fmt7Display3fmt
0000000000000000 T _RNvXs1g_NtCsdAiEuf0GwQL_4core3fmtRNtNtNtCs7z3mJhSrc6f_5gimli4read6abbrev22AttributeSpecificationNtB6_5Debug3fmtBC_
0000000000000000 T _RNvXs1g_NtCsdAiEuf0GwQL_4core3fmtRtNtB6_5Debug3fmtCs7z3mJhSrc6f_5gimli
0000000000000000 T _RNvXs1g_NtCsdAiEuf0GwQL_4core3fmtRxNtB6_5Debug3fmtCs7z3mJhSrc6f_5gimli
0000000000000000 T _RNvXs1o_NtCs7z3mJhSrc6f_5gimli9constantsNtB6_6DwFormNtNtCsdAiEuf0GwQL_4core3fmt7Display3fmt
0000000000000000 T _RNvXs2K_NtCs7z3mJhSrc6f_5gimli9constantsNtB6_12DwVirtualityNtNtCsdAiEuf0GwQL_4core3fmt7Display3fmt
0000000000000000 T _RNvXs2W_NtCs7z3mJhSrc6f_5gimli9constantsNtB6_6DwLangNtNtCsdAiEuf0GwQL_4core3fmt7Display3fmt
0000000000000000 T _RNvXs2_NtCs7z3mJhSrc6f_5gimli9constantsNtB5_6DwSectNtNtCsdAiEuf0GwQL_4core3fmt7Display3fmt
0000000000000000 T _RNvXs2_NtNtCs7z3mJhSrc6f_5gimli4read12endian_sliceNtB5_10DebugBytesNtNtCsdAiEuf0GwQL_4core3fmt5Debug3fmt
0000000000000000 T _RNvXs2_NtNtCsdAiEuf0GwQL_4core5slice3cmpNtNtNtCs7z3mJhSrc6f_5gimli4read6abbrev22AttributeSpecificationINtB5_14SlicePartialEqBC_E17equal_same_lengthBI_
0000000000000000 T _RNvXs2a_NtCs7z3mJhSrc6f_5gimli9constantsNtB6_5DwEndNtNtCsdAiEuf0GwQL_4core3fmt7Display3fmt
0000000000000000 T _RNvXs2m_NtCs7z3mJhSrc6f_5gimli9constantsNtB6_8DwAccessNtNtCsdAiEuf0GwQL_4core3fmt7Display3fmt
0000000000000000 T _RNvXs2y_NtCs7z3mJhSrc6f_5gimli9constantsNtB6_5DwVisNtNtCsdAiEuf0GwQL_4core3fmt7Display3fmt
0000000000000000 T _RNvXs38_NtCs7z3mJhSrc6f_5gimli9constantsNtB6_6DwAddrNtNtCsdAiEuf0GwQL_4core3fmt7Display3fmt
0000000000000000 T _RNvXs3I_NtCs7z3mJhSrc6f_5gimli9constantsNtB6_5DwInlNtNtCsdAiEuf0GwQL_4core3fmt7Display3fmt
0000000000000000 T _RNvXs3U_NtCs7z3mJhSrc6f_5gimli9constantsNtB6_5DwOrdNtNtCsdAiEuf0GwQL_4core3fmt7Display3fmt
0000000000000000 T _RNvXs3_NtNtCs7z3mJhSrc6f_5gimli4read12endian_sliceNtB5_9DebugByteNtNtCsdAiEuf0GwQL_4core3fmt5Debug3fmt
0000000000000000 T _RNvXs3k_NtCs7z3mJhSrc6f_5gimli9constantsNtB6_4DwIdNtNtCsdAiEuf0GwQL_4core3fmt7Display3fmt
0000000000000000 T _RNvXs3w_NtCs7z3mJhSrc6f_5gimli9constantsNtB6_4DwCcNtNtCsdAiEuf0GwQL_4core3fmt7Display3fmt
0000000000000000 T _RNvXs46_NtCs7z3mJhSrc6f_5gimli9constantsNtB6_5DwDscNtNtCsdAiEuf0GwQL_4core3fmt7Display3fmt
0000000000000000 T _RNvXs4G_NtCs7z3mJhSrc6f_5gimli9constantsNtB6_5DwLnsNtNtCsdAiEuf0GwQL_4core3fmt7Display3fmt
0000000000000000 T _RNvXs4S_NtCs7z3mJhSrc6f_5gimli9constantsNtB6_5DwLneNtNtCsdAiEuf0GwQL_4core3fmt7Display3fmt
0000000000000000 T _RNvXs4_NtNtCs7z3mJhSrc6f_5gimli4read12endian_sliceNtB5_8DebugLenNtNtCsdAiEuf0GwQL_4core3fmt5Debug3fmt
0000000000000000 T _RNvXs4i_NtCs7z3mJhSrc6f_5gimli9constantsNtB6_5DwIdxNtNtCsdAiEuf0GwQL_4core3fmt7Display3fmt
0000000000000000 T _RNvXs4u_NtCs7z3mJhSrc6f_5gimli9constantsNtB6_11DwDefaultedNtNtCsdAiEuf0GwQL_4core3fmt7Display3fmt
0000000000000000 T _RNvXs54_NtCs7z3mJhSrc6f_5gimli9constantsNtB6_6DwLnctNtNtCsdAiEuf0GwQL_4core3fmt7Display3fmt
0000000000000000 T _RNvXs5E_NtCs7z3mJhSrc6f_5gimli9constantsNtB6_5DwRleNtNtCsdAiEuf0GwQL_4core3fmt7Display3fmt
0000000000000000 T _RNvXs5Q_NtCs7z3mJhSrc6f_5gimli9constantsNtB6_4DwOpNtNtCsdAiEuf0GwQL_4core3fmt7Display3fmt
0000000000000000 T _RNvXs5g_NtCs7z3mJhSrc6f_5gimli9constantsNtB6_9DwMacinfoNtNtCsdAiEuf0GwQL_4core3fmt7Display3fmt
0000000000000000 T _RNvXs5s_NtCs7z3mJhSrc6f_5gimli9constantsNtB6_7DwMacroNtNtCsdAiEuf0GwQL_4core3fmt7Display3fmt
0000000000000000 T _RNvXs62_NtCs7z3mJhSrc6f_5gimli9constantsNtB6_6DwEhPeNtNtCsdAiEuf0GwQL_4core3fmt7Display3fmt
0000000000000000 T _RNvXs7_NtNtCs7z3mJhSrc6f_5gimli4read6abbrevNtB5_10AttributesNtNtCsdAiEuf0GwQL_4core3fmt5Debug3fmt
0000000000000000 T _RNvXs8_NtNtCs7z3mJhSrc6f_5gimli4read6abbrevNtB5_10AttributesNtNtCsdAiEuf0GwQL_4core3cmp9PartialEq2eq
0000000000000000 T _RNvXsC_NtCs7z3mJhSrc6f_5gimli9constantsNtB5_5DwCfaNtNtCsdAiEuf0GwQL_4core3fmt7Display3fmt
0000000000000000 T _RNvXsO_NtCs7z3mJhSrc6f_5gimli9constantsNtB5_10DwChildrenNtNtCsdAiEuf0GwQL_4core3fmt7Display3fmt
0000000000000000 T _RNvXs_NtNtNtCsdAiEuf0GwQL_4core4iter8adapters6copiedINtB4_6CopiedINtNtB6_4take4TakeINtNtNtBa_5slice4iter4IterhEEENtNtNtB8_6traits8iterator8Iterator4nextCs7z3mJhSrc6f_5gimli
0000000000000000 T _RNvXsa_NtNtCs7z3mJhSrc6f_5gimli4read6abbrevNtB5_10AttributesNtNtNtCsdAiEuf0GwQL_4core3ops5deref5Deref5deref
0000000000000000 T _RNvXse_NtCs7z3mJhSrc6f_5gimli9constantsNtB5_8DwSectV2NtNtCsdAiEuf0GwQL_4core3fmt7Display3fmt
0000000000000000 T _RNvXso_NtCs4rJUcQVFpWT_5alloc3vecINtB5_3VecNtNtNtCs7z3mJhSrc6f_5gimli4read6abbrev22AttributeSpecificationENtNtNtCsdAiEuf0GwQL_4core3ops4drop4Drop4dropBL_
0000000000000000 T _RNvXso_NtCs4rJUcQVFpWT_5alloc3vecINtB5_3VechENtNtNtCsdAiEuf0GwQL_4core3ops4drop4Drop4dropCs7z3mJhSrc6f_5gimli
0000000000000000 T _RNvXsq_NtCs7z3mJhSrc6f_5gimli9constantsNtB5_4DwUtNtNtCsdAiEuf0GwQL_4core3fmt7Display3fmt
0000000000000000 T _RNvXsr_NtCsdAiEuf0GwQL_4core3fmtSNtNtNtCs7z3mJhSrc6f_5gimli4read6abbrev22AttributeSpecificationNtB5_5Debug3fmtBB_

cfg_if-2e2bcd828f0e8bb4.cfg_if.5f018265b16f1d6b-cgu.0.rcgu.o:

rustc_demangle-a5d67bceeca09f53.rustc_demangle.6dfc3c8f05040282-cgu.0.rcgu.o:
0000000000000000 T _RINvMNtCsdAiEuf0GwQL_4core3stre18trim_start_matchesReECs9rrQAQrrnUY_14rustc_demangle
0000000000000000 T _RINvMs5_NtNtCsdAiEuf0GwQL_4core3fmt8buildersNtB6_9DebugList7entriesRhINtNtNtBa_5slice4iter4IterhEECs9rrQAQrrnUY_14rustc_demangle
0000000000000000 T _RINvXs0_NtNtNtCsdAiEuf0GwQL_4core4iter8adapters6copiedINtB6_6CopiedINtNtNtBc_5slice4iter4IterhEENtNtNtBa_6traits12double_ended19DoubleEndedIterator9try_rfoldjNCINvNvNtNtB1A_8iterator8Iterator9rposition5checkhNCNvMs2_NtCs9rrQAQrrnUY_14rustc_demangle2v0NtB3s_6Parser5ident0E0INtNtNtBc_3ops12control_flow11ControlFlowjjEEB3u_
0000000000000000 T _RNvCs9rrQAQrrnUY_14rustc_demangle12try_demangle
0000000000000000 T _RNvCs9rrQAQrrnUY_14rustc_demangle8demangle
0000000000000000 T _RNvMNtCsdAiEuf0GwQL_4core5sliceSh11starts_withCs9rrQAQrrnUY_14rustc_demangle
0000000000000000 T _RNvMs0_NtCsdAiEuf0GwQL_4core6escapeINtB5_15EscapeIterInnerKja_NtB5_12MaybeEscapedE4nextCs9rrQAQrrnUY_14rustc_demangle
0000000000000000 T _RNvXNtCs9rrQAQrrnUY_14rustc_demangle2v0NtB2_8DemangleNtNtCsdAiEuf0GwQL_4core3fmt7Display3fmt
0000000000000000 T _RNvXNtCs9rrQAQrrnUY_14rustc_demangle6legacyNtB2_8DemangleNtNtCsdAiEuf0GwQL_4core3fmt7Display3fmt
0000000000000000 T _RNvXNtCsdAiEuf0GwQL_4core3fmtQNtB2_9FormatterNtB2_5Write9write_strCs9rrQAQrrnUY_14rustc_demangle
0000000000000000 T _RNvXs0_Cs9rrQAQrrnUY_14rustc_demangleINtB5_21SizeLimitedFmtAdapterQNtNtCsdAiEuf0GwQL_4core3fmt9FormatterENtB15_5Write9write_strB5_
0000000000000000 T _RNvXs0_NtCs9rrQAQrrnUY_14rustc_demangle2v0NtB5_5IdentNtNtCsdAiEuf0GwQL_4core3fmt7Display3fmt
0000000000000000 T _RNvXs1_Cs9rrQAQrrnUY_14rustc_demangleNtB5_8DemangleNtNtCsdAiEuf0GwQL_4core3fmt7Display3fmt
0000000000000000 T _RNvXs1_NtNtNtCsdAiEuf0GwQL_4core4iter8adapters6copiedINtB5_6CopiedINtNtNtBb_5slice4iter4IterhEENtNtNtB9_6traits10exact_size17ExactSizeIterator3lenCs9rrQAQrrnUY_14rustc_demangle
0000000000000000 T _RNvXs1g_NtCsdAiEuf0GwQL_4core3fmtRNtNtNtB8_3num5error12IntErrorKindNtB6_5Debug3fmtCs9rrQAQrrnUY_14rustc_demangle
0000000000000000 T _RNvXs1g_NtCsdAiEuf0GwQL_4core3fmtReNtB6_5Debug3fmtCs9rrQAQrrnUY_14rustc_demangle
0000000000000000 T _RNvXs1g_NtCsdAiEuf0GwQL_4core3fmtRhNtB6_5Debug3fmtCs9rrQAQrrnUY_14rustc_demangle
0000000000000000 T _RNvXs1h_NtCsdAiEuf0GwQL_4core3fmtQShNtB6_5Debug3fmtCs9rrQAQrrnUY_14rustc_demangle
0000000000000000 T _RNvXs1i_NtCsdAiEuf0GwQL_4core3fmtRNtCs9rrQAQrrnUY_14rustc_demangle13DemangleStyleNtB6_7Display3fmtBy_
0000000000000000 T _RNvXs1i_NtCsdAiEuf0GwQL_4core3fmtReNtB6_7Display3fmtCs9rrQAQrrnUY_14rustc_demangle
0000000000000000 T _RNvXs2_Cs9rrQAQrrnUY_14rustc_demangleNtB5_8DemangleNtNtCsdAiEuf0GwQL_4core3fmt5Debug3fmt
0000000000000000 T _RNvXs_Cs9rrQAQrrnUY_14rustc_demangleNtB4_13DemangleStyleNtNtCsdAiEuf0GwQL_4core3fmt7Display3fmt
0000000000000000 T _RNvXsr_NtCsdAiEuf0GwQL_4core3fmtShNtB5_5Debug3fmtCs9rrQAQrrnUY_14rustc_demangle
0000000000000000 T _RNvYINtCs9rrQAQrrnUY_14rustc_demangle21SizeLimitedFmtAdapterQNtNtCsdAiEuf0GwQL_4core3fmt9FormatterENtBZ_5Write10write_charB5_
0000000000000000 T _RNvYINtCs9rrQAQrrnUY_14rustc_demangle21SizeLimitedFmtAdapterQNtNtCsdAiEuf0GwQL_4core3fmt9FormatterENtBZ_5Write9write_fmtB5_

std_detect-fac388328fc1373b.std_detect.11827c7c236be2bd-cgu.0.rcgu.o:
0000000000000000 V DW.ref.rust_eh_personality
0000000000000000 T _RNvMNtNtNtCs1vcDlVbcytZ_10std_detect6detect4arch5riscvNtB2_7Feature6to_str
0000000000000000 T _RNvNtNtCs1vcDlVbcytZ_10std_detect6detect5cache21detect_and_initialize
0000000000000000 B _RNvNtNtCs1vcDlVbcytZ_10std_detect6detect5cache5CACHE

hashbrown-4dbf785abc2b4e00.hashbrown.91c41fed09c14f6-cgu.0.rcgu.o:
0000000000000000 T _RNvMNtCsMuEhmGZvy4_9hashbrown3rawNtB2_11Fallibility17capacity_overflow
0000000000000000 T _RNvMNtCsMuEhmGZvy4_9hashbrown3rawNtB2_11Fallibility9alloc_err
0000000000000000 T _RNvXsR_NtCsMuEhmGZvy4_9hashbrown3rawNtB5_18RawIterHashIndicesNtNtCsdAiEuf0GwQL_4core7default7Default7default
0000000000000000 T _RNvXs_CsMuEhmGZvy4_9hashbrownNtB4_15TryReserveErrorNtNtCsdAiEuf0GwQL_4core3fmt7Display3fmt
0000000000000000 T _RNvXs_NtNtCsMuEhmGZvy4_9hashbrown7control3tagNtB4_3TagNtNtCsdAiEuf0GwQL_4core3fmt5Debug3fmt

rustc_std_workspace_alloc-1e033c740dec7739.rustc_std_workspace_alloc.812d347018fad894-cgu.0.rcgu.o:

miniz_oxide-640970e597e68786.miniz_oxide.eef22edc3d7dff1f-cgu.0.rcgu.o:
0000000000000000 T _RINvMNtCsdAiEuf0GwQL_4core5sliceSh11copy_withinINtNtNtB5_3ops5range14RangeInclusivejEECskvU3lN6zJuZ_11miniz_oxide
0000000000000000 T _RINvMNtCsdAiEuf0GwQL_4core6optionINtB3_6OptionRINtNtB5_4cell4CellhEE3zipBI_ECskvU3lN6zJuZ_11miniz_oxide
0000000000000000 T _RINvMNtCsdAiEuf0GwQL_4core6optionINtB3_6OptionTRINtNtB5_4cell4CellhEBJ_EE3zipBJ_ECskvU3lN6zJuZ_11miniz_oxide
0000000000000000 T _RINvNtCsdAiEuf0GwQL_4core5slice20copy_from_slice_implhECskvU3lN6zJuZ_11miniz_oxide
0000000000000000 T _RINvNtNtCsdAiEuf0GwQL_4core5slice5index5rangeINtNtNtB6_3ops5range14RangeInclusivejEECskvU3lN6zJuZ_11miniz_oxide
0000000000000000 T _RNvMNtNtNtCsdAiEuf0GwQL_4core4iter8adapters3zipINtB2_3ZipINtNtNtB8_5slice4iter4ItertEINtBW_7IterMutmEE9super_nthCskvU3lN6zJuZ_11miniz_oxide
0000000000000000 T _RNvNtCskvU3lN6zJuZ_11miniz_oxide6shared14update_adler32
0000000000000000 T _RNvNtNtCskvU3lN6zJuZ_11miniz_oxide7inflate4core10decompress
0000000000000000 T _RNvXs3_NtNtNtCsdAiEuf0GwQL_4core4iter8adapters3zipINtB5_3ZipINtNtNtBb_5slice4iter4ItertEINtBZ_7IterMutmEEINtB5_7ZipImplBW_B1o_E3newCskvU3lN6zJuZ_11miniz_oxide
0000000000000000 T _RNvXsX_NtCsdAiEuf0GwQL_4core5arrayAhj4_NtNtB7_7default7Default7defaultCskvU3lN6zJuZ_11miniz_oxide
0000000000000000 T _RNvXsZ_NtCsdAiEuf0GwQL_4core5arrayAhj2_NtNtB7_7default7Default7defaultCskvU3lN6zJuZ_11miniz_oxide
0000000000000000 T _RNvYINtNtNtCsdAiEuf0GwQL_4core5slice4iter4ItertENtNtNtNtB9_4iter8adapters3zip27TrustedRandomAccessNoCoerce4sizeCskvU3lN6zJuZ_11miniz_oxide
0000000000000000 T _RNvYINtNtNtCsdAiEuf0GwQL_4core5slice4iter7IterMutmENtNtNtNtB9_4iter8adapters3zip27TrustedRandomAccessNoCoerce4sizeCskvU3lN6zJuZ_11miniz_oxide

adler2-6209c3fc2f12dce1.adler2.2c90e5f413fe0a4d-cgu.0.rcgu.o:
0000000000000000 T _RNvCs3PdSmn5DBNx_6adler213adler32_slice
0000000000000000 T _RNvMCs3PdSmn5DBNx_6adler2NtB2_7Adler3211write_slice
0000000000000000 T _RNvXs0_Cs3PdSmn5DBNx_6adler2NtB5_7Adler32NtNtCsdAiEuf0GwQL_4core4hash6Hasher5write

unwind-a25727743d06ecea.unwind.1c426c901ad95ce-cgu.0.rcgu.o:

libc-30cddeda6d547e62.libc.fef52a64ec87d2ab-cgu.0.rcgu.o:
0000000000000000 T _RNvXNtNtNtNtCslT8i5xv9W41_4libc3new10linux_uapi5linux3canNtB2_35___c_anonymous_sockaddr_can_can_addrNtNtCsdAiEuf0GwQL_4core3fmt5Debug3fmt
0000000000000000 T _RNvXs22_NtNtNtCslT8i5xv9W41_4libc4unix10linux_like17linux_l4re_sharedNtB6_22___c_anonymous_ifr_ifruNtNtCsdAiEuf0GwQL_4core3fmt5Debug3fmt
0000000000000000 T _RNvXs2a_NtNtNtCslT8i5xv9W41_4libc4unix10linux_like17linux_l4re_sharedNtB6_22___c_anonymous_ifc_ifcuNtNtCsdAiEuf0GwQL_4core3fmt5Debug3fmt
0000000000000000 T _RNvXs4_NtNtNtNtCslT8i5xv9W41_4libc4unix10linux_like5linux4muslNtB5_8sifieldsNtNtCsdAiEuf0GwQL_4core3fmt5Debug3fmt
0000000000000000 T _RNvXs8G_NtNtNtCslT8i5xv9W41_4libc4unix10linux_like5linuxNtB6_34___c_anonymous_ptp_perout_request_1NtNtCsdAiEuf0GwQL_4core3fmt5Debug3fmt
0000000000000000 T _RNvXs8K_NtNtNtCslT8i5xv9W41_4libc4unix10linux_like5linuxNtB6_34___c_anonymous_ptp_perout_request_2NtNtCsdAiEuf0GwQL_4core3fmt5Debug3fmt
0000000000000000 T _RNvXs8W_NtNtNtCslT8i5xv9W41_4libc4unix10linux_like5linuxNtB6_35___c_anonymous_xsk_tx_metadata_unionNtNtCsdAiEuf0GwQL_4core3fmt5Debug3fmt
0000000000000000 T _RNvXs8a_NtNtNtCslT8i5xv9W41_4libc4unix10linux_like5linuxNtB6_13tpacket_req_uNtNtCsdAiEuf0GwQL_4core3fmt5Debug3fmt
0000000000000000 T _RNvXs8e_NtNtNtCslT8i5xv9W41_4libc4unix10linux_like5linuxNtB6_19tpacket_bd_header_uNtNtCsdAiEuf0GwQL_4core3fmt5Debug3fmt
0000000000000000 T _RNvXs8q_NtNtNtCslT8i5xv9W41_4libc4unix10linux_like5linuxNtB6_10iwreq_dataNtNtCsdAiEuf0GwQL_4core3fmt5Debug3fmt
0000000000000000 T _RNvXs8y_NtNtNtCslT8i5xv9W41_4libc4unix10linux_like5linuxNtB6_19___c_anonymous_iwreqNtNtCsdAiEuf0GwQL_4core3fmt5Debug3fmt
0000000000000000 T _RNvXsi_NtNtNtNtNtNtCslT8i5xv9W41_4libc4unix10linux_like5linux4musl3b647riscv64NtB5_19___riscv_mc_fp_stateNtNtCsdAiEuf0GwQL_4core3fmt5Debug3fmt

rustc_std_workspace_core-8f9a36ef2eaf2980.rustc_std_workspace_core.d340feda81d5e0da-cgu.0.rcgu.o:

alloc-13292e2535fd25b7.alloc.33cd4aec6e705271-cgu.0.rcgu.o:
0000000000000000 V DW.ref.rust_eh_personality
0000000000000000 T _RNvCs9wFQrvczXsK_7___rustc25___rdl_alloc_error_handler
0000000000000000 T _RNvMNtCs4rJUcQVFpWT_5alloc6stringNtB2_6String10from_utf16
0000000000000000 T _RNvMNtCs4rJUcQVFpWT_5alloc6stringNtB2_6String11try_reserve
0000000000000000 T _RNvMNtCs4rJUcQVFpWT_5alloc6stringNtB2_6String12from_utf16be
0000000000000000 T _RNvMNtCs4rJUcQVFpWT_5alloc6stringNtB2_6String12from_utf16le
0000000000000000 T _RNvMNtCs4rJUcQVFpWT_5alloc6stringNtB2_6String15from_utf8_lossy
0000000000000000 T _RNvMNtCs4rJUcQVFpWT_5alloc6stringNtB2_6String17try_reserve_exact
0000000000000000 T _RNvMNtCs4rJUcQVFpWT_5alloc6stringNtB2_6String18from_utf16be_lossy
0000000000000000 T _RNvMNtCs4rJUcQVFpWT_5alloc6stringNtB2_6String18from_utf16le_lossy
0000000000000000 T _RNvMNtCs4rJUcQVFpWT_5alloc6stringNtB2_6String21from_utf8_lossy_owned
0000000000000000 T _RNvMs19_NtCs4rJUcQVFpWT_5alloc6stringNtB6_5Drain6as_str
0000000000000000 T _RNvMs2_NtCs4rJUcQVFpWT_5alloc4wtf8NtB5_7Wtf8Buf11into_string
0000000000000000 T _RNvMs2_NtCs4rJUcQVFpWT_5alloc4wtf8NtB5_7Wtf8Buf17into_string_lossy
0000000000000000 T _RNvMs2_NtCs4rJUcQVFpWT_5alloc4wtf8NtB5_7Wtf8Buf25push_code_point_unchecked
0000000000000000 T _RNvMs2_NtCs4rJUcQVFpWT_5alloc4wtf8NtB5_7Wtf8Buf8from_box
0000000000000000 T _RNvMs2_NtCs4rJUcQVFpWT_5alloc4wtf8NtB5_7Wtf8Buf9from_wide
0000000000000000 T _RNvMs3_NtCs4rJUcQVFpWT_5alloc3stre12to_lowercase
0000000000000000 T _RNvMs3_NtCs4rJUcQVFpWT_5alloc3stre12to_uppercase
0000000000000000 T _RNvMs3_NtCs4rJUcQVFpWT_5alloc3stre17word_to_titlecase
0000000000000000 T _RNvMs3_NtCs4rJUcQVFpWT_5alloc7raw_vecINtB5_6RawVechE8grow_oneB7_
0000000000000000 T _RNvMs5_NtCs4rJUcQVFpWT_5alloc4wtf8NtNtCsdAiEuf0GwQL_4core4wtf84Wtf810clone_into
0000000000000000 T _RNvMs5_NtCs4rJUcQVFpWT_5alloc4wtf8NtNtCsdAiEuf0GwQL_4core4wtf84Wtf815to_string_lossy
0000000000000000 T _RNvMs5_NtCs4rJUcQVFpWT_5alloc4wtf8NtNtCsdAiEuf0GwQL_4core4wtf84Wtf87into_rc
0000000000000000 T _RNvMs5_NtCs4rJUcQVFpWT_5alloc4wtf8NtNtCsdAiEuf0GwQL_4core4wtf84Wtf88into_arc
0000000000000000 T _RNvMs5_NtCs4rJUcQVFpWT_5alloc4wtf8NtNtCsdAiEuf0GwQL_4core4wtf84Wtf88into_box
0000000000000000 T _RNvMs5_NtCs4rJUcQVFpWT_5alloc4wtf8NtNtCsdAiEuf0GwQL_4core4wtf84Wtf88to_owned
0000000000000000 T _RNvMsD_NtNtCs4rJUcQVFpWT_5alloc3ffi5c_strNtNtNtCsdAiEuf0GwQL_4core3ffi5c_str4CStr13into_c_string
0000000000000000 T _RNvMsD_NtNtCs4rJUcQVFpWT_5alloc3ffi5c_strNtNtNtCsdAiEuf0GwQL_4core3ffi5c_str4CStr15to_string_lossy
0000000000000000 T _RNvMs_NtCs4rJUcQVFpWT_5alloc6stringNtB4_13FromUtf8Error15into_utf8_lossy
0000000000000000 T _RNvMs_NtNtCs4rJUcQVFpWT_5alloc3ffi5c_strNtB4_7CString10into_bytes
0000000000000000 T _RNvMs_NtNtCs4rJUcQVFpWT_5alloc3ffi5c_strNtB4_7CString11into_string
0000000000000000 T _RNvMs_NtNtCs4rJUcQVFpWT_5alloc3ffi5c_strNtB4_7CString16into_boxed_c_str
0000000000000000 T _RNvMs_NtNtCs4rJUcQVFpWT_5alloc3ffi5c_strNtB4_7CString17from_vec_with_nul
0000000000000000 T _RNvMs_NtNtCs4rJUcQVFpWT_5alloc3ffi5c_strNtB4_7CString18from_vec_unchecked
0000000000000000 T _RNvMs_NtNtCs4rJUcQVFpWT_5alloc3ffi5c_strNtB4_7CString19__from_vec_unchecked
0000000000000000 T _RNvMs_NtNtCs4rJUcQVFpWT_5alloc3ffi5c_strNtB4_7CString19into_bytes_with_nul
0000000000000000 T _RNvMs_NtNtCs4rJUcQVFpWT_5alloc3ffi5c_strNtB4_7CString27from_vec_with_nul_unchecked
0000000000000000 T _RNvMs_NtNtCs4rJUcQVFpWT_5alloc3ffi5c_strNtB4_7CString8from_raw
0000000000000000 T _RNvNtCs4rJUcQVFpWT_5alloc2rc32rc_inner_layout_for_value_layout
0000000000000000 D _RNvNtCs4rJUcQVFpWT_5alloc4sync18STATIC_INNER_SLICE
0000000000000000 T _RNvNtCs4rJUcQVFpWT_5alloc4sync32arcinner_layout_for_value_layout
0000000000000000 T _RNvNtCs4rJUcQVFpWT_5alloc5alloc18handle_alloc_error
0000000000000000 T _RNvNtCs4rJUcQVFpWT_5alloc7raw_vec12handle_error
0000000000000000 T _RNvNtCs4rJUcQVFpWT_5alloc7raw_vec17capacity_overflow
0000000000000000 T _RNvNvMs_NtCs4rJUcQVFpWT_5alloc3vecINtB6_3VecppE10insert_mut13assert_failed
0000000000000000 T _RNvNvMs_NtCs4rJUcQVFpWT_5alloc3vecINtB6_3VecppE11swap_remove13assert_failed
0000000000000000 T _RNvNvMs_NtCs4rJUcQVFpWT_5alloc3vecINtB6_3VecppE6remove13assert_failed
0000000000000000 T _RNvNvMs_NtCs4rJUcQVFpWT_5alloc3vecINtB6_3VecppE9split_off13assert_failed
0000000000000000 T _RNvNvNtCs4rJUcQVFpWT_5alloc3fmt6format12format_inner
0000000000000000 T _RNvNvNtCs4rJUcQVFpWT_5alloc5alloc18handle_alloc_error8ct_error
0000000000000000 T _RNvXNvMNtCs4rJUcQVFpWT_5alloc6stringNtB5_6String6retainNtB2_12SetLenOnDropNtNtNtCsdAiEuf0GwQL_4core3ops4drop4Drop4drop
0000000000000000 T _RNvXs0_NtCs4rJUcQVFpWT_5alloc6stringNtB5_13FromUtf8ErrorNtNtCsdAiEuf0GwQL_4core3fmt7Display3fmt
0000000000000000 T _RNvXs0_NtNtNtCs4rJUcQVFpWT_5alloc11collections9vec_deque5indexNtB5_12WrappedIndexNtNtCsdAiEuf0GwQL_4core3fmt7Display3fmt
0000000000000000 T _RNvXs0_NvMs_NtNtCs4rJUcQVFpWT_5alloc3ffi5c_strNtBa_7CString3newReNtB5_11SpecNewImpl13spec_new_impl
0000000000000000 T _RNvXs0_NvXsf_NtNtCs4rJUcQVFpWT_5alloc5boxed7convertINtBd_3BoxDNtNtCsdAiEuf0GwQL_4core5error5ErrorNtNtB12_6marker4SyncNtB1z_4SendEL_EINtNtB12_7convert4FromNtNtBf_6string6StringE4fromNtB5_11StringErrorNtNtB12_3fmt5Debug3fmt
0000000000000000 T _RNvXs10_NtCs4rJUcQVFpWT_5alloc6stringNtB6_9IntoCharsNtNtCsdAiEuf0GwQL_4core3fmt5Debug3fmt
0000000000000000 T _RNvXs15_NtCs4rJUcQVFpWT_5alloc6stringNtB6_5DrainNtNtCsdAiEuf0GwQL_4core3fmt5Debug3fmt
0000000000000000 T _RNvXs18_NtCs4rJUcQVFpWT_5alloc6stringNtB6_5DrainNtNtNtCsdAiEuf0GwQL_4core3ops4drop4Drop4drop
0000000000000000 T _RNvXs1K_NtNtNtCs4rJUcQVFpWT_5alloc11collections5btree3mapNtB6_17UnorderedKeyErrorNtNtCsdAiEuf0GwQL_4core3fmt7Display3fmt
0000000000000000 T _RNvXs1_NtCs4rJUcQVFpWT_5alloc4wtf8NtB5_7Wtf8BufNtNtCsdAiEuf0GwQL_4core3fmt7Display3fmt
0000000000000000 T _RNvXs1_NtCs4rJUcQVFpWT_5alloc6stringNtB5_14FromUtf16ErrorNtNtCsdAiEuf0GwQL_4core3fmt7Display3fmt
0000000000000000 T _RNvXs1_NvMs_NtNtCs4rJUcQVFpWT_5alloc3ffi5c_strNtBa_7CString3newQShNtB5_11SpecNewImpl13spec_new_impl
0000000000000000 T _RNvXs1a_NtCs4rJUcQVFpWT_5alloc6stringNtB6_5DrainINtNtCsdAiEuf0GwQL_4core7convert5AsRefeE6as_ref
0000000000000000 T _RNvXs1b_NtCs4rJUcQVFpWT_5alloc6stringNtB6_5DrainINtNtCsdAiEuf0GwQL_4core7convert5AsRefShE6as_ref
0000000000000000 T _RNvXs1c_NtCs4rJUcQVFpWT_5alloc6stringNtB6_5DrainNtNtNtNtCsdAiEuf0GwQL_4core4iter6traits8iterator8Iterator9size_hint
0000000000000000 T _RNvXs2_NtCs4rJUcQVFpWT_5alloc11collectionsNtB5_15TryReserveErrorNtNtCsdAiEuf0GwQL_4core3fmt7Display3fmt
0000000000000000 T _RNvXs2_NtNtCs4rJUcQVFpWT_5alloc3ffi5c_strNtB5_7CStringNtNtCsdAiEuf0GwQL_4core3fmt5Debug3fmt
0000000000000000 T _RNvXs4_NtCs4rJUcQVFpWT_5alloc6stringNtB5_6StringNtNtCsdAiEuf0GwQL_4core5clone5Clone10clone_from
0000000000000000 T _RNvXs4_NtCs4rJUcQVFpWT_5alloc6stringNtB5_6StringNtNtCsdAiEuf0GwQL_4core5clone5Clone5clone
0000000000000000 T _RNvXs4_NtNtCs4rJUcQVFpWT_5alloc3ffi5c_strNtB5_7CStringNtNtCsdAiEuf0GwQL_4core7default7Default7default
0000000000000000 T _RNvXs7_NtNtCs4rJUcQVFpWT_5alloc3ffi5c_strINtNtB9_5boxed3BoxNtNtNtCsdAiEuf0GwQL_4core3ffi5c_str4CStrEINtNtB11_7convert4FromRBV_E4from
0000000000000000 T _RNvXs8_NtNtCs4rJUcQVFpWT_5alloc3ffi5c_strINtNtB9_5boxed3BoxNtNtNtCsdAiEuf0GwQL_4core3ffi5c_str4CStrEINtNtB11_7convert4FromQBV_E4from
0000000000000000 T _RNvXsD_NtCs4rJUcQVFpWT_5alloc3vecINtB5_3VechEINtNtCsdAiEuf0GwQL_4core7convert4FromReE4from
0000000000000000 T _RNvXsN_NtCs4rJUcQVFpWT_5alloc6stringNtB5_6StringINtNtCsdAiEuf0GwQL_4core7convert4FromINtNtB7_5boxed3BoxeEE4from
0000000000000000 T _RNvXsO_NtCs4rJUcQVFpWT_5alloc6stringINtNtB7_5boxed3BoxeEINtNtCsdAiEuf0GwQL_4core7convert4FromNtB5_6StringE4from
0000000000000000 T _RNvXsP_NtCs4rJUcQVFpWT_5alloc6stringNtB5_6StringINtNtCsdAiEuf0GwQL_4core7convert4FromINtNtB7_6borrow3CoweEE4from
0000000000000000 T _RNvXsY_NtCs4rJUcQVFpWT_5alloc6stringNtB5_6StringINtNtCsdAiEuf0GwQL_4core7convert7TryFromINtNtB7_3vec3VechEE8try_from
0000000000000000 T _RNvXs_NvMs_NtNtCs4rJUcQVFpWT_5alloc3ffi5c_strNtB9_7CString3newRShNtB4_11SpecNewImpl13spec_new_impl
0000000000000000 T _RNvXs_NvXsf_NtNtCs4rJUcQVFpWT_5alloc5boxed7convertINtBc_3BoxDNtNtCsdAiEuf0GwQL_4core5error5ErrorNtNtB11_6marker4SyncNtB1y_4SendEL_EINtNtB11_7convert4FromNtNtBe_6string6StringE4fromNtB4_11StringErrorNtNtB11_3fmt7Display3fmt
0000000000000000 T _RNvXsf_NtCs4rJUcQVFpWT_5alloc5boxedINtB5_3BoxeENtNtCsdAiEuf0GwQL_4core5clone5Clone5clone
0000000000000000 T _RNvXsg_NtNtCs4rJUcQVFpWT_5alloc5boxed7convertINtB7_3BoxDNtNtCsdAiEuf0GwQL_4core5error5ErrorEL_EINtNtBW_7convert4FromNtNtB9_6string6StringE4from
0000000000000000 T _RNvXsh_NtCs4rJUcQVFpWT_5alloc6borrowINtB5_3CoweEINtNtNtCsdAiEuf0GwQL_4core3ops5arith9AddAssignReE10add_assign
0000000000000000 T _RNvXsh_NtCs4rJUcQVFpWT_5alloc6stringSReNtB5_13SpecExtendStr16spec_extend_into
0000000000000000 T _RNvXsi_NtCs4rJUcQVFpWT_5alloc6borrowINtB5_3CoweENtNtNtCsdAiEuf0GwQL_4core3ops5arith9AddAssign10add_assign
0000000000000000 T _RNvXsi_NtNtCs4rJUcQVFpWT_5alloc5boxed7convertINtB7_3BoxDNtNtCsdAiEuf0GwQL_4core5error5ErrorEL_EINtNtBW_7convert4FromReE4from
0000000000000000 T _RNvXsj_NtNtCs4rJUcQVFpWT_5alloc5boxed7convertINtB7_3BoxDNtNtCsdAiEuf0GwQL_4core5error5ErrorNtNtBW_6marker4SyncNtB1t_4SendEL_EINtNtBW_7convert4FromINtNtB9_6borrow3CoweEE4from
0000000000000000 T _RNvXsk_NtNtCs4rJUcQVFpWT_5alloc5boxed7convertINtB7_3BoxDNtNtCsdAiEuf0GwQL_4core5error5ErrorEL_EINtNtBW_7convert4FromINtNtB9_6borrow3CoweEE4from
0000000000000000 T _RNvXso_NtCs4rJUcQVFpWT_5alloc6stringRNtB5_6StringNtNtNtCsdAiEuf0GwQL_4core3str7pattern7Pattern13into_searcher
0000000000000000 T _RNvXsq_NtNtCs4rJUcQVFpWT_5alloc3ffi5c_strINtNtB9_5boxed3BoxNtNtNtCsdAiEuf0GwQL_4core3ffi5c_str4CStrENtNtB11_7default7Default7default
0000000000000000 T _RNvXss_NtNtCs4rJUcQVFpWT_5alloc3ffi5c_strNtB5_8NulErrorNtNtCsdAiEuf0GwQL_4core3fmt7Display3fmt
0000000000000000 T _RNvXst_NtNtCs4rJUcQVFpWT_5alloc3ffi5c_strNtB5_19FromVecWithNulErrorNtNtCsdAiEuf0GwQL_4core3fmt7Display3fmt
0000000000000000 T _RNvXsv_NtNtCs4rJUcQVFpWT_5alloc3ffi5c_strNtB5_15IntoStringErrorNtNtCsdAiEuf0GwQL_4core3fmt7Display3fmt
0000000000000000 T _RNvXsw_NtNtCs4rJUcQVFpWT_5alloc3ffi5c_strNtNtNtCsdAiEuf0GwQL_4core3ffi5c_str4CStrNtNtB9_6borrow7ToOwned10clone_into
0000000000000000 T _RNvXsw_NtNtCs4rJUcQVFpWT_5alloc3ffi5c_strNtNtNtCsdAiEuf0GwQL_4core3ffi5c_str4CStrNtNtB9_6borrow7ToOwned8to_owned
0000000000000000 T _RNvXsx_NtNtCs4rJUcQVFpWT_5alloc3ffi5c_strNtB5_7CStringINtNtCsdAiEuf0GwQL_4core7convert4FromRNtNtNtBV_3ffi5c_str4CStrE4from

core-f14598aa12d082ae.core.9e3d1b0d75dca599-cgu.0.rcgu.o:
0000000000000000 V DW.ref.rust_eh_personality
0000000000000000 T _RINvNtCsdAiEuf0GwQL_4core9panicking13assert_failedINtNtB4_6option6OptionjEBM_EB4_
0000000000000000 T _RINvNtCsdAiEuf0GwQL_4core9panicking13assert_failedjjEB4_
0000000000000000 T _RINvNtCsdAiEuf0GwQL_4core9panicking13assert_failedyyEB4_
0000000000000000 T _RNvMNtCsdAiEuf0GwQL_4core3stre12escape_debug
0000000000000000 T _RNvMNtCsdAiEuf0GwQL_4core3stre12substr_range
0000000000000000 T _RNvMNtCsdAiEuf0GwQL_4core3stre13from_utf8_mut
0000000000000000 T _RNvMNtCsdAiEuf0GwQL_4core3stre22split_at_mut_unchecked
0000000000000000 T _RNvMNtCsdAiEuf0GwQL_4core3stre9from_utf8
0000000000000000 T _RNvMNtNtNtCsdAiEuf0GwQL_4core3num3imp3fmtNtB2_4Part3len
0000000000000000 T _RNvMNtNtNtCsdAiEuf0GwQL_4core3num3imp3fmtNtB2_4Part5write
0000000000000000 T _RNvMNtNtNtCsdAiEuf0GwQL_4core3num3imp9diy_floatNtB2_2Fp12normalize_to
0000000000000000 T _RNvMNtNtNtNtCsdAiEuf0GwQL_4core3num3imp6bignum5testsNtB2_6Big8x310bit_length
0000000000000000 T _RNvMNtNtNtNtCsdAiEuf0GwQL_4core3num3imp6bignum5testsNtB2_6Big8x310mul_digits
0000000000000000 T _RNvMNtNtNtNtCsdAiEuf0GwQL_4core3num3imp6bignum5testsNtB2_6Big8x313div_rem_small
0000000000000000 T _RNvMNtNtNtNtCsdAiEuf0GwQL_4core3num3imp6bignum5testsNtB2_6Big8x33add
0000000000000000 T _RNvMNtNtNtNtCsdAiEuf0GwQL_4core3num3imp6bignum5testsNtB2_6Big8x33sub
0000000000000000 T _RNvMNtNtNtNtCsdAiEuf0GwQL_4core3num3imp6bignum5testsNtB2_6Big8x36digits
0000000000000000 T _RNvMNtNtNtNtCsdAiEuf0GwQL_4core3num3imp6bignum5testsNtB2_6Big8x37is_zero
0000000000000000 T _RNvMNtNtNtNtCsdAiEuf0GwQL_4core3num3imp6bignum5testsNtB2_6Big8x38mul_pow2
0000000000000000 T _RNvMNtNtNtNtCsdAiEuf0GwQL_4core3num3imp6bignum5testsNtB2_6Big8x38mul_pow5
0000000000000000 T _RNvMNtNtNtNtCsdAiEuf0GwQL_4core3num3imp6bignum5testsNtB2_6Big8x39mul_small
0000000000000000 T _RNvMs0_NtNtCsdAiEuf0GwQL_4core3fmt3numo11format_into
0000000000000000 T _RNvMs0_NtNtCsdAiEuf0GwQL_4core3fmt3numo4__fmt
0000000000000000 T _RNvMs0_NtNtNtCsdAiEuf0GwQL_4core3fmt3num3imph4__fmt
0000000000000000 T _RNvMs1_NtNtCsdAiEuf0GwQL_4core3fmt3numn11format_into
0000000000000000 T _RNvMs1_NtNtCsdAiEuf0GwQL_4core3fmt8buildersNtB5_11DebugStruct21finish_non_exhaustive
0000000000000000 T _RNvMs1_NtNtCsdAiEuf0GwQL_4core3fmt8buildersNtB5_11DebugStruct5field
0000000000000000 T _RNvMs1_NtNtCsdAiEuf0GwQL_4core3fmt8buildersNtB5_11DebugStruct6finish
0000000000000000 T _RNvMs1_NtNtCsdAiEuf0GwQL_4core3net6parserNtNtB7_7ip_addr8Ipv4Addr11parse_ascii
0000000000000000 T _RNvMs1_NtNtNtCsdAiEuf0GwQL_4core3fmt3num3impa11format_into
0000000000000000 T _RNvMs2_NtNtCsdAiEuf0GwQL_4core3fmt8buildersNtB5_10DebugTuple21finish_non_exhaustive
0000000000000000 T _RNvMs2_NtNtCsdAiEuf0GwQL_4core3fmt8buildersNtB5_10DebugTuple5field
0000000000000000 T _RNvMs2_NtNtCsdAiEuf0GwQL_4core3fmt8buildersNtB5_10DebugTuple6finish
0000000000000000 T _RNvMs2_NtNtNtCsdAiEuf0GwQL_4core3fmt3num3imph11format_into
0000000000000000 T _RNvMs2_NtNtNtCsdAiEuf0GwQL_4core3num3imp6bignumNtB5_8Big32x4010bit_length
0000000000000000 T _RNvMs2_NtNtNtCsdAiEuf0GwQL_4core3num3imp6bignumNtB5_8Big32x4010mul_digits
0000000000000000 T _RNvMs2_NtNtNtCsdAiEuf0GwQL_4core3num3imp6bignumNtB5_8Big32x4013div_rem_small
0000000000000000 T _RNvMs2_NtNtNtCsdAiEuf0GwQL_4core3num3imp6bignumNtB5_8Big32x403add
0000000000000000 T _RNvMs2_NtNtNtCsdAiEuf0GwQL_4core3num3imp6bignumNtB5_8Big32x403sub
0000000000000000 T _RNvMs2_NtNtNtCsdAiEuf0GwQL_4core3num3imp6bignumNtB5_8Big32x406digits
0000000000000000 T _RNvMs2_NtNtNtCsdAiEuf0GwQL_4core3num3imp6bignumNtB5_8Big32x407is_zero
0000000000000000 T _RNvMs2_NtNtNtCsdAiEuf0GwQL_4core3num3imp6bignumNtB5_8Big32x408mul_pow2
0000000000000000 T _RNvMs2_NtNtNtCsdAiEuf0GwQL_4core3num3imp6bignumNtB5_8Big32x408mul_pow5
0000000000000000 T _RNvMs2_NtNtNtCsdAiEuf0GwQL_4core3num3imp6bignumNtB5_8Big32x409mul_small
0000000000000000 T _RNvMs3_NtNtCsdAiEuf0GwQL_4core3ffi5c_strNtB5_4CStr19from_bytes_with_nul
0000000000000000 T _RNvMs3_NtNtCsdAiEuf0GwQL_4core3ffi5c_strNtB5_4CStr20from_bytes_until_nul
0000000000000000 T _RNvMs3_NtNtCsdAiEuf0GwQL_4core3ffi5c_strNtB5_4CStr6to_str
0000000000000000 T _RNvMs3_NtNtCsdAiEuf0GwQL_4core3net6parserNtNtB7_7ip_addr8Ipv6Addr11parse_ascii
0000000000000000 T _RNvMs4_NtNtCsdAiEuf0GwQL_4core3fmt8buildersNtB5_8DebugSet21finish_non_exhaustive
0000000000000000 T _RNvMs4_NtNtCsdAiEuf0GwQL_4core3fmt8buildersNtB5_8DebugSet5entry
0000000000000000 T _RNvMs4_NtNtCsdAiEuf0GwQL_4core3fmt8buildersNtB5_8DebugSet6finish
0000000000000000 T _RNvMs5_NtNtCsdAiEuf0GwQL_4core3fmt8buildersNtB5_9DebugList21finish_non_exhaustive
0000000000000000 T _RNvMs5_NtNtCsdAiEuf0GwQL_4core3fmt8buildersNtB5_9DebugList5entry
0000000000000000 T _RNvMs5_NtNtCsdAiEuf0GwQL_4core3fmt8buildersNtB5_9DebugList6finish
0000000000000000 T _RNvMs5_NtNtCsdAiEuf0GwQL_4core3net6parserNtNtB7_11socket_addr12SocketAddrV411parse_ascii
0000000000000000 T _RNvMs5_NtNtNtCsdAiEuf0GwQL_4core3fmt3num3impt4__fmt
0000000000000000 T _RNvMs6_NtNtCsdAiEuf0GwQL_4core3fmt8buildersNtB5_8DebugMap21finish_non_exhaustive
0000000000000000 T _RNvMs6_NtNtCsdAiEuf0GwQL_4core3fmt8buildersNtB5_8DebugMap3key
0000000000000000 T _RNvMs6_NtNtCsdAiEuf0GwQL_4core3fmt8buildersNtB5_8DebugMap5entry
0000000000000000 T _RNvMs6_NtNtCsdAiEuf0GwQL_4core3fmt8buildersNtB5_8DebugMap5value
0000000000000000 T _RNvMs6_NtNtCsdAiEuf0GwQL_4core3fmt8buildersNtB5_8DebugMap6finish
0000000000000000 T _RNvMs6_NtNtNtCsdAiEuf0GwQL_4core3fmt3num3imps11format_into
0000000000000000 T _RNvMs7_NtNtCsdAiEuf0GwQL_4core3net6parserNtNtB7_11socket_addr12SocketAddrV611parse_ascii
0000000000000000 T _RNvMs7_NtNtNtCsdAiEuf0GwQL_4core3fmt3num3impt11format_into
0000000000000000 T _RNvMs9_NtNtCsdAiEuf0GwQL_4core3net6parserNtNtB7_11socket_addr10SocketAddr11parse_ascii
0000000000000000 T _RNvMs_NtCsdAiEuf0GwQL_4core3fmtNtB4_17FormattingOptions8get_fill
0000000000000000 T _RNvMs_NtNtCsdAiEuf0GwQL_4core3fmt8buildersNtB4_10PadAdapter4wrap
0000000000000000 T _RNvMs_NtNtCsdAiEuf0GwQL_4core3net6parserNtNtB6_7ip_addr6IpAddr11parse_ascii
0000000000000000 T _RNvMs_NtNtNtCsdAiEuf0GwQL_4core3num3imp3fmtNtB4_9Formatted3len
0000000000000000 T _RNvMs_NtNtNtCsdAiEuf0GwQL_4core3num3imp3fmtNtB4_9Formatted5write
0000000000000000 T _RNvMs_NtNtNtNtCsdAiEuf0GwQL_4core3num3imp7dec2flt11decimal_seqNtB4_10DecimalSeq10left_shift
0000000000000000 T _RNvMs_NtNtNtNtCsdAiEuf0GwQL_4core3num3imp7dec2flt11decimal_seqNtB4_10DecimalSeq11right_shift
0000000000000000 T _RNvMs_NtNtNtNtCsdAiEuf0GwQL_4core3num3imp7dec2flt11decimal_seqNtB4_10DecimalSeq5round
0000000000000000 T _RNvMsa_NtCsdAiEuf0GwQL_4core3fmtNtB5_9Formatter10debug_list
0000000000000000 T _RNvMsa_NtCsdAiEuf0GwQL_4core3fmtNtB5_9Formatter11debug_tuple
0000000000000000 T _RNvMsa_NtCsdAiEuf0GwQL_4core3fmtNtB5_9Formatter12debug_struct
0000000000000000 T _RNvMsa_NtCsdAiEuf0GwQL_4core3fmtNtB5_9Formatter12pad_integral
0000000000000000 T _RNvMsa_NtCsdAiEuf0GwQL_4core3fmtNtB5_9Formatter25debug_tuple_field1_finish
0000000000000000 T _RNvMsa_NtCsdAiEuf0GwQL_4core3fmtNtB5_9Formatter25debug_tuple_field2_finish
0000000000000000 T _RNvMsa_NtCsdAiEuf0GwQL_4core3fmtNtB5_9Formatter25debug_tuple_field3_finish
0000000000000000 T _RNvMsa_NtCsdAiEuf0GwQL_4core3fmtNtB5_9Formatter25debug_tuple_field4_finish
0000000000000000 T _RNvMsa_NtCsdAiEuf0GwQL_4core3fmtNtB5_9Formatter25debug_tuple_field5_finish
0000000000000000 T _RNvMsa_NtCsdAiEuf0GwQL_4core3fmtNtB5_9Formatter25debug_tuple_fields_finish
0000000000000000 T _RNvMsa_NtCsdAiEuf0GwQL_4core3fmtNtB5_9Formatter26debug_struct_field1_finish
0000000000000000 T _RNvMsa_NtCsdAiEuf0GwQL_4core3fmtNtB5_9Formatter26debug_struct_field2_finish
0000000000000000 T _RNvMsa_NtCsdAiEuf0GwQL_4core3fmtNtB5_9Formatter26debug_struct_field3_finish
0000000000000000 T _RNvMsa_NtCsdAiEuf0GwQL_4core3fmtNtB5_9Formatter26debug_struct_field4_finish
0000000000000000 T _RNvMsa_NtCsdAiEuf0GwQL_4core3fmtNtB5_9Formatter26debug_struct_field5_finish
0000000000000000 T _RNvMsa_NtCsdAiEuf0GwQL_4core3fmtNtB5_9Formatter26debug_struct_fields_finish
0000000000000000 T _RNvMsa_NtCsdAiEuf0GwQL_4core3fmtNtB5_9Formatter3pad
0000000000000000 T _RNvMsa_NtCsdAiEuf0GwQL_4core3fmtNtB5_9Formatter4fill
0000000000000000 T _RNvMsa_NtCsdAiEuf0GwQL_4core3fmtNtB5_9Formatter9debug_map
0000000000000000 T _RNvMsa_NtCsdAiEuf0GwQL_4core3fmtNtB5_9Formatter9debug_set
0000000000000000 T _RNvMsa_NtCsdAiEuf0GwQL_4core3fmtNtB5_9Formatter9write_str
0000000000000000 T _RNvMsa_NtNtNtCsdAiEuf0GwQL_4core3fmt3num3impm4__fmt
0000000000000000 T _RNvMsb_NtNtNtCsdAiEuf0GwQL_4core3fmt3num3impl11format_into
0000000000000000 T _RNvMsc_NtNtNtCsdAiEuf0GwQL_4core3fmt3num3impm11format_into
0000000000000000 T _RNvMsf_NtNtNtCsdAiEuf0GwQL_4core3fmt3num3impy4__fmt
0000000000000000 T _RNvMsg_NtNtNtCsdAiEuf0GwQL_4core3fmt3num3impx11format_into
0000000000000000 T _RNvMsh_NtNtNtCsdAiEuf0GwQL_4core3fmt3num3impy11format_into
0000000000000000 T _RNvMsk_NtNtNtCsdAiEuf0GwQL_4core3fmt3num3impj4__fmt
0000000000000000 T _RNvMsl_NtNtNtCsdAiEuf0GwQL_4core3fmt3num3impi11format_into
0000000000000000 T _RNvMsm_NtNtNtCsdAiEuf0GwQL_4core3fmt3num3impj11format_into
0000000000000000 T _RNvMsu_NtNtCsdAiEuf0GwQL_4core3str7patternNtB5_11StrSearcher3new
0000000000000000 T _RNvNtCsdAiEuf0GwQL_4core3fmt17pointer_fmt_inner
0000000000000000 T _RNvNtCsdAiEuf0GwQL_4core3fmt5write
0000000000000000 T _RNvNtCsdAiEuf0GwQL_4core3num22from_ascii_radix_panic
0000000000000000 T _RNvNtCsdAiEuf0GwQL_4core3str16slice_error_fail
0000000000000000 T _RNvNtCsdAiEuf0GwQL_4core3str19slice_error_fail_ct
0000000000000000 T _RNvNtCsdAiEuf0GwQL_4core3str19slice_error_fail_rt
0000000000000000 T _RNvNtCsdAiEuf0GwQL_4core4cell22panic_already_borrowed
0000000000000000 T _RNvNtCsdAiEuf0GwQL_4core4cell30panic_already_mutably_borrowed
0000000000000000 T _RNvNtCsdAiEuf0GwQL_4core4wtf816slice_error_fail
0000000000000000 T _RNvNtCsdAiEuf0GwQL_4core5ascii14escape_default
0000000000000000 T _RNvNtCsdAiEuf0GwQL_4core6option13expect_failed
0000000000000000 T _RNvNtCsdAiEuf0GwQL_4core6option13unwrap_failed
0000000000000000 T _RNvNtCsdAiEuf0GwQL_4core6result13unwrap_failed
0000000000000000 T _RNvNtCsdAiEuf0GwQL_4core9panicking14panic_nounwind
0000000000000000 T _RNvNtCsdAiEuf0GwQL_4core9panicking15const_panic_fmt
0000000000000000 T _RNvNtCsdAiEuf0GwQL_4core9panicking16panic_in_cleanup
0000000000000000 T _RNvNtCsdAiEuf0GwQL_4core9panicking18panic_bounds_check
0000000000000000 T _RNvNtCsdAiEuf0GwQL_4core9panicking18panic_nounwind_fmt
0000000000000000 T _RNvNtCsdAiEuf0GwQL_4core9panicking19assert_failed_inner
0000000000000000 T _RNvNtCsdAiEuf0GwQL_4core9panicking19panic_cannot_unwind
0000000000000000 T _RNvNtCsdAiEuf0GwQL_4core9panicking26panic_nounwind_nobacktrace
0000000000000000 T _RNvNtCsdAiEuf0GwQL_4core9panicking30panic_null_pointer_dereference
0000000000000000 T _RNvNtCsdAiEuf0GwQL_4core9panicking31panic_invalid_enum_construction
0000000000000000 T _RNvNtCsdAiEuf0GwQL_4core9panicking36panic_misaligned_pointer_dereference
0000000000000000 T _RNvNtCsdAiEuf0GwQL_4core9panicking5panic
0000000000000000 T _RNvNtCsdAiEuf0GwQL_4core9panicking9panic_fmt
0000000000000000 T _RNvNtNtCsdAiEuf0GwQL_4core3str5count14do_count_chars
0000000000000000 T _RNvNtNtCsdAiEuf0GwQL_4core3str5count23char_count_general_case
0000000000000000 T _RNvNtNtCsdAiEuf0GwQL_4core3str8converts13from_utf8_mut
0000000000000000 T _RNvNtNtCsdAiEuf0GwQL_4core3str8converts9from_utf8
0000000000000000 T _RNvNtNtCsdAiEuf0GwQL_4core4cell4lazy14panic_poisoned
0000000000000000 T _RNvNtNtCsdAiEuf0GwQL_4core5slice5index16slice_index_fail
0000000000000000 T _RNvNtNtCsdAiEuf0GwQL_4core5slice6memchr14memchr_aligned
0000000000000000 T _RNvNtNtCsdAiEuf0GwQL_4core5slice6memchr7memrchr
0000000000000000 T _RNvNtNtCsdAiEuf0GwQL_4core7unicode9printable12is_printable
0000000000000000 T _RNvNtNtCsdAiEuf0GwQL_4core9panicking11panic_const23panic_const_div_by_zero
0000000000000000 T _RNvNtNtCsdAiEuf0GwQL_4core9panicking11panic_const23panic_const_gen_fn_none
0000000000000000 T _RNvNtNtCsdAiEuf0GwQL_4core9panicking11panic_const23panic_const_rem_by_zero
0000000000000000 T _RNvNtNtCsdAiEuf0GwQL_4core9panicking11panic_const24panic_const_add_overflow
0000000000000000 T _RNvNtNtCsdAiEuf0GwQL_4core9panicking11panic_const24panic_const_div_overflow
0000000000000000 T _RNvNtNtCsdAiEuf0GwQL_4core9panicking11panic_const24panic_const_mul_overflow
0000000000000000 T _RNvNtNtCsdAiEuf0GwQL_4core9panicking11panic_const24panic_const_neg_overflow
0000000000000000 T _RNvNtNtCsdAiEuf0GwQL_4core9panicking11panic_const24panic_const_rem_overflow
0000000000000000 T _RNvNtNtCsdAiEuf0GwQL_4core9panicking11panic_const24panic_const_shl_overflow
0000000000000000 T _RNvNtNtCsdAiEuf0GwQL_4core9panicking11panic_const24panic_const_shr_overflow
0000000000000000 T _RNvNtNtCsdAiEuf0GwQL_4core9panicking11panic_const24panic_const_sub_overflow
0000000000000000 T _RNvNtNtCsdAiEuf0GwQL_4core9panicking11panic_const28panic_const_async_fn_resumed
0000000000000000 T _RNvNtNtCsdAiEuf0GwQL_4core9panicking11panic_const28panic_const_gen_fn_none_drop
0000000000000000 T _RNvNtNtCsdAiEuf0GwQL_4core9panicking11panic_const29panic_const_coroutine_resumed
0000000000000000 T _RNvNtNtCsdAiEuf0GwQL_4core9panicking11panic_const29panic_const_gen_fn_none_panic
0000000000000000 T _RNvNtNtCsdAiEuf0GwQL_4core9panicking11panic_const32panic_const_async_gen_fn_resumed
0000000000000000 T _RNvNtNtCsdAiEuf0GwQL_4core9panicking11panic_const33panic_const_async_fn_resumed_drop
0000000000000000 T _RNvNtNtCsdAiEuf0GwQL_4core9panicking11panic_const34panic_const_async_fn_resumed_panic
0000000000000000 T _RNvNtNtCsdAiEuf0GwQL_4core9panicking11panic_const34panic_const_coroutine_resumed_drop
0000000000000000 T _RNvNtNtCsdAiEuf0GwQL_4core9panicking11panic_const35panic_const_coroutine_resumed_panic
0000000000000000 T _RNvNtNtCsdAiEuf0GwQL_4core9panicking11panic_const37panic_const_async_gen_fn_resumed_drop
0000000000000000 T _RNvNtNtCsdAiEuf0GwQL_4core9panicking11panic_const38panic_const_async_gen_fn_resumed_panic
0000000000000000 T _RNvNtNtNtCsdAiEuf0GwQL_4core3num3imp14overflow_panic12cast_integer
0000000000000000 T _RNvNtNtNtCsdAiEuf0GwQL_4core3num3imp14overflow_panic3add
0000000000000000 T _RNvNtNtNtCsdAiEuf0GwQL_4core3num3imp14overflow_panic3div
0000000000000000 T _RNvNtNtNtCsdAiEuf0GwQL_4core3num3imp14overflow_panic3mul
0000000000000000 T _RNvNtNtNtCsdAiEuf0GwQL_4core3num3imp14overflow_panic3neg
0000000000000000 T _RNvNtNtNtCsdAiEuf0GwQL_4core3num3imp14overflow_panic3rem
0000000000000000 T _RNvNtNtNtCsdAiEuf0GwQL_4core3num3imp14overflow_panic3shl
0000000000000000 T _RNvNtNtNtCsdAiEuf0GwQL_4core3num3imp14overflow_panic3shr
0000000000000000 T _RNvNtNtNtCsdAiEuf0GwQL_4core3num3imp14overflow_panic3sub
0000000000000000 T _RNvNtNtNtCsdAiEuf0GwQL_4core3num3imp7flt2dec17digits_to_dec_str
0000000000000000 T _RNvNtNtNtCsdAiEuf0GwQL_4core3num3imp7flt2dec17digits_to_exp_str
0000000000000000 T _RNvNtNtNtCsdAiEuf0GwQL_4core3num3imp7flt2dec8round_up
0000000000000000 T _RNvNtNtNtCsdAiEuf0GwQL_4core3num3imp8int_sqrt27panic_for_negative_argument
0000000000000000 T _RNvNtNtNtCsdAiEuf0GwQL_4core3num3imp9int_log1030panic_for_nonpositive_argument
0000000000000000 T _RNvNtNtNtCsdAiEuf0GwQL_4core7unicode12unicode_data10alphabetic11lookup_slow
0000000000000000 T _RNvNtNtNtCsdAiEuf0GwQL_4core7unicode12unicode_data11conversions8to_lower
0000000000000000 T _RNvNtNtNtCsdAiEuf0GwQL_4core7unicode12unicode_data11conversions8to_title
0000000000000000 T _RNvNtNtNtCsdAiEuf0GwQL_4core7unicode12unicode_data11conversions8to_upper
0000000000000000 R _RNvNtNtNtCsdAiEuf0GwQL_4core7unicode12unicode_data11white_space14WHITESPACE_MAP
0000000000000000 T _RNvNtNtNtCsdAiEuf0GwQL_4core7unicode12unicode_data14case_ignorable11lookup_slow
0000000000000000 T _RNvNtNtNtCsdAiEuf0GwQL_4core7unicode12unicode_data15grapheme_extend11lookup_slow
0000000000000000 T _RNvNtNtNtCsdAiEuf0GwQL_4core7unicode12unicode_data1n11lookup_slow
0000000000000000 T _RNvNtNtNtCsdAiEuf0GwQL_4core7unicode12unicode_data2lt11lookup_slow
0000000000000000 R _RNvNtNtNtCsdAiEuf0GwQL_4core7unicode12unicode_data9lowercase14BITSET_MAPPING
0000000000000000 R _RNvNtNtNtCsdAiEuf0GwQL_4core7unicode12unicode_data9lowercase16BITSET_CANONICAL
0000000000000000 R _RNvNtNtNtCsdAiEuf0GwQL_4core7unicode12unicode_data9lowercase17BITSET_CHUNKS_MAP
0000000000000000 R _RNvNtNtNtCsdAiEuf0GwQL_4core7unicode12unicode_data9lowercase19BITSET_INDEX_CHUNKS
0000000000000000 T _RNvNtNtNtCsdAiEuf0GwQL_4core7unicode12unicode_data9lowercase6lookup
0000000000000000 R _RNvNtNtNtCsdAiEuf0GwQL_4core7unicode12unicode_data9uppercase14BITSET_MAPPING
0000000000000000 R _RNvNtNtNtCsdAiEuf0GwQL_4core7unicode12unicode_data9uppercase16BITSET_CANONICAL
0000000000000000 R _RNvNtNtNtCsdAiEuf0GwQL_4core7unicode12unicode_data9uppercase17BITSET_CHUNKS_MAP
0000000000000000 R _RNvNtNtNtCsdAiEuf0GwQL_4core7unicode12unicode_data9uppercase19BITSET_INDEX_CHUNKS
0000000000000000 T _RNvNtNtNtCsdAiEuf0GwQL_4core7unicode12unicode_data9uppercase6lookup
0000000000000000 T _RNvNtNtNtNtCsdAiEuf0GwQL_4core3num3imp7dec2flt11decimal_seq17parse_decimal_seq
0000000000000000 T _RNvNtNtNtNtCsdAiEuf0GwQL_4core3num3imp7dec2flt5parse12parse_number
0000000000000000 R _RNvNtNtNtNtCsdAiEuf0GwQL_4core3num3imp7dec2flt5table17POWER_OF_FIVE_128
0000000000000000 T _RNvNtNtNtNtCsdAiEuf0GwQL_4core5slice4sort6shared9smallsort22panic_on_ord_violation
0000000000000000 T _RNvNtNtNtNtCsdAiEuf0GwQL_4core5slice4sort6stable5drift11sqrt_approx
0000000000000000 R _RNvNtNtNtNtNtCsdAiEuf0GwQL_4core3num3imp7flt2dec8strategy5grisu12CACHED_POW10
0000000000000000 T _RNvNtNtNtNtNtCsdAiEuf0GwQL_4core3num3imp7flt2dec8strategy5grisu12format_exact
0000000000000000 T _RNvNtNtNtNtNtCsdAiEuf0GwQL_4core3num3imp7flt2dec8strategy5grisu15format_shortest
0000000000000000 T _RNvNtNtNtNtNtCsdAiEuf0GwQL_4core3num3imp7flt2dec8strategy5grisu16format_exact_opt
0000000000000000 T _RNvNtNtNtNtNtCsdAiEuf0GwQL_4core3num3imp7flt2dec8strategy5grisu19format_shortest_opt
0000000000000000 T _RNvNtNtNtNtNtCsdAiEuf0GwQL_4core3num3imp7flt2dec8strategy6dragon12format_exact
0000000000000000 T _RNvNtNtNtNtNtCsdAiEuf0GwQL_4core3num3imp7flt2dec8strategy6dragon15format_shortest
0000000000000000 T _RNvNtNtNtNtNtCsdAiEuf0GwQL_4core3num3imp7flt2dec8strategy6dragon9mul_pow10
0000000000000000 T _RNvNvMNtCsdAiEuf0GwQL_4core5sliceSp16align_to_offsets3gcd
0000000000000000 D _RNvNvMs6_NtNtCsdAiEuf0GwQL_4core4task4wakeNtB7_5Waker11from_fn_ptr6VTABLE
0000000000000000 D _RNvNvMsb_NtNtCsdAiEuf0GwQL_4core4task4wakeNtB7_10LocalWaker11from_fn_ptr6VTABLE
0000000000000000 T _RNvNvNtCsdAiEuf0GwQL_4core5slice20copy_from_slice_impl17len_mismatch_fail
0000000000000000 T _RNvXNtCsdAiEuf0GwQL_4core3ffiNtB2_6c_voidNtNtB4_3fmt5Debug3fmt
0000000000000000 T _RNvXNtCsdAiEuf0GwQL_4core3patcNtB2_12RangePattern7sub_one
0000000000000000 T _RNvXNtNtCsdAiEuf0GwQL_4core2io12borrowed_bufNtB2_11BorrowedBufNtNtB6_3fmt5Debug3fmt
0000000000000000 T _RNvXNtNtCsdAiEuf0GwQL_4core2io4utilNtB2_6RepeatNtNtB6_3fmt5Debug3fmt
0000000000000000 T _RNvXNtNtCsdAiEuf0GwQL_4core3ffi5c_strNtB2_21FromBytesWithNulErrorNtNtB6_3fmt7Display3fmt
0000000000000000 T _RNvXNtNtCsdAiEuf0GwQL_4core3ffi7va_listNtB2_6VaListNtNtB6_3fmt5Debug3fmt
0000000000000000 T _RNvXNtNtCsdAiEuf0GwQL_4core3fmt3numoNtB4_7Display3fmt
0000000000000000 T _RNvXNtNtCsdAiEuf0GwQL_4core3ops5rangeNtB2_9RangeFullNtNtB6_3fmt5Debug3fmt
0000000000000000 T _RNvXNtNtNtCsdAiEuf0GwQL_4core3fmt3num3imphNtB6_7Display3fmt
0000000000000000 T _RNvXNvNtCsdAiEuf0GwQL_4core9panicking21assert_matches_failedNtB2_7PatternNtNtB6_3fmt5Debug3fmt
0000000000000000 T _RNvXNvXNtCsdAiEuf0GwQL_4core5fieldINtB5_21FieldRepresentingTypepKpKpENtNtB7_3fmt5Debug3fmtNtB2_6MemberNtB17_7Display3fmt
0000000000000000 T _RNvXNvXsd_NtCsdAiEuf0GwQL_4core4wtf8NtB8_10EncodeWideNtNtBa_3fmt5Debug3fmtNtB2_8CodeUnitBP_3fmt
0000000000000000 T _RNvXs0_NtCsdAiEuf0GwQL_4core3anyDNtB5_3AnyNtNtB7_6marker4SendEL_NtNtB7_3fmt5Debug3fmt
0000000000000000 T _RNvXs0_NtNtCsdAiEuf0GwQL_4core3ffi5c_strNtB5_22FromBytesUntilNulErrorNtNtB9_3fmt7Display3fmt
0000000000000000 T _RNvXs0_NtNtCsdAiEuf0GwQL_4core3fmt8buildersNtB5_10PadAdapterNtB7_5Write10write_char
0000000000000000 T _RNvXs0_NtNtCsdAiEuf0GwQL_4core3fmt8buildersNtB5_10PadAdapterNtB7_5Write9write_str
0000000000000000 T _RNvXs0_NtNtCsdAiEuf0GwQL_4core3net6parserNtNtB7_7ip_addr6IpAddrNtNtNtB9_3str6traits7FromStr8from_str
0000000000000000 T _RNvXs0_NtNtCsdAiEuf0GwQL_4core3num11float_parseC3f16NtNtNtB9_3str6traits7FromStr8from_str
0000000000000000 T _RNvXs0_NtNtCsdAiEuf0GwQL_4core3str5lossyNtB5_5DebugNtNtB9_3fmt5Debug3fmt
0000000000000000 T _RNvXs0_NtNtCsdAiEuf0GwQL_4core5alloc6layoutNtB5_11LayoutErrorNtNtB9_3fmt7Display3fmt
0000000000000000 T _RNvXs0_NtNtCsdAiEuf0GwQL_4core5ascii10ascii_charNtB5_9AsciiCharNtNtB9_3fmt7Display3fmt
0000000000000000 T _RNvXs0_NtNtCsdAiEuf0GwQL_4core5slice5asciiNtB5_11EscapeAsciiNtNtNtNtB9_4iter6traits12double_ended19DoubleEndedIterator9next_back
0000000000000000 T _RNvXs10_NtNtCsdAiEuf0GwQL_4core3fmt3numnNtB8_8LowerExp3fmt
0000000000000000 T _RNvXs11_NtNtCsdAiEuf0GwQL_4core3fmt3numoNtB8_8LowerExp3fmt
0000000000000000 T _RNvXs11_NtNtCsdAiEuf0GwQL_4core3num7nonzeroINtB6_7NonZerotENtNtNtBa_3str6traits7FromStr8from_str
0000000000000000 T _RNvXs12_NtNtCsdAiEuf0GwQL_4core3fmt3numnNtB8_8UpperExp3fmt
0000000000000000 T _RNvXs12_NtNtCsdAiEuf0GwQL_4core3num11niche_typesNtB6_14NonZeroI8InnerNtNtBa_3fmt5Debug3fmt
0000000000000000 T _RNvXs13_NtNtCsdAiEuf0GwQL_4core3fmt3numoNtB8_8UpperExp3fmt
0000000000000000 T _RNvXs13_NtNtCsdAiEuf0GwQL_4core4sync6atomicINtB6_6AtomicmENtNtBa_3fmt5Debug3fmt
0000000000000000 T _RNvXs17_NtNtCsdAiEuf0GwQL_4core3net7ip_addrNtB6_8Ipv4AddrINtNtNtBa_3ops3bit12BitAndAssignRBF_E13bitand_assign
0000000000000000 T _RNvXs17_NtNtCsdAiEuf0GwQL_4core4sync6atomicINtB6_6AtomicxENtNtBa_3fmt5Debug3fmt
0000000000000000 T _RNvXs18_NtNtCsdAiEuf0GwQL_4core3num7nonzeroINtB6_7NonZeromENtNtNtBa_3str6traits7FromStr8from_str
0000000000000000 T _RNvXs1A_NtNtCsdAiEuf0GwQL_4core3num7nonzeroINtB6_7NonZeroaENtNtNtBa_3str6traits7FromStr8from_str
0000000000000000 T _RNvXs1E_NtNtCsdAiEuf0GwQL_4core3num7nonzeroINtB6_7NonZerosENtNtNtBa_3str6traits7FromStr8from_str
0000000000000000 T _RNvXs1G_NtNtCsdAiEuf0GwQL_4core3num11niche_typesNtB6_14UsizeNoHighBitNtNtBa_3fmt5Debug3fmt
0000000000000000 T _RNvXs1I_NtNtCsdAiEuf0GwQL_4core3num7nonzeroINtB6_7NonZerolENtNtNtBa_3str6traits7FromStr8from_str
0000000000000000 T _RNvXs1M_NtNtCsdAiEuf0GwQL_4core3num7nonzeroINtB6_7NonZeroxENtNtNtBa_3str6traits7FromStr8from_str
0000000000000000 T _RNvXs1O_NtNtCsdAiEuf0GwQL_4core3num11niche_typesNtB6_17NonZeroUsizeInnerNtNtBa_3fmt5Debug3fmt
0000000000000000 T _RNvXs1Q_NtNtCsdAiEuf0GwQL_4core3num7nonzeroINtB6_7NonZeronENtNtNtBa_3str6traits7FromStr8from_str
0000000000000000 T _RNvXs1U_NtNtCsdAiEuf0GwQL_4core3num7nonzeroINtB6_7NonZeroiENtNtNtBa_3str6traits7FromStr8from_str
0000000000000000 T _RNvXs1W_NtNtCsdAiEuf0GwQL_4core3num11niche_typesNtB6_17NonZeroIsizeInnerNtNtBa_3fmt5Debug3fmt
0000000000000000 T _RNvXs1_NtCsdAiEuf0GwQL_4core3anyDNtB5_3AnyNtNtB7_6marker4SyncNtBG_4SendEL_NtNtB7_3fmt5Debug3fmt
0000000000000000 T _RNvXs1_NtCsdAiEuf0GwQL_4core4wtf8NtB5_4Wtf8NtNtB7_3fmt5Debug3fmt
0000000000000000 T _RNvXs1_NtCsdAiEuf0GwQL_4core5cloneNtNtNtB7_3ffi5c_str4CStrNtB5_13CloneToUninit15clone_to_uninit
0000000000000000 T _RNvXs1_NtNtCsdAiEuf0GwQL_4core3ffi5c_strNtB5_4CStrNtNtB9_3fmt5Debug3fmt
0000000000000000 T _RNvXs1_NtNtCsdAiEuf0GwQL_4core3mem15transmutabilityNtB5_6AssumeNtNtNtB9_3ops5arith3Sub3sub
0000000000000000 T _RNvXs1_NtNtCsdAiEuf0GwQL_4core3num11float_parsefNtNtNtB9_3str6traits7FromStr8from_str
0000000000000000 T _RNvXs1_NtNtCsdAiEuf0GwQL_4core3str5errorNtB5_14ParseBoolErrorNtNtB9_3fmt7Display3fmt
0000000000000000 T _RNvXs1_NtNtCsdAiEuf0GwQL_4core4char6decodeNtB5_16DecodeUtf16ErrorNtNtB9_3fmt7Display3fmt
0000000000000000 T _RNvXs1_NtNtCsdAiEuf0GwQL_4core4task4wakeNtB5_7ContextNtNtB9_3fmt5Debug3fmt
0000000000000000 T _RNvXs1_NtNtCsdAiEuf0GwQL_4core5ascii10ascii_charNtB5_9AsciiCharNtNtB9_3fmt5Debug3fmt
0000000000000000 T _RNvXs1_NtNtCsdAiEuf0GwQL_4core5panic8locationNtB5_8LocationNtNtB9_3cmp10PartialOrd11partial_cmp
0000000000000000 T _RNvXs1_NtNtCsdAiEuf0GwQL_4core6marker8varianceNtB5_24PhantomCovariantLifetimeNtNtB9_3fmt5Debug3fmt
0000000000000000 T _RNvXs1_NtNtNtNtCsdAiEuf0GwQL_4core3num3imp6bignum5testsNtB5_6Big8x3NtNtBd_3cmp10PartialOrd11partial_cmp
0000000000000000 T _RNvXs1a_NtNtCsdAiEuf0GwQL_4core3num11niche_typesNtB6_15NonZeroI16InnerNtNtBa_3fmt5Debug3fmt
0000000000000000 T _RNvXs1b_NtNtCsdAiEuf0GwQL_4core4sync6atomicINtB6_6AtomicyENtNtBa_3fmt5Debug3fmt
0000000000000000 T _RNvXs1d_NtNtCsdAiEuf0GwQL_4core3net7ip_addrNtB6_8Ipv4AddrINtNtNtBa_3ops3bit11BitOrAssignRBF_E12bitor_assign
0000000000000000 T _RNvXs1f_NtNtCsdAiEuf0GwQL_4core3num7nonzeroINtB6_7NonZeroyENtNtNtBa_3str6traits7FromStr8from_str
0000000000000000 T _RNvXs1f_NtNtCsdAiEuf0GwQL_4core4sync6atomicINtB6_6AtomiciENtNtBa_3fmt5Debug3fmt
0000000000000000 T _RNvXs1i_NtNtCsdAiEuf0GwQL_4core3num11niche_typesNtB6_15NonZeroI32InnerNtNtBa_3fmt5Debug3fmt
0000000000000000 T _RNvXs1j_NtNtCsdAiEuf0GwQL_4core3net7ip_addrNtB6_8Ipv6AddrINtNtNtBa_3ops3bit12BitAndAssignRBF_E13bitand_assign
0000000000000000 T _RNvXs1j_NtNtCsdAiEuf0GwQL_4core4sync6atomicINtB6_6AtomicjENtNtBa_3fmt5Debug3fmt
0000000000000000 T _RNvXs1m_NtNtCsdAiEuf0GwQL_4core3num7nonzeroINtB6_7NonZerooENtNtNtBa_3str6traits7FromStr8from_str
0000000000000000 T _RNvXs1p_NtNtCsdAiEuf0GwQL_4core3net7ip_addrNtB6_8Ipv6AddrINtNtNtBa_3ops3bit11BitOrAssignRBF_E12bitor_assign
0000000000000000 T _RNvXs1q_NtNtCsdAiEuf0GwQL_4core3num11niche_typesNtB6_15NonZeroI64InnerNtNtBa_3fmt5Debug3fmt
0000000000000000 T _RNvXs1t_NtNtCsdAiEuf0GwQL_4core3num7nonzeroINtB6_7NonZerojENtNtNtBa_3str6traits7FromStr8from_str
0000000000000000 T _RNvXs1y_NtNtCsdAiEuf0GwQL_4core3num11niche_typesNtB6_16NonZeroI128InnerNtNtBa_3fmt5Debug3fmt
0000000000000000 T _RNvXs20_NtNtCsdAiEuf0GwQL_4core3str4iterNtB6_11EscapeDebugNtNtBa_3fmt7Display3fmt
0000000000000000 T _RNvXs23_NtNtCsdAiEuf0GwQL_4core3str4iterNtB6_13EscapeDefaultNtNtBa_3fmt7Display3fmt
0000000000000000 T _RNvXs24_NtNtCsdAiEuf0GwQL_4core3num11niche_typesNtB6_13U32NotAllOnesNtNtBa_3fmt5Debug3fmt
0000000000000000 T _RNvXs26_NtNtCsdAiEuf0GwQL_4core3str4iterNtB6_13EscapeUnicodeNtNtBa_3fmt7Display3fmt
0000000000000000 T _RNvXs2A_NtNtCsdAiEuf0GwQL_4core3num11niche_typesNtB6_16NonZeroCharInnerNtNtBa_3fmt5Debug3fmt
0000000000000000 T _RNvXs2_NtCsdAiEuf0GwQL_4core4bstrNtB5_7ByteStrNtNtB7_3fmt5Debug3fmt
0000000000000000 T _RNvXs2_NtCsdAiEuf0GwQL_4core4charNtB5_13EscapeUnicodeNtNtB7_3fmt7Display3fmt
0000000000000000 T _RNvXs2_NtCsdAiEuf0GwQL_4core4wtf8NtB5_4Wtf8NtNtB7_3fmt7Display3fmt
0000000000000000 T _RNvXs2_NtNtCsdAiEuf0GwQL_4core3fmt3numjNtB7_6Binary3fmt
0000000000000000 T _RNvXs2_NtNtCsdAiEuf0GwQL_4core3fmt5floatfNtB7_5Debug3fmt
0000000000000000 T _RNvXs2_NtNtCsdAiEuf0GwQL_4core3net6parserNtNtB7_7ip_addr8Ipv4AddrNtNtNtB9_3str6traits7FromStr8from_str
0000000000000000 T _RNvXs2_NtNtCsdAiEuf0GwQL_4core3net7ip_addrNtB5_6IpAddrNtNtB9_3fmt7Display3fmt
0000000000000000 T _RNvXs2_NtNtCsdAiEuf0GwQL_4core3num11float_parsedNtNtNtB9_3str6traits7FromStr8from_str
0000000000000000 T _RNvXs2_NtNtCsdAiEuf0GwQL_4core3str5lossyNtB5_10Utf8ChunksNtNtNtNtB9_4iter6traits8iterator8Iterator4next
0000000000000000 T _RNvXs2_NtNtCsdAiEuf0GwQL_4core5slice5asciiNtB5_11EscapeAsciiNtNtB9_3fmt7Display3fmt
0000000000000000 T _RNvXs2_NtNtNtNtCsdAiEuf0GwQL_4core3num3imp6bignum5testsNtB5_6Big8x3NtNtBd_3cmp3Ord3cmp
0000000000000000 T _RNvXs2c_NtNtCsdAiEuf0GwQL_4core3num11niche_typesNtB6_13I32NotAllOnesNtNtBa_3fmt5Debug3fmt
0000000000000000 T _RNvXs2k_NtNtCsdAiEuf0GwQL_4core3num11niche_typesNtB6_13U64NotAllOnesNtNtBa_3fmt5Debug3fmt
0000000000000000 T _RNvXs2s_NtNtCsdAiEuf0GwQL_4core3num11niche_typesNtB6_13I64NotAllOnesNtNtBa_3fmt5Debug3fmt
0000000000000000 T _RNvXs3A_NtNtCsdAiEuf0GwQL_4core3num11niche_typesNtB6_14CodePointInnerNtNtBa_3fmt5Debug3fmt
0000000000000000 T _RNvXs3_NtCsdAiEuf0GwQL_4core4bstrNtB5_7ByteStrNtNtB7_3fmt7Display3fmt
0000000000000000 T _RNvXs3_NtCsdAiEuf0GwQL_4core5asciiNtB5_13EscapeDefaultNtNtB7_3fmt7Display3fmt
0000000000000000 T _RNvXs3_NtNtCsdAiEuf0GwQL_4core3fmt3numiNtB7_6Binary3fmt
0000000000000000 T _RNvXs3_NtNtCsdAiEuf0GwQL_4core3fmt5floatfNtB7_7Display3fmt
0000000000000000 T _RNvXs3_NtNtCsdAiEuf0GwQL_4core3net7ip_addrNtB5_6IpAddrNtNtB9_3fmt5Debug3fmt
0000000000000000 T _RNvXs3_NtNtCsdAiEuf0GwQL_4core5panic8locationNtB5_8LocationNtNtB9_3fmt5Debug3fmt
0000000000000000 T _RNvXs3_NtNtCsdAiEuf0GwQL_4core5slice5asciiNtB5_11EscapeAsciiNtNtB9_3fmt5Debug3fmt
0000000000000000 T _RNvXs3_NtNtNtCsdAiEuf0GwQL_4core3fmt3num3imptNtB9_7Display3fmt
0000000000000000 T _RNvXs4_NtCsdAiEuf0GwQL_4core3pataNtB5_12RangePattern7sub_one
0000000000000000 T _RNvXs4_NtCsdAiEuf0GwQL_4core5asciiNtB5_13EscapeDefaultNtNtB7_3fmt5Debug3fmt
0000000000000000 T _RNvXs4_NtCsdAiEuf0GwQL_4core5errorNtB5_7RequestNtNtB7_3fmt5Debug3fmt
0000000000000000 T _RNvXs4_NtNtCsdAiEuf0GwQL_4core3fmt3numjNtB7_5Octal3fmt
0000000000000000 T _RNvXs4_NtNtCsdAiEuf0GwQL_4core3fmt5floatfNtB7_8LowerExp3fmt
0000000000000000 T _RNvXs4_NtNtCsdAiEuf0GwQL_4core3net11socket_addrNtB5_10SocketAddrNtNtB9_3fmt7Display3fmt
0000000000000000 T _RNvXs4_NtNtCsdAiEuf0GwQL_4core3net6parserNtNtB7_7ip_addr8Ipv6AddrNtNtNtB9_3str6traits7FromStr8from_str
0000000000000000 T _RNvXs4_NtNtCsdAiEuf0GwQL_4core3num5errorNtB5_13ParseIntErrorNtNtB9_3fmt7Display3fmt
0000000000000000 T _RNvXs4_NtNtCsdAiEuf0GwQL_4core3str5lossyNtB5_10Utf8ChunksNtNtB9_3fmt5Debug3fmt
0000000000000000 T _RNvXs4_NtNtNtCsdAiEuf0GwQL_4core3fmt3num3impsNtB9_7Display3fmt
0000000000000000 T _RNvXs5_NtCsdAiEuf0GwQL_4core3patsNtB5_12RangePattern7sub_one
0000000000000000 T _RNvXs5_NtNtCsdAiEuf0GwQL_4core3fmt3numiNtB7_5Octal3fmt
0000000000000000 T _RNvXs5_NtNtCsdAiEuf0GwQL_4core3fmt5floatfNtB7_8UpperExp3fmt
0000000000000000 T _RNvXs5_NtNtCsdAiEuf0GwQL_4core3net11socket_addrNtB5_10SocketAddrNtNtB9_3fmt5Debug3fmt
0000000000000000 T _RNvXs5_NtNtCsdAiEuf0GwQL_4core6marker8varianceNtB5_28PhantomContravariantLifetimeNtNtB9_3fmt5Debug3fmt
0000000000000000 T _RNvXs5_NtNtNtCsdAiEuf0GwQL_4core3num3imp6bignumNtB5_8Big32x40NtNtBb_3cmp10PartialOrd11partial_cmp
0000000000000000 T _RNvXs5_NtNtNtNtCsdAiEuf0GwQL_4core3num3imp6bignum5testsNtB5_6Big8x3NtNtBd_3fmt5Debug3fmt
0000000000000000 T _RNvXs6_NtCsdAiEuf0GwQL_4core3patlNtB5_12RangePattern7sub_one
0000000000000000 T _RNvXs6_NtNtCsdAiEuf0GwQL_4core3fmt3numjNtB7_8LowerHex3fmt
0000000000000000 T _RNvXs6_NtNtCsdAiEuf0GwQL_4core3fmt5floatdNtB7_5Debug3fmt
0000000000000000 T _RNvXs6_NtNtCsdAiEuf0GwQL_4core3net11socket_addrNtB5_12SocketAddrV4NtNtB9_3fmt7Display3fmt
0000000000000000 T _RNvXs6_NtNtCsdAiEuf0GwQL_4core3net6parserNtNtB7_11socket_addr12SocketAddrV4NtNtNtB9_3str6traits7FromStr8from_str
0000000000000000 T _RNvXs6_NtNtCsdAiEuf0GwQL_4core3net7ip_addrNtB5_8Ipv4AddrNtNtB9_3fmt7Display3fmt
0000000000000000 T _RNvXs6_NtNtCsdAiEuf0GwQL_4core4char7convertNtB5_14ParseCharErrorNtNtB9_3fmt7Display3fmt
0000000000000000 T _RNvXs6_NtNtCsdAiEuf0GwQL_4core4sync6atomicINtB5_6AtomicbENtNtB9_3fmt5Debug3fmt
0000000000000000 T _RNvXs6_NtNtNtCsdAiEuf0GwQL_4core3num3imp6bignumNtB5_8Big32x40NtNtBb_3cmp3Ord3cmp
0000000000000000 T _RNvXs7_NtCsdAiEuf0GwQL_4core3fmtNtB5_9ArgumentsNtB5_5Debug3fmt
0000000000000000 T _RNvXs7_NtCsdAiEuf0GwQL_4core3patxNtB5_12RangePattern7sub_one
0000000000000000 T _RNvXs7_NtNtCsdAiEuf0GwQL_4core3fmt3numiNtB7_8LowerHex3fmt
0000000000000000 T _RNvXs7_NtNtCsdAiEuf0GwQL_4core3fmt5floatdNtB7_7Display3fmt
0000000000000000 T _RNvXs7_NtNtCsdAiEuf0GwQL_4core3net11socket_addrNtB5_12SocketAddrV4NtNtB9_3fmt5Debug3fmt
0000000000000000 T _RNvXs7_NtNtCsdAiEuf0GwQL_4core3net7ip_addrNtB5_8Ipv4AddrNtNtB9_3fmt5Debug3fmt
0000000000000000 T _RNvXs8_NtCsdAiEuf0GwQL_4core3fmtNtB5_9ArgumentsNtB5_7Display3fmt
0000000000000000 T _RNvXs8_NtCsdAiEuf0GwQL_4core3patnNtB5_12RangePattern7sub_one
0000000000000000 T _RNvXs8_NtCsdAiEuf0GwQL_4core5errorNtB5_6SourceNtNtNtNtB7_4iter6traits8iterator8Iterator4next
0000000000000000 T _RNvXs8_NtNtCsdAiEuf0GwQL_4core3fmt3numjNtB7_8UpperHex3fmt
0000000000000000 T _RNvXs8_NtNtCsdAiEuf0GwQL_4core3fmt5floatdNtB7_8LowerExp3fmt
0000000000000000 T _RNvXs8_NtNtCsdAiEuf0GwQL_4core3net11socket_addrNtB5_12SocketAddrV6NtNtB9_3fmt7Display3fmt
0000000000000000 T _RNvXs8_NtNtCsdAiEuf0GwQL_4core3net6parserNtNtB7_11socket_addr12SocketAddrV6NtNtNtB9_3str6traits7FromStr8from_str
0000000000000000 T _RNvXs8_NtNtNtCsdAiEuf0GwQL_4core3fmt3num3impmNtB9_7Display3fmt
0000000000000000 T _RNvXs9_NtCsdAiEuf0GwQL_4core3patiNtB5_12RangePattern7sub_one
0000000000000000 T _RNvXs9_NtCsdAiEuf0GwQL_4core5sliceNtB5_19GetDisjointMutErrorNtNtB7_3fmt7Display3fmt
0000000000000000 T _RNvXs9_NtNtCsdAiEuf0GwQL_4core3fmt3numiNtB7_8UpperHex3fmt
0000000000000000 T _RNvXs9_NtNtCsdAiEuf0GwQL_4core3fmt5floatdNtB7_8UpperExp3fmt
0000000000000000 T _RNvXs9_NtNtCsdAiEuf0GwQL_4core3net11socket_addrNtB5_12SocketAddrV6NtNtB9_3fmt5Debug3fmt
0000000000000000 T _RNvXs9_NtNtCsdAiEuf0GwQL_4core4char7convertNtB5_16CharTryFromErrorNtNtB9_3fmt7Display3fmt
0000000000000000 T _RNvXs9_NtNtCsdAiEuf0GwQL_4core4task4wakeNtB5_5WakerNtNtB9_3fmt5Debug3fmt
0000000000000000 T _RNvXs9_NtNtCsdAiEuf0GwQL_4core6marker8varianceNtB5_24PhantomInvariantLifetimeNtNtB9_3fmt5Debug3fmt
0000000000000000 T _RNvXs9_NtNtNtCsdAiEuf0GwQL_4core3fmt3num3implNtB9_7Display3fmt
0000000000000000 T _RNvXs9_NtNtNtCsdAiEuf0GwQL_4core3num3imp6bignumNtB5_8Big32x40NtNtBb_3fmt5Debug3fmt
0000000000000000 T _RNvXsA_NtNtCsdAiEuf0GwQL_4core3fmt3numyNtB7_5Octal3fmt
0000000000000000 T _RNvXsA_NtNtNtCsdAiEuf0GwQL_4core3fmt3num3impyNtB9_8LowerExp3fmt
0000000000000000 T _RNvXsB_NtNtCsdAiEuf0GwQL_4core3fmt3numxNtB7_5Octal3fmt
0000000000000000 T _RNvXsB_NtNtNtCsdAiEuf0GwQL_4core3fmt3num3impxNtB9_8UpperExp3fmt
0000000000000000 T _RNvXsC_NtNtCsdAiEuf0GwQL_4core3fmt3numyNtB7_8LowerHex3fmt
0000000000000000 T _RNvXsC_NtNtNtCsdAiEuf0GwQL_4core3fmt3num3impyNtB9_8UpperExp3fmt
0000000000000000 T _RNvXsD_NtNtCsdAiEuf0GwQL_4core3fmt3numxNtB7_8LowerHex3fmt
0000000000000000 T _RNvXsD_NtNtNtCsdAiEuf0GwQL_4core3fmt3num3impiNtB9_8LowerExp3fmt
0000000000000000 T _RNvXsE_NtCsdAiEuf0GwQL_4core4charNtB5_11ToTitlecaseNtNtNtNtB7_4iter6traits8iterator8Iterator10advance_by
0000000000000000 T _RNvXsE_NtCsdAiEuf0GwQL_4core4charNtB5_11ToTitlecaseNtNtNtNtB7_4iter6traits8iterator8Iterator24___iterator_get_unchecked
0000000000000000 T _RNvXsE_NtCsdAiEuf0GwQL_4core4charNtB5_11ToTitlecaseNtNtNtNtB7_4iter6traits8iterator8Iterator4last
0000000000000000 T _RNvXsE_NtCsdAiEuf0GwQL_4core4charNtB5_11ToTitlecaseNtNtNtNtB7_4iter6traits8iterator8Iterator4next
0000000000000000 T _RNvXsE_NtCsdAiEuf0GwQL_4core4charNtB5_11ToTitlecaseNtNtNtNtB7_4iter6traits8iterator8Iterator5count
0000000000000000 T _RNvXsE_NtNtCsdAiEuf0GwQL_4core3fmt3numyNtB7_8UpperHex3fmt
0000000000000000 T _RNvXsE_NtNtCsdAiEuf0GwQL_4core3num11niche_typesNtB5_15NonZeroU32InnerNtNtB9_3fmt5Debug3fmt
0000000000000000 T _RNvXsE_NtNtNtCsdAiEuf0GwQL_4core3fmt3num3impjNtB9_8LowerExp3fmt
0000000000000000 T _RNvXsF_NtCsdAiEuf0GwQL_4core4charNtB5_11ToTitlecaseNtNtNtNtB7_4iter6traits12double_ended19DoubleEndedIterator15advance_back_by
0000000000000000 T _RNvXsF_NtCsdAiEuf0GwQL_4core4charNtB5_11ToTitlecaseNtNtNtNtB7_4iter6traits12double_ended19DoubleEndedIterator9next_back
0000000000000000 T _RNvXsF_NtNtCsdAiEuf0GwQL_4core3fmt3numxNtB7_8UpperHex3fmt
0000000000000000 T _RNvXsF_NtNtNtCsdAiEuf0GwQL_4core3fmt3num3impiNtB9_8UpperExp3fmt
0000000000000000 T _RNvXsG_NtNtCsdAiEuf0GwQL_4core3fmt3numoNtB7_6Binary3fmt
0000000000000000 T _RNvXsG_NtNtNtCsdAiEuf0GwQL_4core3fmt3num3impjNtB9_8UpperExp3fmt
0000000000000000 T _RNvXsH_NtNtCsdAiEuf0GwQL_4core3fmt3numnNtB7_6Binary3fmt
0000000000000000 T _RNvXsI_NtNtCsdAiEuf0GwQL_4core3fmt3numoNtB7_5Octal3fmt
0000000000000000 T _RNvXsJ_NtNtCsdAiEuf0GwQL_4core3fmt3numnNtB7_5Octal3fmt
0000000000000000 T _RNvXsJ_NtNtCsdAiEuf0GwQL_4core4sync6atomicINtB5_6AtomicaENtNtB9_3fmt5Debug3fmt
0000000000000000 T _RNvXsK_NtNtCsdAiEuf0GwQL_4core3fmt3numoNtB7_8LowerHex3fmt
0000000000000000 T _RNvXsL_NtNtCsdAiEuf0GwQL_4core3fmt3numnNtB7_8LowerHex3fmt
0000000000000000 T _RNvXsM_NtNtCsdAiEuf0GwQL_4core3fmt3numoNtB7_8UpperHex3fmt
0000000000000000 T _RNvXsM_NtNtCsdAiEuf0GwQL_4core3num11niche_typesNtB5_15NonZeroU64InnerNtNtB9_3fmt5Debug3fmt
0000000000000000 T _RNvXsN_NtNtCsdAiEuf0GwQL_4core3fmt3numnNtB7_8UpperHex3fmt
0000000000000000 T _RNvXsN_NtNtCsdAiEuf0GwQL_4core3str4iterNtB5_11EncodeUtf16NtNtB9_3fmt5Debug3fmt
0000000000000000 T _RNvXsN_NtNtCsdAiEuf0GwQL_4core4sync6atomicINtB5_6AtomichENtNtB9_3fmt5Debug3fmt
0000000000000000 T _RNvXsO_NtCsdAiEuf0GwQL_4core4charNtB5_11ToLowercaseNtNtNtNtB7_4iter6traits8iterator8Iterator10advance_by
0000000000000000 T _RNvXsO_NtCsdAiEuf0GwQL_4core4charNtB5_11ToLowercaseNtNtNtNtB7_4iter6traits8iterator8Iterator24___iterator_get_unchecked
0000000000000000 T _RNvXsO_NtCsdAiEuf0GwQL_4core4charNtB5_11ToLowercaseNtNtNtNtB7_4iter6traits8iterator8Iterator4last
0000000000000000 T _RNvXsO_NtCsdAiEuf0GwQL_4core4charNtB5_11ToLowercaseNtNtNtNtB7_4iter6traits8iterator8Iterator4next
0000000000000000 T _RNvXsO_NtCsdAiEuf0GwQL_4core4charNtB5_11ToLowercaseNtNtNtNtB7_4iter6traits8iterator8Iterator5count
0000000000000000 T _RNvXsP_NtCsdAiEuf0GwQL_4core4charNtB5_11ToLowercaseNtNtNtNtB7_4iter6traits12double_ended19DoubleEndedIterator15advance_back_by
0000000000000000 T _RNvXsP_NtCsdAiEuf0GwQL_4core4charNtB5_11ToLowercaseNtNtNtNtB7_4iter6traits12double_ended19DoubleEndedIterator9next_back
0000000000000000 T _RNvXsR_NtNtCsdAiEuf0GwQL_4core4sync6atomicINtB5_6AtomicsENtNtB9_3fmt5Debug3fmt
0000000000000000 T _RNvXsU_NtNtCsdAiEuf0GwQL_4core3num11niche_typesNtB5_16NonZeroU128InnerNtNtB9_3fmt5Debug3fmt
0000000000000000 T _RNvXsU_NtNtCsdAiEuf0GwQL_4core3num7nonzeroINtB5_7NonZerohENtNtNtB9_3str6traits7FromStr8from_str
0000000000000000 T _RNvXsV_NtNtCsdAiEuf0GwQL_4core4sync6atomicINtB5_6AtomictENtNtB9_3fmt5Debug3fmt
0000000000000000 T _RNvXsZ_NtNtCsdAiEuf0GwQL_4core4sync6atomicINtB5_6AtomiclENtNtB9_3fmt5Debug3fmt
0000000000000000 T _RNvXs_NtCsdAiEuf0GwQL_4core3anyDNtB4_3AnyEL_NtNtB6_3fmt5Debug3fmt
0000000000000000 T _RNvXs_NtCsdAiEuf0GwQL_4core5allocNtB4_10AllocErrorNtNtB6_3fmt7Display3fmt
0000000000000000 T _RNvXs_NtNtCsdAiEuf0GwQL_4core2io5errorNtB4_9ErrorKindNtNtB8_3fmt7Display3fmt
0000000000000000 T _RNvXs_NtNtCsdAiEuf0GwQL_4core3fmt3numnNtB6_7Display3fmt
0000000000000000 T _RNvXs_NtNtCsdAiEuf0GwQL_4core3mem9alignmentNtB4_9AlignmentNtNtB8_3fmt5Debug3fmt
0000000000000000 T _RNvXs_NtNtCsdAiEuf0GwQL_4core3num11float_parseNtB4_15ParseFloatErrorNtNtB8_3fmt7Display3fmt
0000000000000000 T _RNvXs_NtNtCsdAiEuf0GwQL_4core3num5errorNtB4_15TryFromIntErrorNtNtB8_3fmt7Display3fmt
0000000000000000 T _RNvXs_NtNtCsdAiEuf0GwQL_4core3str4iterNtB4_5CharsNtNtB8_3fmt5Debug3fmt
0000000000000000 T _RNvXs_NtNtCsdAiEuf0GwQL_4core3str5errorNtB4_9Utf8ErrorNtNtB8_3fmt7Display3fmt
0000000000000000 T _RNvXs_NtNtCsdAiEuf0GwQL_4core5panic10panic_infoNtB4_9PanicInfoNtNtB8_3fmt7Display3fmt
0000000000000000 T _RNvXs_NtNtNtCsdAiEuf0GwQL_4core3fmt3num3impaNtB8_7Display3fmt
0000000000000000 T _RNvXsa_NtCsdAiEuf0GwQL_4core3anyNtB5_6TypeIdNtNtB7_3fmt5Debug3fmt
0000000000000000 T _RNvXsa_NtCsdAiEuf0GwQL_4core3pathNtB5_12RangePattern7sub_one
0000000000000000 T _RNvXsa_NtCsdAiEuf0GwQL_4core4timeNtB5_8DurationNtNtB7_3fmt5Debug3fmt
0000000000000000 T _RNvXsa_NtCsdAiEuf0GwQL_4core4wtf8NtB5_14Wtf8CodePointsNtNtB7_3fmt5Debug3fmt
0000000000000000 T _RNvXsa_NtNtCsdAiEuf0GwQL_4core3fmt3numhNtB7_6Binary3fmt
0000000000000000 T _RNvXsa_NtNtCsdAiEuf0GwQL_4core3fmt5floatC3f16NtB7_5Debug3fmt
0000000000000000 T _RNvXsa_NtNtCsdAiEuf0GwQL_4core3net6parserNtNtB7_11socket_addr10SocketAddrNtNtNtB9_3str6traits7FromStr8from_str
0000000000000000 T _RNvXsb_NtCsdAiEuf0GwQL_4core3fmtNtB5_9FormatterNtB5_5Write10write_char
0000000000000000 T _RNvXsb_NtCsdAiEuf0GwQL_4core3fmtNtB5_9FormatterNtB5_5Write9write_str
0000000000000000 T _RNvXsb_NtCsdAiEuf0GwQL_4core3pattNtB5_12RangePattern7sub_one
0000000000000000 T _RNvXsb_NtCsdAiEuf0GwQL_4core4timeNtB5_21TryFromFloatSecsErrorNtNtB7_3fmt7Display3fmt
0000000000000000 T _RNvXsb_NtNtCsdAiEuf0GwQL_4core3fmt3numaNtB7_6Binary3fmt
0000000000000000 T _RNvXsb_NtNtCsdAiEuf0GwQL_4core3fmt5floatC3f16NtB7_7Display3fmt
0000000000000000 T _RNvXsb_NtNtCsdAiEuf0GwQL_4core3net6parserNtB5_14AddrParseErrorNtNtB9_3fmt7Display3fmt
0000000000000000 T _RNvXsc_NtCsdAiEuf0GwQL_4core3fmtNtB5_5ErrorNtB5_7Display3fmt
0000000000000000 T _RNvXsc_NtCsdAiEuf0GwQL_4core3patmNtB5_12RangePattern7sub_one
0000000000000000 T _RNvXsc_NtNtCsdAiEuf0GwQL_4core3fmt3numhNtB7_5Octal3fmt
0000000000000000 T _RNvXsc_NtNtCsdAiEuf0GwQL_4core3fmt5floatC3f16NtB7_8LowerExp3fmt
0000000000000000 T _RNvXsd_NtCsdAiEuf0GwQL_4core3patyNtB5_12RangePattern7sub_one
0000000000000000 T _RNvXsd_NtCsdAiEuf0GwQL_4core4wtf8NtB5_10EncodeWideNtNtB7_3fmt5Debug3fmt
0000000000000000 T _RNvXsd_NtNtCsdAiEuf0GwQL_4core3fmt3numaNtB7_5Octal3fmt
0000000000000000 T _RNvXsd_NtNtCsdAiEuf0GwQL_4core3fmt5floatC3f16NtB7_8UpperExp3fmt
0000000000000000 T _RNvXsd_NtNtCsdAiEuf0GwQL_4core3num11niche_typesNtB5_11NanosecondsNtNtB9_3fmt5Debug3fmt
0000000000000000 T _RNvXsd_NtNtNtCsdAiEuf0GwQL_4core3fmt3num3impyNtB9_7Display3fmt
0000000000000000 T _RNvXse_NtCsdAiEuf0GwQL_4core3patoNtB5_12RangePattern7sub_one
0000000000000000 T _RNvXse_NtCsdAiEuf0GwQL_4core4charNtB5_15CaseMappingIterNtNtNtNtB7_4iter6traits8iterator8Iterator10advance_by
0000000000000000 T _RNvXse_NtCsdAiEuf0GwQL_4core4charNtB5_15CaseMappingIterNtNtNtNtB7_4iter6traits8iterator8Iterator24___iterator_get_unchecked
0000000000000000 T _RNvXse_NtCsdAiEuf0GwQL_4core4charNtB5_15CaseMappingIterNtNtNtNtB7_4iter6traits8iterator8Iterator4last
0000000000000000 T _RNvXse_NtCsdAiEuf0GwQL_4core4charNtB5_15CaseMappingIterNtNtNtNtB7_4iter6traits8iterator8Iterator4next
0000000000000000 T _RNvXse_NtCsdAiEuf0GwQL_4core4charNtB5_15CaseMappingIterNtNtNtNtB7_4iter6traits8iterator8Iterator5count
0000000000000000 T _RNvXse_NtNtCsdAiEuf0GwQL_4core3fmt3numhNtB7_8LowerHex3fmt
0000000000000000 T _RNvXse_NtNtNtCsdAiEuf0GwQL_4core3fmt3num3impxNtB9_7Display3fmt
0000000000000000 T _RNvXsf_NtCsdAiEuf0GwQL_4core3patjNtB5_12RangePattern7sub_one
0000000000000000 T _RNvXsf_NtCsdAiEuf0GwQL_4core4charNtB5_15CaseMappingIterNtNtNtNtB7_4iter6traits12double_ended19DoubleEndedIterator15advance_back_by
0000000000000000 T _RNvXsf_NtCsdAiEuf0GwQL_4core4charNtB5_15CaseMappingIterNtNtNtNtB7_4iter6traits12double_ended19DoubleEndedIterator9next_back
0000000000000000 T _RNvXsf_NtNtCsdAiEuf0GwQL_4core3fmt3numaNtB7_8LowerHex3fmt
0000000000000000 T _RNvXsf_NtNtCsdAiEuf0GwQL_4core4task4wakeNtB5_10LocalWakerNtNtB9_3fmt5Debug3fmt
0000000000000000 T _RNvXsg_NtCsdAiEuf0GwQL_4core3fmtbNtB5_7Display3fmt
0000000000000000 T _RNvXsg_NtNtCsdAiEuf0GwQL_4core3fmt3numhNtB7_8UpperHex3fmt
0000000000000000 T _RNvXsh_NtCsdAiEuf0GwQL_4core3fmteNtB5_5Debug3fmt
0000000000000000 T _RNvXsh_NtNtCsdAiEuf0GwQL_4core3fmt3numaNtB7_8UpperHex3fmt
0000000000000000 T _RNvXsi_NtCsdAiEuf0GwQL_4core3fmteNtB5_7Display3fmt
0000000000000000 T _RNvXsi_NtNtCsdAiEuf0GwQL_4core3fmt3numtNtB7_6Binary3fmt
0000000000000000 T _RNvXsi_NtNtNtCsdAiEuf0GwQL_4core3fmt3num3impjNtB9_7Display3fmt
0000000000000000 T _RNvXsj_NtCsdAiEuf0GwQL_4core3fmtcNtB5_5Debug3fmt
0000000000000000 T _RNvXsj_NtNtCsdAiEuf0GwQL_4core3fmt3numsNtB7_6Binary3fmt
0000000000000000 T _RNvXsj_NtNtCsdAiEuf0GwQL_4core3net7ip_addrNtB5_8Ipv6AddrNtNtB9_3fmt7Display3fmt
0000000000000000 T _RNvXsj_NtNtNtCsdAiEuf0GwQL_4core3fmt3num3impiNtB9_7Display3fmt
0000000000000000 T _RNvXsk_NtCsdAiEuf0GwQL_4core3fmtcNtB5_7Display3fmt
0000000000000000 T _RNvXsk_NtNtCsdAiEuf0GwQL_4core3fmt3numtNtB7_5Octal3fmt
0000000000000000 T _RNvXsk_NtNtCsdAiEuf0GwQL_4core3net7ip_addrNtB5_8Ipv6AddrNtNtB9_3fmt5Debug3fmt
0000000000000000 T _RNvXsl_NtNtCsdAiEuf0GwQL_4core3fmt3numsNtB7_5Octal3fmt
0000000000000000 T _RNvXsm_NtCsdAiEuf0GwQL_4core4charNtB5_16TryFromCharErrorNtNtB7_3fmt7Display3fmt
0000000000000000 T _RNvXsm_NtNtCsdAiEuf0GwQL_4core3fmt3numtNtB7_8LowerHex3fmt
0000000000000000 T _RNvXsn_NtNtCsdAiEuf0GwQL_4core3fmt3numsNtB7_8LowerHex3fmt
0000000000000000 T _RNvXsn_NtNtNtCsdAiEuf0GwQL_4core3fmt3num3impaNtB9_8LowerExp3fmt
0000000000000000 T _RNvXso_NtNtCsdAiEuf0GwQL_4core3fmt3numtNtB7_8UpperHex3fmt
0000000000000000 T _RNvXso_NtNtCsdAiEuf0GwQL_4core3num11niche_typesNtB5_14NonZeroU8InnerNtNtB9_3fmt5Debug3fmt
0000000000000000 T _RNvXso_NtNtNtCsdAiEuf0GwQL_4core3fmt3num3imphNtB9_8LowerExp3fmt
0000000000000000 T _RNvXsp_NtNtCsdAiEuf0GwQL_4core3fmt3numsNtB7_8UpperHex3fmt
0000000000000000 T _RNvXsp_NtNtNtCsdAiEuf0GwQL_4core3fmt3num3impaNtB9_8UpperExp3fmt
0000000000000000 T _RNvXsq_NtCsdAiEuf0GwQL_4core4cellNtB5_11BorrowErrorNtNtB7_3fmt7Display3fmt
0000000000000000 T _RNvXsq_NtNtCsdAiEuf0GwQL_4core3fmt3nummNtB7_6Binary3fmt
0000000000000000 T _RNvXsq_NtNtNtCsdAiEuf0GwQL_4core3fmt3num3imphNtB9_8UpperExp3fmt
0000000000000000 T _RNvXsr_NtCsdAiEuf0GwQL_4core4cellNtB5_14BorrowMutErrorNtNtB7_3fmt7Display3fmt
0000000000000000 T _RNvXsr_NtNtCsdAiEuf0GwQL_4core3fmt3numlNtB7_6Binary3fmt
0000000000000000 T _RNvXsr_NtNtNtCsdAiEuf0GwQL_4core3fmt3num3impsNtB9_8LowerExp3fmt
0000000000000000 T _RNvXss_NtNtCsdAiEuf0GwQL_4core3fmt3nummNtB7_5Octal3fmt
0000000000000000 T _RNvXss_NtNtNtCsdAiEuf0GwQL_4core3fmt3num3imptNtB9_8LowerExp3fmt
0000000000000000 T _RNvXst_NtNtCsdAiEuf0GwQL_4core3fmt3numlNtB7_5Octal3fmt
0000000000000000 T _RNvXst_NtNtNtCsdAiEuf0GwQL_4core3fmt3num3impsNtB9_8UpperExp3fmt
0000000000000000 T _RNvXsu_NtCsdAiEuf0GwQL_4core4charNtB5_11ToUppercaseNtNtNtNtB7_4iter6traits8iterator8Iterator10advance_by
0000000000000000 T _RNvXsu_NtCsdAiEuf0GwQL_4core4charNtB5_11ToUppercaseNtNtNtNtB7_4iter6traits8iterator8Iterator24___iterator_get_unchecked
0000000000000000 T _RNvXsu_NtCsdAiEuf0GwQL_4core4charNtB5_11ToUppercaseNtNtNtNtB7_4iter6traits8iterator8Iterator4last
0000000000000000 T _RNvXsu_NtCsdAiEuf0GwQL_4core4charNtB5_11ToUppercaseNtNtNtNtB7_4iter6traits8iterator8Iterator4next
0000000000000000 T _RNvXsu_NtCsdAiEuf0GwQL_4core4charNtB5_11ToUppercaseNtNtNtNtB7_4iter6traits8iterator8Iterator5count
0000000000000000 T _RNvXsu_NtNtCsdAiEuf0GwQL_4core3fmt3nummNtB7_8LowerHex3fmt
0000000000000000 T _RNvXsu_NtNtNtCsdAiEuf0GwQL_4core3fmt3num3imptNtB9_8UpperExp3fmt
0000000000000000 T _RNvXsv_NtCsdAiEuf0GwQL_4core4charNtB5_11ToUppercaseNtNtNtNtB7_4iter6traits12double_ended19DoubleEndedIterator15advance_back_by
0000000000000000 T _RNvXsv_NtCsdAiEuf0GwQL_4core4charNtB5_11ToUppercaseNtNtNtNtB7_4iter6traits12double_ended19DoubleEndedIterator9next_back
0000000000000000 T _RNvXsv_NtNtCsdAiEuf0GwQL_4core3fmt3numlNtB7_8LowerHex3fmt
0000000000000000 T _RNvXsv_NtNtNtCsdAiEuf0GwQL_4core3fmt3num3implNtB9_8LowerExp3fmt
0000000000000000 T _RNvXsw_NtNtCsdAiEuf0GwQL_4core3fmt3nummNtB7_8UpperHex3fmt
0000000000000000 T _RNvXsw_NtNtCsdAiEuf0GwQL_4core3num11niche_typesNtB5_15NonZeroU16InnerNtNtB9_3fmt5Debug3fmt
0000000000000000 T _RNvXsw_NtNtNtCsdAiEuf0GwQL_4core3fmt3num3impmNtB9_8LowerExp3fmt
0000000000000000 T _RNvXsx_NtNtCsdAiEuf0GwQL_4core3fmt3numlNtB7_8UpperHex3fmt
0000000000000000 T _RNvXsx_NtNtNtCsdAiEuf0GwQL_4core3fmt3num3implNtB9_8UpperExp3fmt
0000000000000000 T _RNvXsy_NtNtCsdAiEuf0GwQL_4core3fmt3numyNtB7_6Binary3fmt
0000000000000000 T _RNvXsy_NtNtNtCsdAiEuf0GwQL_4core3fmt3num3impmNtB9_8UpperExp3fmt
0000000000000000 T _RNvXsz_NtNtCsdAiEuf0GwQL_4core3fmt3numxNtB7_6Binary3fmt
0000000000000000 T _RNvXsz_NtNtNtCsdAiEuf0GwQL_4core3fmt3num3impxNtB9_8LowerExp3fmt

compiler_builtins-3fb268566f74fd1b.compiler_builtins.1bba61fba822b93b-cgu.000.rcgu.o:
0000000000000000 T _RINvNtNtCs2nAWfOFRJtn_17compiler_builtins5float4conv18float_to_int_innerC4f128mNCINvB2_21float_to_unsigned_intC4f128mE0NCB1h_s_0EB6_
0000000000000000 T _RINvNtNtCs2nAWfOFRJtn_17compiler_builtins5float4conv18float_to_int_innerC4f128oNCINvB2_21float_to_unsigned_intC4f128oE0NCB1h_s_0EB6_
0000000000000000 T _RINvNtNtCs2nAWfOFRJtn_17compiler_builtins5float4conv18float_to_int_innerC4f128yNCINvB2_21float_to_unsigned_intC4f128yE0NCB1h_s_0EB6_
0000000000000000 T _RINvNtNtCs2nAWfOFRJtn_17compiler_builtins5float4conv19float_to_signed_intC4f128lEB6_
0000000000000000 T _RINvNtNtCs2nAWfOFRJtn_17compiler_builtins5float4conv19float_to_signed_intC4f128nEB6_
0000000000000000 T _RINvNtNtCs2nAWfOFRJtn_17compiler_builtins5float4conv19float_to_signed_intC4f128xEB6_
0000000000000000 T _RNvNtNtCs2nAWfOFRJtn_17compiler_builtins5float4conv11___floatdidf
0000000000000000 T _RNvNtNtCs2nAWfOFRJtn_17compiler_builtins5float4conv11___floatdisf
0000000000000000 T _RNvNtNtCs2nAWfOFRJtn_17compiler_builtins5float4conv11___floatsidf
0000000000000000 T _RNvNtNtCs2nAWfOFRJtn_17compiler_builtins5float4conv11___floatsisf
0000000000000000 T _RNvNtNtCs2nAWfOFRJtn_17compiler_builtins5float4conv11___floattidf
0000000000000000 T _RNvNtNtCs2nAWfOFRJtn_17compiler_builtins5float4conv11___floattisf
0000000000000000 T _RNvNtNtCs2nAWfOFRJtn_17compiler_builtins5float4conv12___fixunsdfdi
0000000000000000 T _RNvNtNtCs2nAWfOFRJtn_17compiler_builtins5float4conv12___fixunsdfsi
0000000000000000 T _RNvNtNtCs2nAWfOFRJtn_17compiler_builtins5float4conv12___fixunsdfti
0000000000000000 T _RNvNtNtCs2nAWfOFRJtn_17compiler_builtins5float4conv12___fixunssfdi
0000000000000000 T _RNvNtNtCs2nAWfOFRJtn_17compiler_builtins5float4conv12___fixunssfsi
0000000000000000 T _RNvNtNtCs2nAWfOFRJtn_17compiler_builtins5float4conv12___fixunssfti
0000000000000000 T _RNvNtNtCs2nAWfOFRJtn_17compiler_builtins5float4conv13___floatundidf
0000000000000000 T _RNvNtNtCs2nAWfOFRJtn_17compiler_builtins5float4conv13___floatundisf
0000000000000000 T _RNvNtNtCs2nAWfOFRJtn_17compiler_builtins5float4conv13___floatunsisf
0000000000000000 T _RNvNtNtCs2nAWfOFRJtn_17compiler_builtins5float4conv13___floatuntidf
0000000000000000 T _RNvNtNtCs2nAWfOFRJtn_17compiler_builtins5float4conv13___floatuntisf
0000000000000000 T _RNvNtNtCs2nAWfOFRJtn_17compiler_builtins5float4conv9___fixdfdi
0000000000000000 T _RNvNtNtCs2nAWfOFRJtn_17compiler_builtins5float4conv9___fixdfsi
0000000000000000 T _RNvNtNtCs2nAWfOFRJtn_17compiler_builtins5float4conv9___fixdfti
0000000000000000 T _RNvNtNtCs2nAWfOFRJtn_17compiler_builtins5float4conv9___fixsfdi
0000000000000000 T _RNvNtNtCs2nAWfOFRJtn_17compiler_builtins5float4conv9___fixsfsi
0000000000000000 T _RNvNtNtCs2nAWfOFRJtn_17compiler_builtins5float4conv9___fixsfti
0000000000000000 R anon.25b54f079dd55d46634796f8d08a3725.0.llvm.12898837581348742239
0000000000000000 D anon.25b54f079dd55d46634796f8d08a3725.1.llvm.12898837581348742239
0000000000000000 D anon.25b54f079dd55d46634796f8d08a3725.2.llvm.12898837581348742239

compiler_builtins-3fb268566f74fd1b.compiler_builtins.1bba61fba822b93b-cgu.001.rcgu.o:
0000000000000000 T _RINvNtNtCs2nAWfOFRJtn_17compiler_builtins5float3div3divC4f128EB6_
0000000000000000 T _RNvNtNtCs2nAWfOFRJtn_17compiler_builtins5float3div8___divdf3
0000000000000000 T _RNvNtNtCs2nAWfOFRJtn_17compiler_builtins5float3div8___divsf3

compiler_builtins-3fb268566f74fd1b.compiler_builtins.1bba61fba822b93b-cgu.002.rcgu.o:
0000000000000000 T _RINvNtNtCs2nAWfOFRJtn_17compiler_builtins5float3add3addC3f16EB6_
0000000000000000 T _RINvNtNtCs2nAWfOFRJtn_17compiler_builtins5float3add3addC4f128EB6_
0000000000000000 T _RNvNtNtCs2nAWfOFRJtn_17compiler_builtins5float3add8___adddf3
0000000000000000 T _RNvNtNtCs2nAWfOFRJtn_17compiler_builtins5float3add8___addsf3

compiler_builtins-3fb268566f74fd1b.compiler_builtins.1bba61fba822b93b-cgu.003.rcgu.o:
0000000000000000 T _RINvNtNtCs2nAWfOFRJtn_17compiler_builtins5float3mul3mulC3f16EB6_
0000000000000000 T _RINvNtNtCs2nAWfOFRJtn_17compiler_builtins5float3mul3mulC4f128EB6_
0000000000000000 T _RNvNtNtCs2nAWfOFRJtn_17compiler_builtins5float3mul8___muldf3
0000000000000000 T _RNvNtNtCs2nAWfOFRJtn_17compiler_builtins5float3mul8___mulsf3

compiler_builtins-3fb268566f74fd1b.compiler_builtins.1bba61fba822b93b-cgu.004.rcgu.o:
0000000000000000 T _RINvNtNtCs2nAWfOFRJtn_17compiler_builtins5float5trunc5truncC4f128C3f16EB6_
0000000000000000 T _RINvNtNtCs2nAWfOFRJtn_17compiler_builtins5float5trunc5truncC4f128dEB6_
0000000000000000 T _RINvNtNtCs2nAWfOFRJtn_17compiler_builtins5float5trunc5truncC4f128fEB6_
0000000000000000 T _RINvNtNtCs2nAWfOFRJtn_17compiler_builtins5float5trunc5truncdC3f16EB6_
0000000000000000 T _RINvNtNtCs2nAWfOFRJtn_17compiler_builtins5float5trunc5truncfC3f16EB6_
0000000000000000 T _RNvNtNtCs2nAWfOFRJtn_17compiler_builtins5float5trunc12___truncdfsf2

compiler_builtins-3fb268566f74fd1b.compiler_builtins.1bba61fba822b93b-cgu.005.rcgu.o:
0000000000000000 T _RINvNtNtNtNtCs2nAWfOFRJtn_17compiler_builtins4math9libm_math7support7modular20linear_mul_reductionmEBa_
0000000000000000 T _RINvNtNtNtNtCs2nAWfOFRJtn_17compiler_builtins4math9libm_math7support7modular20linear_mul_reductionoEBa_
0000000000000000 T _RINvNtNtNtNtCs2nAWfOFRJtn_17compiler_builtins4math9libm_math7support7modular20linear_mul_reductionyEBa_

compiler_builtins-3fb268566f74fd1b.compiler_builtins.1bba61fba822b93b-cgu.006.rcgu.o:
0000000000000000 T _RNvNtNtNtCs2nAWfOFRJtn_17compiler_builtins4math9libm_math3fma3fma
0000000000000000 T _RNvNtNtNtCs2nAWfOFRJtn_17compiler_builtins4math9libm_math3fma4fmaf

compiler_builtins-3fb268566f74fd1b.compiler_builtins.1bba61fba822b93b-cgu.007.rcgu.o:
0000000000000000 T _RNvNtNtNtCs2nAWfOFRJtn_17compiler_builtins4math9libm_math4sqrt4sqrt
0000000000000000 T _RNvNtNtNtCs2nAWfOFRJtn_17compiler_builtins4math9libm_math4sqrt5sqrtf
0000000000000000 R anon.463147511155ff67253059a69d3a4e63.0.llvm.8829257125428657574
0000000000000000 D anon.463147511155ff67253059a69d3a4e63.1.llvm.8829257125428657574
0000000000000000 D anon.463147511155ff67253059a69d3a4e63.2.llvm.8829257125428657574

compiler_builtins-3fb268566f74fd1b.compiler_builtins.1bba61fba822b93b-cgu.008.rcgu.o:
0000000000000000 T _RINvNtNtCs2nAWfOFRJtn_17compiler_builtins5float3cmp3cmpC3f16EB6_
0000000000000000 T _RINvNtNtCs2nAWfOFRJtn_17compiler_builtins5float3cmp3cmpC4f128EB6_
0000000000000000 T _RINvNtNtCs2nAWfOFRJtn_17compiler_builtins5float3cmp5unordC3f16EB6_
0000000000000000 T _RINvNtNtCs2nAWfOFRJtn_17compiler_builtins5float3cmp5unordC4f128EB6_
0000000000000000 T _RNvNtNtCs2nAWfOFRJtn_17compiler_builtins5float3cmp10___unorddf2
0000000000000000 T _RNvNtNtCs2nAWfOFRJtn_17compiler_builtins5float3cmp10___unordsf2
0000000000000000 T _RNvNtNtCs2nAWfOFRJtn_17compiler_builtins5float3cmp7___eqdf2
0000000000000000 T _RNvNtNtCs2nAWfOFRJtn_17compiler_builtins5float3cmp7___eqsf2
0000000000000000 T _RNvNtNtCs2nAWfOFRJtn_17compiler_builtins5float3cmp7___gedf2
0000000000000000 T _RNvNtNtCs2nAWfOFRJtn_17compiler_builtins5float3cmp7___gesf2
0000000000000000 T _RNvNtNtCs2nAWfOFRJtn_17compiler_builtins5float3cmp7___gtdf2
0000000000000000 T _RNvNtNtCs2nAWfOFRJtn_17compiler_builtins5float3cmp7___gtsf2
0000000000000000 T _RNvNtNtCs2nAWfOFRJtn_17compiler_builtins5float3cmp7___ledf2
0000000000000000 T _RNvNtNtCs2nAWfOFRJtn_17compiler_builtins5float3cmp7___lesf2
0000000000000000 T _RNvNtNtCs2nAWfOFRJtn_17compiler_builtins5float3cmp7___ltdf2
0000000000000000 T _RNvNtNtCs2nAWfOFRJtn_17compiler_builtins5float3cmp7___ltsf2
0000000000000000 T _RNvNtNtCs2nAWfOFRJtn_17compiler_builtins5float3cmp7___nedf2
0000000000000000 T _RNvNtNtCs2nAWfOFRJtn_17compiler_builtins5float3cmp7___nesf2

compiler_builtins-3fb268566f74fd1b.compiler_builtins.1bba61fba822b93b-cgu.009.rcgu.o:
0000000000000000 T _RINvNtNtCs2nAWfOFRJtn_17compiler_builtins5float6extend6extendC3f16C4f128EB6_
0000000000000000 T _RINvNtNtCs2nAWfOFRJtn_17compiler_builtins5float6extend6extendC3f16dEB6_
0000000000000000 T _RINvNtNtCs2nAWfOFRJtn_17compiler_builtins5float6extend6extendC3f16fEB6_
0000000000000000 T _RINvNtNtCs2nAWfOFRJtn_17compiler_builtins5float6extend6extenddC4f128EB6_
0000000000000000 T _RINvNtNtCs2nAWfOFRJtn_17compiler_builtins5float6extend6extendfC4f128EB6_
0000000000000000 T _RNvNtNtCs2nAWfOFRJtn_17compiler_builtins5float6extend13___extendsfdf2

compiler_builtins-3fb268566f74fd1b.compiler_builtins.1bba61fba822b93b-cgu.010.rcgu.o:
0000000000000000 T _RINvNtNtNtNtCs2nAWfOFRJtn_17compiler_builtins4math9libm_math7generic4fmod12into_sig_expC3f16EBa_
0000000000000000 T _RINvNtNtNtNtCs2nAWfOFRJtn_17compiler_builtins4math9libm_math7generic4fmod12into_sig_expC4f128EBa_
0000000000000000 T _RINvNtNtNtNtCs2nAWfOFRJtn_17compiler_builtins4math9libm_math7generic4fmod12into_sig_expdEBa_
0000000000000000 T _RINvNtNtNtNtCs2nAWfOFRJtn_17compiler_builtins4math9libm_math7generic4fmod12into_sig_expfEBa_
0000000000000000 T _RINvNtNtNtNtCs2nAWfOFRJtn_17compiler_builtins4math9libm_math7generic4fmod9reductionC3f16EBa_
0000000000000000 T _RINvNtNtNtNtCs2nAWfOFRJtn_17compiler_builtins4math9libm_math7generic4fmod9reductionC4f128EBa_
0000000000000000 T _RINvNtNtNtNtCs2nAWfOFRJtn_17compiler_builtins4math9libm_math7generic4fmod9reductiondEBa_
0000000000000000 T _RINvNtNtNtNtCs2nAWfOFRJtn_17compiler_builtins4math9libm_math7generic4fmod9reductionfEBa_
0000000000000000 R anon.21d2347a5f1b6eca67e6a9b7c1d601ec.0.llvm.7346079050107737869
0000000000000000 D anon.21d2347a5f1b6eca67e6a9b7c1d601ec.1.llvm.7346079050107737869

compiler_builtins-3fb268566f74fd1b.compiler_builtins.1bba61fba822b93b-cgu.011.rcgu.o:
0000000000000000 W fmaf128

compiler_builtins-3fb268566f74fd1b.compiler_builtins.1bba61fba822b93b-cgu.012.rcgu.o:
0000000000000000 T _RNvNtCs2nAWfOFRJtn_17compiler_builtins3mem6memcpy
0000000000000000 T _RNvNtCs2nAWfOFRJtn_17compiler_builtins3mem6memset
0000000000000000 T _RNvNtCs2nAWfOFRJtn_17compiler_builtins3mem7memmove

compiler_builtins-3fb268566f74fd1b.compiler_builtins.1bba61fba822b93b-cgu.013.rcgu.o:
0000000000000000 W sqrtf128

compiler_builtins-3fb268566f74fd1b.compiler_builtins.1bba61fba822b93b-cgu.014.rcgu.o:
0000000000000000 T _RNvNtNtCs2nAWfOFRJtn_17compiler_builtins3int3mul16___rust_i128_mulo
0000000000000000 T _RNvNtNtCs2nAWfOFRJtn_17compiler_builtins3int3mul16___rust_u128_mulo
0000000000000000 T _RNvNtNtCs2nAWfOFRJtn_17compiler_builtins3int3mul8___muldi3
0000000000000000 T _RNvNtNtCs2nAWfOFRJtn_17compiler_builtins3int3mul8___multi3
0000000000000000 T _RNvNtNtCs2nAWfOFRJtn_17compiler_builtins3int3mul9___mulodi4
0000000000000000 T _RNvNtNtCs2nAWfOFRJtn_17compiler_builtins3int3mul9___mulosi4
0000000000000000 T _RNvNtNtCs2nAWfOFRJtn_17compiler_builtins3int3mul9___muloti4

compiler_builtins-3fb268566f74fd1b.compiler_builtins.1bba61fba822b93b-cgu.015.rcgu.o:
0000000000000000 T _RINvNtNtNtCs2nAWfOFRJtn_17compiler_builtins5float4conv12int_to_float6signedlC4f128NvB2_16u32_to_f128_bitsEB8_
0000000000000000 T _RINvNtNtNtCs2nAWfOFRJtn_17compiler_builtins5float4conv12int_to_float6signedldNvB2_15u32_to_f64_bitsEB8_
0000000000000000 T _RINvNtNtNtCs2nAWfOFRJtn_17compiler_builtins5float4conv12int_to_float6signedlfNvB2_15u32_to_f32_bitsEB8_
0000000000000000 T _RINvNtNtNtCs2nAWfOFRJtn_17compiler_builtins5float4conv12int_to_float6signednC4f128NvB2_17u128_to_f128_bitsEB8_
0000000000000000 T _RINvNtNtNtCs2nAWfOFRJtn_17compiler_builtins5float4conv12int_to_float6signedndNvB2_16u128_to_f64_bitsEB8_
0000000000000000 T _RINvNtNtNtCs2nAWfOFRJtn_17compiler_builtins5float4conv12int_to_float6signednfNvB2_16u128_to_f32_bitsEB8_
0000000000000000 T _RINvNtNtNtCs2nAWfOFRJtn_17compiler_builtins5float4conv12int_to_float6signedxC4f128NvB2_16u64_to_f128_bitsEB8_
0000000000000000 T _RINvNtNtNtCs2nAWfOFRJtn_17compiler_builtins5float4conv12int_to_float6signedxdNvB2_15u64_to_f64_bitsEB8_
0000000000000000 T _RINvNtNtNtCs2nAWfOFRJtn_17compiler_builtins5float4conv12int_to_float6signedxfNvB2_15u64_to_f32_bitsEB8_
0000000000000000 T _RNvNtNtNtCs2nAWfOFRJtn_17compiler_builtins5float4conv12int_to_float15u32_to_f32_bits
0000000000000000 T _RNvNtNtNtCs2nAWfOFRJtn_17compiler_builtins5float4conv12int_to_float15u64_to_f32_bits
0000000000000000 T _RNvNtNtNtCs2nAWfOFRJtn_17compiler_builtins5float4conv12int_to_float15u64_to_f64_bits
0000000000000000 T _RNvNtNtNtCs2nAWfOFRJtn_17compiler_builtins5float4conv12int_to_float16u128_to_f32_bits
0000000000000000 T _RNvNtNtNtCs2nAWfOFRJtn_17compiler_builtins5float4conv12int_to_float16u128_to_f64_bits
0000000000000000 T _RNvNtNtNtCs2nAWfOFRJtn_17compiler_builtins5float4conv12int_to_float17u128_to_f128_bits

compiler_builtins-3fb268566f74fd1b.compiler_builtins.1bba61fba822b93b-cgu.016.rcgu.o:
0000000000000000 W sqrtf16

compiler_builtins-3fb268566f74fd1b.compiler_builtins.1bba61fba822b93b-cgu.017.rcgu.o:
0000000000000000 T _RNvNtNtCs2nAWfOFRJtn_17compiler_builtins3int5shift9___ashldi3
0000000000000000 T _RNvNtNtCs2nAWfOFRJtn_17compiler_builtins3int5shift9___ashlsi3
0000000000000000 T _RNvNtNtCs2nAWfOFRJtn_17compiler_builtins3int5shift9___ashlti3
0000000000000000 T _RNvNtNtCs2nAWfOFRJtn_17compiler_builtins3int5shift9___ashrdi3
0000000000000000 T _RNvNtNtCs2nAWfOFRJtn_17compiler_builtins3int5shift9___ashrsi3
0000000000000000 T _RNvNtNtCs2nAWfOFRJtn_17compiler_builtins3int5shift9___ashrti3
0000000000000000 T _RNvNtNtCs2nAWfOFRJtn_17compiler_builtins3int5shift9___lshrdi3
0000000000000000 T _RNvNtNtCs2nAWfOFRJtn_17compiler_builtins3int5shift9___lshrsi3
0000000000000000 T _RNvNtNtCs2nAWfOFRJtn_17compiler_builtins3int5shift9___lshrti3

compiler_builtins-3fb268566f74fd1b.compiler_builtins.1bba61fba822b93b-cgu.018.rcgu.o:
0000000000000000 T _RNvXNtNtNtNtCs2nAWfOFRJtn_17compiler_builtins4math9libm_math7support10int_traitsC4f128INtB2_8CastFromaE9cast_fromBa_
0000000000000000 T _RNvXNtNtNtNtCs2nAWfOFRJtn_17compiler_builtins4math9libm_math7support10int_traitsC4f128INtB2_8CastFromnE15cast_from_lossyBa_
0000000000000000 T _RNvXNtNtNtNtCs2nAWfOFRJtn_17compiler_builtins4math9libm_math7support10int_traitsdINtB2_8CastFromaE9cast_fromBa_
0000000000000000 T _RNvXNtNtNtNtCs2nAWfOFRJtn_17compiler_builtins4math9libm_math7support10int_traitsdINtB2_8CastFromxE15cast_from_lossyBa_
0000000000000000 T _RNvXNtNtNtNtCs2nAWfOFRJtn_17compiler_builtins4math9libm_math7support10int_traitshINtB2_8CastFrommE15cast_from_lossyBa_
0000000000000000 T _RNvXNtNtNtNtCs2nAWfOFRJtn_17compiler_builtins4math9libm_math7support10int_traitshINtB2_8CastFromyE15cast_from_lossyBa_
0000000000000000 T _RNvXNtNtNtNtCs2nAWfOFRJtn_17compiler_builtins4math9libm_math7support10int_traitsjINtB2_8CastFrommE9cast_fromBa_
0000000000000000 T _RNvXNtNtNtNtCs2nAWfOFRJtn_17compiler_builtins4math9libm_math7support10int_traitsjINtB2_8CastFromyE9cast_fromBa_
0000000000000000 T _RNvXNtNtNtNtCs2nAWfOFRJtn_17compiler_builtins4math9libm_math7support10int_traitsmINtB2_8CastFromlE15cast_from_lossyBa_
0000000000000000 T _RNvXNtNtNtNtCs2nAWfOFRJtn_17compiler_builtins4math9libm_math7support10int_traitsmINtB2_8CastFrommE9cast_fromBa_
0000000000000000 T _RNvXNtNtNtNtCs2nAWfOFRJtn_17compiler_builtins4math9libm_math7support10int_traitsmINtB2_8CastFromnE15cast_from_lossyBa_
0000000000000000 T _RNvXNtNtNtNtCs2nAWfOFRJtn_17compiler_builtins4math9libm_math7support10int_traitsmINtB2_8CastFromoE9cast_fromBa_
0000000000000000 T _RNvXNtNtNtNtCs2nAWfOFRJtn_17compiler_builtins4math9libm_math7support10int_traitsmINtB2_8CastFromtE9cast_fromBa_
0000000000000000 T _RNvXNtNtNtNtCs2nAWfOFRJtn_17compiler_builtins4math9libm_math7support10int_traitsmINtB2_8CastFromxE15cast_from_lossyBa_
0000000000000000 T _RNvXNtNtNtNtCs2nAWfOFRJtn_17compiler_builtins4math9libm_math7support10int_traitsmINtB2_8CastFromyE15cast_from_lossyBa_
0000000000000000 T _RNvXNtNtNtNtCs2nAWfOFRJtn_17compiler_builtins4math9libm_math7support10int_traitsmINtB2_8CastFromyE9cast_fromBa_
0000000000000000 T _RNvXNtNtNtNtCs2nAWfOFRJtn_17compiler_builtins4math9libm_math7support10int_traitsoINtB2_8CastFromlE15cast_from_lossyBa_
0000000000000000 T _RNvXNtNtNtNtCs2nAWfOFRJtn_17compiler_builtins4math9libm_math7support10int_traitsoINtB2_8CastFrommE9cast_fromBa_
0000000000000000 T _RNvXNtNtNtNtCs2nAWfOFRJtn_17compiler_builtins4math9libm_math7support10int_traitsoINtB2_8CastFromnE15cast_from_lossyBa_
0000000000000000 T _RNvXNtNtNtNtCs2nAWfOFRJtn_17compiler_builtins4math9libm_math7support10int_traitsoINtB2_8CastFromxE15cast_from_lossyBa_
0000000000000000 T _RNvXNtNtNtNtCs2nAWfOFRJtn_17compiler_builtins4math9libm_math7support10int_traitstINtB2_8CastFrommE15cast_from_lossyBa_
0000000000000000 T _RNvXNtNtNtNtCs2nAWfOFRJtn_17compiler_builtins4math9libm_math7support10int_traitstINtB2_8CastFrommE9cast_fromBa_
0000000000000000 T _RNvXNtNtNtNtCs2nAWfOFRJtn_17compiler_builtins4math9libm_math7support10int_traitstINtB2_8CastFromtE9cast_fromBa_
0000000000000000 T _RNvXNtNtNtNtCs2nAWfOFRJtn_17compiler_builtins4math9libm_math7support10int_traitstINtB2_8CastFromyE15cast_from_lossyBa_
0000000000000000 T _RNvXNtNtNtNtCs2nAWfOFRJtn_17compiler_builtins4math9libm_math7support10int_traitsyINtB2_8CastFromlE15cast_from_lossyBa_
0000000000000000 T _RNvXNtNtNtNtCs2nAWfOFRJtn_17compiler_builtins4math9libm_math7support10int_traitsyINtB2_8CastFrommE9cast_fromBa_
0000000000000000 T _RNvXNtNtNtNtCs2nAWfOFRJtn_17compiler_builtins4math9libm_math7support10int_traitsyINtB2_8CastFromnE15cast_from_lossyBa_
0000000000000000 T _RNvXNtNtNtNtCs2nAWfOFRJtn_17compiler_builtins4math9libm_math7support10int_traitsyINtB2_8CastFromxE15cast_from_lossyBa_
0000000000000000 T _RNvXs0_NtNtNtNtCs2nAWfOFRJtn_17compiler_builtins4math9libm_math7support10int_traitsjNtB5_3Int12unsigned_abs
0000000000000000 T _RNvXs0_NtNtNtNtCs2nAWfOFRJtn_17compiler_builtins4math9libm_math7support10int_traitsjNtB5_3Int3abs
0000000000000000 T _RNvXs0_NtNtNtNtCs2nAWfOFRJtn_17compiler_builtins4math9libm_math7support10int_traitsjNtB5_3Int5ilog2
0000000000000000 T _RNvXs2_NtNtNtNtCs2nAWfOFRJtn_17compiler_builtins4math9libm_math7support10int_traitsiNtB5_3Int5ilog2
0000000000000000 T _RNvXs4_NtNtNtNtCs2nAWfOFRJtn_17compiler_builtins4math9libm_math7support10int_traitshNtB5_3Int12unsigned_abs
0000000000000000 T _RNvXs4_NtNtNtNtCs2nAWfOFRJtn_17compiler_builtins4math9libm_math7support10int_traitshNtB5_3Int3abs
0000000000000000 T _RNvXs4_NtNtNtNtCs2nAWfOFRJtn_17compiler_builtins4math9libm_math7support10int_traitshNtB5_3Int5ilog2
0000000000000000 T _RNvXs6_NtNtNtNtCs2nAWfOFRJtn_17compiler_builtins4math9libm_math7support10int_traitsaNtB5_3Int5ilog2
0000000000000000 T _RNvXs8_NtNtNtNtCs2nAWfOFRJtn_17compiler_builtins4math9libm_math7support10int_traitstNtB5_3Int12unsigned_abs
0000000000000000 T _RNvXs8_NtNtNtNtCs2nAWfOFRJtn_17compiler_builtins4math9libm_math7support10int_traitstNtB5_3Int3abs
0000000000000000 T _RNvXs8_NtNtNtNtCs2nAWfOFRJtn_17compiler_builtins4math9libm_math7support10int_traitstNtB5_3Int5ilog2
0000000000000000 T _RNvXsa_NtNtNtNtCs2nAWfOFRJtn_17compiler_builtins4math9libm_math7support10int_traitssNtB5_3Int5ilog2
0000000000000000 T _RNvXsc_NtNtNtNtCs2nAWfOFRJtn_17compiler_builtins4math9libm_math7support10int_traitsmNtB5_3Int12unsigned_abs
0000000000000000 T _RNvXsc_NtNtNtNtCs2nAWfOFRJtn_17compiler_builtins4math9libm_math7support10int_traitsmNtB5_3Int3abs
0000000000000000 T _RNvXsc_NtNtNtNtCs2nAWfOFRJtn_17compiler_builtins4math9libm_math7support10int_traitsmNtB5_3Int5ilog2
0000000000000000 T _RNvXse_NtNtNtNtCs2nAWfOFRJtn_17compiler_builtins4math9libm_math7support10int_traitslNtB5_3Int5ilog2
0000000000000000 T _RNvXsg_NtNtNtNtCs2nAWfOFRJtn_17compiler_builtins4math9libm_math7support10int_traitsyNtB5_3Int12unsigned_abs
0000000000000000 T _RNvXsg_NtNtNtNtCs2nAWfOFRJtn_17compiler_builtins4math9libm_math7support10int_traitsyNtB5_3Int3abs
0000000000000000 T _RNvXsg_NtNtNtNtCs2nAWfOFRJtn_17compiler_builtins4math9libm_math7support10int_traitsyNtB5_3Int5ilog2
0000000000000000 T _RNvXsi_NtNtNtNtCs2nAWfOFRJtn_17compiler_builtins4math9libm_math7support10int_traitsxNtB5_3Int5ilog2
0000000000000000 T _RNvXsk_NtNtNtNtCs2nAWfOFRJtn_17compiler_builtins4math9libm_math7support10int_traitsoNtB5_3Int12unsigned_abs
0000000000000000 T _RNvXsk_NtNtNtNtCs2nAWfOFRJtn_17compiler_builtins4math9libm_math7support10int_traitsoNtB5_3Int3abs
0000000000000000 T _RNvXsk_NtNtNtNtCs2nAWfOFRJtn_17compiler_builtins4math9libm_math7support10int_traitsoNtB5_3Int5ilog2
0000000000000000 T _RNvXsm_NtNtNtNtCs2nAWfOFRJtn_17compiler_builtins4math9libm_math7support10int_traitsnNtB5_3Int5ilog2
0000000000000000 T _RNvYlNtNtNtNtNtCs2nAWfOFRJtn_17compiler_builtins4math9libm_math7support10int_traits4DInt10from_lo_hiBd_
0000000000000000 T _RNvYmNtNtNtNtNtCs2nAWfOFRJtn_17compiler_builtins4math9libm_math7support10int_traits4DInt10from_lo_hiBd_
0000000000000000 T _RNvYmNtNtNtNtNtCs2nAWfOFRJtn_17compiler_builtins4math9libm_math7support10int_traits4DInt5lo_hiBd_
0000000000000000 T _RNvYnNtNtNtNtNtCs2nAWfOFRJtn_17compiler_builtins4math9libm_math7support10int_traits4DInt10from_lo_hiBd_
0000000000000000 T _RNvYoNtNtNtNtNtCs2nAWfOFRJtn_17compiler_builtins4math9libm_math7support10int_traits4DInt10from_lo_hiBd_
0000000000000000 T _RNvYoNtNtNtNtNtCs2nAWfOFRJtn_17compiler_builtins4math9libm_math7support10int_traits4DInt5lo_hiBd_
0000000000000000 T _RNvYxNtNtNtNtNtCs2nAWfOFRJtn_17compiler_builtins4math9libm_math7support10int_traits4DInt10from_lo_hiBd_
0000000000000000 T _RNvYyNtNtNtNtNtCs2nAWfOFRJtn_17compiler_builtins4math9libm_math7support10int_traits4DInt10from_lo_hiBd_
0000000000000000 T _RNvYyNtNtNtNtNtCs2nAWfOFRJtn_17compiler_builtins4math9libm_math7support10int_traits4DInt5lo_hiBd_

compiler_builtins-3fb268566f74fd1b.compiler_builtins.1bba61fba822b93b-cgu.019.rcgu.o:
0000000000000000 T _RNvNtNtNtCs2nAWfOFRJtn_17compiler_builtins4math9libm_math4cbrt4cbrt

compiler_builtins-3fb268566f74fd1b.compiler_builtins.1bba61fba822b93b-cgu.020.rcgu.o:
0000000000000000 T _RNvYC3f16NtNtNtNtNtCs2nAWfOFRJtn_17compiler_builtins4math9libm_math7support12float_traits5Float10from_partsBh_
0000000000000000 T _RNvYC3f16NtNtNtNtNtCs2nAWfOFRJtn_17compiler_builtins4math9libm_math7support12float_traits5Float12canonicalizeBh_
0000000000000000 T _RNvYC3f16NtNtNtNtNtCs2nAWfOFRJtn_17compiler_builtins4math9libm_math7support12float_traits5Float12exp_unbiasedBh_
0000000000000000 T _RNvYC3f16NtNtNtNtNtCs2nAWfOFRJtn_17compiler_builtins4math9libm_math7support12float_traits5Float14to_bits_signedBh_
0000000000000000 T _RNvYC3f16NtNtNtNtNtCs2nAWfOFRJtn_17compiler_builtins4math9libm_math7support12float_traits5Float16is_sign_positiveBh_
0000000000000000 T _RNvYC3f16NtNtNtNtNtCs2nAWfOFRJtn_17compiler_builtins4math9libm_math7support12float_traits5Float2exBh_
0000000000000000 T _RNvYC3f16NtNtNtNtNtCs2nAWfOFRJtn_17compiler_builtins4math9libm_math7support12float_traits5Float5biteqBh_
0000000000000000 T _RNvYC4f128NtNtNtNtNtCs2nAWfOFRJtn_17compiler_builtins4math9libm_math7support12float_traits5Float10from_partsBi_
0000000000000000 T _RNvYC4f128NtNtNtNtNtCs2nAWfOFRJtn_17compiler_builtins4math9libm_math7support12float_traits5Float12canonicalizeBi_
0000000000000000 T _RNvYC4f128NtNtNtNtNtCs2nAWfOFRJtn_17compiler_builtins4math9libm_math7support12float_traits5Float12exp_unbiasedBi_
0000000000000000 T _RNvYC4f128NtNtNtNtNtCs2nAWfOFRJtn_17compiler_builtins4math9libm_math7support12float_traits5Float14to_bits_signedBi_
0000000000000000 T _RNvYC4f128NtNtNtNtNtCs2nAWfOFRJtn_17compiler_builtins4math9libm_math7support12float_traits5Float16is_sign_positiveBi_
0000000000000000 T _RNvYC4f128NtNtNtNtNtCs2nAWfOFRJtn_17compiler_builtins4math9libm_math7support12float_traits5Float2exBi_
0000000000000000 T _RNvYC4f128NtNtNtNtNtCs2nAWfOFRJtn_17compiler_builtins4math9libm_math7support12float_traits5Float5biteqBi_
0000000000000000 T _RNvYdNtNtNtNtNtCs2nAWfOFRJtn_17compiler_builtins4math9libm_math7support12float_traits5Float10from_partsBd_
0000000000000000 T _RNvYdNtNtNtNtNtCs2nAWfOFRJtn_17compiler_builtins4math9libm_math7support12float_traits5Float12canonicalizeBd_
0000000000000000 T _RNvYdNtNtNtNtNtCs2nAWfOFRJtn_17compiler_builtins4math9libm_math7support12float_traits5Float12exp_unbiasedBd_
0000000000000000 T _RNvYdNtNtNtNtNtCs2nAWfOFRJtn_17compiler_builtins4math9libm_math7support12float_traits5Float14to_bits_signedBd_
0000000000000000 T _RNvYdNtNtNtNtNtCs2nAWfOFRJtn_17compiler_builtins4math9libm_math7support12float_traits5Float16is_sign_positiveBd_
0000000000000000 T _RNvYdNtNtNtNtNtCs2nAWfOFRJtn_17compiler_builtins4math9libm_math7support12float_traits5Float2exBd_
0000000000000000 T _RNvYdNtNtNtNtNtCs2nAWfOFRJtn_17compiler_builtins4math9libm_math7support12float_traits5Float5biteqBd_
0000000000000000 T _RNvYfNtNtNtNtNtCs2nAWfOFRJtn_17compiler_builtins4math9libm_math7support12float_traits5Float10from_partsBd_
0000000000000000 T _RNvYfNtNtNtNtNtCs2nAWfOFRJtn_17compiler_builtins4math9libm_math7support12float_traits5Float12canonicalizeBd_
0000000000000000 T _RNvYfNtNtNtNtNtCs2nAWfOFRJtn_17compiler_builtins4math9libm_math7support12float_traits5Float12exp_unbiasedBd_
0000000000000000 T _RNvYfNtNtNtNtNtCs2nAWfOFRJtn_17compiler_builtins4math9libm_math7support12float_traits5Float14to_bits_signedBd_
0000000000000000 T _RNvYfNtNtNtNtNtCs2nAWfOFRJtn_17compiler_builtins4math9libm_math7support12float_traits5Float16is_sign_positiveBd_
0000000000000000 T _RNvYfNtNtNtNtNtCs2nAWfOFRJtn_17compiler_builtins4math9libm_math7support12float_traits5Float2exBd_
0000000000000000 T _RNvYfNtNtNtNtNtCs2nAWfOFRJtn_17compiler_builtins4math9libm_math7support12float_traits5Float5biteqBd_
0000000000000000 R anon.5f952150b0146140adccb077a1da46bd.0.llvm.9056983446837593030
0000000000000000 D anon.5f952150b0146140adccb077a1da46bd.1.llvm.9056983446837593030

compiler_builtins-3fb268566f74fd1b.compiler_builtins.1bba61fba822b93b-cgu.021.rcgu.o:
0000000000000000 V DW.ref.rust_eh_personality
0000000000000000 T _RNvNtNtCs2nAWfOFRJtn_17compiler_builtins3int19specialized_div_rem11u32_div_rem.llvm.17981066529447032640
0000000000000000 T _RNvNtNtCs2nAWfOFRJtn_17compiler_builtins3int19specialized_div_rem11u64_div_rem.llvm.17981066529447032640
0000000000000000 T _RNvNtNtCs2nAWfOFRJtn_17compiler_builtins3int4udiv12___udivmoddi4
0000000000000000 T _RNvNtNtCs2nAWfOFRJtn_17compiler_builtins3int4udiv12___udivmodsi4
0000000000000000 T _RNvNtNtCs2nAWfOFRJtn_17compiler_builtins3int4udiv12___udivmodti4
0000000000000000 T _RNvNtNtCs2nAWfOFRJtn_17compiler_builtins3int4udiv9___udivdi3
0000000000000000 T _RNvNtNtCs2nAWfOFRJtn_17compiler_builtins3int4udiv9___udivsi3
0000000000000000 T _RNvNtNtCs2nAWfOFRJtn_17compiler_builtins3int4udiv9___udivti3
0000000000000000 T _RNvNtNtCs2nAWfOFRJtn_17compiler_builtins3int4udiv9___umoddi3
0000000000000000 T _RNvNtNtCs2nAWfOFRJtn_17compiler_builtins3int4udiv9___umodsi3
0000000000000000 T _RNvNtNtCs2nAWfOFRJtn_17compiler_builtins3int4udiv9___umodti3

compiler_builtins-3fb268566f74fd1b.compiler_builtins.1bba61fba822b93b-cgu.022.rcgu.o:
0000000000000000 T _RNvNtNtCs2nAWfOFRJtn_17compiler_builtins3int19specialized_div_rem12u128_div_rem

compiler_builtins-3fb268566f74fd1b.compiler_builtins.1bba61fba822b93b-cgu.023.rcgu.o:
0000000000000000 V DW.ref.rust_eh_personality
0000000000000000 T _RNvNtNtCs2nAWfOFRJtn_17compiler_builtins3int4sdiv11___divmoddi4
0000000000000000 T _RNvNtNtCs2nAWfOFRJtn_17compiler_builtins3int4sdiv11___divmodsi4
0000000000000000 T _RNvNtNtCs2nAWfOFRJtn_17compiler_builtins3int4sdiv11___divmodti4
0000000000000000 T _RNvNtNtCs2nAWfOFRJtn_17compiler_builtins3int4sdiv8___divdi3
0000000000000000 T _RNvNtNtCs2nAWfOFRJtn_17compiler_builtins3int4sdiv8___divsi3
0000000000000000 T _RNvNtNtCs2nAWfOFRJtn_17compiler_builtins3int4sdiv8___divti3
0000000000000000 T _RNvNtNtCs2nAWfOFRJtn_17compiler_builtins3int4sdiv8___moddi3
0000000000000000 T _RNvNtNtCs2nAWfOFRJtn_17compiler_builtins3int4sdiv8___modsi3
0000000000000000 T _RNvNtNtCs2nAWfOFRJtn_17compiler_builtins3int4sdiv8___modti3

compiler_builtins-3fb268566f74fd1b.compiler_builtins.1bba61fba822b93b-cgu.024.rcgu.o:
0000000000000000 T _RNvNtNtNtCs2nAWfOFRJtn_17compiler_builtins4math9libm_math4fmod4fmod
0000000000000000 T _RNvNtNtNtCs2nAWfOFRJtn_17compiler_builtins4math9libm_math4fmod5fmodf
0000000000000000 R anon.d3bb19aa078805f4602f8bb603921429.0.llvm.12110439085026850311
0000000000000000 D anon.d3bb19aa078805f4602f8bb603921429.1.llvm.12110439085026850311

compiler_builtins-3fb268566f74fd1b.compiler_builtins.1bba61fba822b93b-cgu.025.rcgu.o:
0000000000000000 T _RNvNtNtNtCs2nAWfOFRJtn_17compiler_builtins4math9libm_math4ceil4ceil
0000000000000000 T _RNvNtNtNtCs2nAWfOFRJtn_17compiler_builtins4math9libm_math4ceil5ceilf

compiler_builtins-3fb268566f74fd1b.compiler_builtins.1bba61fba822b93b-cgu.026.rcgu.o:
0000000000000000 T _RINvNtNtNtNtNtCs2nAWfOFRJtn_17compiler_builtins4math9libm_math7support10int_traits13narrowing_div23div_three_digits_by_twoyEBc_
0000000000000000 T _RNvYoNtNtNtNtNtNtCs2nAWfOFRJtn_17compiler_builtins4math9libm_math7support10int_traits13narrowing_div12NarrowingDiv25checked_narrowing_div_remBf_
0000000000000000 T _RNvYyNtNtNtNtNtNtCs2nAWfOFRJtn_17compiler_builtins4math9libm_math7support10int_traits13narrowing_div12NarrowingDiv25checked_narrowing_div_remBf_

compiler_builtins-3fb268566f74fd1b.compiler_builtins.1bba61fba822b93b-cgu.027.rcgu.o:
0000000000000000 T _RINvNtNtNtCs2nAWfOFRJtn_17compiler_builtins3int13leading_zeros14implementation19leading_zeros_riscvmEB8_
0000000000000000 T _RINvNtNtNtCs2nAWfOFRJtn_17compiler_builtins3int13leading_zeros14implementation19leading_zeros_riscvyEB8_
0000000000000000 R anon.be2d1323cc6aec644338c94985b4c536.0.llvm.18090895999732529762
0000000000000000 D anon.be2d1323cc6aec644338c94985b4c536.1.llvm.18090895999732529762

compiler_builtins-3fb268566f74fd1b.compiler_builtins.1bba61fba822b93b-cgu.028.rcgu.o:
0000000000000000 T _RNvNtNtCs2nAWfOFRJtn_17compiler_builtins3int6addsub15___rust_i128_add
0000000000000000 T _RNvNtNtCs2nAWfOFRJtn_17compiler_builtins3int6addsub15___rust_i128_sub
0000000000000000 T _RNvNtNtCs2nAWfOFRJtn_17compiler_builtins3int6addsub15___rust_u128_add
0000000000000000 T _RNvNtNtCs2nAWfOFRJtn_17compiler_builtins3int6addsub15___rust_u128_sub
0000000000000000 T _RNvNtNtCs2nAWfOFRJtn_17compiler_builtins3int6addsub16___rust_i128_addo
0000000000000000 T _RNvNtNtCs2nAWfOFRJtn_17compiler_builtins3int6addsub16___rust_i128_subo
0000000000000000 T _RNvNtNtCs2nAWfOFRJtn_17compiler_builtins3int6addsub16___rust_u128_addo
0000000000000000 T _RNvNtNtCs2nAWfOFRJtn_17compiler_builtins3int6addsub16___rust_u128_subo

compiler_builtins-3fb268566f74fd1b.compiler_builtins.1bba61fba822b93b-cgu.029.rcgu.o:
0000000000000000 T _RNvNtNtNtCs2nAWfOFRJtn_17compiler_builtins4math9libm_math5floor5floor
0000000000000000 T _RNvNtNtNtCs2nAWfOFRJtn_17compiler_builtins4math9libm_math5floor6floorf

compiler_builtins-3fb268566f74fd1b.compiler_builtins.1bba61fba822b93b-cgu.030.rcgu.o:
0000000000000000 T _RNvNtNtNtCs2nAWfOFRJtn_17compiler_builtins4math9libm_math5round5round
0000000000000000 T _RNvNtNtNtCs2nAWfOFRJtn_17compiler_builtins4math9libm_math5round6roundf

compiler_builtins-3fb268566f74fd1b.compiler_builtins.1bba61fba822b93b-cgu.031.rcgu.o:
0000000000000000 T _RNvNtNtNtCs2nAWfOFRJtn_17compiler_builtins4math9libm_math17fminimum_fmaximum8fmaximum
0000000000000000 T _RNvNtNtNtCs2nAWfOFRJtn_17compiler_builtins4math9libm_math17fminimum_fmaximum8fminimum
0000000000000000 T _RNvNtNtNtCs2nAWfOFRJtn_17compiler_builtins4math9libm_math17fminimum_fmaximum9fmaximumf
0000000000000000 T _RNvNtNtNtCs2nAWfOFRJtn_17compiler_builtins4math9libm_math17fminimum_fmaximum9fminimumf

compiler_builtins-3fb268566f74fd1b.compiler_builtins.1bba61fba822b93b-cgu.032.rcgu.o:
0000000000000000 T _RNvNtNtNtCs2nAWfOFRJtn_17compiler_builtins4math9libm_math21fminimum_fmaximum_num12fmaximum_num
0000000000000000 T _RNvNtNtNtCs2nAWfOFRJtn_17compiler_builtins4math9libm_math21fminimum_fmaximum_num12fminimum_num
0000000000000000 T _RNvNtNtNtCs2nAWfOFRJtn_17compiler_builtins4math9libm_math21fminimum_fmaximum_num13fmaximum_numf
0000000000000000 T _RNvNtNtNtCs2nAWfOFRJtn_17compiler_builtins4math9libm_math21fminimum_fmaximum_num13fminimum_numf

compiler_builtins-3fb268566f74fd1b.compiler_builtins.1bba61fba822b93b-cgu.033.rcgu.o:
0000000000000000 T _RINvNtNtNtCs2nAWfOFRJtn_17compiler_builtins3int14trailing_zeros14implementation14trailing_zerosmEB8_
0000000000000000 T _RINvNtNtNtCs2nAWfOFRJtn_17compiler_builtins3int14trailing_zeros14implementation14trailing_zerosyEB8_

compiler_builtins-3fb268566f74fd1b.compiler_builtins.1bba61fba822b93b-cgu.034.rcgu.o:
0000000000000000 T _RNvXs2_NtNtNtNtCs2nAWfOFRJtn_17compiler_builtins4math9libm_math7support3bigoNtNtB7_10int_traits4HInt9widen_mul
0000000000000000 T _RNvXs2_NtNtNtNtNtCs2nAWfOFRJtn_17compiler_builtins4math9libm_math7support10int_traits13narrowing_divNtNtB9_3big4u256NtB5_12NarrowingDiv27unchecked_narrowing_div_rem
0000000000000000 T _RNvXs3_NtNtNtNtCs2nAWfOFRJtn_17compiler_builtins4math9libm_math7support3bignNtNtB7_10int_traits4HInt14zero_widen_mul
0000000000000000 T _RNvXs3_NtNtNtNtCs2nAWfOFRJtn_17compiler_builtins4math9libm_math7support3bignNtNtB7_10int_traits4HInt9widen_mul
0000000000000000 T _RNvXs6_NtNtNtNtCs2nAWfOFRJtn_17compiler_builtins4math9libm_math7support3bigNtB5_4u256NtNtCsdAiEuf0GwQL_4core3fmt5Debug3fmt
0000000000000000 T _RNvXs7_NtNtNtNtCs2nAWfOFRJtn_17compiler_builtins4math9libm_math7support3bigNtB5_4i256NtNtCsdAiEuf0GwQL_4core3fmt5Debug3fmt
0000000000000000 T _RNvXs8_NtNtNtNtCs2nAWfOFRJtn_17compiler_builtins4math9libm_math7support3bigNtB5_4u256NtNtCsdAiEuf0GwQL_4core3fmt8LowerHex3fmt
0000000000000000 T _RNvXs9_NtNtNtNtCs2nAWfOFRJtn_17compiler_builtins4math9libm_math7support3bigNtB5_4i256NtNtCsdAiEuf0GwQL_4core3fmt8LowerHex3fmt
0000000000000000 T _RNvYNtNtNtNtNtCs2nAWfOFRJtn_17compiler_builtins4math9libm_math7support3big4u256NtNtB6_10int_traits4DInt10from_lo_hiBc_
0000000000000000 T _RNvYNtNtNtNtNtCs2nAWfOFRJtn_17compiler_builtins4math9libm_math7support3big4u256NtNtB6_10int_traits4DInt5lo_hiBc_
0000000000000000 T _RNvYNtNtNtNtNtCs2nAWfOFRJtn_17compiler_builtins4math9libm_math7support3big4u256NtNtNtB6_10int_traits13narrowing_div12NarrowingDiv25checked_narrowing_div_remBc_

compiler_builtins-3fb268566f74fd1b.compiler_builtins.1bba61fba822b93b-cgu.035.rcgu.o:
0000000000000000 V DW.ref.rust_eh_personality
0000000000000000 T _RNvNtNtCs2nAWfOFRJtn_17compiler_builtins4math17full_availability10roundevenf
0000000000000000 T _RNvNtNtCs2nAWfOFRJtn_17compiler_builtins4math17full_availability12fmaximum_num
0000000000000000 T _RNvNtNtCs2nAWfOFRJtn_17compiler_builtins4math17full_availability12fminimum_num
0000000000000000 T _RNvNtNtCs2nAWfOFRJtn_17compiler_builtins4math17full_availability13fmaximum_numf
0000000000000000 T _RNvNtNtCs2nAWfOFRJtn_17compiler_builtins4math17full_availability13fminimum_numf
0000000000000000 T _RNvNtNtCs2nAWfOFRJtn_17compiler_builtins4math17full_availability3fma
0000000000000000 T _RNvNtNtCs2nAWfOFRJtn_17compiler_builtins4math17full_availability4cbrt
0000000000000000 T _RNvNtNtCs2nAWfOFRJtn_17compiler_builtins4math17full_availability4ceil
0000000000000000 T _RNvNtNtCs2nAWfOFRJtn_17compiler_builtins4math17full_availability4fmaf
0000000000000000 T _RNvNtNtCs2nAWfOFRJtn_17compiler_builtins4math17full_availability4fmax
0000000000000000 T _RNvNtNtCs2nAWfOFRJtn_17compiler_builtins4math17full_availability4fmin
0000000000000000 T _RNvNtNtCs2nAWfOFRJtn_17compiler_builtins4math17full_availability4fmod
0000000000000000 T _RNvNtNtCs2nAWfOFRJtn_17compiler_builtins4math17full_availability4rint
0000000000000000 T _RNvNtNtCs2nAWfOFRJtn_17compiler_builtins4math17full_availability4sqrt
0000000000000000 T _RNvNtNtCs2nAWfOFRJtn_17compiler_builtins4math17full_availability5cbrtf
0000000000000000 T _RNvNtNtCs2nAWfOFRJtn_17compiler_builtins4math17full_availability5ceilf
0000000000000000 T _RNvNtNtCs2nAWfOFRJtn_17compiler_builtins4math17full_availability5floor
0000000000000000 T _RNvNtNtCs2nAWfOFRJtn_17compiler_builtins4math17full_availability5fmaxf
0000000000000000 T _RNvNtNtCs2nAWfOFRJtn_17compiler_builtins4math17full_availability5fminf
0000000000000000 T _RNvNtNtCs2nAWfOFRJtn_17compiler_builtins4math17full_availability5fmodf
0000000000000000 T _RNvNtNtCs2nAWfOFRJtn_17compiler_builtins4math17full_availability5rintf
0000000000000000 T _RNvNtNtCs2nAWfOFRJtn_17compiler_builtins4math17full_availability5round
0000000000000000 T _RNvNtNtCs2nAWfOFRJtn_17compiler_builtins4math17full_availability5sqrtf
0000000000000000 T _RNvNtNtCs2nAWfOFRJtn_17compiler_builtins4math17full_availability5trunc
0000000000000000 T _RNvNtNtCs2nAWfOFRJtn_17compiler_builtins4math17full_availability6floorf
0000000000000000 T _RNvNtNtCs2nAWfOFRJtn_17compiler_builtins4math17full_availability6roundf
0000000000000000 T _RNvNtNtCs2nAWfOFRJtn_17compiler_builtins4math17full_availability6truncf
0000000000000000 T _RNvNtNtCs2nAWfOFRJtn_17compiler_builtins4math17full_availability8copysign
0000000000000000 T _RNvNtNtCs2nAWfOFRJtn_17compiler_builtins4math17full_availability8fmaximum
0000000000000000 T _RNvNtNtCs2nAWfOFRJtn_17compiler_builtins4math17full_availability8fminimum
0000000000000000 T _RNvNtNtCs2nAWfOFRJtn_17compiler_builtins4math17full_availability9copysignf
0000000000000000 T _RNvNtNtCs2nAWfOFRJtn_17compiler_builtins4math17full_availability9fmaximumf
0000000000000000 T _RNvNtNtCs2nAWfOFRJtn_17compiler_builtins4math17full_availability9fminimumf
0000000000000000 T _RNvNtNtCs2nAWfOFRJtn_17compiler_builtins4math17full_availability9roundeven

compiler_builtins-3fb268566f74fd1b.compiler_builtins.1bba61fba822b93b-cgu.036.rcgu.o:
0000000000000000 T _RNvNtNtNtCs2nAWfOFRJtn_17compiler_builtins4math9libm_math4rint4rint
0000000000000000 T _RNvNtNtNtCs2nAWfOFRJtn_17compiler_builtins4math9libm_math4rint5rintf

compiler_builtins-3fb268566f74fd1b.compiler_builtins.1bba61fba822b93b-cgu.037.rcgu.o:
0000000000000000 V DW.ref.rust_eh_personality
0000000000000000 W fmodf128

compiler_builtins-3fb268566f74fd1b.compiler_builtins.1bba61fba822b93b-cgu.038.rcgu.o:
0000000000000000 W fmodf16

compiler_builtins-3fb268566f74fd1b.compiler_builtins.1bba61fba822b93b-cgu.039.rcgu.o:
0000000000000000 T _RINvNtNtCs2nAWfOFRJtn_17compiler_builtins5float3pow3powC4f128EB6_
0000000000000000 T _RNvNtNtCs2nAWfOFRJtn_17compiler_builtins5float3pow9___powidf2
0000000000000000 T _RNvNtNtCs2nAWfOFRJtn_17compiler_builtins5float3pow9___powisf2

compiler_builtins-3fb268566f74fd1b.compiler_builtins.1bba61fba822b93b-cgu.040.rcgu.o:
0000000000000000 T _RNvMNtNtNtNtCs2nAWfOFRJtn_17compiler_builtins4math9libm_math7generic3fmaINtB2_4NormC4f128E10from_floatBa_
0000000000000000 T _RNvMNtNtNtNtCs2nAWfOFRJtn_17compiler_builtins4math9libm_math7generic3fmaINtB2_4NormdE10from_floatBa_

compiler_builtins-3fb268566f74fd1b.compiler_builtins.1bba61fba822b93b-cgu.041.rcgu.o:
0000000000000000 W ceilf16

compiler_builtins-3fb268566f74fd1b.compiler_builtins.1bba61fba822b93b-cgu.042.rcgu.o:
0000000000000000 W ceilf128

compiler_builtins-3fb268566f74fd1b.compiler_builtins.1bba61fba822b93b-cgu.043.rcgu.o:
0000000000000000 T _RNvNtNtNtCs2nAWfOFRJtn_17compiler_builtins4math9libm_math5trunc5trunc
0000000000000000 T _RNvNtNtNtCs2nAWfOFRJtn_17compiler_builtins4math9libm_math5trunc6truncf

compiler_builtins-3fb268566f74fd1b.compiler_builtins.1bba61fba822b93b-cgu.044.rcgu.o:
0000000000000000 W floorf16

compiler_builtins-3fb268566f74fd1b.compiler_builtins.1bba61fba822b93b-cgu.045.rcgu.o:
0000000000000000 W floorf128

compiler_builtins-3fb268566f74fd1b.compiler_builtins.1bba61fba822b93b-cgu.046.rcgu.o:
0000000000000000 W roundf128

compiler_builtins-3fb268566f74fd1b.compiler_builtins.1bba61fba822b93b-cgu.047.rcgu.o:
0000000000000000 W roundf16

compiler_builtins-3fb268566f74fd1b.compiler_builtins.1bba61fba822b93b-cgu.048.rcgu.o:
0000000000000000 T _RNvNtNtNtCs2nAWfOFRJtn_17compiler_builtins4math9libm_math9fmin_fmax4fmax
0000000000000000 T _RNvNtNtNtCs2nAWfOFRJtn_17compiler_builtins4math9libm_math9fmin_fmax4fmin
0000000000000000 T _RNvNtNtNtCs2nAWfOFRJtn_17compiler_builtins4math9libm_math9fmin_fmax5fmaxf
0000000000000000 T _RNvNtNtNtCs2nAWfOFRJtn_17compiler_builtins4math9libm_math9fmin_fmax5fminf

compiler_builtins-3fb268566f74fd1b.compiler_builtins.1bba61fba822b93b-cgu.049.rcgu.o:
0000000000000000 W roundevenf128

compiler_builtins-3fb268566f74fd1b.compiler_builtins.1bba61fba822b93b-cgu.050.rcgu.o:
0000000000000000 W rintf128

compiler_builtins-3fb268566f74fd1b.compiler_builtins.1bba61fba822b93b-cgu.051.rcgu.o:
0000000000000000 W rintf16

compiler_builtins-3fb268566f74fd1b.compiler_builtins.1bba61fba822b93b-cgu.052.rcgu.o:
0000000000000000 W roundevenf16

compiler_builtins-3fb268566f74fd1b.compiler_builtins.1bba61fba822b93b-cgu.053.rcgu.o:
0000000000000000 W truncf128

compiler_builtins-3fb268566f74fd1b.compiler_builtins.1bba61fba822b93b-cgu.054.rcgu.o:
0000000000000000 W truncf16

compiler_builtins-3fb268566f74fd1b.compiler_builtins.1bba61fba822b93b-cgu.055.rcgu.o:
0000000000000000 T _RNvNtNtNtCs2nAWfOFRJtn_17compiler_builtins4math9libm_math8copysign8copysign
0000000000000000 T _RNvNtNtNtCs2nAWfOFRJtn_17compiler_builtins4math9libm_math8copysign9copysignf

compiler_builtins-3fb268566f74fd1b.compiler_builtins.1bba61fba822b93b-cgu.056.rcgu.o:
0000000000000000 W fmaximum_numf16

compiler_builtins-3fb268566f74fd1b.compiler_builtins.1bba61fba822b93b-cgu.057.rcgu.o:
0000000000000000 W fminimum_numf128

compiler_builtins-3fb268566f74fd1b.compiler_builtins.1bba61fba822b93b-cgu.058.rcgu.o:
0000000000000000 W fminimum_numf16

compiler_builtins-3fb268566f74fd1b.compiler_builtins.1bba61fba822b93b-cgu.059.rcgu.o:
0000000000000000 W fmaximum_numf128

compiler_builtins-3fb268566f74fd1b.compiler_builtins.1bba61fba822b93b-cgu.060.rcgu.o:
0000000000000000 W fmaximumf16

compiler_builtins-3fb268566f74fd1b.compiler_builtins.1bba61fba822b93b-cgu.061.rcgu.o:
0000000000000000 W fmaximumf128

compiler_builtins-3fb268566f74fd1b.compiler_builtins.1bba61fba822b93b-cgu.062.rcgu.o:
0000000000000000 W fminimumf128

compiler_builtins-3fb268566f74fd1b.compiler_builtins.1bba61fba822b93b-cgu.063.rcgu.o:
0000000000000000 W fminimumf16

compiler_builtins-3fb268566f74fd1b.compiler_builtins.1bba61fba822b93b-cgu.064.rcgu.o:
0000000000000000 W copysignf16

compiler_builtins-3fb268566f74fd1b.compiler_builtins.1bba61fba822b93b-cgu.065.rcgu.o:
0000000000000000 W copysignf128

compiler_builtins-3fb268566f74fd1b.compiler_builtins.1bba61fba822b93b-cgu.066.rcgu.o:
0000000000000000 W fmaxf16

compiler_builtins-3fb268566f74fd1b.compiler_builtins.1bba61fba822b93b-cgu.067.rcgu.o:
0000000000000000 W fminf16

compiler_builtins-3fb268566f74fd1b.compiler_builtins.1bba61fba822b93b-cgu.068.rcgu.o:
0000000000000000 W fminf128

compiler_builtins-3fb268566f74fd1b.compiler_builtins.1bba61fba822b93b-cgu.069.rcgu.o:
0000000000000000 W fmaxf128

compiler_builtins-3fb268566f74fd1b.compiler_builtins.1bba61fba822b93b-cgu.070.rcgu.o:
0000000000000000 W __floatunsitf

compiler_builtins-3fb268566f74fd1b.compiler_builtins.1bba61fba822b93b-cgu.071.rcgu.o:
0000000000000000 W __mulsi3

compiler_builtins-3fb268566f74fd1b.compiler_builtins.1bba61fba822b93b-cgu.072.rcgu.o:
0000000000000000 W __floatunditf

compiler_builtins-3fb268566f74fd1b.compiler_builtins.1bba61fba822b93b-cgu.073.rcgu.o:
0000000000000000 W __floatunsidf

compiler_builtins-3fb268566f74fd1b.compiler_builtins.1bba61fba822b93b-cgu.074.rcgu.o:
0000000000000000 W __lthf2

compiler_builtins-3fb268566f74fd1b.compiler_builtins.1bba61fba822b93b-cgu.075.rcgu.o:
0000000000000000 W __lttf2

compiler_builtins-3fb268566f74fd1b.compiler_builtins.1bba61fba822b93b-cgu.076.rcgu.o:
0000000000000000 W __netf2

compiler_builtins-3fb268566f74fd1b.compiler_builtins.1bba61fba822b93b-cgu.077.rcgu.o:
0000000000000000 W __lehf2

compiler_builtins-3fb268566f74fd1b.compiler_builtins.1bba61fba822b93b-cgu.078.rcgu.o:
0000000000000000 W __nehf2

compiler_builtins-3fb268566f74fd1b.compiler_builtins.1bba61fba822b93b-cgu.079.rcgu.o:
0000000000000000 W __letf2

compiler_builtins-3fb268566f74fd1b.compiler_builtins.1bba61fba822b93b-cgu.080.rcgu.o:
0000000000000000 W __eqhf2

compiler_builtins-3fb268566f74fd1b.compiler_builtins.1bba61fba822b93b-cgu.081.rcgu.o:
0000000000000000 W __gttf2

compiler_builtins-3fb268566f74fd1b.compiler_builtins.1bba61fba822b93b-cgu.082.rcgu.o:
0000000000000000 W __gehf2

compiler_builtins-3fb268566f74fd1b.compiler_builtins.1bba61fba822b93b-cgu.083.rcgu.o:
0000000000000000 W __gthf2

compiler_builtins-3fb268566f74fd1b.compiler_builtins.1bba61fba822b93b-cgu.084.rcgu.o:
0000000000000000 T _RNvNtNtCs2nAWfOFRJtn_17compiler_builtins3int13leading_zeros8___clzdi2
0000000000000000 T _RNvNtNtCs2nAWfOFRJtn_17compiler_builtins3int13leading_zeros8___clzsi2
0000000000000000 T _RNvNtNtCs2nAWfOFRJtn_17compiler_builtins3int13leading_zeros8___clzti2

compiler_builtins-3fb268566f74fd1b.compiler_builtins.1bba61fba822b93b-cgu.085.rcgu.o:
0000000000000000 W __eqtf2

compiler_builtins-3fb268566f74fd1b.compiler_builtins.1bba61fba822b93b-cgu.086.rcgu.o:
0000000000000000 W __getf2

compiler_builtins-3fb268566f74fd1b.compiler_builtins.1bba61fba822b93b-cgu.087.rcgu.o:
0000000000000000 T _RNvNtNtCs2nAWfOFRJtn_17compiler_builtins3int14trailing_zeros8___ctzdi2
0000000000000000 T _RNvNtNtCs2nAWfOFRJtn_17compiler_builtins3int14trailing_zeros8___ctzsi2
0000000000000000 T _RNvNtNtCs2nAWfOFRJtn_17compiler_builtins3int14trailing_zeros8___ctzti2

compiler_builtins-3fb268566f74fd1b.compiler_builtins.1bba61fba822b93b-cgu.088.rcgu.o:
0000000000000000 T _RNvNtNtCs2nAWfOFRJtn_17compiler_builtins5float3sub8___subdf3
0000000000000000 T _RNvNtNtCs2nAWfOFRJtn_17compiler_builtins5float3sub8___subsf3

compiler_builtins-3fb268566f74fd1b.compiler_builtins.1bba61fba822b93b-cgu.089.rcgu.o:
0000000000000000 W fdimf128

compiler_builtins-3fb268566f74fd1b.compiler_builtins.1bba61fba822b93b-cgu.090.rcgu.o:
0000000000000000 W fdimf

compiler_builtins-3fb268566f74fd1b.compiler_builtins.1bba61fba822b93b-cgu.091.rcgu.o:
0000000000000000 W fdim

compiler_builtins-3fb268566f74fd1b.compiler_builtins.1bba61fba822b93b-cgu.092.rcgu.o:
0000000000000000 W fdimf16

compiler_builtins-3fb268566f74fd1b.compiler_builtins.1bba61fba822b93b-cgu.093.rcgu.o:
0000000000000000 V DW.ref.rust_eh_personality
0000000000000000 W __subtf3

compiler_builtins-3fb268566f74fd1b.compiler_builtins.1bba61fba822b93b-cgu.094.rcgu.o:
0000000000000000 V DW.ref.rust_eh_personality
0000000000000000 W __subhf3

compiler_builtins-3fb268566f74fd1b.compiler_builtins.1bba61fba822b93b-cgu.095.rcgu.o:
0000000000000000 W fabsf128

compiler_builtins-3fb268566f74fd1b.compiler_builtins.1bba61fba822b93b-cgu.096.rcgu.o:
0000000000000000 W fabsf

compiler_builtins-3fb268566f74fd1b.compiler_builtins.1bba61fba822b93b-cgu.097.rcgu.o:
0000000000000000 W fabsf16

compiler_builtins-3fb268566f74fd1b.compiler_builtins.1bba61fba822b93b-cgu.098.rcgu.o:
0000000000000000 T _RNvNtNtNtCs2nAWfOFRJtn_17compiler_builtins4math9libm_math9roundeven10roundevenf
0000000000000000 T _RNvNtNtNtCs2nAWfOFRJtn_17compiler_builtins4math9libm_math9roundeven9roundeven

compiler_builtins-3fb268566f74fd1b.compiler_builtins.1bba61fba822b93b-cgu.099.rcgu.o:
0000000000000000 W fabs

compiler_builtins-3fb268566f74fd1b.compiler_builtins.1bba61fba822b93b-cgu.100.rcgu.o:
0000000000000000 W __fixunstfti

compiler_builtins-3fb268566f74fd1b.compiler_builtins.1bba61fba822b93b-cgu.101.rcgu.o:
0000000000000000 W __fixunstfsi

compiler_builtins-3fb268566f74fd1b.compiler_builtins.1bba61fba822b93b-cgu.102.rcgu.o:
0000000000000000 W __floatuntitf

compiler_builtins-3fb268566f74fd1b.compiler_builtins.1bba61fba822b93b-cgu.103.rcgu.o:
0000000000000000 W __unordtf2

compiler_builtins-3fb268566f74fd1b.compiler_builtins.1bba61fba822b93b-cgu.104.rcgu.o:
0000000000000000 W __fixunstfdi

compiler_builtins-3fb268566f74fd1b.compiler_builtins.1bba61fba822b93b-cgu.105.rcgu.o:
0000000000000000 W __unordhf2

compiler_builtins-3fb268566f74fd1b.compiler_builtins.1bba61fba822b93b-cgu.106.rcgu.o:
0000000000000000 W roundeven

compiler_builtins-3fb268566f74fd1b.compiler_builtins.1bba61fba822b93b-cgu.107.rcgu.o:
0000000000000000 W __rust_u128_subo

compiler_builtins-3fb268566f74fd1b.compiler_builtins.1bba61fba822b93b-cgu.108.rcgu.o:
0000000000000000 W floorf

compiler_builtins-3fb268566f74fd1b.compiler_builtins.1bba61fba822b93b-cgu.109.rcgu.o:
0000000000000000 W __rust_i128_sub

compiler_builtins-3fb268566f74fd1b.compiler_builtins.1bba61fba822b93b-cgu.110.rcgu.o:
0000000000000000 W __floattitf

compiler_builtins-3fb268566f74fd1b.compiler_builtins.1bba61fba822b93b-cgu.111.rcgu.o:
0000000000000000 W __clzdi2

compiler_builtins-3fb268566f74fd1b.compiler_builtins.1bba61fba822b93b-cgu.112.rcgu.o:
0000000000000000 W __floatundisf

compiler_builtins-3fb268566f74fd1b.compiler_builtins.1bba61fba822b93b-cgu.113.rcgu.o:
0000000000000000 W __fixsfsi

compiler_builtins-3fb268566f74fd1b.compiler_builtins.1bba61fba822b93b-cgu.114.rcgu.o:
0000000000000000 W __fixtfdi

compiler_builtins-3fb268566f74fd1b.compiler_builtins.1bba61fba822b93b-cgu.115.rcgu.o:
0000000000000000 W __floatsitf

compiler_builtins-3fb268566f74fd1b.compiler_builtins.1bba61fba822b93b-cgu.116.rcgu.o:
0000000000000000 W __trunctfhf2

compiler_builtins-3fb268566f74fd1b.compiler_builtins.1bba61fba822b93b-cgu.117.rcgu.o:
0000000000000000 W __extendhftf2

compiler_builtins-3fb268566f74fd1b.compiler_builtins.1bba61fba822b93b-cgu.118.rcgu.o:
0000000000000000 W __subdf3

compiler_builtins-3fb268566f74fd1b.compiler_builtins.1bba61fba822b93b-cgu.119.rcgu.o:
0000000000000000 W __lshrti3

compiler_builtins-3fb268566f74fd1b.compiler_builtins.1bba61fba822b93b-cgu.120.rcgu.o:
0000000000000000 W __addsf3

compiler_builtins-3fb268566f74fd1b.compiler_builtins.1bba61fba822b93b-cgu.121.rcgu.o:
0000000000000000 W __floatsidf

compiler_builtins-3fb268566f74fd1b.compiler_builtins.1bba61fba822b93b-cgu.122.rcgu.o:
0000000000000000 V DW.ref.rust_eh_personality
0000000000000000 W __divmodti4

compiler_builtins-3fb268566f74fd1b.compiler_builtins.1bba61fba822b93b-cgu.123.rcgu.o:
0000000000000000 W __extendsftf2

compiler_builtins-3fb268566f74fd1b.compiler_builtins.1bba61fba822b93b-cgu.124.rcgu.o:
0000000000000000 W __floatuntidf

compiler_builtins-3fb268566f74fd1b.compiler_builtins.1bba61fba822b93b-cgu.125.rcgu.o:
0000000000000000 W __ashldi3

compiler_builtins-3fb268566f74fd1b.compiler_builtins.1bba61fba822b93b-cgu.126.rcgu.o:
0000000000000000 W __extendhfsf2

compiler_builtins-3fb268566f74fd1b.compiler_builtins.1bba61fba822b93b-cgu.127.rcgu.o:
0000000000000000 W __multi3

compiler_builtins-3fb268566f74fd1b.compiler_builtins.1bba61fba822b93b-cgu.128.rcgu.o:
0000000000000000 W __mulsf3

compiler_builtins-3fb268566f74fd1b.compiler_builtins.1bba61fba822b93b-cgu.129.rcgu.o:
0000000000000000 W __divmodsi4

compiler_builtins-3fb268566f74fd1b.compiler_builtins.1bba61fba822b93b-cgu.130.rcgu.o:
0000000000000000 W __fixunsdfti

compiler_builtins-3fb268566f74fd1b.compiler_builtins.1bba61fba822b93b-cgu.131.rcgu.o:
0000000000000000 W ceilf

compiler_builtins-3fb268566f74fd1b.compiler_builtins.1bba61fba822b93b-cgu.132.rcgu.o:
0000000000000000 W __floatdisf

compiler_builtins-3fb268566f74fd1b.compiler_builtins.1bba61fba822b93b-cgu.133.rcgu.o:
0000000000000000 V DW.ref.rust_eh_personality
0000000000000000 W __divti3

compiler_builtins-3fb268566f74fd1b.compiler_builtins.1bba61fba822b93b-cgu.134.rcgu.o:
0000000000000000 W __udivmodsi4

compiler_builtins-3fb268566f74fd1b.compiler_builtins.1bba61fba822b93b-cgu.135.rcgu.o:
0000000000000000 W __mulodi4

compiler_builtins-3fb268566f74fd1b.compiler_builtins.1bba61fba822b93b-cgu.136.rcgu.o:
0000000000000000 W fminimum_num

compiler_builtins-3fb268566f74fd1b.compiler_builtins.1bba61fba822b93b-cgu.137.rcgu.o:
0000000000000000 W __modsi3

compiler_builtins-3fb268566f74fd1b.compiler_builtins.1bba61fba822b93b-cgu.138.rcgu.o:
0000000000000000 W __trunctfsf2

compiler_builtins-3fb268566f74fd1b.compiler_builtins.1bba61fba822b93b-cgu.139.rcgu.o:
0000000000000000 V DW.ref.rust_eh_personality
0000000000000000 W __addhf3

compiler_builtins-3fb268566f74fd1b.compiler_builtins.1bba61fba822b93b-cgu.140.rcgu.o:
0000000000000000 W __clzti2

compiler_builtins-3fb268566f74fd1b.compiler_builtins.1bba61fba822b93b-cgu.141.rcgu.o:
0000000000000000 W __extendsfdf2

compiler_builtins-3fb268566f74fd1b.compiler_builtins.1bba61fba822b93b-cgu.142.rcgu.o:
0000000000000000 W __divsf3

compiler_builtins-3fb268566f74fd1b.compiler_builtins.1bba61fba822b93b-cgu.143.rcgu.o:
0000000000000000 W rintf

compiler_builtins-3fb268566f74fd1b.compiler_builtins.1bba61fba822b93b-cgu.144.rcgu.o:
0000000000000000 W roundf

compiler_builtins-3fb268566f74fd1b.compiler_builtins.1bba61fba822b93b-cgu.145.rcgu.o:
0000000000000000 W __nesf2

compiler_builtins-3fb268566f74fd1b.compiler_builtins.1bba61fba822b93b-cgu.146.rcgu.o:
0000000000000000 W __extenddftf2

compiler_builtins-3fb268566f74fd1b.compiler_builtins.1bba61fba822b93b-cgu.147.rcgu.o:
0000000000000000 W round

compiler_builtins-3fb268566f74fd1b.compiler_builtins.1bba61fba822b93b-cgu.148.rcgu.o:
0000000000000000 W __fixdfdi

compiler_builtins-3fb268566f74fd1b.compiler_builtins.1bba61fba822b93b-cgu.149.rcgu.o:
0000000000000000 W __gtsf2

compiler_builtins-3fb268566f74fd1b.compiler_builtins.1bba61fba822b93b-cgu.150.rcgu.o:
0000000000000000 W __eqdf2

compiler_builtins-3fb268566f74fd1b.compiler_builtins.1bba61fba822b93b-cgu.151.rcgu.o:
0000000000000000 W fmaximum

compiler_builtins-3fb268566f74fd1b.compiler_builtins.1bba61fba822b93b-cgu.152.rcgu.o:
0000000000000000 W __fixtfti

compiler_builtins-3fb268566f74fd1b.compiler_builtins.1bba61fba822b93b-cgu.153.rcgu.o:
0000000000000000 W floor

compiler_builtins-3fb268566f74fd1b.compiler_builtins.1bba61fba822b93b-cgu.154.rcgu.o:
0000000000000000 W __bswapdi2

compiler_builtins-3fb268566f74fd1b.compiler_builtins.1bba61fba822b93b-cgu.155.rcgu.o:
0000000000000000 W __gnu_h2f_ieee

compiler_builtins-3fb268566f74fd1b.compiler_builtins.1bba61fba822b93b-cgu.156.rcgu.o:
0000000000000000 V DW.ref.rust_eh_personality
0000000000000000 W sqrtf

compiler_builtins-3fb268566f74fd1b.compiler_builtins.1bba61fba822b93b-cgu.157.rcgu.o:
0000000000000000 V DW.ref.rust_eh_personality
0000000000000000 W cbrt

compiler_builtins-3fb268566f74fd1b.compiler_builtins.1bba61fba822b93b-cgu.158.rcgu.o:
0000000000000000 W fminimum

compiler_builtins-3fb268566f74fd1b.compiler_builtins.1bba61fba822b93b-cgu.159.rcgu.o:
0000000000000000 W __powisf2

compiler_builtins-3fb268566f74fd1b.compiler_builtins.1bba61fba822b93b-cgu.160.rcgu.o:
0000000000000000 W __truncdfhf2

compiler_builtins-3fb268566f74fd1b.compiler_builtins.1bba61fba822b93b-cgu.161.rcgu.o:
0000000000000000 W __floatundidf

compiler_builtins-3fb268566f74fd1b.compiler_builtins.1bba61fba822b93b-cgu.162.rcgu.o:
0000000000000000 W __umoddi3

compiler_builtins-3fb268566f74fd1b.compiler_builtins.1bba61fba822b93b-cgu.163.rcgu.o:
0000000000000000 W __rust_u128_mulo

compiler_builtins-3fb268566f74fd1b.compiler_builtins.1bba61fba822b93b-cgu.164.rcgu.o:
0000000000000000 W __ashrdi3

compiler_builtins-3fb268566f74fd1b.compiler_builtins.1bba61fba822b93b-cgu.165.rcgu.o:
0000000000000000 W fminf

compiler_builtins-3fb268566f74fd1b.compiler_builtins.1bba61fba822b93b-cgu.166.rcgu.o:
0000000000000000 W __rust_u128_add

compiler_builtins-3fb268566f74fd1b.compiler_builtins.1bba61fba822b93b-cgu.167.rcgu.o:
0000000000000000 W __divdf3

compiler_builtins-3fb268566f74fd1b.compiler_builtins.1bba61fba822b93b-cgu.168.rcgu.o:
0000000000000000 W __ctzdi2

compiler_builtins-3fb268566f74fd1b.compiler_builtins.1bba61fba822b93b-cgu.169.rcgu.o:
0000000000000000 W __fixdfsi

compiler_builtins-3fb268566f74fd1b.compiler_builtins.1bba61fba822b93b-cgu.170.rcgu.o:
0000000000000000 W __ltsf2

compiler_builtins-3fb268566f74fd1b.compiler_builtins.1bba61fba822b93b-cgu.171.rcgu.o:
0000000000000000 V DW.ref.rust_eh_personality
0000000000000000 W __umodti3

compiler_builtins-3fb268566f74fd1b.compiler_builtins.1bba61fba822b93b-cgu.172.rcgu.o:
0000000000000000 W roundevenf

compiler_builtins-3fb268566f74fd1b.compiler_builtins.1bba61fba822b93b-cgu.173.rcgu.o:
0000000000000000 W __divdi3

compiler_builtins-3fb268566f74fd1b.compiler_builtins.1bba61fba822b93b-cgu.174.rcgu.o:
0000000000000000 W __lesf2

compiler_builtins-3fb268566f74fd1b.compiler_builtins.1bba61fba822b93b-cgu.175.rcgu.o:
0000000000000000 W __trunctfdf2

compiler_builtins-3fb268566f74fd1b.compiler_builtins.1bba61fba822b93b-cgu.176.rcgu.o:
0000000000000000 W __bswapti2

compiler_builtins-3fb268566f74fd1b.compiler_builtins.1bba61fba822b93b-cgu.177.rcgu.o:
0000000000000000 W __mulosi4

compiler_builtins-3fb268566f74fd1b.compiler_builtins.1bba61fba822b93b-cgu.178.rcgu.o:
0000000000000000 W __truncsfhf2

compiler_builtins-3fb268566f74fd1b.compiler_builtins.1bba61fba822b93b-cgu.179.rcgu.o:
0000000000000000 W __lshrdi3

compiler_builtins-3fb268566f74fd1b.compiler_builtins.1bba61fba822b93b-cgu.180.rcgu.o:
0000000000000000 W __adddf3

compiler_builtins-3fb268566f74fd1b.compiler_builtins.1bba61fba822b93b-cgu.181.rcgu.o:
0000000000000000 W __floatuntisf

compiler_builtins-3fb268566f74fd1b.compiler_builtins.1bba61fba822b93b-cgu.182.rcgu.o:
0000000000000000 W __umodsi3

compiler_builtins-3fb268566f74fd1b.compiler_builtins.1bba61fba822b93b-cgu.183.rcgu.o:
0000000000000000 V DW.ref.rust_eh_personality
0000000000000000 W __addtf3

compiler_builtins-3fb268566f74fd1b.compiler_builtins.1bba61fba822b93b-cgu.184.rcgu.o:
0000000000000000 W copysignf

compiler_builtins-3fb268566f74fd1b.compiler_builtins.1bba61fba822b93b-cgu.185.rcgu.o:
0000000000000000 W fmax

compiler_builtins-3fb268566f74fd1b.compiler_builtins.1bba61fba822b93b-cgu.186.rcgu.o:
0000000000000000 W __unorddf2

compiler_builtins-3fb268566f74fd1b.compiler_builtins.1bba61fba822b93b-cgu.187.rcgu.o:
0000000000000000 W __fixunsdfdi

compiler_builtins-3fb268566f74fd1b.compiler_builtins.1bba61fba822b93b-cgu.188.rcgu.o:
0000000000000000 W __fixdfti

compiler_builtins-3fb268566f74fd1b.compiler_builtins.1bba61fba822b93b-cgu.189.rcgu.o:
0000000000000000 V DW.ref.rust_eh_personality
0000000000000000 W __udivti3

compiler_builtins-3fb268566f74fd1b.compiler_builtins.1bba61fba822b93b-cgu.190.rcgu.o:
0000000000000000 W ceil

compiler_builtins-3fb268566f74fd1b.compiler_builtins.1bba61fba822b93b-cgu.191.rcgu.o:
0000000000000000 W __powidf2

compiler_builtins-3fb268566f74fd1b.compiler_builtins.1bba61fba822b93b-cgu.192.rcgu.o:
0000000000000000 W __ctzti2

compiler_builtins-3fb268566f74fd1b.compiler_builtins.1bba61fba822b93b-cgu.193.rcgu.o:
0000000000000000 W __ashrti3

compiler_builtins-3fb268566f74fd1b.compiler_builtins.1bba61fba822b93b-cgu.194.rcgu.o:
0000000000000000 W truncf

compiler_builtins-3fb268566f74fd1b.compiler_builtins.1bba61fba822b93b-cgu.195.rcgu.o:
0000000000000000 W fmaximum_num

compiler_builtins-3fb268566f74fd1b.compiler_builtins.1bba61fba822b93b-cgu.196.rcgu.o:
0000000000000000 V DW.ref.rust_eh_personality
0000000000000000 W __mulhf3

compiler_builtins-3fb268566f74fd1b.compiler_builtins.1bba61fba822b93b-cgu.197.rcgu.o:
0000000000000000 T _RNvNtNtCs2nAWfOFRJtn_17compiler_builtins3int5bswap10___bswapsi2

compiler_builtins-3fb268566f74fd1b.compiler_builtins.1bba61fba822b93b-cgu.198.rcgu.o:
0000000000000000 V DW.ref.rust_eh_personality
0000000000000000 W fma

compiler_builtins-3fb268566f74fd1b.compiler_builtins.1bba61fba822b93b-cgu.199.rcgu.o:
0000000000000000 W __floatsisf

compiler_builtins-3fb268566f74fd1b.compiler_builtins.1bba61fba822b93b-cgu.200.rcgu.o:
0000000000000000 W __gesf2

compiler_builtins-3fb268566f74fd1b.compiler_builtins.1bba61fba822b93b-cgu.201.rcgu.o:
0000000000000000 W __truncdfsf2

compiler_builtins-3fb268566f74fd1b.compiler_builtins.1bba61fba822b93b-cgu.202.rcgu.o:
0000000000000000 W fmin

compiler_builtins-3fb268566f74fd1b.compiler_builtins.1bba61fba822b93b-cgu.203.rcgu.o:
0000000000000000 W __rust_u128_sub

compiler_builtins-3fb268566f74fd1b.compiler_builtins.1bba61fba822b93b-cgu.204.rcgu.o:
0000000000000000 W __muldi3

compiler_builtins-3fb268566f74fd1b.compiler_builtins.1bba61fba822b93b-cgu.205.rcgu.o:
0000000000000000 W fmaximum_numf

compiler_builtins-3fb268566f74fd1b.compiler_builtins.1bba61fba822b93b-cgu.206.rcgu.o:
0000000000000000 V DW.ref.rust_eh_personality
0000000000000000 W __multf3

compiler_builtins-3fb268566f74fd1b.compiler_builtins.1bba61fba822b93b-cgu.207.rcgu.o:
0000000000000000 W __extendhfdf2

compiler_builtins-3fb268566f74fd1b.compiler_builtins.1bba61fba822b93b-cgu.208.rcgu.o:
0000000000000000 W __lshrsi3

compiler_builtins-3fb268566f74fd1b.compiler_builtins.1bba61fba822b93b-cgu.209.rcgu.o:
0000000000000000 W __moddi3

compiler_builtins-3fb268566f74fd1b.compiler_builtins.1bba61fba822b93b-cgu.210.rcgu.o:
0000000000000000 W __rust_i128_add

compiler_builtins-3fb268566f74fd1b.compiler_builtins.1bba61fba822b93b-cgu.211.rcgu.o:
0000000000000000 W __fixunssfsi

compiler_builtins-3fb268566f74fd1b.compiler_builtins.1bba61fba822b93b-cgu.212.rcgu.o:
0000000000000000 W fminimum_numf

compiler_builtins-3fb268566f74fd1b.compiler_builtins.1bba61fba822b93b-cgu.213.rcgu.o:
0000000000000000 W fmaximumf

compiler_builtins-3fb268566f74fd1b.compiler_builtins.1bba61fba822b93b-cgu.214.rcgu.o:
0000000000000000 W trunc

compiler_builtins-3fb268566f74fd1b.compiler_builtins.1bba61fba822b93b-cgu.215.rcgu.o:
0000000000000000 V DW.ref.rust_eh_personality
0000000000000000 W __modti3

compiler_builtins-3fb268566f74fd1b.compiler_builtins.1bba61fba822b93b-cgu.216.rcgu.o:
0000000000000000 W __ashlsi3

compiler_builtins-3fb268566f74fd1b.compiler_builtins.1bba61fba822b93b-cgu.217.rcgu.o:
0000000000000000 W __gedf2

compiler_builtins-3fb268566f74fd1b.compiler_builtins.1bba61fba822b93b-cgu.218.rcgu.o:
0000000000000000 W __nedf2

compiler_builtins-3fb268566f74fd1b.compiler_builtins.1bba61fba822b93b-cgu.219.rcgu.o:
0000000000000000 W __floattidf

compiler_builtins-3fb268566f74fd1b.compiler_builtins.1bba61fba822b93b-cgu.220.rcgu.o:
0000000000000000 V DW.ref.rust_eh_personality
0000000000000000 W sqrt

compiler_builtins-3fb268566f74fd1b.compiler_builtins.1bba61fba822b93b-cgu.221.rcgu.o:
0000000000000000 W __powitf2

compiler_builtins-3fb268566f74fd1b.compiler_builtins.1bba61fba822b93b-cgu.222.rcgu.o:
0000000000000000 W __eqsf2

compiler_builtins-3fb268566f74fd1b.compiler_builtins.1bba61fba822b93b-cgu.223.rcgu.o:
0000000000000000 W __ledf2

compiler_builtins-3fb268566f74fd1b.compiler_builtins.1bba61fba822b93b-cgu.224.rcgu.o:
0000000000000000 W __fixunssfti

compiler_builtins-3fb268566f74fd1b.compiler_builtins.1bba61fba822b93b-cgu.225.rcgu.o:
0000000000000000 V DW.ref.rust_eh_personality
0000000000000000 W __udivmodti4

compiler_builtins-3fb268566f74fd1b.compiler_builtins.1bba61fba822b93b-cgu.226.rcgu.o:
0000000000000000 W __ashrsi3

compiler_builtins-3fb268566f74fd1b.compiler_builtins.1bba61fba822b93b-cgu.227.rcgu.o:
0000000000000000 W __subsf3

compiler_builtins-3fb268566f74fd1b.compiler_builtins.1bba61fba822b93b-cgu.228.rcgu.o:
0000000000000000 W fmaf

compiler_builtins-3fb268566f74fd1b.compiler_builtins.1bba61fba822b93b-cgu.229.rcgu.o:
0000000000000000 W __muloti4

compiler_builtins-3fb268566f74fd1b.compiler_builtins.1bba61fba822b93b-cgu.230.rcgu.o:
0000000000000000 W __gnu_f2h_ieee

compiler_builtins-3fb268566f74fd1b.compiler_builtins.1bba61fba822b93b-cgu.231.rcgu.o:
0000000000000000 W __ctzsi2

compiler_builtins-3fb268566f74fd1b.compiler_builtins.1bba61fba822b93b-cgu.232.rcgu.o:
0000000000000000 V DW.ref.rust_eh_personality
0000000000000000 W fmodf

compiler_builtins-3fb268566f74fd1b.compiler_builtins.1bba61fba822b93b-cgu.233.rcgu.o:
0000000000000000 V DW.ref.rust_eh_personality
0000000000000000 W __divtf3

compiler_builtins-3fb268566f74fd1b.compiler_builtins.1bba61fba822b93b-cgu.234.rcgu.o:
0000000000000000 W copysign

compiler_builtins-3fb268566f74fd1b.compiler_builtins.1bba61fba822b93b-cgu.235.rcgu.o:
0000000000000000 W __gtdf2

compiler_builtins-3fb268566f74fd1b.compiler_builtins.1bba61fba822b93b-cgu.236.rcgu.o:
0000000000000000 V DW.ref.rust_eh_personality
0000000000000000 W fmod

compiler_builtins-3fb268566f74fd1b.compiler_builtins.1bba61fba822b93b-cgu.237.rcgu.o:
0000000000000000 W __rust_i128_addo

compiler_builtins-3fb268566f74fd1b.compiler_builtins.1bba61fba822b93b-cgu.238.rcgu.o:
0000000000000000 W __fixsfdi

compiler_builtins-3fb268566f74fd1b.compiler_builtins.1bba61fba822b93b-cgu.239.rcgu.o:
0000000000000000 W __ltdf2

compiler_builtins-3fb268566f74fd1b.compiler_builtins.1bba61fba822b93b-cgu.240.rcgu.o:
0000000000000000 W fmaxf

compiler_builtins-3fb268566f74fd1b.compiler_builtins.1bba61fba822b93b-cgu.241.rcgu.o:
0000000000000000 W __fixsfti

compiler_builtins-3fb268566f74fd1b.compiler_builtins.1bba61fba822b93b-cgu.242.rcgu.o:
0000000000000000 W fminimumf

compiler_builtins-3fb268566f74fd1b.compiler_builtins.1bba61fba822b93b-cgu.243.rcgu.o:
0000000000000000 W __udivmoddi4

compiler_builtins-3fb268566f74fd1b.compiler_builtins.1bba61fba822b93b-cgu.244.rcgu.o:
0000000000000000 W __ashlti3

compiler_builtins-3fb268566f74fd1b.compiler_builtins.1bba61fba822b93b-cgu.245.rcgu.o:
0000000000000000 W __fixtfsi

compiler_builtins-3fb268566f74fd1b.compiler_builtins.1bba61fba822b93b-cgu.246.rcgu.o:
0000000000000000 W __rust_i128_mulo

compiler_builtins-3fb268566f74fd1b.compiler_builtins.1bba61fba822b93b-cgu.247.rcgu.o:
0000000000000000 W __floatditf

compiler_builtins-3fb268566f74fd1b.compiler_builtins.1bba61fba822b93b-cgu.248.rcgu.o:
0000000000000000 W __fixunssfdi

compiler_builtins-3fb268566f74fd1b.compiler_builtins.1bba61fba822b93b-cgu.249.rcgu.o:
0000000000000000 W cbrtf

compiler_builtins-3fb268566f74fd1b.compiler_builtins.1bba61fba822b93b-cgu.250.rcgu.o:
0000000000000000 W __udivdi3

compiler_builtins-3fb268566f74fd1b.compiler_builtins.1bba61fba822b93b-cgu.251.rcgu.o:
0000000000000000 W __udivsi3

compiler_builtins-3fb268566f74fd1b.compiler_builtins.1bba61fba822b93b-cgu.252.rcgu.o:
0000000000000000 W __unordsf2

compiler_builtins-3fb268566f74fd1b.compiler_builtins.1bba61fba822b93b-cgu.253.rcgu.o:
0000000000000000 W rint

compiler_builtins-3fb268566f74fd1b.compiler_builtins.1bba61fba822b93b-cgu.254.rcgu.o:
0000000000000000 W __muldf3

compiler_builtins-3fb268566f74fd1b.compiler_builtins.1bba61fba822b93b-cgu.255.rcgu.o:
0000000000000000 W __rust_i128_subo

compiler_builtins-3fb268566f74fd1b.compiler_builtins.1bba61fba822b93b-cgu.256.rcgu.o:
0000000000000000 W __floatdidf

compiler_builtins-3fb268566f74fd1b.compiler_builtins.1bba61fba822b93b-cgu.257.rcgu.o:
0000000000000000 W __rust_u128_addo

compiler_builtins-3fb268566f74fd1b.compiler_builtins.1bba61fba822b93b-cgu.258.rcgu.o:
0000000000000000 W __divsi3

compiler_builtins-3fb268566f74fd1b.compiler_builtins.1bba61fba822b93b-cgu.259.rcgu.o:
0000000000000000 W __fixunsdfsi

compiler_builtins-3fb268566f74fd1b.compiler_builtins.1bba61fba822b93b-cgu.260.rcgu.o:
0000000000000000 W __divmoddi4

compiler_builtins-3fb268566f74fd1b.compiler_builtins.1bba61fba822b93b-cgu.261.rcgu.o:
0000000000000000 W __clzsi2

compiler_builtins-3fb268566f74fd1b.compiler_builtins.1bba61fba822b93b-cgu.262.rcgu.o:
0000000000000000 W __floattisf

compiler_builtins-3fb268566f74fd1b.compiler_builtins.1bba61fba822b93b-cgu.263.rcgu.o:
0000000000000000 W __floatunsisf

compiler_builtins-3fb268566f74fd1b.compiler_builtins.1bba61fba822b93b-cgu.264.rcgu.o:
0000000000000000 T _RNvXs2_NtNtNtNtNtCs2nAWfOFRJtn_17compiler_builtins4math9libm_math7support9hex_float7hex_fmtbNtB5_10DisplayHex3fmt

compiler_builtins-3fb268566f74fd1b.compiler_builtins.1bba61fba822b93b-cgu.265.rcgu.o:

compiler_builtins-3fb268566f74fd1b.compiler_builtins.1bba61fba822b93b-cgu.266.rcgu.o:

compiler_builtins-3fb268566f74fd1b.compiler_builtins.1bba61fba822b93b-cgu.267.rcgu.o:
0000000000000000 R _RNvNtNtNtNtCs2nAWfOFRJtn_17compiler_builtins4math9libm_math7generic4sqrt9RSQRT_TAB

compiler_builtins-3fb268566f74fd1b.compiler_builtins.1bba61fba822b93b-cgu.268.rcgu.o:

45c91108d938afe8-absvdi2.o:
0000000000000000 T __absvdi2

45c91108d938afe8-absvsi2.o:
0000000000000000 T __absvsi2

45c91108d938afe8-absvti2.o:
0000000000000000 T __absvti2

45c91108d938afe8-addvdi3.o:
0000000000000000 T __addvdi3

45c91108d938afe8-addvsi3.o:
0000000000000000 T __addvsi3

45c91108d938afe8-addvti3.o:
0000000000000000 T __addvti3

45c91108d938afe8-bswapsi2.o:
0000000000000000 T __bswapsi2

45c91108d938afe8-cmpdi2.o:
0000000000000000 T __cmpdi2

45c91108d938afe8-cmpti2.o:
0000000000000000 T __cmpti2

45c91108d938afe8-divdc3.o:
0000000000000000 T __divdc3

45c91108d938afe8-divsc3.o:
0000000000000000 T __divsc3

45c91108d938afe8-ffsti2.o:
0000000000000000 T __ffsti2

45c91108d938afe8-int_util.o:
0000000000000000 W __compilerrt_abort_impl

45c91108d938afe8-muldc3.o:
0000000000000000 T __muldc3

45c91108d938afe8-mulsc3.o:
0000000000000000 T __mulsc3

45c91108d938afe8-mulvdi3.o:
0000000000000000 T __mulvdi3

45c91108d938afe8-mulvsi3.o:
0000000000000000 T __mulvsi3

45c91108d938afe8-mulvti3.o:
0000000000000000 T __mulvti3

45c91108d938afe8-negdf2.o:
0000000000000000 T __negdf2

45c91108d938afe8-negdi2.o:
0000000000000000 T __negdi2

45c91108d938afe8-negsf2.o:
0000000000000000 T __negsf2

45c91108d938afe8-negti2.o:
0000000000000000 T __negti2

45c91108d938afe8-negvdi2.o:
0000000000000000 T __negvdi2

45c91108d938afe8-negvsi2.o:
0000000000000000 T __negvsi2

45c91108d938afe8-negvti2.o:
0000000000000000 T __negvti2

45c91108d938afe8-paritydi2.o:
0000000000000000 T __paritydi2

45c91108d938afe8-paritysi2.o:
0000000000000000 T __paritysi2

45c91108d938afe8-parityti2.o:
0000000000000000 T __parityti2

45c91108d938afe8-popcountdi2.o:
0000000000000000 T __popcountdi2

45c91108d938afe8-popcountsi2.o:
0000000000000000 T __popcountsi2

45c91108d938afe8-popcountti2.o:
0000000000000000 T __popcountti2

45c91108d938afe8-subvdi3.o:
0000000000000000 T __subvdi3

45c91108d938afe8-subvsi3.o:
0000000000000000 T __subvsi3

45c91108d938afe8-subvti3.o:
0000000000000000 T __subvti3

45c91108d938afe8-ucmpdi2.o:
0000000000000000 T __ucmpdi2

45c91108d938afe8-ucmpti2.o:
0000000000000000 T __ucmpti2
