
libffi_c2rust_powerpc64le-86dd6d4d39f751ff.0xqmzjkkmpr4d08oxtbxfuud8.1brqj28.rcgu.o:
0000000000000000 T _RNvMs10_NtNtCsgBE78E5FtGs_4core4sync6atomicINtB6_6AtomiclE4loadCs1m3cROYodoM_25libffi_c2rust_powerpc64le
0000000000000000 T _RNvMs10_NtNtCsgBE78E5FtGs_4core4sync6atomicINtB6_6AtomiclE4swapCs1m3cROYodoM_25libffi_c2rust_powerpc64le
0000000000000000 T _RNvMs10_NtNtCsgBE78E5FtGs_4core4sync6atomicINtB6_6AtomiclE5storeCs1m3cROYodoM_25libffi_c2rust_powerpc64le
0000000000000000 T _RNvMs1k_NtNtCsgBE78E5FtGs_4core4sync6atomicINtB6_6AtomicjE4loadCs1m3cROYodoM_25libffi_c2rust_powerpc64le
0000000000000000 T _RNvMs1k_NtNtCsgBE78E5FtGs_4core4sync6atomicINtB6_6AtomicjE4swapCs1m3cROYodoM_25libffi_c2rust_powerpc64le
0000000000000000 T _RNvMs1k_NtNtCsgBE78E5FtGs_4core4sync6atomicINtB6_6AtomicjE5storeCs1m3cROYodoM_25libffi_c2rust_powerpc64le
0000000000000000 V __rustc_debug_gdb_scripts_section__

libffi_c2rust_powerpc64le-86dd6d4d39f751ff.15l3k63gt3b2s39kbkph2ulms.1brqj28.rcgu.o:
0000000000000000 T _RINvXs1_NtNtCss0Uy6Ec3rh_5alloc3vec14spec_from_elemhNtB6_12SpecFromElem9from_elemNtNtBa_5alloc6GlobalECs1m3cROYodoM_25libffi_c2rust_powerpc64le
0000000000000000 V __rustc_debug_gdb_scripts_section__

libffi_c2rust_powerpc64le-86dd6d4d39f751ff.1a6d57531d0yydbx337utyxbx.1brqj28.rcgu.o:
0000000000000000 T _RNvMNtNtCsgBE78E5FtGs_4core3ptr7mut_ptrOh7is_nullCs1m3cROYodoM_25libffi_c2rust_powerpc64le
0000000000000000 T _RNvMNtNtCsgBE78E5FtGs_4core3ptr7mut_ptrOj7is_nullCs1m3cROYodoM_25libffi_c2rust_powerpc64le
0000000000000000 V __rustc_debug_gdb_scripts_section__

libffi_c2rust_powerpc64le-86dd6d4d39f751ff.1bp3iajr13y06r6eta947mpja.1brqj28.rcgu.o:
0000000000000000 T _RINvNtCsgBE78E5FtGs_4core3mem14transmute_copyjjECs1m3cROYodoM_25libffi_c2rust_powerpc64le
0000000000000000 T _RINvNtCsgBE78E5FtGs_4core3mem14transmute_copyjlECs1m3cROYodoM_25libffi_c2rust_powerpc64le
0000000000000000 T _RINvNtCsgBE78E5FtGs_4core3mem14transmute_copyljECs1m3cROYodoM_25libffi_c2rust_powerpc64le
0000000000000000 T _RINvNtCsgBE78E5FtGs_4core3mem14transmute_copyllECs1m3cROYodoM_25libffi_c2rust_powerpc64le
0000000000000000 V __rustc_debug_gdb_scripts_section__

libffi_c2rust_powerpc64le-86dd6d4d39f751ff.2iob30ffet97kn1icbez4lo5x.1brqj28.rcgu.o:
0000000000000000 T _RINvNtNtCs1m3cROYodoM_25libffi_c2rust_powerpc64le3src8closures19atomic_load_acquirejEB6_
0000000000000000 T _RINvNtNtCs1m3cROYodoM_25libffi_c2rust_powerpc64le3src8closures19atomic_load_relaxedlEB6_
0000000000000000 T _RINvNtNtCs1m3cROYodoM_25libffi_c2rust_powerpc64le3src8closures19atomic_xchg_acquirelEB6_
0000000000000000 T _RINvNtNtCs1m3cROYodoM_25libffi_c2rust_powerpc64le3src8closures20atomic_store_releasejEB6_
0000000000000000 T _RINvNtNtCs1m3cROYodoM_25libffi_c2rust_powerpc64le3src8closures20atomic_store_releaselEB6_
0000000000000000 T _RNvMNtNtCsgBE78E5FtGs_4core3ptr7mut_ptrONtNtNtCs1m3cROYodoM_25libffi_c2rust_powerpc64le3src8closures12malloc_chunk7is_nullBI_
0000000000000000 T _RNvMNtNtCsgBE78E5FtGs_4core3ptr7mut_ptrONtNtNtCs1m3cROYodoM_25libffi_c2rust_powerpc64le3src8closures12malloc_state7is_nullBI_
0000000000000000 T _RNvMNtNtCsgBE78E5FtGs_4core3ptr7mut_ptrONtNtNtCs1m3cROYodoM_25libffi_c2rust_powerpc64le3src8closures14malloc_segment7is_nullBI_
0000000000000000 T _RNvMNtNtCsgBE78E5FtGs_4core3ptr7mut_ptrONtNtNtCs1m3cROYodoM_25libffi_c2rust_powerpc64le3src8closures17malloc_tree_chunk7is_nullBI_
0000000000000000 T _RNvMNtNtCsgBE78E5FtGs_4core3ptr7mut_ptrONtNtNtCs1m3cROYodoM_25libffi_c2rust_powerpc64le3src8closures6mntent7is_nullBI_
0000000000000000 T _RNvMNtNtCsgBE78E5FtGs_4core3ptr7mut_ptrONtNtNtCs1m3cROYodoM_25libffi_c2rust_powerpc64le3src8closures8__IO_FILE7is_nullBI_
0000000000000000 V __rustc_debug_gdb_scripts_section__

libffi_c2rust_powerpc64le-86dd6d4d39f751ff.30kx61wvqr9x10sdk2qxt7d70.1brqj28.rcgu.o:
0000000000000000 D _RNvNtNtCs1m3cROYodoM_25libffi_c2rust_powerpc64le3src5types26FFI_ELEMENTS_COMPLEX_FLOAT
0000000000000000 D _RNvNtNtCs1m3cROYodoM_25libffi_c2rust_powerpc64le3src5types27FFI_ELEMENTS_COMPLEX_DOUBLE
0000000000000000 D _RNvNtNtCs1m3cROYodoM_25libffi_c2rust_powerpc64le3src5types31FFI_ELEMENTS_COMPLEX_LONGDOUBLE
0000000000000000 V __rustc_debug_gdb_scripts_section__
0000000000000000 T ffi_get_closure_size
0000000000000000 T ffi_get_default_abi
0000000000000000 T ffi_get_version
0000000000000000 T ffi_get_version_number
0000000000000000 D ffi_type_complex_double
0000000000000000 D ffi_type_complex_float
0000000000000000 D ffi_type_complex_longdouble
0000000000000000 D ffi_type_double
0000000000000000 D ffi_type_float
0000000000000000 D ffi_type_longdouble
0000000000000000 D ffi_type_pointer
0000000000000000 D ffi_type_sint16
0000000000000000 D ffi_type_sint32
0000000000000000 D ffi_type_sint64
0000000000000000 D ffi_type_sint8
0000000000000000 D ffi_type_uint16
0000000000000000 D ffi_type_uint32
0000000000000000 D ffi_type_uint64
0000000000000000 D ffi_type_uint8
0000000000000000 D ffi_type_void

libffi_c2rust_powerpc64le-86dd6d4d39f751ff.30w1j280iu75pb174gf98ltp2.1brqj28.rcgu.o:
0000000000000000 T _RNvNtCsgBE78E5FtGs_4core10intrinsics9cold_pathCs1m3cROYodoM_25libffi_c2rust_powerpc64le
0000000000000000 V __rustc_debug_gdb_scripts_section__

libffi_c2rust_powerpc64le-86dd6d4d39f751ff.3nakpfqoahfne0s7wnvlbvty3.1brqj28.rcgu.o:
0000000000000000 V DW.ref.rust_eh_personality
0000000000000000 T _RNvNvNtCsgBE78E5FtGs_4core3ptr11write_bytes18precondition_checkCs1m3cROYodoM_25libffi_c2rust_powerpc64le
0000000000000000 T _RNvNvNtCsgBE78E5FtGs_4core3ptr19copy_nonoverlapping18precondition_checkCs1m3cROYodoM_25libffi_c2rust_powerpc64le
0000000000000000 V __rustc_debug_gdb_scripts_section__

libffi_c2rust_powerpc64le-86dd6d4d39f751ff.4rd1opq9g1ypo3gpczyaxmrf7.1brqj28.rcgu.o:
0000000000000000 V DW.ref.rust_eh_personality
0000000000000000 V __rustc_debug_gdb_scripts_section__
0000000000000000 T ffi_java_ptrarray_to_raw
0000000000000000 T ffi_java_raw_call
0000000000000000 T ffi_java_raw_size
0000000000000000 T ffi_java_raw_to_ptrarray
0000000000000000 T ffi_prep_java_raw_closure
0000000000000000 T ffi_prep_java_raw_closure_loc

libffi_c2rust_powerpc64le-86dd6d4d39f751ff.5dgku4ineom330p983bxeyvxp.1brqj28.rcgu.o:
0000000000000000 V DW.ref.rust_eh_personality
0000000000000000 V __rustc_debug_gdb_scripts_section__
0000000000000000 T ffi_prep_raw_closure
0000000000000000 T ffi_prep_raw_closure_loc
0000000000000000 T ffi_ptrarray_to_raw
0000000000000000 T ffi_raw_call
0000000000000000 T ffi_raw_size
0000000000000000 T ffi_raw_to_ptrarray

libffi_c2rust_powerpc64le-86dd6d4d39f751ff.5w1p8bfy2s35its4i58al2n1m.1brqj28.rcgu.o:
0000000000000000 T _RNvMs4_NtCss0Uy6Ec3rh_5alloc7raw_vecNtB5_11RawVecInner16with_capacity_inCs1m3cROYodoM_25libffi_c2rust_powerpc64le
0000000000000000 V __rustc_debug_gdb_scripts_section__

libffi_c2rust_powerpc64le-86dd6d4d39f751ff.7g6q9clqcshklfkmgmxuz5oaw.1brqj28.rcgu.o:
0000000000000000 T _RNvNvMNtNtCsgBE78E5FtGs_4core3ptr7mut_ptrOp6offset18precondition_checkCs1m3cROYodoM_25libffi_c2rust_powerpc64le
0000000000000000 V __rustc_debug_gdb_scripts_section__

libffi_c2rust_powerpc64le-86dd6d4d39f751ff.8132oj41frnhpem80u29xeokq.1brqj28.rcgu.o:
0000000000000000 T _RNvNvNtCsgBE78E5FtGs_4core4hint16assert_unchecked18precondition_checkCs1m3cROYodoM_25libffi_c2rust_powerpc64le
0000000000000000 V __rustc_debug_gdb_scripts_section__

libffi_c2rust_powerpc64le-86dd6d4d39f751ff.8zk5v6hwclzbl6ttpb0gu77wk.1brqj28.rcgu.o:
0000000000000000 V DW.ref.rust_eh_personality
0000000000000000 V __rustc_debug_gdb_scripts_section__
0000000000000000 T ffi_tramp_alloc
0000000000000000 T ffi_tramp_free
0000000000000000 T ffi_tramp_get_addr
0000000000000000 T ffi_tramp_is_supported
0000000000000000 T ffi_tramp_set_parms

libffi_c2rust_powerpc64le-86dd6d4d39f751ff.9hx1j99vj8f463mlezu3774l7.1brqj28.rcgu.o:
0000000000000000 T _RNvMNtNtCsgBE78E5FtGs_4core3ptr7mut_ptrONtNtNtCs1m3cROYodoM_25libffi_c2rust_powerpc64le3src5tramp11tramp_table7is_nullBI_
0000000000000000 T _RNvMNtNtCsgBE78E5FtGs_4core3ptr7mut_ptrONtNtNtCs1m3cROYodoM_25libffi_c2rust_powerpc64le3src5tramp5tramp7is_nullBI_
0000000000000000 T _RNvMNtNtCsgBE78E5FtGs_4core3ptr7mut_ptrONtNtNtCs1m3cROYodoM_25libffi_c2rust_powerpc64le3src5tramp8__IO_FILE7is_nullBI_
0000000000000000 V __rustc_debug_gdb_scripts_section__

libffi_c2rust_powerpc64le-86dd6d4d39f751ff.as3jwr3e4aeqsb3a60qxay1oa.1brqj28.rcgu.o:
0000000000000000 T _RNvMNtCsgBE78E5FtGs_4core6optionINtB2_6OptionFUKCONtNtNtCs1m3cROYodoM_25libffi_c2rust_powerpc64le3src12java_raw_api7ffi_cifONtNtB4_3ffi6c_voidONtBO_7ffi_rawB1X_EuE6expectBS_
0000000000000000 T _RNvMNtCsgBE78E5FtGs_4core6optionINtB2_6OptionFUKCONtNtNtCs1m3cROYodoM_25libffi_c2rust_powerpc64le3src7raw_api7ffi_cifONtNtB4_3ffi6c_voidONtBO_7ffi_rawB1R_EuE6expectBS_
0000000000000000 T _RNvMNtCsgBE78E5FtGs_4core6optionINtB2_6OptionFUKCONtNtNtNtCs1m3cROYodoM_25libffi_c2rust_powerpc64le3src7powerpc11ffi_linux647ffi_cifONtNtB4_3ffi6c_voidOB26_B26_EuE6expectBU_
0000000000000000 T _RNvMNtCsgBE78E5FtGs_4core6optionINtB2_6OptionFUKCOjBL_EONtNtB4_3ffi6c_voidE7is_noneCs1m3cROYodoM_25libffi_c2rust_powerpc64le
0000000000000000 T _RNvMNtCsgBE78E5FtGs_4core6optionINtB2_6OptionFUKCPhElE6expectCs1m3cROYodoM_25libffi_c2rust_powerpc64le
0000000000000000 V __rustc_debug_gdb_scripts_section__

libffi_c2rust_powerpc64le-86dd6d4d39f751ff.bjnggkvss458xz44zqqd4we4x.1brqj28.rcgu.o:
0000000000000000 V DW.ref.rust_eh_personality
0000000000000000 V __rustc_debug_gdb_scripts_section__
0000000000000000 T ffi_call
0000000000000000 T ffi_call_go
0000000000000000 T ffi_prep_cif_machdep
0000000000000000 T ffi_prep_cif_machdep_var
0000000000000000 T ffi_prep_closure_loc
0000000000000000 T ffi_prep_go_closure
0000000000000000 T ffi_prep_types
0000000000000000 T ffi_tramp_arch

libffi_c2rust_powerpc64le-86dd6d4d39f751ff.bzyeqjwfatq1b3wh1az8i36m9.1brqj28.rcgu.o:
0000000000000000 V DW.ref.rust_eh_personality
0000000000000000 V __rustc_debug_gdb_scripts_section__
0000000000000000 T ffi_closure_helper_LINUX64
0000000000000000 T ffi_prep_args64
0000000000000000 T ffi_prep_cif_linux64
0000000000000000 T ffi_prep_cif_linux64_var
0000000000000000 T ffi_prep_closure_loc_linux64
0000000000000000 T ffi_prep_types_linux64

libffi_c2rust_powerpc64le-86dd6d4d39f751ff.c3n55obzafx5bfk8j09gsunsz.1brqj28.rcgu.o:
0000000000000000 T _RNvMNtNtCsgBE78E5FtGs_4core3ptr9const_ptrPh11offset_fromCs1m3cROYodoM_25libffi_c2rust_powerpc64le
0000000000000000 T _RNvMNtNtCsgBE78E5FtGs_4core3ptr9const_ptrPh7is_nullCs1m3cROYodoM_25libffi_c2rust_powerpc64le
0000000000000000 T _RNvMNtNtCsgBE78E5FtGs_4core3ptr9const_ptrPu13is_aligned_toCs1m3cROYodoM_25libffi_c2rust_powerpc64le
0000000000000000 V __rustc_debug_gdb_scripts_section__

libffi_c2rust_powerpc64le-86dd6d4d39f751ff.c65zxx4xgj7cgf6g1tkql23eo.1brqj28.rcgu.o:
0000000000000000 T _RNvMNtNtCsgBE78E5FtGs_4core3ptr7mut_ptrONtNtNtCs1m3cROYodoM_25libffi_c2rust_powerpc64le3src8prep_cif9__ffi_type7is_nullBI_
0000000000000000 T _RNvMNtNtCsgBE78E5FtGs_4core3ptr7mut_ptrOONtNtNtCs1m3cROYodoM_25libffi_c2rust_powerpc64le3src8prep_cif9__ffi_type7is_nullBJ_
0000000000000000 V __rustc_debug_gdb_scripts_section__

libffi_c2rust_powerpc64le-86dd6d4d39f751ff.couvps4itw92jc2xtqwh3emfg.1brqj28.rcgu.o:
0000000000000000 T _RINvNtNtCsgBE78E5FtGs_4core4sync6atomic11atomic_loadjECs1m3cROYodoM_25libffi_c2rust_powerpc64le
0000000000000000 T _RINvNtNtCsgBE78E5FtGs_4core4sync6atomic11atomic_loadlECs1m3cROYodoM_25libffi_c2rust_powerpc64le
0000000000000000 T _RINvNtNtCsgBE78E5FtGs_4core4sync6atomic12atomic_storejECs1m3cROYodoM_25libffi_c2rust_powerpc64le
0000000000000000 T _RINvNtNtCsgBE78E5FtGs_4core4sync6atomic12atomic_storelECs1m3cROYodoM_25libffi_c2rust_powerpc64le
0000000000000000 V __rustc_debug_gdb_scripts_section__

libffi_c2rust_powerpc64le-86dd6d4d39f751ff.cyerwvuer6p8uwu1a64ti5zfo.1brqj28.rcgu.o:
0000000000000000 V DW.ref.rust_eh_personality
0000000000000000 V __rustc_debug_gdb_scripts_section__
0000000000000000 T ffi_get_struct_offsets
0000000000000000 T ffi_prep_cif
0000000000000000 T ffi_prep_cif_core
0000000000000000 T ffi_prep_cif_var
0000000000000000 T ffi_prep_closure

libffi_c2rust_powerpc64le-86dd6d4d39f751ff.d5ro643cqepv4dstxpb7ovp9g.1brqj28.rcgu.o:
0000000000000000 V DW.ref.rust_eh_personality
0000000000000000 V __rustc_debug_gdb_scripts_section__
0000000000000000 T dlbulk_free
0000000000000000 T dlmalloc_footprint_limit
0000000000000000 T dlmalloc_set_footprint_limit
0000000000000000 T dlposix_memalign
0000000000000000 T dlrealloc_in_place
0000000000000000 T ffi_closure_alloc
0000000000000000 T ffi_closure_free
0000000000000000 T ffi_data_to_code_pointer
0000000000000000 T ffi_tramp_is_present
0000000000000000 T open_temp_exec_file

libffi_c2rust_powerpc64le-86dd6d4d39f751ff.d8eej8bz9f2pifmpeitcqjio0.1brqj28.rcgu.o:
0000000000000000 V DW.ref.rust_eh_personality
0000000000000000 T _RINvNtCsgBE78E5FtGs_4core3ptr9drop_glueINtNtCss0Uy6Ec3rh_5alloc3vec3VecIBC_hEEECs1m3cROYodoM_25libffi_c2rust_powerpc64le
0000000000000000 T _RINvNtCsgBE78E5FtGs_4core3ptr9drop_glueINtNtCss0Uy6Ec3rh_5alloc3vec3VechEECs1m3cROYodoM_25libffi_c2rust_powerpc64le
0000000000000000 T _RINvNtCsgBE78E5FtGs_4core3ptr9drop_glueINtNtCss0Uy6Ec3rh_5alloc7raw_vec6RawVecINtNtBG_3vec3VechEEECs1m3cROYodoM_25libffi_c2rust_powerpc64le
0000000000000000 T _RINvNtCsgBE78E5FtGs_4core3ptr9drop_glueINtNtCss0Uy6Ec3rh_5alloc7raw_vec6RawVechEECs1m3cROYodoM_25libffi_c2rust_powerpc64le
0000000000000000 T _RINvNtCsgBE78E5FtGs_4core3ptr9drop_glueSINtNtCss0Uy6Ec3rh_5alloc3vec3VechEECs1m3cROYodoM_25libffi_c2rust_powerpc64le
0000000000000000 T _RNvXs1_NtCss0Uy6Ec3rh_5alloc7raw_vecINtB5_6RawVecINtNtB7_3vec3VechEENtNtNtCsgBE78E5FtGs_4core3ops4drop4Drop4dropCs1m3cROYodoM_25libffi_c2rust_powerpc64le
0000000000000000 T _RNvXso_NtCss0Uy6Ec3rh_5alloc3vecINtB5_3VecIBv_hEENtNtNtCsgBE78E5FtGs_4core3ops4drop4Drop4dropCs1m3cROYodoM_25libffi_c2rust_powerpc64le
0000000000000000 V __rustc_debug_gdb_scripts_section__

libffi_c2rust_powerpc64le-86dd6d4d39f751ff.djrabmly9x80cz5sydwmsp9d7.1brqj28.rcgu.o:
0000000000000000 T _RNvNvMs_NtCss0Uy6Ec3rh_5alloc3vecINtB6_3VecppE7set_len18precondition_checkCs1m3cROYodoM_25libffi_c2rust_powerpc64le
0000000000000000 V __rustc_debug_gdb_scripts_section__

libffi_c2rust_powerpc64le-86dd6d4d39f751ff.dl5m7den3ve08u046fbv75eqa.1brqj28.rcgu.o:
0000000000000000 V DW.ref.rust_eh_personality
0000000000000000 T _RINvNtCss0Uy6Ec3rh_5alloc3vec9from_elemhECs1m3cROYodoM_25libffi_c2rust_powerpc64le
0000000000000000 T _RNvMNtCsgBE78E5FtGs_4core5sliceSINtNtCss0Uy6Ec3rh_5alloc3vec3VechE8last_mutCs1m3cROYodoM_25libffi_c2rust_powerpc64le
0000000000000000 T _RNvMNtCss0Uy6Ec3rh_5alloc3vecINtB2_3VecIBs_hEE3newCs1m3cROYodoM_25libffi_c2rust_powerpc64le
0000000000000000 T _RNvMsF_NtCss0Uy6Ec3rh_5alloc3vecINtB5_3VecIBv_hEE4pushCs1m3cROYodoM_25libffi_c2rust_powerpc64le
0000000000000000 T _RNvMsF_NtCss0Uy6Ec3rh_5alloc3vecINtB5_3VecIBv_hEE8push_mutCs1m3cROYodoM_25libffi_c2rust_powerpc64le
0000000000000000 T _RNvMs_NtCss0Uy6Ec3rh_5alloc3vecINtB4_3VechE10as_mut_ptrCs1m3cROYodoM_25libffi_c2rust_powerpc64le
0000000000000000 T _RNvXs8_NtCss0Uy6Ec3rh_5alloc3vecINtB5_3VecIBv_hEENtNtNtCsgBE78E5FtGs_4core3ops5deref8DerefMut9deref_mutCs1m3cROYodoM_25libffi_c2rust_powerpc64le
0000000000000000 V __rustc_debug_gdb_scripts_section__

libffi_c2rust_powerpc64le-86dd6d4d39f751ff.dm1ov0b4zsg5aeum5u5eyl4dc.1brqj28.rcgu.o:
0000000000000000 T _RNvNvNtCsgBE78E5FtGs_4core9ub_checks23maybe_is_nonoverlapping7runtimeCs1m3cROYodoM_25libffi_c2rust_powerpc64le
0000000000000000 V __rustc_debug_gdb_scripts_section__

libffi_c2rust_powerpc64le-86dd6d4d39f751ff.dpqasocey0yvh9p5o4dgtzhqv.1brqj28.rcgu.o:
0000000000000000 T _RNvMNtNtCsgBE78E5FtGs_4core3ptr7mut_ptrONtNtB6_3ffi6c_void7is_nullCs1m3cROYodoM_25libffi_c2rust_powerpc64le
0000000000000000 T _RNvMNtNtCsgBE78E5FtGs_4core3ptr7mut_ptrOONtNtB6_3ffi6c_void7is_nullCs1m3cROYodoM_25libffi_c2rust_powerpc64le
0000000000000000 V __rustc_debug_gdb_scripts_section__

libffi_c2rust_powerpc64le-86dd6d4d39f751ff.ef5dljhydxwgb4vh2f42dtfua.1brqj28.rcgu.o:
0000000000000000 T _RNvMNtNtCsgBE78E5FtGs_4core3ptr7mut_ptrONtNtNtNtCs1m3cROYodoM_25libffi_c2rust_powerpc64le3src7powerpc11ffi_linux649__ffi_type7is_nullBK_
0000000000000000 V __rustc_debug_gdb_scripts_section__

libffi_c2rust_powerpc64le-86dd6d4d39f751ff.cvpm5bvot96vzf1t2a1opt9vt.1brqj28.rcgu.o:
0000000000000000 T _RNvCs9wFQrvczXsK_7___rustc12___rust_alloc
0000000000000000 T _RNvCs9wFQrvczXsK_7___rustc14___rust_dealloc
0000000000000000 T _RNvCs9wFQrvczXsK_7___rustc14___rust_realloc
0000000000000000 T _RNvCs9wFQrvczXsK_7___rustc19___rust_alloc_zeroed
0000000000000000 T _RNvCs9wFQrvczXsK_7___rustc35___rust_no_alloc_shim_is_unstable_v2

584d5c2970520b46-linux64.o:
0000000000000000 T ffi_call_LINUX64

584d5c2970520b46-linux64_closure.o:
0000000000000000 T ffi_closure_LINUX64
0000000000000294 T ffi_go_closure_linux64
0000000000010000 T trampoline_code_table

std-5295c1a527d95235.std.f8d7aaa7d1c655be-cgu.0.rcgu.o:
0000000000000000 V DW.ref.rust_eh_personality
0000000000000000 T _RINvMs3_NtNtCslmA7avqN9yA_3std2io5errorNtB6_5Error3newNtNtNtCsgBE78E5FtGs_4core3num5error15TryFromIntErrorEBa_
0000000000000000 T _RINvMs3_NtNtCslmA7avqN9yA_3std2io5errorNtB6_5Error3newReEBa_
0000000000000000 T _RINvNtCsgBE78E5FtGs_4core9panicking13assert_failedAhj4_RShECslmA7avqN9yA_3std
0000000000000000 T _RINvNtCsgBE78E5FtGs_4core9panicking13assert_failedllECslmA7avqN9yA_3std
0000000000000000 T _RINvNtCsgBE78E5FtGs_4core9panicking13assert_failedmmECslmA7avqN9yA_3std
0000000000000000 T _RINvNtCsgBE78E5FtGs_4core9panicking13assert_failedssECslmA7avqN9yA_3std
0000000000000000 T _RINvNtCslmA7avqN9yA_3std9panicking11begin_panicReEB4_
0000000000000000 T _RINvNtNtCslmA7avqN9yA_3std3sys9backtrace26___rust_end_short_backtraceNCINvNtB6_9panicking11begin_panicReE0zEB6_
0000000000000000 T _RINvNtNtCslmA7avqN9yA_3std3sys9backtrace26___rust_end_short_backtraceNCNvNtB6_5alloc8rust_oom0zEB6_
0000000000000000 T _RINvNtNtCslmA7avqN9yA_3std3sys9backtrace26___rust_end_short_backtraceNCNvNtB6_9panicking13panic_handler0zEB6_
0000000000000000 T _RINvNtNtNtCsgBE78E5FtGs_4core5slice4sort6stable14driftsort_mainNtNtCsfejrYmz0RRV_9addr2line4line12LineSequenceNCINvMNtCss0Uy6Ec3rh_5alloc5sliceSBZ_11sort_by_keyyNCINvMs_B11_NtB11_5Lines5parseINtNtNtCsiE8w2aTzPto_5gimli4read12endian_slice11EndianSliceNtNtB3a_9endianity12LittleEndianEEs_0E0INtNtB1S_3vec3VecBZ_EECslmA7avqN9yA_3std
0000000000000000 T _RINvNtNtNtCsgBE78E5FtGs_4core5slice4sort6stable14driftsort_mainNtNtCsfejrYmz0RRV_9addr2line4unit9UnitRangeNCINvMNtCss0Uy6Ec3rh_5alloc5sliceSBZ_11sort_by_keyyNCNvMs_B11_INtB11_8ResUnitsINtNtNtCsiE8w2aTzPto_5gimli4read12endian_slice11EndianSliceNtNtB33_9endianity12LittleEndianEE5parses2_0E0INtNtB1O_3vec3VecBZ_EECslmA7avqN9yA_3std
0000000000000000 T _RINvNtNtNtCsgBE78E5FtGs_4core5slice4sort6stable14driftsort_mainNtNtCsfejrYmz0RRV_9addr2line8function15FunctionAddressNCINvMNtCss0Uy6Ec3rh_5alloc5sliceSBZ_11sort_by_keyyNCNvMs0_B11_INtB11_9FunctionsINtNtNtCsiE8w2aTzPto_5gimli4read12endian_slice11EndianSliceNtNtB3g_9endianity12LittleEndianEE5parses_0E0INtNtB1Z_3vec3VecBZ_EECslmA7avqN9yA_3std
0000000000000000 T _RINvNtNtNtCsgBE78E5FtGs_4core5slice4sort6stable14driftsort_mainNtNtCsfejrYmz0RRV_9addr2line8function22InlinedFunctionAddressNCINvMNtCss0Uy6Ec3rh_5alloc5sliceSBZ_7sort_byNCNvMs1_B11_INtB11_8FunctionINtNtNtCsiE8w2aTzPto_5gimli4read12endian_slice11EndianSliceNtNtB3g_9endianity12LittleEndianEE5parse0E0INtNtB26_3vec3VecBZ_EECslmA7avqN9yA_3std
0000000000000000 T _RINvNtNtNtCsgBE78E5FtGs_4core5slice4sort6stable14driftsort_mainTNtNtCsiE8w2aTzPto_5gimli6common15DebugInfoOffsetNtB12_18DebugArangesOffsetENCINvMNtCss0Uy6Ec3rh_5alloc5sliceSBZ_11sort_by_keyB10_NCNvMs_NtCsfejrYmz0RRV_9addr2line4unitINtB3c_8ResUnitsINtNtNtB14_4read12endian_slice11EndianSliceNtNtB14_9endianity12LittleEndianEE5parse0E0INtNtB2l_3vec3VecBZ_EECslmA7avqN9yA_3std
0000000000000000 T _RINvNtNtNtCsgBE78E5FtGs_4core5slice4sort8unstable7ipnsortNtNtNtNtNtCslmA7avqN9yA_3std12backtrace_rs9symbolize5gimli3elf9ParsedSymNCINvMB6_SBT_20sort_unstable_by_keyyNCNvMs_BV_NtBV_6Object5parses1_0E0EB13_
0000000000000000 T _RINvNtNtNtNtCsgBE78E5FtGs_4core5slice4sort6stable9quicksort9quicksortNtNtCsfejrYmz0RRV_9addr2line4line12LineSequenceNCINvMNtCss0Uy6Ec3rh_5alloc5sliceSB15_11sort_by_keyyNCINvMs_B17_NtB17_5Lines5parseINtNtNtCsiE8w2aTzPto_5gimli4read12endian_slice11EndianSliceNtNtB3h_9endianity12LittleEndianEEs_0E0ECslmA7avqN9yA_3std
0000000000000000 T _RINvNtNtNtNtCsgBE78E5FtGs_4core5slice4sort6stable9quicksort9quicksortNtNtCsfejrYmz0RRV_9addr2line4unit9UnitRangeNCINvMNtCss0Uy6Ec3rh_5alloc5sliceSB15_11sort_by_keyyNCNvMs_B17_INtB17_8ResUnitsINtNtNtCsiE8w2aTzPto_5gimli4read12endian_slice11EndianSliceNtNtB3a_9endianity12LittleEndianEE5parses2_0E0ECslmA7avqN9yA_3std
0000000000000000 T _RINvNtNtNtNtCsgBE78E5FtGs_4core5slice4sort6stable9quicksort9quicksortNtNtCsfejrYmz0RRV_9addr2line8function15FunctionAddressNCINvMNtCss0Uy6Ec3rh_5alloc5sliceSB15_11sort_by_keyyNCNvMs0_B17_INtB17_9FunctionsINtNtNtCsiE8w2aTzPto_5gimli4read12endian_slice11EndianSliceNtNtB3n_9endianity12LittleEndianEE5parses_0E0ECslmA7avqN9yA_3std
0000000000000000 T _RINvNtNtNtNtCsgBE78E5FtGs_4core5slice4sort6stable9quicksort9quicksortNtNtCsfejrYmz0RRV_9addr2line8function22InlinedFunctionAddressNCINvMNtCss0Uy6Ec3rh_5alloc5sliceSB15_7sort_byNCNvMs1_B17_INtB17_8FunctionINtNtNtCsiE8w2aTzPto_5gimli4read12endian_slice11EndianSliceNtNtB3n_9endianity12LittleEndianEE5parse0E0ECslmA7avqN9yA_3std
0000000000000000 T _RINvNtNtNtNtCsgBE78E5FtGs_4core5slice4sort6stable9quicksort9quicksortTNtNtCsiE8w2aTzPto_5gimli6common15DebugInfoOffsetNtB18_18DebugArangesOffsetENCINvMNtCss0Uy6Ec3rh_5alloc5sliceSB15_11sort_by_keyB16_NCNvMs_NtCsfejrYmz0RRV_9addr2line4unitINtB3j_8ResUnitsINtNtNtB1a_4read12endian_slice11EndianSliceNtNtB1a_9endianity12LittleEndianEE5parse0E0ECslmA7avqN9yA_3std
0000000000000000 T _RINvNtNtNtNtCsgBE78E5FtGs_4core5slice4sort8unstable8heapsort8heapsortNtNtNtNtNtCslmA7avqN9yA_3std12backtrace_rs9symbolize5gimli3elf9ParsedSymNCINvMB8_SB15_20sort_unstable_by_keyyNCNvMs_B17_NtB17_6Object5parses1_0E0EB1f_
0000000000000000 T _RNvCs9wFQrvczXsK_7___rustc10rust_panic
0000000000000000 T _RNvCs9wFQrvczXsK_7___rustc11___rdl_alloc
0000000000000000 T _RNvCs9wFQrvczXsK_7___rustc12___rust_abort
0000000000000000 T _RNvCs9wFQrvczXsK_7___rustc13___rdl_dealloc
0000000000000000 T _RNvCs9wFQrvczXsK_7___rustc13___rdl_realloc
0000000000000000 T _RNvCs9wFQrvczXsK_7___rustc17___rust_drop_panic
0000000000000000 T _RNvCs9wFQrvczXsK_7___rustc17rust_begin_unwind
0000000000000000 T _RNvCs9wFQrvczXsK_7___rustc18___rdl_alloc_zeroed
0000000000000000 T _RNvCs9wFQrvczXsK_7___rustc24___rust_foreign_exception
0000000000000000 T _RNvCs9wFQrvczXsK_7___rustc26___rust_alloc_error_handler
0000000000000000 T _RNvMNtCslmA7avqN9yA_3std4timeNtB2_7Instant11checked_add
0000000000000000 T _RNvMNtCslmA7avqN9yA_3std4timeNtB2_7Instant11checked_sub
0000000000000000 T _RNvMNtCslmA7avqN9yA_3std4timeNtB2_7Instant14duration_since
0000000000000000 T _RNvMNtCslmA7avqN9yA_3std4timeNtB2_7Instant22checked_duration_since
0000000000000000 T _RNvMNtCslmA7avqN9yA_3std4timeNtB2_7Instant25saturating_duration_since
0000000000000000 T _RNvMNtCslmA7avqN9yA_3std4timeNtB2_7Instant3now
0000000000000000 T _RNvMNtCslmA7avqN9yA_3std4timeNtB2_7Instant7elapsed
0000000000000000 T _RNvMNtNtCslmA7avqN9yA_3std3net3tcpNtB2_9TcpStream10local_addr
0000000000000000 T _RNvMNtNtCslmA7avqN9yA_3std3net3tcpNtB2_9TcpStream10set_linger
0000000000000000 T _RNvMNtNtCslmA7avqN9yA_3std3net3tcpNtB2_9TcpStream10take_error
0000000000000000 T _RNvMNtNtCslmA7avqN9yA_3std3net3tcpNtB2_9TcpStream11set_nodelay
0000000000000000 T _RNvMNtNtCslmA7avqN9yA_3std3net3tcpNtB2_9TcpStream12read_timeout
0000000000000000 T _RNvMNtNtCslmA7avqN9yA_3std3net3tcpNtB2_9TcpStream13set_keepalive
0000000000000000 T _RNvMNtNtCslmA7avqN9yA_3std3net3tcpNtB2_9TcpStream13write_timeout
0000000000000000 T _RNvMNtNtCslmA7avqN9yA_3std3net3tcpNtB2_9TcpStream15connect_timeout
0000000000000000 T _RNvMNtNtCslmA7avqN9yA_3std3net3tcpNtB2_9TcpStream15set_nonblocking
0000000000000000 T _RNvMNtNtCslmA7avqN9yA_3std3net3tcpNtB2_9TcpStream16set_read_timeout
0000000000000000 T _RNvMNtNtCslmA7avqN9yA_3std3net3tcpNtB2_9TcpStream17set_write_timeout
0000000000000000 T _RNvMNtNtCslmA7avqN9yA_3std3net3tcpNtB2_9TcpStream3ttl
0000000000000000 T _RNvMNtNtCslmA7avqN9yA_3std3net3tcpNtB2_9TcpStream4peek
0000000000000000 T _RNvMNtNtCslmA7avqN9yA_3std3net3tcpNtB2_9TcpStream6linger
0000000000000000 T _RNvMNtNtCslmA7avqN9yA_3std3net3tcpNtB2_9TcpStream7nodelay
0000000000000000 T _RNvMNtNtCslmA7avqN9yA_3std3net3tcpNtB2_9TcpStream7set_ttl
0000000000000000 T _RNvMNtNtCslmA7avqN9yA_3std3net3tcpNtB2_9TcpStream8shutdown
0000000000000000 T _RNvMNtNtCslmA7avqN9yA_3std3net3tcpNtB2_9TcpStream9keepalive
0000000000000000 T _RNvMNtNtCslmA7avqN9yA_3std3net3tcpNtB2_9TcpStream9peer_addr
0000000000000000 T _RNvMNtNtCslmA7avqN9yA_3std3net3tcpNtB2_9TcpStream9try_clone
0000000000000000 T _RNvMNtNtCslmA7avqN9yA_3std3net3udpNtB2_9UdpSocket10local_addr
0000000000000000 T _RNvMNtNtCslmA7avqN9yA_3std3net3udpNtB2_9UdpSocket10take_error
0000000000000000 T _RNvMNtNtCslmA7avqN9yA_3std3net3udpNtB2_9UdpSocket12read_timeout
0000000000000000 T _RNvMNtNtCslmA7avqN9yA_3std3net3udpNtB2_9UdpSocket13set_broadcast
0000000000000000 T _RNvMNtNtCslmA7avqN9yA_3std3net3udpNtB2_9UdpSocket13write_timeout
0000000000000000 T _RNvMNtNtCslmA7avqN9yA_3std3net3udpNtB2_9UdpSocket15set_nonblocking
0000000000000000 T _RNvMNtNtCslmA7avqN9yA_3std3net3udpNtB2_9UdpSocket16multicast_ttl_v4
0000000000000000 T _RNvMNtNtCslmA7avqN9yA_3std3net3udpNtB2_9UdpSocket16set_read_timeout
0000000000000000 T _RNvMNtNtCslmA7avqN9yA_3std3net3udpNtB2_9UdpSocket17join_multicast_v4
0000000000000000 T _RNvMNtNtCslmA7avqN9yA_3std3net3udpNtB2_9UdpSocket17join_multicast_v6
0000000000000000 T _RNvMNtNtCslmA7avqN9yA_3std3net3udpNtB2_9UdpSocket17multicast_loop_v4
0000000000000000 T _RNvMNtNtCslmA7avqN9yA_3std3net3udpNtB2_9UdpSocket17multicast_loop_v6
0000000000000000 T _RNvMNtNtCslmA7avqN9yA_3std3net3udpNtB2_9UdpSocket17set_write_timeout
0000000000000000 T _RNvMNtNtCslmA7avqN9yA_3std3net3udpNtB2_9UdpSocket18leave_multicast_v4
0000000000000000 T _RNvMNtNtCslmA7avqN9yA_3std3net3udpNtB2_9UdpSocket18leave_multicast_v6
0000000000000000 T _RNvMNtNtCslmA7avqN9yA_3std3net3udpNtB2_9UdpSocket20set_multicast_ttl_v4
0000000000000000 T _RNvMNtNtCslmA7avqN9yA_3std3net3udpNtB2_9UdpSocket21set_multicast_loop_v4
0000000000000000 T _RNvMNtNtCslmA7avqN9yA_3std3net3udpNtB2_9UdpSocket21set_multicast_loop_v6
0000000000000000 T _RNvMNtNtCslmA7avqN9yA_3std3net3udpNtB2_9UdpSocket3ttl
0000000000000000 T _RNvMNtNtCslmA7avqN9yA_3std3net3udpNtB2_9UdpSocket4peek
0000000000000000 T _RNvMNtNtCslmA7avqN9yA_3std3net3udpNtB2_9UdpSocket4recv
0000000000000000 T _RNvMNtNtCslmA7avqN9yA_3std3net3udpNtB2_9UdpSocket4send
0000000000000000 T _RNvMNtNtCslmA7avqN9yA_3std3net3udpNtB2_9UdpSocket7set_ttl
0000000000000000 T _RNvMNtNtCslmA7avqN9yA_3std3net3udpNtB2_9UdpSocket9broadcast
0000000000000000 T _RNvMNtNtCslmA7avqN9yA_3std3net3udpNtB2_9UdpSocket9peek_from
0000000000000000 T _RNvMNtNtCslmA7avqN9yA_3std3net3udpNtB2_9UdpSocket9peer_addr
0000000000000000 T _RNvMNtNtCslmA7avqN9yA_3std3net3udpNtB2_9UdpSocket9recv_from
0000000000000000 T _RNvMNtNtCslmA7avqN9yA_3std3net3udpNtB2_9UdpSocket9try_clone
0000000000000000 T _RNvMNtNtCslmA7avqN9yA_3std6thread2idNtB2_8ThreadId3new
0000000000000000 T _RNvMNtNtCslmA7avqN9yA_3std6thread6scopedNtB2_9ScopeData29decrement_num_running_threads
0000000000000000 T _RNvMNtNtCslmA7avqN9yA_3std6thread6scopedNtB2_9ScopeData29increment_num_running_threads
0000000000000000 T _RNvMNtNtCslmA7avqN9yA_3std6thread7builderNtB2_7Builder4name
0000000000000000 T _RNvMNtNtNtCslmA7avqN9yA_3std2os5linux7processNtB2_5PidFd4kill
0000000000000000 T _RNvMNtNtNtCslmA7avqN9yA_3std2os5linux7processNtB2_5PidFd4wait
0000000000000000 T _RNvMNtNtNtCslmA7avqN9yA_3std2os5linux7processNtB2_5PidFd8try_wait
0000000000000000 T _RNvMNtNtNtCslmA7avqN9yA_3std3sys2fd4unixNtB2_8FileDesc11read_buf_at
0000000000000000 T _RNvMNtNtNtCslmA7avqN9yA_3std3sys2fd4unixNtB2_8FileDesc11read_to_end
0000000000000000 T _RNvMNtNtNtCslmA7avqN9yA_3std3sys2fd4unixNtB2_8FileDesc11set_cloexec
0000000000000000 T _RNvMNtNtNtCslmA7avqN9yA_3std3sys2fd4unixNtB2_8FileDesc13read_vectored
0000000000000000 T _RNvMNtNtNtCslmA7avqN9yA_3std3sys2fd4unixNtB2_8FileDesc14write_vectored
0000000000000000 T _RNvMNtNtNtCslmA7avqN9yA_3std3sys2fd4unixNtB2_8FileDesc15set_nonblocking
0000000000000000 T _RNvMNtNtNtCslmA7avqN9yA_3std3sys2fd4unixNtB2_8FileDesc16read_vectored_at
0000000000000000 T _RNvMNtNtNtCslmA7avqN9yA_3std3sys2fd4unixNtB2_8FileDesc17write_vectored_at
0000000000000000 T _RNvMNtNtNtCslmA7avqN9yA_3std3sys2fd4unixNtB2_8FileDesc4read
0000000000000000 T _RNvMNtNtNtCslmA7avqN9yA_3std3sys2fd4unixNtB2_8FileDesc5write
0000000000000000 T _RNvMNtNtNtCslmA7avqN9yA_3std3sys2fd4unixNtB2_8FileDesc7read_at
0000000000000000 T _RNvMNtNtNtCslmA7avqN9yA_3std3sys2fd4unixNtB2_8FileDesc8read_buf
0000000000000000 T _RNvMNtNtNtCslmA7avqN9yA_3std3sys2fd4unixNtB2_8FileDesc8write_at
0000000000000000 T _RNvMNtNtNtCslmA7avqN9yA_3std4sync4mpmc7contextNtB2_7Context3new
0000000000000000 T _RNvMNtNtNtCslmA7avqN9yA_3std4sync6poison7condvarNtB2_7Condvar10notify_all
0000000000000000 T _RNvMNtNtNtCslmA7avqN9yA_3std4sync6poison7condvarNtB2_7Condvar10notify_one
0000000000000000 T _RNvMNtNtNtCslmA7avqN9yA_3std4sync9nonpoison7condvarNtB2_7Condvar10notify_all
0000000000000000 T _RNvMNtNtNtCslmA7avqN9yA_3std4sync9nonpoison7condvarNtB2_7Condvar10notify_one
0000000000000000 T _RNvMNtNtNtNtCslmA7avqN9yA_3std2io8buffered9bufreader6bufferNtB2_6Buffer9backshift
0000000000000000 T _RNvMNtNtNtNtCslmA7avqN9yA_3std2os4unix3net4addrNtB2_10SocketAddr10from_parts
0000000000000000 T _RNvMNtNtNtNtCslmA7avqN9yA_3std2os4unix3net4addrNtB2_10SocketAddr10is_unnamed
0000000000000000 T _RNvMNtNtNtNtCslmA7avqN9yA_3std2os4unix3net4addrNtB2_10SocketAddr11as_pathname
0000000000000000 T _RNvMNtNtNtNtCslmA7avqN9yA_3std3sys2fs4unix3dirNtB2_3Dir4open
0000000000000000 T _RNvMNtNtNtNtCslmA7avqN9yA_3std3sys2fs4unix3dirNtB2_3Dir9open_file
0000000000000000 T _RNvMNtNtNtNtCslmA7avqN9yA_3std3sys4sync5mutex5futexNtB2_5Mutex14lock_contended
0000000000000000 T _RNvMNtNtNtNtCslmA7avqN9yA_3std3sys4sync5mutex5futexNtB2_5Mutex4wake
0000000000000000 T _RNvMNtNtNtNtCslmA7avqN9yA_3std3sys4sync6rwlock5futexNtB2_6RwLock14read_contended
0000000000000000 T _RNvMNtNtNtNtCslmA7avqN9yA_3std3sys4sync6rwlock5futexNtB2_6RwLock15write_contended
0000000000000000 T _RNvMNtNtNtNtCslmA7avqN9yA_3std3sys4sync6rwlock5futexNtB2_6RwLock22wake_writer_or_readers
0000000000000000 T _RNvMNtNtNtNtCslmA7avqN9yA_3std3sys4sync7condvar5futexNtB2_7Condvar12wait_timeout
0000000000000000 T _RNvMNtNtNtNtCslmA7avqN9yA_3std3sys4sync7condvar5futexNtB2_7Condvar4wait
0000000000000000 T _RNvMNtNtNtNtNtCslmA7avqN9yA_3std3sys3net10connection6socket4unixNtB2_6Socket3new
0000000000000000 T _RNvMNvMs_NtNtNtCslmA7avqN9yA_3std2io8buffered9bufwriterINtB7_9BufWriterpE9flush_bufNtB2_8BufGuard9remaining
0000000000000000 T _RNvMs0_NtNtCslmA7avqN9yA_3std3ffi6os_strNtB5_8OsString17into_boxed_os_str
0000000000000000 T _RNvMs0_NtNtCslmA7avqN9yA_3std4sync4onceNtB5_4Once10wait_force
0000000000000000 T _RNvMs0_NtNtCslmA7avqN9yA_3std4sync4onceNtB5_4Once4wait
0000000000000000 T _RNvMs0_NtNtCslmA7avqN9yA_3std4sync7barrierNtB5_7Barrier4wait
0000000000000000 T _RNvMs0_NtNtNtCslmA7avqN9yA_3std2os2fd5ownedNtB5_10BorrowedFd18try_clone_to_owned
0000000000000000 T _RNvMs0_NtNtNtCslmA7avqN9yA_3std3sys6thread4unixNtB5_6Thread3new
0000000000000000 T _RNvMs0_NtNtNtCslmA7avqN9yA_3std3sys6thread4unixNtB5_6Thread4join
0000000000000000 T _RNvMs0_NtNtNtNtCslmA7avqN9yA_3std2os4unix3net6streamNtB5_10UnixStream10local_addr
0000000000000000 T _RNvMs0_NtNtNtNtCslmA7avqN9yA_3std2os4unix3net6streamNtB5_10UnixStream10take_error
0000000000000000 T _RNvMs0_NtNtNtNtCslmA7avqN9yA_3std2os4unix3net6streamNtB5_10UnixStream12connect_addr
0000000000000000 T _RNvMs0_NtNtNtNtCslmA7avqN9yA_3std2os4unix3net6streamNtB5_10UnixStream12read_timeout
0000000000000000 T _RNvMs0_NtNtNtNtCslmA7avqN9yA_3std2os4unix3net6streamNtB5_10UnixStream13write_timeout
0000000000000000 T _RNvMs0_NtNtNtNtCslmA7avqN9yA_3std2os4unix3net6streamNtB5_10UnixStream15set_nonblocking
0000000000000000 T _RNvMs0_NtNtNtNtCslmA7avqN9yA_3std2os4unix3net6streamNtB5_10UnixStream16set_read_timeout
0000000000000000 T _RNvMs0_NtNtNtNtCslmA7avqN9yA_3std2os4unix3net6streamNtB5_10UnixStream17set_write_timeout
0000000000000000 T _RNvMs0_NtNtNtNtCslmA7avqN9yA_3std2os4unix3net6streamNtB5_10UnixStream28recv_vectored_with_ancillary
0000000000000000 T _RNvMs0_NtNtNtNtCslmA7avqN9yA_3std2os4unix3net6streamNtB5_10UnixStream28send_vectored_with_ancillary
0000000000000000 T _RNvMs0_NtNtNtNtCslmA7avqN9yA_3std2os4unix3net6streamNtB5_10UnixStream4pair
0000000000000000 T _RNvMs0_NtNtNtNtCslmA7avqN9yA_3std2os4unix3net6streamNtB5_10UnixStream4peek
0000000000000000 T _RNvMs0_NtNtNtNtCslmA7avqN9yA_3std2os4unix3net6streamNtB5_10UnixStream8set_mark
0000000000000000 T _RNvMs0_NtNtNtNtCslmA7avqN9yA_3std2os4unix3net6streamNtB5_10UnixStream8shutdown
0000000000000000 T _RNvMs0_NtNtNtNtCslmA7avqN9yA_3std2os4unix3net6streamNtB5_10UnixStream9peer_addr
0000000000000000 T _RNvMs0_NtNtNtNtCslmA7avqN9yA_3std2os4unix3net6streamNtB5_10UnixStream9peer_cred
0000000000000000 T _RNvMs0_NtNtNtNtCslmA7avqN9yA_3std2os4unix3net6streamNtB5_10UnixStream9try_clone
0000000000000000 T _RNvMs0_NtNtNtNtCslmA7avqN9yA_3std2os4unix3net8datagramNtB5_12UnixDatagram10local_addr
0000000000000000 T _RNvMs0_NtNtNtNtCslmA7avqN9yA_3std2os4unix3net8datagramNtB5_12UnixDatagram10take_error
0000000000000000 T _RNvMs0_NtNtNtNtCslmA7avqN9yA_3std2os4unix3net8datagramNtB5_12UnixDatagram12connect_addr
0000000000000000 T _RNvMs0_NtNtNtNtCslmA7avqN9yA_3std2os4unix3net8datagramNtB5_12UnixDatagram12read_timeout
0000000000000000 T _RNvMs0_NtNtNtNtCslmA7avqN9yA_3std2os4unix3net8datagramNtB5_12UnixDatagram12send_to_addr
0000000000000000 T _RNvMs0_NtNtNtNtCslmA7avqN9yA_3std2os4unix3net8datagramNtB5_12UnixDatagram13write_timeout
0000000000000000 T _RNvMs0_NtNtNtNtCslmA7avqN9yA_3std2os4unix3net8datagramNtB5_12UnixDatagram15set_nonblocking
0000000000000000 T _RNvMs0_NtNtNtNtCslmA7avqN9yA_3std2os4unix3net8datagramNtB5_12UnixDatagram16set_read_timeout
0000000000000000 T _RNvMs0_NtNtNtNtCslmA7avqN9yA_3std2os4unix3net8datagramNtB5_12UnixDatagram17set_write_timeout
0000000000000000 T _RNvMs0_NtNtNtNtCslmA7avqN9yA_3std2os4unix3net8datagramNtB5_12UnixDatagram28recv_vectored_with_ancillary
0000000000000000 T _RNvMs0_NtNtNtNtCslmA7avqN9yA_3std2os4unix3net8datagramNtB5_12UnixDatagram28send_vectored_with_ancillary
0000000000000000 T _RNvMs0_NtNtNtNtCslmA7avqN9yA_3std2os4unix3net8datagramNtB5_12UnixDatagram33recv_vectored_with_ancillary_from
0000000000000000 T _RNvMs0_NtNtNtNtCslmA7avqN9yA_3std2os4unix3net8datagramNtB5_12UnixDatagram4pair
0000000000000000 T _RNvMs0_NtNtNtNtCslmA7avqN9yA_3std2os4unix3net8datagramNtB5_12UnixDatagram4peek
0000000000000000 T _RNvMs0_NtNtNtNtCslmA7avqN9yA_3std2os4unix3net8datagramNtB5_12UnixDatagram4recv
0000000000000000 T _RNvMs0_NtNtNtNtCslmA7avqN9yA_3std2os4unix3net8datagramNtB5_12UnixDatagram4send
0000000000000000 T _RNvMs0_NtNtNtNtCslmA7avqN9yA_3std2os4unix3net8datagramNtB5_12UnixDatagram7unbound
0000000000000000 T _RNvMs0_NtNtNtNtCslmA7avqN9yA_3std2os4unix3net8datagramNtB5_12UnixDatagram8set_mark
0000000000000000 T _RNvMs0_NtNtNtNtCslmA7avqN9yA_3std2os4unix3net8datagramNtB5_12UnixDatagram8shutdown
0000000000000000 T _RNvMs0_NtNtNtNtCslmA7avqN9yA_3std2os4unix3net8datagramNtB5_12UnixDatagram9bind_addr
0000000000000000 T _RNvMs0_NtNtNtNtCslmA7avqN9yA_3std2os4unix3net8datagramNtB5_12UnixDatagram9peek_from
0000000000000000 T _RNvMs0_NtNtNtNtCslmA7avqN9yA_3std2os4unix3net8datagramNtB5_12UnixDatagram9peer_addr
0000000000000000 T _RNvMs0_NtNtNtNtCslmA7avqN9yA_3std2os4unix3net8datagramNtB5_12UnixDatagram9recv_from
0000000000000000 T _RNvMs0_NtNtNtNtCslmA7avqN9yA_3std2os4unix3net8datagramNtB5_12UnixDatagram9try_clone
0000000000000000 T _RNvMs0_NtNtNtNtCslmA7avqN9yA_3std3sys4sync4once5futexNtB5_4Once4call
0000000000000000 T _RNvMs16_NtCslmA7avqN9yA_3std4pathNtB6_4Path10__ends_with
0000000000000000 T _RNvMs16_NtCslmA7avqN9yA_3std4pathNtB6_4Path10components
0000000000000000 T _RNvMs16_NtCslmA7avqN9yA_3std4pathNtB6_4Path10is_symlink
0000000000000000 T _RNvMs16_NtCslmA7avqN9yA_3std4pathNtB6_4Path11file_prefix
0000000000000000 T _RNvMs16_NtCslmA7avqN9yA_3std4pathNtB6_4Path11is_absolute
0000000000000000 T _RNvMs16_NtCslmA7avqN9yA_3std4pathNtB6_4Path11to_path_buf
0000000000000000 T _RNvMs16_NtCslmA7avqN9yA_3std4pathNtB6_4Path12__starts_with
0000000000000000 T _RNvMs16_NtCslmA7avqN9yA_3std4pathNtB6_4Path13__strip_prefix
0000000000000000 T _RNvMs16_NtCslmA7avqN9yA_3std4pathNtB6_4Path13into_path_buf
0000000000000000 T _RNvMs16_NtCslmA7avqN9yA_3std4pathNtB6_4Path15__with_extension
0000000000000000 T _RNvMs16_NtCslmA7avqN9yA_3std4pathNtB6_4Path15__with_file_name
0000000000000000 T _RNvMs16_NtCslmA7avqN9yA_3std4pathNtB6_4Path19normalize_lexically
0000000000000000 T _RNvMs16_NtCslmA7avqN9yA_3std4pathNtB6_4Path5__join
0000000000000000 T _RNvMs16_NtCslmA7avqN9yA_3std4pathNtB6_4Path6is_dir
0000000000000000 T _RNvMs16_NtCslmA7avqN9yA_3std4pathNtB6_4Path6parent
0000000000000000 T _RNvMs16_NtCslmA7avqN9yA_3std4pathNtB6_4Path7is_file
0000000000000000 T _RNvMs16_NtCslmA7avqN9yA_3std4pathNtB6_4Path9extension
0000000000000000 T _RNvMs16_NtCslmA7avqN9yA_3std4pathNtB6_4Path9file_name
0000000000000000 T _RNvMs16_NtCslmA7avqN9yA_3std4pathNtB6_4Path9file_stem
0000000000000000 T _RNvMs1_NtNtCslmA7avqN9yA_3std2io5stdioNtB5_5Stdin4lock
0000000000000000 T _RNvMs1_NtNtCslmA7avqN9yA_3std2io5stdioNtB5_5Stdin5lines
0000000000000000 T _RNvMs1_NtNtCslmA7avqN9yA_3std2io5stdioNtB5_5Stdin9read_line
0000000000000000 T _RNvMs2_NtCslmA7avqN9yA_3std2fsNtB5_4File11lock_shared
0000000000000000 T _RNvMs2_NtCslmA7avqN9yA_3std2fsNtB5_4File15set_permissions
0000000000000000 T _RNvMs2_NtCslmA7avqN9yA_3std2fsNtB5_4File15try_lock_shared
0000000000000000 T _RNvMs2_NtCslmA7avqN9yA_3std2fsNtB5_4File4lock
0000000000000000 T _RNvMs2_NtCslmA7avqN9yA_3std2fsNtB5_4File6unlock
0000000000000000 T _RNvMs2_NtCslmA7avqN9yA_3std2fsNtB5_4File7set_len
0000000000000000 T _RNvMs2_NtCslmA7avqN9yA_3std2fsNtB5_4File8metadata
0000000000000000 T _RNvMs2_NtCslmA7avqN9yA_3std2fsNtB5_4File8sync_all
0000000000000000 T _RNvMs2_NtCslmA7avqN9yA_3std2fsNtB5_4File8try_lock
0000000000000000 T _RNvMs2_NtCslmA7avqN9yA_3std2fsNtB5_4File9set_times
0000000000000000 T _RNvMs2_NtCslmA7avqN9yA_3std2fsNtB5_4File9sync_data
0000000000000000 T _RNvMs2_NtCslmA7avqN9yA_3std2fsNtB5_4File9try_clone
0000000000000000 T _RNvMs2_NtCslmA7avqN9yA_3std2ioNtB5_10IoSliceMut10into_slice
0000000000000000 T _RNvMs2_NtCslmA7avqN9yA_3std9backtraceNtB5_9Backtrace13force_capture
0000000000000000 T _RNvMs2_NtCslmA7avqN9yA_3std9backtraceNtB5_9Backtrace7capture
0000000000000000 T _RNvMs2_NtNtCslmA7avqN9yA_3std2io4pipeNtB5_10PipeReader9try_clone
0000000000000000 T _RNvMs3_NtCslmA7avqN9yA_3std9backtraceNtB5_9Backtrace6frames
0000000000000000 T _RNvMs3_NtCss0Uy6Ec3rh_5alloc7raw_vecINtB5_6RawVecINtNtB7_3vec3VechEE8grow_oneCslmA7avqN9yA_3std
0000000000000000 T _RNvMs3_NtCss0Uy6Ec3rh_5alloc7raw_vecINtB5_6RawVecINtNtB7_5boxed3BoxDINtNtNtCsgBE78E5FtGs_4core3ops8function5FnMutuEp6OutputINtNtB1b_6result6ResultuNtNtNtCslmA7avqN9yA_3std2io5error5ErrorENtNtB1b_6marker4SyncNtB31_4SendEL_EE8grow_oneB2r_
0000000000000000 T _RNvMs3_NtCss0Uy6Ec3rh_5alloc7raw_vecINtB5_6RawVecINtNtCsfejrYmz0RRV_9addr2line4unit7ResUnitINtNtNtCsiE8w2aTzPto_5gimli4read12endian_slice11EndianSliceNtNtB1y_9endianity12LittleEndianEEE8grow_oneCslmA7avqN9yA_3std
0000000000000000 T _RNvMs3_NtCss0Uy6Ec3rh_5alloc7raw_vecINtB5_6RawVecINtNtCsfejrYmz0RRV_9addr2line4unit7SupUnitINtNtNtCsiE8w2aTzPto_5gimli4read12endian_slice11EndianSliceNtNtB1y_9endianity12LittleEndianEEE8grow_oneCslmA7avqN9yA_3std
0000000000000000 T _RNvMs3_NtCss0Uy6Ec3rh_5alloc7raw_vecINtB5_6RawVecINtNtCsfejrYmz0RRV_9addr2line8function12LazyFunctionINtNtNtCsiE8w2aTzPto_5gimli4read12endian_slice11EndianSliceNtNtB1I_9endianity12LittleEndianEEE8grow_oneCslmA7avqN9yA_3std
0000000000000000 T _RNvMs3_NtCss0Uy6Ec3rh_5alloc7raw_vecINtB5_6RawVecINtNtCsfejrYmz0RRV_9addr2line8function15InlinedFunctionINtNtNtCsiE8w2aTzPto_5gimli4read12endian_slice11EndianSliceNtNtB1L_9endianity12LittleEndianEEE8grow_oneCslmA7avqN9yA_3std
0000000000000000 T _RNvMs3_NtCss0Uy6Ec3rh_5alloc7raw_vecINtB5_6RawVecINtNtNtCsiE8w2aTzPto_5gimli4read4line9FileEntryINtNtBQ_12endian_slice11EndianSliceNtNtBS_9endianity12LittleEndianEjEE8grow_oneCslmA7avqN9yA_3std
0000000000000000 T _RNvMs3_NtCss0Uy6Ec3rh_5alloc7raw_vecINtB5_6RawVecINtNtNtCsiE8w2aTzPto_5gimli4read4unit14AttributeValueINtNtBQ_12endian_slice11EndianSliceNtNtBS_9endianity12LittleEndianEjEE8grow_oneCslmA7avqN9yA_3std
0000000000000000 T _RNvMs3_NtCss0Uy6Ec3rh_5alloc7raw_vecINtB5_6RawVecNtNtB7_6string6StringE8grow_oneCslmA7avqN9yA_3std
0000000000000000 T _RNvMs3_NtCss0Uy6Ec3rh_5alloc7raw_vecINtB5_6RawVecNtNtCsfejrYmz0RRV_9addr2line4line12LineSequenceE8grow_oneCslmA7avqN9yA_3std
0000000000000000 T _RNvMs3_NtCss0Uy6Ec3rh_5alloc7raw_vecINtB5_6RawVecNtNtCsfejrYmz0RRV_9addr2line4line7LineRowE8grow_oneCslmA7avqN9yA_3std
0000000000000000 T _RNvMs3_NtCss0Uy6Ec3rh_5alloc7raw_vecINtB5_6RawVecNtNtCsfejrYmz0RRV_9addr2line4unit9UnitRangeE8grow_oneCslmA7avqN9yA_3std
0000000000000000 T _RNvMs3_NtCss0Uy6Ec3rh_5alloc7raw_vecINtB5_6RawVecNtNtCsfejrYmz0RRV_9addr2line8function15FunctionAddressE8grow_oneCslmA7avqN9yA_3std
0000000000000000 T _RNvMs3_NtCss0Uy6Ec3rh_5alloc7raw_vecINtB5_6RawVecNtNtCsfejrYmz0RRV_9addr2line8function22InlinedFunctionAddressE8grow_oneCslmA7avqN9yA_3std
0000000000000000 T _RNvMs3_NtCss0Uy6Ec3rh_5alloc7raw_vecINtB5_6RawVecNtNtCslmA7avqN9yA_3std9backtrace14BacktraceFrameE8grow_oneBP_
0000000000000000 T _RNvMs3_NtCss0Uy6Ec3rh_5alloc7raw_vecINtB5_6RawVecNtNtCslmA7avqN9yA_3std9backtrace15BacktraceSymbolE8grow_oneBP_
0000000000000000 T _RNvMs3_NtCss0Uy6Ec3rh_5alloc7raw_vecINtB5_6RawVecNtNtNtCsiE8w2aTzPto_5gimli4read4line15FileEntryFormatE8grow_oneCslmA7avqN9yA_3std
0000000000000000 T _RNvMs3_NtCss0Uy6Ec3rh_5alloc7raw_vecINtB5_6RawVecNtNtNtCslmA7avqN9yA_3std3ffi6os_str8OsStringE8grow_oneBR_
0000000000000000 T _RNvMs3_NtCss0Uy6Ec3rh_5alloc7raw_vecINtB5_6RawVecNtNtNtNtCslmA7avqN9yA_3std12backtrace_rs9symbolize5gimli7LibraryE8grow_oneBT_
0000000000000000 T _RNvMs3_NtCss0Uy6Ec3rh_5alloc7raw_vecINtB5_6RawVecNtNtNtNtNtCslmA7avqN9yA_3std12backtrace_rs9symbolize5gimli19parse_running_mmaps9MapsEntryE8grow_oneBV_
0000000000000000 T _RNvMs3_NtCss0Uy6Ec3rh_5alloc7raw_vecINtB5_6RawVecNtNtNtNtNtCslmA7avqN9yA_3std12backtrace_rs9symbolize5gimli4mmap4MmapE8grow_oneBV_
0000000000000000 T _RNvMs3_NtCss0Uy6Ec3rh_5alloc7raw_vecINtB5_6RawVecPhE8grow_oneCslmA7avqN9yA_3std
0000000000000000 T _RNvMs3_NtCss0Uy6Ec3rh_5alloc7raw_vecINtB5_6RawVecRINtNtCsfejrYmz0RRV_9addr2line8function15InlinedFunctionINtNtNtCsiE8w2aTzPto_5gimli4read12endian_slice11EndianSliceNtNtB1M_9endianity12LittleEndianEEE8grow_oneCslmA7avqN9yA_3std
0000000000000000 T _RNvMs3_NtCss0Uy6Ec3rh_5alloc7raw_vecINtB5_6RawVecTNtNtCsiE8w2aTzPto_5gimli6common15DebugInfoOffsetNtBO_18DebugArangesOffsetEE8grow_oneCslmA7avqN9yA_3std
0000000000000000 T _RNvMs3_NtCss0Uy6Ec3rh_5alloc7raw_vecINtB5_6RawVecTNtNtNtCslmA7avqN9yA_3std3ffi6os_str8OsStringBM_EE8grow_oneBS_
0000000000000000 T _RNvMs3_NtCss0Uy6Ec3rh_5alloc7raw_vecINtB5_6RawVecTOhFUKCBM_EuENtNtCslmA7avqN9yA_3std5alloc6SystemE8grow_oneB12_
0000000000000000 T _RNvMs3_NtNtCslmA7avqN9yA_3std2io4pipeNtB5_10PipeWriter9try_clone
0000000000000000 T _RNvMs3_NtNtCslmA7avqN9yA_3std2io5errorNtB5_5Error4__new
0000000000000000 T _RNvMs5_NtCslmA7avqN9yA_3std4timeNtB5_10SystemTime11checked_add
0000000000000000 T _RNvMs5_NtCslmA7avqN9yA_3std4timeNtB5_10SystemTime11checked_sub
0000000000000000 T _RNvMs5_NtCslmA7avqN9yA_3std4timeNtB5_10SystemTime14duration_since
0000000000000000 T _RNvMs5_NtCslmA7avqN9yA_3std4timeNtB5_10SystemTime14saturating_add
0000000000000000 T _RNvMs5_NtCslmA7avqN9yA_3std4timeNtB5_10SystemTime14saturating_sub
0000000000000000 T _RNvMs5_NtCslmA7avqN9yA_3std4timeNtB5_10SystemTime25saturating_duration_since
0000000000000000 T _RNvMs5_NtCslmA7avqN9yA_3std4timeNtB5_10SystemTime3now
0000000000000000 T _RNvMs5_NtCslmA7avqN9yA_3std4timeNtB5_10SystemTime7elapsed
0000000000000000 T _RNvMs5_NtNtNtNtCslmA7avqN9yA_3std2os4unix3net9ancillaryNtB5_15SocketAncillary7add_fds
0000000000000000 T _RNvMs5_NtNtNtNtCslmA7avqN9yA_3std2os4unix3net9ancillaryNtB5_15SocketAncillary8messages
0000000000000000 T _RNvMs5_NtNtNtNtCslmA7avqN9yA_3std2os4unix3net9ancillaryNtB5_15SocketAncillary9add_creds
0000000000000000 T _RNvMs7_NtNtCslmA7avqN9yA_3std3net3tcpNtB5_11TcpListener10local_addr
0000000000000000 T _RNvMs7_NtNtCslmA7avqN9yA_3std3net3tcpNtB5_11TcpListener10take_error
0000000000000000 T _RNvMs7_NtNtCslmA7avqN9yA_3std3net3tcpNtB5_11TcpListener11set_only_v6
0000000000000000 T _RNvMs7_NtNtCslmA7avqN9yA_3std3net3tcpNtB5_11TcpListener15set_nonblocking
0000000000000000 T _RNvMs7_NtNtCslmA7avqN9yA_3std3net3tcpNtB5_11TcpListener3ttl
0000000000000000 T _RNvMs7_NtNtCslmA7avqN9yA_3std3net3tcpNtB5_11TcpListener6accept
0000000000000000 T _RNvMs7_NtNtCslmA7avqN9yA_3std3net3tcpNtB5_11TcpListener7only_v6
0000000000000000 T _RNvMs7_NtNtCslmA7avqN9yA_3std3net3tcpNtB5_11TcpListener7set_ttl
0000000000000000 T _RNvMs7_NtNtCslmA7avqN9yA_3std3net3tcpNtB5_11TcpListener9try_clone
0000000000000000 T _RNvMs8_NtCslmA7avqN9yA_3std2ioNtB5_7IoSlice8as_slice
0000000000000000 T _RNvMs8_NtCslmA7avqN9yA_3std4pathNtB5_10Components7as_path
0000000000000000 T _RNvMsA_NtCslmA7avqN9yA_3std2fsNtB5_8DirEntry4path
0000000000000000 T _RNvMsA_NtCslmA7avqN9yA_3std2fsNtB5_8DirEntry8metadata
0000000000000000 T _RNvMsA_NtCslmA7avqN9yA_3std2fsNtB5_8DirEntry9file_name
0000000000000000 T _RNvMsA_NtCslmA7avqN9yA_3std2fsNtB5_8DirEntry9file_type
0000000000000000 T _RNvMsD_NtCslmA7avqN9yA_3std2fsNtB5_10DirBuilder7__create
0000000000000000 T _RNvMsN_NtCslmA7avqN9yA_3std7processNtB5_15ExitStatusError12code_nonzero
0000000000000000 T _RNvMsN_NtCslmA7avqN9yA_3std7processNtB5_15ExitStatusError4code
0000000000000000 T _RNvMsS_NtCslmA7avqN9yA_3std7processNtB5_8ExitCode12exit_process
0000000000000000 T _RNvMsY_NtCslmA7avqN9yA_3std7processNtB5_5Child16wait_with_output
0000000000000000 T _RNvMsY_NtCslmA7avqN9yA_3std7processNtB5_5Child4kill
0000000000000000 T _RNvMsY_NtCslmA7avqN9yA_3std7processNtB5_5Child4wait
0000000000000000 T _RNvMsY_NtCslmA7avqN9yA_3std7processNtB5_5Child8try_wait
0000000000000000 T _RNvMs_NtNtCslmA7avqN9yA_3std12backtrace_rs9symbolizeNtB4_6Symbol12filename_raw
0000000000000000 T _RNvMs_NtNtCslmA7avqN9yA_3std12backtrace_rs9symbolizeNtB4_6Symbol4name
0000000000000000 T _RNvMs_NtNtCslmA7avqN9yA_3std6thread6threadNtB4_6Thread12park_timeout
0000000000000000 T _RNvMs_NtNtCslmA7avqN9yA_3std6thread6threadNtB4_6Thread3new
0000000000000000 T _RNvMs_NtNtCslmA7avqN9yA_3std6thread6threadNtB4_6Thread4name
0000000000000000 T _RNvMs_NtNtCslmA7avqN9yA_3std6thread6threadNtB4_6Thread4park
0000000000000000 T _RNvMs_NtNtCslmA7avqN9yA_3std6thread6threadNtB4_6Thread8from_raw
0000000000000000 T _RNvMs_NtNtCslmA7avqN9yA_3std6thread9spawnhookNtB4_15ChildSpawnHooks3run
0000000000000000 T _RNvMs_NtNtNtCslmA7avqN9yA_3std2io8buffered9bufwriterINtB4_9BufWriterNtNtB8_5stdio9StdoutRawE10write_coldBa_
0000000000000000 T _RNvMs_NtNtNtCslmA7avqN9yA_3std2io8buffered9bufwriterINtB4_9BufWriterNtNtB8_5stdio9StdoutRawE14write_all_coldBa_
0000000000000000 T _RNvMs_NtNtNtCslmA7avqN9yA_3std2os2fd5ownedNtB4_7OwnedFd9try_clone
0000000000000000 T _RNvMs_NtNtNtCslmA7avqN9yA_3std3sys7process3envNtB4_10CommandEnv3set
0000000000000000 T _RNvMs_NtNtNtCslmA7avqN9yA_3std3sys7process3envNtB4_10CommandEnv6remove
0000000000000000 T _RNvMs_NtNtNtNtCslmA7avqN9yA_3std2os4unix3net8listenerNtB4_12UnixListener10local_addr
0000000000000000 T _RNvMs_NtNtNtNtCslmA7avqN9yA_3std2os4unix3net8listenerNtB4_12UnixListener10take_error
0000000000000000 T _RNvMs_NtNtNtNtCslmA7avqN9yA_3std2os4unix3net8listenerNtB4_12UnixListener15set_nonblocking
0000000000000000 T _RNvMs_NtNtNtNtCslmA7avqN9yA_3std2os4unix3net8listenerNtB4_12UnixListener6accept
0000000000000000 T _RNvMs_NtNtNtNtCslmA7avqN9yA_3std2os4unix3net8listenerNtB4_12UnixListener9bind_addr
0000000000000000 T _RNvMs_NtNtNtNtCslmA7avqN9yA_3std2os4unix3net8listenerNtB4_12UnixListener9try_clone
0000000000000000 T _RNvMs_NtNtNtNtCslmA7avqN9yA_3std3sys7process4unix6commonNtB4_7Command3arg
0000000000000000 T _RNvMs_NtNtNtNtCslmA7avqN9yA_3std3sys7process4unix6commonNtB4_7Command3cwd
0000000000000000 T _RNvMs_NtNtNtNtCslmA7avqN9yA_3std3sys7process4unix6commonNtB4_7Command3new
0000000000000000 T _RNvMs_NtNtNtNtCslmA7avqN9yA_3std3sys7process4unix6commonNtB4_7Command5stdin
0000000000000000 T _RNvMs_NtNtNtNtCslmA7avqN9yA_3std3sys7process4unix6commonNtB4_7Command6chroot
0000000000000000 T _RNvMs_NtNtNtNtCslmA7avqN9yA_3std3sys7process4unix6commonNtB4_7Command6stderr
0000000000000000 T _RNvMs_NtNtNtNtCslmA7avqN9yA_3std3sys7process4unix6commonNtB4_7Command6stdout
0000000000000000 T _RNvMs_NtNtNtNtCslmA7avqN9yA_3std3sys7process4unix6commonNtB4_7Command8pre_exec
0000000000000000 T _RNvMs_NtNtNtNtCslmA7avqN9yA_3std3sys7process4unix6commonNtB4_7Command9set_arg_0
0000000000000000 T _RNvMsa_NtNtCslmA7avqN9yA_3std2io5stdioNtB5_6Stdout4lock
0000000000000000 T _RNvMsa_NtNtNtNtCslmA7avqN9yA_3std3sys3net10connection6socketNtB5_9UdpSocket7send_to
0000000000000000 T _RNvMsi_NtNtNtCslmA7avqN9yA_3std3sys2fs4unixNtB5_4File13read_vectored
0000000000000000 T _RNvMsi_NtNtNtCslmA7avqN9yA_3std3sys2fs4unixNtB5_4File4read
0000000000000000 T _RNvMsi_NtNtNtCslmA7avqN9yA_3std3sys2fs4unixNtB5_4File8read_buf
0000000000000000 T _RNvMsj_NtCslmA7avqN9yA_3std2fsNtB5_11OpenOptions5__open
0000000000000000 T _RNvMsk_NtCslmA7avqN9yA_3std7processNtB5_7Command11get_program
0000000000000000 T _RNvMsk_NtCslmA7avqN9yA_3std7processNtB5_7Command15get_current_dir
0000000000000000 T _RNvMsk_NtCslmA7avqN9yA_3std7processNtB5_7Command17get_resolved_envs
0000000000000000 T _RNvMsk_NtCslmA7avqN9yA_3std7processNtB5_7Command5spawn
0000000000000000 T _RNvMsk_NtCslmA7avqN9yA_3std7processNtB5_7Command6output
0000000000000000 T _RNvMsk_NtCslmA7avqN9yA_3std7processNtB5_7Command6status
0000000000000000 T _RNvMsk_NtCslmA7avqN9yA_3std7processNtB5_7Command8get_args
0000000000000000 T _RNvMsk_NtCslmA7avqN9yA_3std7processNtB5_7Command9env_clear
0000000000000000 T _RNvMsk_NtNtCslmA7avqN9yA_3std2io5stdioNtB5_6Stderr4lock
0000000000000000 T _RNvMsl_NtNtCslmA7avqN9yA_3std3ffi6os_strNtB5_5OsStr14into_os_string
0000000000000000 T _RNvMsl_NtNtCslmA7avqN9yA_3std3ffi6os_strNtB5_5OsStr16split_at_checked
0000000000000000 T _RNvMsl_NtNtCslmA7avqN9yA_3std3ffi6os_strNtB5_5OsStr18to_ascii_lowercase
0000000000000000 T _RNvMsl_NtNtCslmA7avqN9yA_3std3ffi6os_strNtB5_5OsStr18to_ascii_uppercase
0000000000000000 T _RNvMsl_NtNtCslmA7avqN9yA_3std3ffi6os_strNtB5_5OsStr8split_at
0000000000000000 T _RNvMsm_NtCslmA7avqN9yA_3std2fsNtB5_8Metadata7created
0000000000000000 T _RNvMsm_NtCslmA7avqN9yA_3std2fsNtB5_8Metadata8accessed
0000000000000000 T _RNvMsm_NtCslmA7avqN9yA_3std2fsNtB5_8Metadata8modified
0000000000000000 T _RNvMsn_NtCss0Uy6Ec3rh_5alloc4syncINtB5_3ArcINtNtNtCsiE8w2aTzPto_5gimli4read5dwarf5DwarfINtNtBK_12endian_slice11EndianSliceNtNtBM_9endianity12LittleEndianEEE9drop_slowCslmA7avqN9yA_3std
0000000000000000 T _RNvMsn_NtCss0Uy6Ec3rh_5alloc4syncINtB5_3ArcINtNtNtNtCslmA7avqN9yA_3std4sync6poison5mutex5MutexINtNtB7_3vec3VechEEE9drop_slowBO_
0000000000000000 T _RNvMsn_NtCss0Uy6Ec3rh_5alloc4syncINtB5_3ArcNtNtNtCsiE8w2aTzPto_5gimli4read6abbrev13AbbreviationsE9drop_slowCslmA7avqN9yA_3std
0000000000000000 T _RNvMsn_NtCss0Uy6Ec3rh_5alloc4syncINtB5_3ArcNtNtNtCslmA7avqN9yA_3std6thread6thread5InnerNtNtBL_5alloc6SystemE9drop_slowBL_
0000000000000000 T _RNvMsn_NtCss0Uy6Ec3rh_5alloc4syncINtB5_3ArcNtNtNtCslmA7avqN9yA_3std6thread9spawnhook9SpawnHookE9drop_slowBL_
0000000000000000 T _RNvMsn_NtCss0Uy6Ec3rh_5alloc4syncINtB5_3ArcNtNtNtNtCslmA7avqN9yA_3std3sys2fs4unix12InnerReadDirE9drop_slowBN_
0000000000000000 T _RNvMsr_NtCslmA7avqN9yA_3std4pathNtB5_7PathBuf11into_string
0000000000000000 T _RNvMsr_NtCslmA7avqN9yA_3std4pathNtB5_7PathBuf14__add_extension
0000000000000000 T _RNvMsr_NtCslmA7avqN9yA_3std4pathNtB5_7PathBuf14__set_extension
0000000000000000 T _RNvMsr_NtCslmA7avqN9yA_3std4pathNtB5_7PathBuf14__set_file_name
0000000000000000 T _RNvMsr_NtCslmA7avqN9yA_3std4pathNtB5_7PathBuf16pop_trailing_sep
0000000000000000 T _RNvMsr_NtCslmA7avqN9yA_3std4pathNtB5_7PathBuf16set_trailing_sep
0000000000000000 T _RNvMsr_NtCslmA7avqN9yA_3std4pathNtB5_7PathBuf17push_trailing_sep
0000000000000000 T _RNvMsr_NtCslmA7avqN9yA_3std4pathNtB5_7PathBuf3pop
0000000000000000 T _RNvMsr_NtCslmA7avqN9yA_3std4pathNtB5_7PathBuf5__push
0000000000000000 T _RNvMst_NtCslmA7avqN9yA_3std7processNtB5_6Output7exit_ok
0000000000000000 B _RNvNCNKNvNtNtCslmA7avqN9yA_3std6thread9spawnhook11SPAWN_HOOKS0023___RUST_STD_INTERNAL_VAL
0000000000000000 B _RNvNCNKNvNvMNtNtCslmA7avqN9yA_3std4hash6randomNtBa_11RandomState3new4KEYS0s_023___RUST_STD_INTERNAL_VAL
0000000000000000 B _RNvNCNKNvNvMNtNtNtCslmA7avqN9yA_3std4sync4mpmc7contextNtBa_7Context4with7CONTEXT0023___RUST_STD_INTERNAL_VAL
0000000000000000 D _RNvNCNKNvNvNtNtNtCslmA7avqN9yA_3std4sync4mpmc5waker17current_thread_id5DUMMY0s_023___RUST_STD_INTERNAL_VAL
0000000000000000 B _RNvNCNvNtNtCslmA7avqN9yA_3std6thread9lifecycle15spawn_unchecked03MIN
0000000000000000 T _RNvNtCslmA7avqN9yA_3std2rt19lang_start_internal
0000000000000000 T _RNvNtCslmA7avqN9yA_3std3env11current_dir
0000000000000000 T _RNvNtCslmA7avqN9yA_3std3env11current_exe
0000000000000000 T _RNvNtCslmA7avqN9yA_3std3env4__var
0000000000000000 T _RNvNtCslmA7avqN9yA_3std3env4args
0000000000000000 T _RNvNtCslmA7avqN9yA_3std3env4vars
0000000000000000 T _RNvNtCslmA7avqN9yA_3std3env7__var_os
0000000000000000 T _RNvNtCslmA7avqN9yA_3std3env7args_os
0000000000000000 T _RNvNtCslmA7avqN9yA_3std3env7vars_os
0000000000000000 T _RNvNtCslmA7avqN9yA_3std3env8home_dir
0000000000000000 T _RNvNtCslmA7avqN9yA_3std3env8temp_dir
0000000000000000 T _RNvNtCslmA7avqN9yA_3std4path18compare_components
0000000000000000 T _RNvNtCslmA7avqN9yA_3std5alloc20set_alloc_error_hook
0000000000000000 T _RNvNtCslmA7avqN9yA_3std5alloc24default_alloc_error_hook
0000000000000000 B _RNvNtCslmA7avqN9yA_3std5alloc4HOOK
0000000000000000 T _RNvNtCslmA7avqN9yA_3std5alloc8rust_oom
0000000000000000 T _RNvNtCslmA7avqN9yA_3std5panic13resume_unwind
0000000000000000 T _RNvNtCslmA7avqN9yA_3std5panic19get_backtrace_style
0000000000000000 T _RNvNtCslmA7avqN9yA_3std5panic19set_backtrace_style
0000000000000000 T _RNvNtCslmA7avqN9yA_3std7process2id
0000000000000000 T _RNvNtCslmA7avqN9yA_3std7process4exit
0000000000000000 T _RNvNtCslmA7avqN9yA_3std7process5abort
0000000000000000 D _RNvNtCslmA7avqN9yA_3std9panicking11EMPTY_PANIC
0000000000000000 T _RNvNtCslmA7avqN9yA_3std9panicking12default_hook
0000000000000000 T _RNvNtCslmA7avqN9yA_3std9panicking14payload_as_str
0000000000000000 T _RNvNtCslmA7avqN9yA_3std9panicking15panic_with_hook
0000000000000000 B _RNvNtCslmA7avqN9yA_3std9panicking4HOOK
0000000000000000 T _RNvNtCslmA7avqN9yA_3std9panicking8set_hook
0000000000000000 T _RNvNtCslmA7avqN9yA_3std9panicking9take_hook
0000000000000000 T _RNvNtNtCslmA7avqN9yA_3std2io5stdio18set_output_capture
0000000000000000 T _RNvNtNtCslmA7avqN9yA_3std2io5stdio22try_set_output_capture
0000000000000000 T _RNvNtNtCslmA7avqN9yA_3std2io5stdio23attempt_print_to_stderr
0000000000000000 T _RNvNtNtCslmA7avqN9yA_3std2io5stdio5stdin
0000000000000000 T _RNvNtNtCslmA7avqN9yA_3std2io5stdio6__print
0000000000000000 T _RNvNtNtCslmA7avqN9yA_3std2io5stdio6stdout
0000000000000000 T _RNvNtNtCslmA7avqN9yA_3std2io5stdio7__eprint
0000000000000000 T _RNvNtNtCslmA7avqN9yA_3std3net8hostname8hostname
0000000000000000 T _RNvNtNtCslmA7avqN9yA_3std3sys2fs10remove_dir
0000000000000000 T _RNvNtNtCslmA7avqN9yA_3std3sys2fs11remove_file
0000000000000000 T _RNvNtNtCslmA7avqN9yA_3std3sys2fs12canonicalize
0000000000000000 T _RNvNtNtCslmA7avqN9yA_3std3sys2fs14remove_dir_all
0000000000000000 T _RNvNtNtCslmA7avqN9yA_3std3sys2fs15set_permissions
0000000000000000 T _RNvNtNtCslmA7avqN9yA_3std3sys2fs16symlink_metadata
0000000000000000 T _RNvNtNtCslmA7avqN9yA_3std3sys2fs18set_times_nofollow
0000000000000000 T _RNvNtNtCslmA7avqN9yA_3std3sys2fs24set_permissions_nofollow
0000000000000000 T _RNvNtNtCslmA7avqN9yA_3std3sys2fs4copy
0000000000000000 T _RNvNtNtCslmA7avqN9yA_3std3sys2fs6exists
0000000000000000 T _RNvNtNtCslmA7avqN9yA_3std3sys2fs6rename
0000000000000000 T _RNvNtNtCslmA7avqN9yA_3std3sys2fs7symlink
0000000000000000 T _RNvNtNtCslmA7avqN9yA_3std3sys2fs8metadata
0000000000000000 T _RNvNtNtCslmA7avqN9yA_3std3sys2fs8read_dir
0000000000000000 T _RNvNtNtCslmA7avqN9yA_3std3sys2fs9hard_link
0000000000000000 T _RNvNtNtCslmA7avqN9yA_3std3sys2fs9read_link
0000000000000000 T _RNvNtNtCslmA7avqN9yA_3std3sys2fs9set_times
0000000000000000 T _RNvNtNtCslmA7avqN9yA_3std3sys5alloc16realloc_fallback
0000000000000000 T _RNvNtNtCslmA7avqN9yA_3std3sys9backtrace4lock
0000000000000000 T _RNvNtNtCslmA7avqN9yA_3std4sync9lazy_lock14panic_poisoned
0000000000000000 T _RNvNtNtCslmA7avqN9yA_3std6thread5local18panic_access_error
0000000000000000 T _RNvNtNtCslmA7avqN9yA_3std6thread7current18current_or_unnamed
0000000000000000 B _RNvNtNtCslmA7avqN9yA_3std6thread7current7CURRENT
0000000000000000 T _RNvNtNtCslmA7avqN9yA_3std6thread7current7current
0000000000000000 T _RNvNtNtCslmA7avqN9yA_3std6thread9functions11sleep_until
0000000000000000 T _RNvNtNtCslmA7avqN9yA_3std6thread9functions12park_timeout
0000000000000000 T _RNvNtNtCslmA7avqN9yA_3std6thread9functions15park_timeout_ms
0000000000000000 T _RNvNtNtCslmA7avqN9yA_3std6thread9functions21available_parallelism
0000000000000000 T _RNvNtNtCslmA7avqN9yA_3std6thread9functions4park
0000000000000000 T _RNvNtNtCslmA7avqN9yA_3std6thread9functions5sleep
0000000000000000 T _RNvNtNtCslmA7avqN9yA_3std6thread9functions8sleep_ms
0000000000000000 T _RNvNtNtCslmA7avqN9yA_3std6thread9functions9yield_now
0000000000000000 T _RNvNtNtCslmA7avqN9yA_3std6thread9spawnhook15run_spawn_hooks
0000000000000000 T _RNvNtNtCslmA7avqN9yA_3std9panicking11panic_count17is_zero_slow_path
0000000000000000 B _RNvNtNtCslmA7avqN9yA_3std9panicking11panic_count18GLOBAL_PANIC_COUNT
0000000000000000 T _RNvNtNtCslmA7avqN9yA_3std9panicking11panic_count19finished_panic_hook
0000000000000000 T _RNvNtNtCslmA7avqN9yA_3std9panicking11panic_count8decrease
0000000000000000 T _RNvNtNtCslmA7avqN9yA_3std9panicking11panic_count8increase
0000000000000000 T _RNvNtNtCslmA7avqN9yA_3std9panicking11panic_count9get_count
0000000000000000 T _RNvNtNtNtCslmA7avqN9yA_3std12backtrace_rs9symbolize5gimli7resolve
0000000000000000 T _RNvNtNtNtCslmA7avqN9yA_3std2os4unix2io16replace_stdio_fd
0000000000000000 T _RNvNtNtNtCslmA7avqN9yA_3std2os4unix7process9parent_id
0000000000000000 T _RNvNtNtNtCslmA7avqN9yA_3std3sys2fs4unix5chown
0000000000000000 T _RNvNtNtNtCslmA7avqN9yA_3std3sys2fs4unix6chroot
0000000000000000 T _RNvNtNtNtCslmA7avqN9yA_3std3sys2fs4unix6fchown
0000000000000000 T _RNvNtNtNtCslmA7avqN9yA_3std3sys2fs4unix6lchown
0000000000000000 T _RNvNtNtNtCslmA7avqN9yA_3std3sys2fs4unix6mkfifo
0000000000000000 T _RNvNtNtNtCslmA7avqN9yA_3std3sys3env4unix6setenv
0000000000000000 T _RNvNtNtNtCslmA7avqN9yA_3std3sys3env4unix8unsetenv
0000000000000000 T _RNvNtNtNtCslmA7avqN9yA_3std3sys4path4unix8absolute
0000000000000000 T _RNvNtNtNtCslmA7avqN9yA_3std3sys4pipe4unix4pipe
0000000000000000 T _RNvNtNtNtCslmA7avqN9yA_3std3sys5paths4unix5chdir
0000000000000000 T _RNvNtNtNtCslmA7avqN9yA_3std3sys6random5linux19hashmap_random_keys
0000000000000000 B _RNvNtNtNtCslmA7avqN9yA_3std6thread7current2id2ID
0000000000000000 T _RNvNtNtNtNtCslmA7avqN9yA_3std2os4unix3net4addr11sockaddr_un
0000000000000000 T _RNvNtNtNtNtCslmA7avqN9yA_3std2os4unix3net9ancillary31send_vectored_with_ancillary_to
0000000000000000 T _RNvNtNtNtNtCslmA7avqN9yA_3std3sys12thread_local11destructors10linux_like8register
0000000000000000 T _RNvNtNtNtNtCslmA7avqN9yA_3std3sys2io11kernel_copy5linux15sendfile_splice
0000000000000000 T _RNvNtNtNtNtCslmA7avqN9yA_3std3sys2io11kernel_copy5linux18copy_regular_files
0000000000000000 T _RNvNtNtNtNtCslmA7avqN9yA_3std3sys3pal4unix5futex10futex_wake
0000000000000000 T _RNvNtNtNtNtCslmA7avqN9yA_3std3sys3pal4unix5futex14futex_wake_all
0000000000000000 D _RNvNtNtNtNtCslmA7avqN9yA_3std3sys4args4unix3imp15ARGV_INIT_ARRAY
0000000000000000 T _RNvNvMs3_NtNtNtNtCslmA7avqN9yA_3std3sys3net10connection6socketNtB7_9TcpStream7connect5inner
0000000000000000 T _RNvNvMs7_NtNtNtCslmA7avqN9yA_3std3sys6os_str5bytesNtB7_5Slice25try_check_public_boundary9slow_path
0000000000000000 T _RNvNvMs7_NtNtNtNtCslmA7avqN9yA_3std3sys3net10connection6socketNtB7_11TcpListener4bind5inner
0000000000000000 T _RNvNvMsa_NtNtNtNtCslmA7avqN9yA_3std3sys3net10connection6socketNtB7_9UdpSocket4bind5inner
0000000000000000 T _RNvNvMsa_NtNtNtNtCslmA7avqN9yA_3std3sys3net10connection6socketNtB7_9UdpSocket7connect5inner
0000000000000000 T _RNvNvNtCslmA7avqN9yA_3std2fs14read_to_string5inner
0000000000000000 T _RNvNvNtCslmA7avqN9yA_3std2fs4read5inner
0000000000000000 T _RNvNvNtCslmA7avqN9yA_3std2fs5write5inner
0000000000000000 T _RNvNvNtCslmA7avqN9yA_3std9panicking12catch_unwind7cleanup
0000000000000000 B _RNvNvNtNtCslmA7avqN9yA_3std2io5stdio6stderr8INSTANCE
0000000000000000 T _RNvNvNtNtNtCslmA7avqN9yA_3std3sys5paths4unix11split_paths12into_pathbuf
0000000000000000 T _RNvNvNtNtNtNtCslmA7avqN9yA_3std3sys4args4unix3imp15ARGV_INIT_ARRAY12init_wrapper
0000000000000000 T _RNvXNtCslmA7avqN9yA_3std2ioNtB2_5GuardNtNtNtCsgBE78E5FtGs_4core3ops4drop4Drop4drop
0000000000000000 T _RNvXNtCslmA7avqN9yA_3std3envNtB2_4VarsNtNtNtNtCsgBE78E5FtGs_4core4iter6traits8iterator8Iterator4next
0000000000000000 T _RNvXNtCslmA7avqN9yA_3std3envNtB2_4VarsNtNtNtNtCsgBE78E5FtGs_4core4iter6traits8iterator8Iterator9size_hint
0000000000000000 T _RNvXNtCslmA7avqN9yA_3std6randomNtB2_19DefaultRandomSourceNtNtCsgBE78E5FtGs_4core6random12RandomSource10fill_bytes
0000000000000000 T _RNvXNtCslmA7avqN9yA_3std9backtraceNtB2_9BacktraceNtNtCsgBE78E5FtGs_4core3fmt5Debug3fmt
0000000000000000 T _RNvXNtNtCslmA7avqN9yA_3std2io5errorNtB2_5ErrorNtNtCsgBE78E5FtGs_4core3fmt5Debug3fmt
0000000000000000 T _RNvXNtNtCslmA7avqN9yA_3std2io5stdioNtB2_8StdinRawNtB4_4Read10read_exact
0000000000000000 T _RNvXNtNtCslmA7avqN9yA_3std2io5stdioNtB2_8StdinRawNtB4_4Read11read_to_end
0000000000000000 T _RNvXNtNtCslmA7avqN9yA_3std2io5stdioNtB2_8StdinRawNtB4_4Read13read_vectored
0000000000000000 T _RNvXNtNtCslmA7avqN9yA_3std2io5stdioNtB2_8StdinRawNtB4_4Read14read_buf_exact
0000000000000000 T _RNvXNtNtCslmA7avqN9yA_3std2io5stdioNtB2_8StdinRawNtB4_4Read14read_to_string
0000000000000000 T _RNvXNtNtCslmA7avqN9yA_3std2io5stdioNtB2_8StdinRawNtB4_4Read4read
0000000000000000 T _RNvXNtNtCslmA7avqN9yA_3std2io5stdioNtB2_8StdinRawNtB4_4Read8read_buf
0000000000000000 T _RNvXNtNtCslmA7avqN9yA_3std4sync9nonpoisonNtB2_10WouldBlockNtNtCsgBE78E5FtGs_4core3fmt5Debug3fmt
0000000000000000 T _RNvXNtNtCslmA7avqN9yA_3std6thread9functionsNtB2_10PanicGuardNtNtNtCsgBE78E5FtGs_4core3ops4drop4Drop4drop
0000000000000000 T _RNvXNtNtCslmA7avqN9yA_3std6thread9spawnhookNtB2_10SpawnHooksNtNtNtCsgBE78E5FtGs_4core3ops4drop4Drop4drop
0000000000000000 T _RNvXNtNtNtCslmA7avqN9yA_3std2os4unix2fsNtNtB8_2fs4FileNtB2_7FileExt11read_buf_at
0000000000000000 T _RNvXNtNtNtCslmA7avqN9yA_3std2os4unix2fsNtNtB8_2fs4FileNtB2_7FileExt16read_vectored_at
0000000000000000 T _RNvXNtNtNtCslmA7avqN9yA_3std2os4unix2fsNtNtB8_2fs4FileNtB2_7FileExt17write_vectored_at
0000000000000000 T _RNvXNtNtNtCslmA7avqN9yA_3std2os4unix2fsNtNtB8_2fs4FileNtB2_7FileExt7read_at
0000000000000000 T _RNvXNtNtNtCslmA7avqN9yA_3std2os4unix2fsNtNtB8_2fs4FileNtB2_7FileExt8write_at
0000000000000000 T _RNvXNtNtNtCslmA7avqN9yA_3std2os4unix2ioNtNtNtB8_2io5stdio6StdoutNtB2_8StdioExt7take_fd
0000000000000000 T _RNvXNtNtNtCslmA7avqN9yA_3std2os4unix7processNtNtB8_7process7CommandNtB2_10CommandExt4exec
0000000000000000 T _RNvXNtNtNtCslmA7avqN9yA_3std2os4unix7processNtNtB8_7process7CommandNtB2_10CommandExt6groups
0000000000000000 T _RNvXNtNtNtCslmA7avqN9yA_3std3sys5paths4unixNtB2_14JoinPathsErrorNtNtCsgBE78E5FtGs_4core3fmt7Display3fmt
0000000000000000 T _RNvXNtNtNtCslmA7avqN9yA_3std3sys7process3envNtB2_10CommandEnvNtNtCsgBE78E5FtGs_4core3fmt5Debug3fmt
0000000000000000 T _RNvXNtNtNtCslmA7avqN9yA_3std6thread6thread18thread_name_stringNtB2_16ThreadNameStringINtNtCsgBE78E5FtGs_4core7convert4FromNtNtCss0Uy6Ec3rh_5alloc6string6StringE4from
0000000000000000 T _RNvXNtNtNtNtCslmA7avqN9yA_3std2os3net9linux_ext6socketNtNtNtNtB8_4unix3net8datagram12UnixDatagramNtB2_13UnixSocketExt12set_passcred
0000000000000000 T _RNvXNtNtNtNtCslmA7avqN9yA_3std2os3net9linux_ext6socketNtNtNtNtB8_4unix3net8datagram12UnixDatagramNtB2_13UnixSocketExt8passcred
0000000000000000 T _RNvXNtNtNtNtCslmA7avqN9yA_3std2os4unix3net8listenerNtB2_12UnixListenerNtNtCsgBE78E5FtGs_4core3fmt5Debug3fmt
0000000000000000 T _RNvXNtNtNtNtCslmA7avqN9yA_3std3sys2fs4unix3cfmNtB2_18CachedFileMetadataNtNtBa_2io4Read11read_to_end
0000000000000000 T _RNvXNtNtNtNtCslmA7avqN9yA_3std3sys2fs4unix3cfmNtB2_18CachedFileMetadataNtNtBa_2io4Read13read_vectored
0000000000000000 T _RNvXNtNtNtNtCslmA7avqN9yA_3std3sys2fs4unix3cfmNtB2_18CachedFileMetadataNtNtBa_2io4Read14read_to_string
0000000000000000 T _RNvXNtNtNtNtCslmA7avqN9yA_3std3sys2fs4unix3cfmNtB2_18CachedFileMetadataNtNtBa_2io4Read4read
0000000000000000 T _RNvXNtNtNtNtCslmA7avqN9yA_3std3sys2fs4unix3cfmNtB2_18CachedFileMetadataNtNtBa_2io4Read8read_buf
0000000000000000 T _RNvXNtNtNtNtNtCslmA7avqN9yA_3std3sys3pal4unix14stack_overflow11thread_infoNtB2_12UnlockOnDropNtNtNtCsgBE78E5FtGs_4core3ops4drop4Drop4drop
0000000000000000 T _RNvXNtNtNtNtNtCslmA7avqN9yA_3std3sys7process4unix4unix15linux_child_extNtNtBc_7process5ChildNtNtNtNtBc_2os5linux7process8ChildExt10into_pidfd
0000000000000000 T _RNvXNtNtNtNtNtCslmA7avqN9yA_3std3sys7process4unix4unix15linux_child_extNtNtBc_7process5ChildNtNtNtNtBc_2os5linux7process8ChildExt5pidfd
0000000000000000 T _RNvXNvMNtNtCslmA7avqN9yA_3std3sys9backtraceNtB5_13BacktraceLock5printNtB2_16DisplayBacktraceNtNtCsgBE78E5FtGs_4core3fmt7Display3fmt
0000000000000000 T _RNvXNvMNtNtNtNtCslmA7avqN9yA_3std3sys7process4unix4unixNtNtB7_6common7Command11posix_spawnNtB2_21PosixSpawnFileActionsNtNtNtCsgBE78E5FtGs_4core3ops4drop4Drop4drop
0000000000000000 T _RNvXNvNtCslmA7avqN9yA_3std9panicking13resume_unwindNtB2_9RewrapBoxNtNtCsgBE78E5FtGs_4core5panic12PanicPayload8take_box
0000000000000000 T _RNvXNvXs7_NtCslmA7avqN9yA_3std4pathNtB8_10ComponentsNtNtCsgBE78E5FtGs_4core3fmt5Debug3fmtNtB2_11DebugHelperBO_3fmt
0000000000000000 T _RNvXNvXsb_NtCslmA7avqN9yA_3std4pathNtB8_4IterNtNtCsgBE78E5FtGs_4core3fmt5Debug3fmtNtB2_11DebugHelperBH_3fmt
0000000000000000 T _RNvXs0_NtCslmA7avqN9yA_3std2fsNtB5_12TryLockErrorNtNtCsgBE78E5FtGs_4core3fmt7Display3fmt
0000000000000000 T _RNvXs0_NtCslmA7avqN9yA_3std3envNtB5_6VarsOsNtNtNtNtCsgBE78E5FtGs_4core4iter6traits8iterator8Iterator4next
0000000000000000 T _RNvXs0_NtCslmA7avqN9yA_3std3envNtB5_6VarsOsNtNtNtNtCsgBE78E5FtGs_4core4iter6traits8iterator8Iterator9size_hint
0000000000000000 T _RNvXs0_NtCslmA7avqN9yA_3std4timeNtB5_7InstantINtNtNtCsgBE78E5FtGs_4core3ops5arith9AddAssignNtNtBO_4time8DurationE10add_assign
0000000000000000 T _RNvXs0_NtCslmA7avqN9yA_3std9backtraceNtB5_15BacktraceSymbolNtNtCsgBE78E5FtGs_4core3fmt5Debug3fmt
0000000000000000 T _RNvXs0_NtNtCslmA7avqN9yA_3std12backtrace_rs9symbolizeNtB5_6SymbolNtNtCsgBE78E5FtGs_4core3fmt5Debug3fmt
0000000000000000 T _RNvXs0_NtNtCslmA7avqN9yA_3std2io5errorNtB5_5ErrorINtNtCsgBE78E5FtGs_4core7convert4FromNtNtNtCss0Uy6Ec3rh_5alloc3ffi5c_str8NulErrorE4from
0000000000000000 T _RNvXs0_NtNtCslmA7avqN9yA_3std2io5stdioNtB5_9StderrRawNtB7_5Write14write_vectored
0000000000000000 T _RNvXs0_NtNtCslmA7avqN9yA_3std2io5stdioNtB5_9StderrRawNtB7_5Write18write_all_vectored
0000000000000000 T _RNvXs0_NtNtCslmA7avqN9yA_3std2io5stdioNtB5_9StderrRawNtB7_5Write5flush
0000000000000000 T _RNvXs0_NtNtCslmA7avqN9yA_3std2io5stdioNtB5_9StderrRawNtB7_5Write5write
0000000000000000 T _RNvXs0_NtNtCslmA7avqN9yA_3std2io5stdioNtB5_9StderrRawNtB7_5Write9write_all
0000000000000000 T _RNvXs0_NtNtCslmA7avqN9yA_3std2io5stdioNtB5_9StderrRawNtB7_5Write9write_fmt
0000000000000000 T _RNvXs0_NtNtCslmA7avqN9yA_3std3net3tcpNtB5_9TcpStreamNtNtB9_2io5Write14write_vectored
0000000000000000 T _RNvXs0_NtNtCslmA7avqN9yA_3std3net3tcpNtB5_9TcpStreamNtNtB9_2io5Write5write
0000000000000000 T _RNvXs0_NtNtCslmA7avqN9yA_3std6thread5localNtB5_11AccessErrorNtNtCsgBE78E5FtGs_4core3fmt7Display3fmt
0000000000000000 T _RNvXs0_NtNtCslmA7avqN9yA_3std6thread6threadNtB5_6ThreadNtNtCsgBE78E5FtGs_4core3fmt5Debug3fmt
0000000000000000 T _RNvXs0_NtNtNtCslmA7avqN9yA_3std2os4unix2ioNtNtNtBb_2io5stdio5StdinNtB5_8StdioExt7take_fd
0000000000000000 T _RNvXs0_NtNtNtCslmA7avqN9yA_3std2os4unix7processNtNtBb_7process15ExitStatusErrorNtB5_13ExitStatusExt8from_raw
0000000000000000 T _RNvXs0_NtNtNtCslmA7avqN9yA_3std3sys7process3envNtB5_11CommandEnvsNtNtNtNtCsgBE78E5FtGs_4core4iter6traits8iterator8Iterator4next
0000000000000000 T _RNvXs0_NtNtNtNtCslmA7avqN9yA_3std12backtrace_rs9symbolize5gimli4mmapNtB5_4MmapNtNtNtCsgBE78E5FtGs_4core3ops4drop4Drop4drop
0000000000000000 T _RNvXs0_NtNtNtNtCslmA7avqN9yA_3std2os4unix3net4addrNtB5_10SocketAddrNtNtNtNtBb_3net9linux_ext4addr13SocketAddrExt16as_abstract_name
0000000000000000 T _RNvXs0_NtNtNtNtCslmA7avqN9yA_3std3sys7process4unix4unixNtB5_10ExitStatusNtNtCsgBE78E5FtGs_4core3fmt5Debug3fmt
0000000000000000 T _RNvXs0_NtNtNtNtNtCslmA7avqN9yA_3std3sys7process4unix6common13cstring_arrayNtB5_12CStringArrayNtNtCsgBE78E5FtGs_4core3fmt5Debug3fmt
0000000000000000 T _RNvXs0_NvNtCslmA7avqN9yA_3std9panicking13panic_handlerNtB5_19FormatStringPayloadNtNtCsgBE78E5FtGs_4core3fmt7Display3fmt
0000000000000000 T _RNvXs19_NtCslmA7avqN9yA_3std4pathNtB6_4PathNtNtCsgBE78E5FtGs_4core3fmt5Debug3fmt
0000000000000000 T _RNvXs1_NtCslmA7avqN9yA_3std2ioNtB5_10IoSliceMutNtNtCsgBE78E5FtGs_4core3fmt5Debug3fmt
0000000000000000 T _RNvXs1_NtCslmA7avqN9yA_3std3envNtB5_6VarsOsNtNtCsgBE78E5FtGs_4core3fmt5Debug3fmt
0000000000000000 T _RNvXs1_NtCslmA7avqN9yA_3std4timeNtB5_7InstantINtNtNtCsgBE78E5FtGs_4core3ops5arith3SubNtNtBO_4time8DurationE3sub
0000000000000000 T _RNvXs1_NtCslmA7avqN9yA_3std7processNtB5_5ChildINtNtB7_3sys9IntoInnerNtNtNtNtBL_7process4unix4unix7ProcessE10into_inner
0000000000000000 T _RNvXs1_NtCslmA7avqN9yA_3std9backtraceNtB5_11BytesOrWideNtNtCsgBE78E5FtGs_4core3fmt5Debug3fmt
0000000000000000 T _RNvXs1_NtNtCslmA7avqN9yA_3std3net3tcpRNtB5_9TcpStreamNtNtB9_2io4Read13read_vectored
0000000000000000 T _RNvXs1_NtNtCslmA7avqN9yA_3std3net3tcpRNtB5_9TcpStreamNtNtB9_2io4Read4read
0000000000000000 T _RNvXs1_NtNtCslmA7avqN9yA_3std3net3tcpRNtB5_9TcpStreamNtNtB9_2io4Read8read_buf
0000000000000000 T _RNvXs1_NtNtCslmA7avqN9yA_3std4sync4onceNtB5_4OnceNtNtCsgBE78E5FtGs_4core3fmt5Debug3fmt
0000000000000000 T _RNvXs1_NtNtCslmA7avqN9yA_3std4sync7barrierNtB5_17BarrierWaitResultNtNtCsgBE78E5FtGs_4core3fmt5Debug3fmt
0000000000000000 T _RNvXs1_NtNtNtCslmA7avqN9yA_3std12backtrace_rs9backtrace9libunwindNtB5_5FrameNtNtCsgBE78E5FtGs_4core5clone5Clone5clone
0000000000000000 T _RNvXs1_NtNtNtCslmA7avqN9yA_3std2os4unix2ioNtNtNtBb_2io5stdio9StdinLockNtB5_8StdioExt7take_fd
0000000000000000 T _RNvXs1_NtNtNtCslmA7avqN9yA_3std2os4unix7processNtNtBb_7process5ChildNtB5_8ChildExt11send_signal
0000000000000000 T _RNvXs1_NtNtNtCslmA7avqN9yA_3std2os4unix7processNtNtBb_7process5ChildNtB5_8ChildExt18kill_process_group
0000000000000000 T _RNvXs1_NtNtNtCslmA7avqN9yA_3std2os4unix7processNtNtBb_7process5ChildNtB5_8ChildExt25send_process_group_signal
0000000000000000 T _RNvXs1_NtNtNtCslmA7avqN9yA_3std3sys4args6commonNtB5_4ArgsNtNtCsgBE78E5FtGs_4core3fmt5Debug3fmt
0000000000000000 T _RNvXs1_NtNtNtCslmA7avqN9yA_3std3sys5stdio4unixNtB5_6StdoutNtNtBb_2io5Write14write_vectored
0000000000000000 T _RNvXs1_NtNtNtCslmA7avqN9yA_3std3sys5stdio4unixNtB5_6StdoutNtNtBb_2io5Write5write
0000000000000000 T _RNvXs1_NtNtNtCslmA7avqN9yA_3std3sys6os_str5bytesNtB5_3BufNtNtCsgBE78E5FtGs_4core3fmt5Debug3fmt
0000000000000000 T _RNvXs1_NtNtNtCslmA7avqN9yA_3std3sys6thread4unixNtB5_6ThreadNtNtNtCsgBE78E5FtGs_4core3ops4drop4Drop4drop
0000000000000000 T _RNvXs1_NtNtNtNtCslmA7avqN9yA_3std2os4unix3net4addrNtB5_10SocketAddrNtNtCsgBE78E5FtGs_4core3fmt5Debug3fmt
0000000000000000 T _RNvXs1_NtNtNtNtCslmA7avqN9yA_3std2os4unix3net6streamNtB5_10UnixStreamNtNtBd_2io4Read13read_vectored
0000000000000000 T _RNvXs1_NtNtNtNtCslmA7avqN9yA_3std2os4unix3net6streamNtB5_10UnixStreamNtNtBd_2io4Read4read
0000000000000000 T _RNvXs1_NtNtNtNtCslmA7avqN9yA_3std2os4unix3net6streamNtB5_10UnixStreamNtNtBd_2io4Read8read_buf
0000000000000000 T _RNvXs1_NtNtNtNtCslmA7avqN9yA_3std2os4unix3net9ancillaryNtB5_9ScmRightsNtNtNtNtCsgBE78E5FtGs_4core4iter6traits8iterator8Iterator4next
0000000000000000 T _RNvXs1_NvNtCslmA7avqN9yA_3std9panicking13panic_handlerNtB5_16StaticStrPayloadNtNtCsgBE78E5FtGs_4core5panic12PanicPayload8take_box
0000000000000000 T _RNvXs1a_NtCslmA7avqN9yA_3std4pathNtB6_7DisplayNtNtCsgBE78E5FtGs_4core3fmt5Debug3fmt
0000000000000000 T _RNvXs1b_NtCslmA7avqN9yA_3std4pathNtB6_7DisplayNtNtCsgBE78E5FtGs_4core3fmt7Display3fmt
0000000000000000 T _RNvXs1u_NtCslmA7avqN9yA_3std4pathNtB6_16StripPrefixErrorNtNtCsgBE78E5FtGs_4core3fmt7Display3fmt
0000000000000000 T _RNvXs1w_NtCslmA7avqN9yA_3std4pathNtB6_14NormalizeErrorNtNtCsgBE78E5FtGs_4core3fmt7Display3fmt
0000000000000000 T _RNvXs2_NtCslmA7avqN9yA_3std3envNtB5_8VarErrorNtNtCsgBE78E5FtGs_4core3fmt7Display3fmt
0000000000000000 T _RNvXs2_NtCslmA7avqN9yA_3std4timeNtB5_7InstantINtNtNtCsgBE78E5FtGs_4core3ops5arith9SubAssignNtNtBO_4time8DurationE10sub_assign
0000000000000000 T _RNvXs2_NtCslmA7avqN9yA_3std7processNtB5_5ChildNtNtCsgBE78E5FtGs_4core3fmt5Debug3fmt
0000000000000000 T _RNvXs2_NtNtCslmA7avqN9yA_3std12backtrace_rs9symbolizeNtB5_10SymbolNameNtNtCsgBE78E5FtGs_4core3fmt7Display3fmt
0000000000000000 T _RNvXs2_NtNtCslmA7avqN9yA_3std2io5stdioNtB5_5StdinNtNtCsgBE78E5FtGs_4core3fmt5Debug3fmt
0000000000000000 T _RNvXs2_NtNtCslmA7avqN9yA_3std3net3tcpRNtB5_9TcpStreamNtNtB9_2io5Write14write_vectored
0000000000000000 T _RNvXs2_NtNtCslmA7avqN9yA_3std3net3tcpRNtB5_9TcpStreamNtNtB9_2io5Write5write
0000000000000000 T _RNvXs2_NtNtCslmA7avqN9yA_3std3net3udpNtB5_9UdpSocketNtNtCsgBE78E5FtGs_4core3fmt5Debug3fmt
0000000000000000 T _RNvXs2_NtNtCslmA7avqN9yA_3std6thread6scopedNtB5_5ScopeNtNtCsgBE78E5FtGs_4core3fmt5Debug3fmt
0000000000000000 T _RNvXs2_NtNtNtCslmA7avqN9yA_3std12backtrace_rs9backtrace9libunwindNtB5_4BombNtNtNtCsgBE78E5FtGs_4core3ops4drop4Drop4drop
0000000000000000 T _RNvXs2_NtNtNtCslmA7avqN9yA_3std2io8buffered9bufwriterNtB5_14WriterPanickedNtNtCsgBE78E5FtGs_4core3fmt7Display3fmt
0000000000000000 T _RNvXs2_NtNtNtCslmA7avqN9yA_3std2os4unix2ioNtNtNtBb_2io5stdio6StderrNtB5_8StdioExt7take_fd
0000000000000000 T _RNvXs2_NtNtNtCslmA7avqN9yA_3std3sys3env6commonNtB5_3EnvNtNtNtNtCsgBE78E5FtGs_4core4iter6traits8iterator8Iterator4next
0000000000000000 T _RNvXs2_NtNtNtCslmA7avqN9yA_3std3sys3env6commonNtB5_3EnvNtNtNtNtCsgBE78E5FtGs_4core4iter6traits8iterator8Iterator9size_hint
0000000000000000 T _RNvXs2_NtNtNtCslmA7avqN9yA_3std3sys4time4unixNtB5_7InstantNtNtCsgBE78E5FtGs_4core3fmt5Debug3fmt
0000000000000000 T _RNvXs2_NtNtNtCslmA7avqN9yA_3std3sys6os_str5bytesNtB5_3BufNtNtCsgBE78E5FtGs_4core3fmt7Display3fmt
0000000000000000 T _RNvXs2_NtNtNtNtCslmA7avqN9yA_3std2os4unix3net6streamRNtB5_10UnixStreamNtNtBd_2io4Read13read_vectored
0000000000000000 T _RNvXs2_NtNtNtNtCslmA7avqN9yA_3std2os4unix3net6streamRNtB5_10UnixStreamNtNtBd_2io4Read4read
0000000000000000 T _RNvXs2_NtNtNtNtCslmA7avqN9yA_3std2os4unix3net6streamRNtB5_10UnixStreamNtNtBd_2io4Read8read_buf
0000000000000000 T _RNvXs2_NtNtNtNtCslmA7avqN9yA_3std2os4unix3net9ancillaryNtB5_14ScmCredentialsNtNtNtNtCsgBE78E5FtGs_4core4iter6traits8iterator8Iterator4next
0000000000000000 T _RNvXs2_NtNtNtNtCslmA7avqN9yA_3std3sys2fs4unix3dirNtNtBd_2fs3DirNtNtNtNtBd_2os2fd3raw9FromRawFd11from_raw_fd
0000000000000000 T _RNvXs2_NtNtNtNtCslmA7avqN9yA_3std3sys3net10connection6socketNtB5_10LookupHostNtNtNtCsgBE78E5FtGs_4core3ops4drop4Drop4drop
0000000000000000 T _RNvXs2_NtNtNtNtNtCslmA7avqN9yA_3std3sys3net10connection6socket4unixNtB5_6SocketNtNtNtNtBf_2os2fd5owned4AsFd5as_fd
0000000000000000 T _RNvXs2_NtNtNtNtNtCslmA7avqN9yA_3std3sys3pal4unix5linux5pidfdNtB5_5PidFdNtNtNtNtBf_2os2fd3raw9FromRawFd11from_raw_fd
0000000000000000 T _RNvXs2_NvNtCslmA7avqN9yA_3std9panicking13panic_handlerNtB5_16StaticStrPayloadNtNtCsgBE78E5FtGs_4core3fmt7Display3fmt
0000000000000000 T _RNvXs3_NtCslmA7avqN9yA_3std4timeNtB5_7InstantNtNtNtCsgBE78E5FtGs_4core3ops5arith3Sub3sub
0000000000000000 T _RNvXs3_NtCslmA7avqN9yA_3std7processNtB5_10ChildStdinNtNtB7_2io5Write14write_vectored
0000000000000000 T _RNvXs3_NtCslmA7avqN9yA_3std7processNtB5_10ChildStdinNtNtB7_2io5Write5write
0000000000000000 T _RNvXs3_NtNtCslmA7avqN9yA_3std12backtrace_rs9symbolizeNtB5_10SymbolNameNtNtCsgBE78E5FtGs_4core3fmt5Debug3fmt
0000000000000000 T _RNvXs3_NtNtCslmA7avqN9yA_3std2io5stdioNtB5_5StdinNtB7_4Read10read_exact
0000000000000000 T _RNvXs3_NtNtCslmA7avqN9yA_3std2io5stdioNtB5_5StdinNtB7_4Read11read_to_end
0000000000000000 T _RNvXs3_NtNtCslmA7avqN9yA_3std2io5stdioNtB5_5StdinNtB7_4Read13read_vectored
0000000000000000 T _RNvXs3_NtNtCslmA7avqN9yA_3std2io5stdioNtB5_5StdinNtB7_4Read14read_buf_exact
0000000000000000 T _RNvXs3_NtNtCslmA7avqN9yA_3std2io5stdioNtB5_5StdinNtB7_4Read14read_to_string
0000000000000000 T _RNvXs3_NtNtCslmA7avqN9yA_3std2io5stdioNtB5_5StdinNtB7_4Read4read
0000000000000000 T _RNvXs3_NtNtCslmA7avqN9yA_3std2io5stdioNtB5_5StdinNtB7_4Read8read_buf
0000000000000000 T _RNvXs3_NtNtCslmA7avqN9yA_3std4sync4onceNtB5_9OnceStateNtNtCsgBE78E5FtGs_4core3fmt5Debug3fmt
0000000000000000 T _RNvXs3_NtNtNtCslmA7avqN9yA_3std2io8buffered9bufwriterNtB5_14WriterPanickedNtNtCsgBE78E5FtGs_4core3fmt5Debug3fmt
0000000000000000 T _RNvXs3_NtNtNtCslmA7avqN9yA_3std2os4unix2ioNtNtNtBb_2io5stdio10StderrLockNtB5_8StdioExt7take_fd
0000000000000000 T _RNvXs3_NtNtNtCslmA7avqN9yA_3std2os5linux7processNtB5_5PidFdNtNtNtB9_2fd3raw9FromRawFd11from_raw_fd
0000000000000000 T _RNvXs3_NtNtNtCslmA7avqN9yA_3std3sys2fd4unixNtB5_8FileDescNtNtNtNtBb_2os2fd5owned4AsFd5as_fd
0000000000000000 T _RNvXs3_NtNtNtCslmA7avqN9yA_3std3sys5stdio4unixNtB5_6StderrNtNtBb_2io5Write14write_vectored
0000000000000000 T _RNvXs3_NtNtNtCslmA7avqN9yA_3std3sys5stdio4unixNtB5_6StderrNtNtBb_2io5Write5write
0000000000000000 T _RNvXs3_NtNtNtCslmA7avqN9yA_3std3sys6os_str5bytesNtB5_5SliceNtNtCsgBE78E5FtGs_4core3fmt5Debug3fmt
0000000000000000 T _RNvXs3_NtNtNtCslmA7avqN9yA_3std3sys7process3envNtB5_19CommandResolvedEnvsNtNtNtNtCsgBE78E5FtGs_4core4iter6traits8iterator8Iterator4next
0000000000000000 T _RNvXs3_NtNtNtNtCslmA7avqN9yA_3std2os4unix3net6streamNtB5_10UnixStreamNtNtBd_2io5Write14write_vectored
0000000000000000 T _RNvXs3_NtNtNtNtCslmA7avqN9yA_3std2os4unix3net6streamNtB5_10UnixStreamNtNtBd_2io5Write5write
0000000000000000 T _RNvXs3_NtNtNtNtCslmA7avqN9yA_3std3sys2fs4unix3dirNtNtBd_2fs3DirNtNtNtNtBd_2os2fd5owned4AsFd5as_fd
0000000000000000 T _RNvXs3_NtNtNtNtCslmA7avqN9yA_3std3sys2io11kernel_copy5linuxNtNtBd_2fs4FileNtB5_8CopyRead10properties
0000000000000000 T _RNvXs3_NtNtNtNtCslmA7avqN9yA_3std3sys7process4unix4unixNtB5_10ExitStatusNtNtCsgBE78E5FtGs_4core3fmt7Display3fmt
0000000000000000 T _RNvXs3_NtNtNtNtNtCslmA7avqN9yA_3std3sys7process4unix6common13cstring_arrayNtB5_12CStringArrayNtNtNtCsgBE78E5FtGs_4core3ops4drop4Drop4drop
0000000000000000 T _RNvXs4_NtCslmA7avqN9yA_3std3envNtB5_10SplitPathsNtNtNtNtCsgBE78E5FtGs_4core4iter6traits8iterator8Iterator4next
0000000000000000 T _RNvXs4_NtCslmA7avqN9yA_3std4timeNtB5_7InstantNtNtCsgBE78E5FtGs_4core3fmt5Debug3fmt
0000000000000000 T _RNvXs4_NtCslmA7avqN9yA_3std7processRNtB5_10ChildStdinNtNtB7_2io5Write14write_vectored
0000000000000000 T _RNvXs4_NtCslmA7avqN9yA_3std7processRNtB5_10ChildStdinNtNtB7_2io5Write5write
0000000000000000 T _RNvXs4_NtCslmA7avqN9yA_3std9backtraceNtB5_9BacktraceNtNtCsgBE78E5FtGs_4core3fmt7Display3fmt
0000000000000000 T _RNvXs4_NtNtCslmA7avqN9yA_3std2io4copyINtNtCss0Uy6Ec3rh_5alloc3vec3VechENtB5_18BufferedWriterSpec11buffer_size
0000000000000000 T _RNvXs4_NtNtCslmA7avqN9yA_3std2io4pipeRNtB5_10PipeReaderNtB7_4Read11read_to_end
0000000000000000 T _RNvXs4_NtNtCslmA7avqN9yA_3std2io4pipeRNtB5_10PipeReaderNtB7_4Read13read_vectored
0000000000000000 T _RNvXs4_NtNtCslmA7avqN9yA_3std2io4pipeRNtB5_10PipeReaderNtB7_4Read4read
0000000000000000 T _RNvXs4_NtNtCslmA7avqN9yA_3std2io4pipeRNtB5_10PipeReaderNtB7_4Read8read_buf
0000000000000000 T _RNvXs4_NtNtCslmA7avqN9yA_3std2io5errorNtNtB5_14repr_bitpacked4ReprNtNtCsgBE78E5FtGs_4core3fmt5Debug3fmt
0000000000000000 T _RNvXs4_NtNtCslmA7avqN9yA_3std2io5stdioRNtB5_5StdinNtB7_4Read10read_exact
0000000000000000 T _RNvXs4_NtNtCslmA7avqN9yA_3std2io5stdioRNtB5_5StdinNtB7_4Read11read_to_end
0000000000000000 T _RNvXs4_NtNtCslmA7avqN9yA_3std2io5stdioRNtB5_5StdinNtB7_4Read13read_vectored
0000000000000000 T _RNvXs4_NtNtCslmA7avqN9yA_3std2io5stdioRNtB5_5StdinNtB7_4Read14read_buf_exact
0000000000000000 T _RNvXs4_NtNtCslmA7avqN9yA_3std2io5stdioRNtB5_5StdinNtB7_4Read14read_to_string
0000000000000000 T _RNvXs4_NtNtCslmA7avqN9yA_3std2io5stdioRNtB5_5StdinNtB7_4Read4read
0000000000000000 T _RNvXs4_NtNtCslmA7avqN9yA_3std2io5stdioRNtB5_5StdinNtB7_4Read8read_buf
0000000000000000 T _RNvXs4_NtNtCslmA7avqN9yA_3std3net11socket_addrTRetENtB5_13ToSocketAddrs15to_socket_addrs
0000000000000000 T _RNvXs4_NtNtCslmA7avqN9yA_3std4hash6randomNtB5_11RandomStateNtNtCsgBE78E5FtGs_4core3fmt5Debug3fmt
0000000000000000 T _RNvXs4_NtNtNtCslmA7avqN9yA_3std3sys6os_str5bytesNtB5_5SliceNtNtCsgBE78E5FtGs_4core3fmt7Display3fmt
0000000000000000 T _RNvXs4_NtNtNtNtCslmA7avqN9yA_3std2os4unix3net6streamRNtB5_10UnixStreamNtNtBd_2io5Write14write_vectored
0000000000000000 T _RNvXs4_NtNtNtNtCslmA7avqN9yA_3std2os4unix3net6streamRNtB5_10UnixStreamNtNtBd_2io5Write5write
0000000000000000 T _RNvXs4_NtNtNtNtCslmA7avqN9yA_3std2os4unix3net9ancillaryNtB5_8MessagesNtNtNtNtCsgBE78E5FtGs_4core4iter6traits8iterator8Iterator4next
0000000000000000 T _RNvXs4_NtNtNtNtCslmA7avqN9yA_3std3sys2io11kernel_copy5linuxRNtNtBd_2fs4FileNtB5_8CopyRead10properties
0000000000000000 T _RNvXs4_NtNtNtNtNtCslmA7avqN9yA_3std3sys7process4unix6common13cstring_arrayNtB5_11CStringIterNtNtNtNtCsgBE78E5FtGs_4core4iter6traits8iterator8Iterator4next
0000000000000000 T _RNvXs4_NtNtNtNtNtCslmA7avqN9yA_3std3sys7process4unix6common13cstring_arrayNtB5_11CStringIterNtNtNtNtCsgBE78E5FtGs_4core4iter6traits8iterator8Iterator9size_hint
0000000000000000 T _RNvXs5_NtCslmA7avqN9yA_3std3envNtB5_10SplitPathsNtNtCsgBE78E5FtGs_4core3fmt5Debug3fmt
0000000000000000 T _RNvXs5_NtNtCslmA7avqN9yA_3std2io4pipeNtB5_10PipeReaderNtB7_4Read11read_to_end
0000000000000000 T _RNvXs5_NtNtCslmA7avqN9yA_3std2io4pipeNtB5_10PipeReaderNtB7_4Read13read_vectored
0000000000000000 T _RNvXs5_NtNtCslmA7avqN9yA_3std2io4pipeNtB5_10PipeReaderNtB7_4Read4read
0000000000000000 T _RNvXs5_NtNtCslmA7avqN9yA_3std2io4pipeNtB5_10PipeReaderNtB7_4Read8read_buf
0000000000000000 T _RNvXs5_NtNtCslmA7avqN9yA_3std2io5errorNtB5_5ErrorNtNtCsgBE78E5FtGs_4core3fmt7Display3fmt
0000000000000000 T _RNvXs5_NtNtCslmA7avqN9yA_3std3net11socket_addrTNtNtCss0Uy6Ec3rh_5alloc6string6StringtENtB5_13ToSocketAddrs15to_socket_addrs
0000000000000000 T _RNvXs5_NtNtNtCslmA7avqN9yA_3std2os4unix2fsNtNtBb_2fs8DirEntryNtB5_12DirEntryExt213file_name_ref
0000000000000000 T _RNvXs5_NtNtNtCslmA7avqN9yA_3std2os5linux7processNtB5_5PidFdNtNtNtB9_2fd5owned4AsFd5as_fd
0000000000000000 T _RNvXs5_NtNtNtNtCslmA7avqN9yA_3std3sys2io11kernel_copy5linuxNtNtBd_2fs4FileNtB5_9CopyWrite10properties
0000000000000000 T _RNvXs5_NtNtNtNtCslmA7avqN9yA_3std3sys7process4unix4unixNtB5_15ExitStatusErrorNtNtCsgBE78E5FtGs_4core3fmt5Debug3fmt
0000000000000000 T _RNvXs5_NtNtNtNtNtCslmA7avqN9yA_3std3sys3net10connection6socket4unixNtB5_6SocketNtNtNtNtBf_2os2fd3raw9FromRawFd11from_raw_fd
0000000000000000 T _RNvXs5_NtNtNtNtNtCslmA7avqN9yA_3std3sys7process4unix6common13cstring_arrayNtB5_11CStringIterNtNtNtNtCsgBE78E5FtGs_4core4iter6traits10exact_size17ExactSizeIterator3len
0000000000000000 T _RNvXs6_NtCslmA7avqN9yA_3std2fsNtB5_4FileNtNtCsgBE78E5FtGs_4core3fmt5Debug3fmt
0000000000000000 T _RNvXs6_NtCslmA7avqN9yA_3std3envNtB5_14JoinPathsErrorNtNtCsgBE78E5FtGs_4core3fmt7Display3fmt
0000000000000000 T _RNvXs6_NtCslmA7avqN9yA_3std4timeNtB5_10SystemTimeINtNtNtCsgBE78E5FtGs_4core3ops5arith3AddNtNtBS_4time8DurationE3add
0000000000000000 T _RNvXs6_NtNtCslmA7avqN9yA_3std2io4pipeRNtB5_10PipeWriterNtB7_5Write14write_vectored
0000000000000000 T _RNvXs6_NtNtCslmA7avqN9yA_3std2io4pipeRNtB5_10PipeWriterNtB7_5Write5write
0000000000000000 T _RNvXs6_NtNtCslmA7avqN9yA_3std2io5errorNtB5_5ErrorNtNtCsgBE78E5FtGs_4core5error5Error5cause
0000000000000000 T _RNvXs6_NtNtCslmA7avqN9yA_3std2io5errorNtB5_5ErrorNtNtCsgBE78E5FtGs_4core5error5Error6source
0000000000000000 T _RNvXs6_NtNtCslmA7avqN9yA_3std2io5stdioNtB5_9StdinLockNtB7_4Read10read_exact
0000000000000000 T _RNvXs6_NtNtCslmA7avqN9yA_3std2io5stdioNtB5_9StdinLockNtB7_4Read11read_to_end
0000000000000000 T _RNvXs6_NtNtCslmA7avqN9yA_3std2io5stdioNtB5_9StdinLockNtB7_4Read13read_vectored
0000000000000000 T _RNvXs6_NtNtCslmA7avqN9yA_3std2io5stdioNtB5_9StdinLockNtB7_4Read14read_buf_exact
0000000000000000 T _RNvXs6_NtNtCslmA7avqN9yA_3std2io5stdioNtB5_9StdinLockNtB7_4Read14read_to_string
0000000000000000 T _RNvXs6_NtNtCslmA7avqN9yA_3std2io5stdioNtB5_9StdinLockNtB7_4Read4read
0000000000000000 T _RNvXs6_NtNtCslmA7avqN9yA_3std2io5stdioNtB5_9StdinLockNtB7_4Read8read_buf
0000000000000000 T _RNvXs6_NtNtCslmA7avqN9yA_3std3net11socket_addreNtB5_13ToSocketAddrs15to_socket_addrs
0000000000000000 T _RNvXs6_NtNtCslmA7avqN9yA_3std3net3tcpNtB5_9TcpStreamNtNtCsgBE78E5FtGs_4core3fmt5Debug3fmt
0000000000000000 T _RNvXs6_NtNtNtCslmA7avqN9yA_3std2os2fd5ownedNtB5_10BorrowedFdNtNtCsgBE78E5FtGs_4core3fmt5Debug3fmt
0000000000000000 T _RNvXs6_NtNtNtCslmA7avqN9yA_3std3sys2fd4unixNtB5_8FileDescNtNtNtNtBb_2os2fd3raw9FromRawFd11from_raw_fd
0000000000000000 T _RNvXs6_NtNtNtNtCslmA7avqN9yA_3std3sys2io11kernel_copy5linuxRNtNtBd_2fs4FileNtB5_9CopyWrite10properties
0000000000000000 T _RNvXs6_NtNtNtNtCslmA7avqN9yA_3std3sys3net10connection6socketNtB5_9TcpStreamNtNtCsgBE78E5FtGs_4core3fmt5Debug3fmt
0000000000000000 T _RNvXs6_NtNtNtNtCslmA7avqN9yA_3std3sys7process4unix6commonNtB5_7CommandNtNtCsgBE78E5FtGs_4core3fmt5Debug3fmt
0000000000000000 T _RNvXs7_NtCslmA7avqN9yA_3std2fsRNtB5_4FileNtNtB7_2io4Read11read_to_end
0000000000000000 T _RNvXs7_NtCslmA7avqN9yA_3std2fsRNtB5_4FileNtNtB7_2io4Read14read_to_string
0000000000000000 T _RNvXs7_NtCslmA7avqN9yA_3std2ioNtB5_7IoSliceNtNtCsgBE78E5FtGs_4core3fmt5Debug3fmt
0000000000000000 T _RNvXs7_NtCslmA7avqN9yA_3std4pathNtB5_10ComponentsNtNtCsgBE78E5FtGs_4core3fmt5Debug3fmt
0000000000000000 T _RNvXs7_NtCslmA7avqN9yA_3std4timeNtB5_10SystemTimeINtNtNtCsgBE78E5FtGs_4core3ops5arith9AddAssignNtNtBS_4time8DurationE10add_assign
0000000000000000 T _RNvXs7_NtNtCslmA7avqN9yA_3std2io4pipeNtB5_10PipeWriterNtB7_5Write14write_vectored
0000000000000000 T _RNvXs7_NtNtCslmA7avqN9yA_3std2io4pipeNtB5_10PipeWriterNtB7_5Write5write
0000000000000000 T _RNvXs7_NtNtNtCslmA7avqN9yA_3std2os2fd5ownedNtB5_7OwnedFdNtNtCsgBE78E5FtGs_4core3fmt5Debug3fmt
0000000000000000 T _RNvXs7_NtNtNtCslmA7avqN9yA_3std3sys2fs4unixNtB5_8FileTypeNtNtCsgBE78E5FtGs_4core3fmt5Debug3fmt
0000000000000000 T _RNvXs7_NtNtNtNtCslmA7avqN9yA_3std2os4unix3net8listenerNtB5_8IncomingNtNtNtNtCsgBE78E5FtGs_4core4iter6traits8iterator8Iterator4next
0000000000000000 T _RNvXs7_NtNtNtNtCslmA7avqN9yA_3std3sys7process4unix6commonNtB5_8ExitCodeNtNtCsgBE78E5FtGs_4core3fmt5Debug3fmt
0000000000000000 T _RNvXs8_NtCslmA7avqN9yA_3std2fsRNtB5_4FileNtNtB7_2io5Write14write_vectored
0000000000000000 T _RNvXs8_NtCslmA7avqN9yA_3std2fsRNtB5_4FileNtNtB7_2io5Write5write
0000000000000000 T _RNvXs8_NtCslmA7avqN9yA_3std4timeNtB5_10SystemTimeINtNtNtCsgBE78E5FtGs_4core3ops5arith3SubNtNtBS_4time8DurationE3sub
0000000000000000 T _RNvXs8_NtCslmA7avqN9yA_3std7processNtB5_10ChildStdinNtNtCsgBE78E5FtGs_4core3fmt5Debug3fmt
0000000000000000 T _RNvXs8_NtNtCslmA7avqN9yA_3std2io5stdioNtB5_9StdinLockNtB7_7BufRead10read_until
0000000000000000 T _RNvXs8_NtNtCslmA7avqN9yA_3std2io5stdioNtB5_9StdinLockNtB7_7BufRead7consume
0000000000000000 T _RNvXs8_NtNtCslmA7avqN9yA_3std2io5stdioNtB5_9StdinLockNtB7_7BufRead8fill_buf
0000000000000000 T _RNvXs8_NtNtCslmA7avqN9yA_3std2io5stdioNtB5_9StdinLockNtB7_7BufRead9read_line
0000000000000000 T _RNvXs8_NtNtCslmA7avqN9yA_3std3net3tcpNtB5_8IncomingNtNtNtNtCsgBE78E5FtGs_4core4iter6traits8iterator8Iterator4next
0000000000000000 T _RNvXs9_NtCslmA7avqN9yA_3std2fsRNtB5_4FileNtNtB7_2io4Seek10stream_len
0000000000000000 T _RNvXs9_NtCslmA7avqN9yA_3std2fsRNtB5_4FileNtNtB7_2io4Seek15stream_position
0000000000000000 T _RNvXs9_NtCslmA7avqN9yA_3std2fsRNtB5_4FileNtNtB7_2io4Seek4seek
0000000000000000 T _RNvXs9_NtCslmA7avqN9yA_3std4timeNtB5_10SystemTimeINtNtNtCsgBE78E5FtGs_4core3ops5arith9SubAssignNtNtBS_4time8DurationE10sub_assign
0000000000000000 T _RNvXs9_NtCslmA7avqN9yA_3std7processNtB5_11ChildStdoutNtNtB7_2io4Read11read_to_end
0000000000000000 T _RNvXs9_NtCslmA7avqN9yA_3std7processNtB5_11ChildStdoutNtNtB7_2io4Read13read_vectored
0000000000000000 T _RNvXs9_NtCslmA7avqN9yA_3std7processNtB5_11ChildStdoutNtNtB7_2io4Read4read
0000000000000000 T _RNvXs9_NtCslmA7avqN9yA_3std7processNtB5_11ChildStdoutNtNtB7_2io4Read8read_buf
0000000000000000 T _RNvXs9_NtNtCslmA7avqN9yA_3std2io5stdioNtB5_9StdinLockNtNtCsgBE78E5FtGs_4core3fmt5Debug3fmt
0000000000000000 T _RNvXs9_NtNtCslmA7avqN9yA_3std3ffi6os_strNtB5_8OsStringNtNtCsgBE78E5FtGs_4core3fmt5Debug3fmt
0000000000000000 T _RNvXs9_NtNtCslmA7avqN9yA_3std3net11socket_addrNtNtCss0Uy6Ec3rh_5alloc6string6StringNtB5_13ToSocketAddrs15to_socket_addrs
0000000000000000 T _RNvXs9_NtNtNtCslmA7avqN9yA_3std3sys2fs4unixNtB5_15FilePermissionsNtNtCsgBE78E5FtGs_4core3fmt5Debug3fmt
0000000000000000 T _RNvXs9_NtNtNtNtCslmA7avqN9yA_3std3sys3net10connection6socketNtB5_11TcpListenerNtNtCsgBE78E5FtGs_4core3fmt5Debug3fmt
0000000000000000 T _RNvXsA_NtNtNtCslmA7avqN9yA_3std2os2fd5ownedNtNtNtBb_2io4pipe10PipeWriterNtB5_4AsFd5as_fd
0000000000000000 T _RNvXsB_NtCslmA7avqN9yA_3std2fsNtB5_8DirEntryNtNtCsgBE78E5FtGs_4core3fmt5Debug3fmt
0000000000000000 T _RNvXsD_NtNtCslmA7avqN9yA_3std3ffi6os_strReINtNtCsgBE78E5FtGs_4core7convert7TryFromRNtB5_5OsStrE8try_from
0000000000000000 T _RNvXsG_NtCslmA7avqN9yA_3std4pathNtB5_7PathBufNtNtCsgBE78E5FtGs_4core3fmt5Debug3fmt
0000000000000000 T _RNvXsL_NtCslmA7avqN9yA_3std7processNtB5_10ExitStatusNtNtCsgBE78E5FtGs_4core3fmt7Display3fmt
0000000000000000 T _RNvXsO_NtNtCslmA7avqN9yA_3std3ffi6os_strNtB5_5OsStrNtNtCsgBE78E5FtGs_4core3fmt5Debug3fmt
0000000000000000 T _RNvXsP_NtCslmA7avqN9yA_3std7processNtB5_15ExitStatusErrorNtNtCsgBE78E5FtGs_4core3fmt7Display3fmt
0000000000000000 T _RNvXsP_NtNtCslmA7avqN9yA_3std3ffi6os_strNtB5_7DisplayNtNtCsgBE78E5FtGs_4core3fmt5Debug3fmt
0000000000000000 T _RNvXsQ_NtNtCslmA7avqN9yA_3std3ffi6os_strNtB5_7DisplayNtNtCsgBE78E5FtGs_4core3fmt7Display3fmt
0000000000000000 T _RNvXs_NtCslmA7avqN9yA_3std2fsNtB4_12TryLockErrorNtNtCsgBE78E5FtGs_4core3fmt5Debug3fmt
0000000000000000 T _RNvXs_NtCslmA7avqN9yA_3std3envNtB4_4VarsNtNtCsgBE78E5FtGs_4core3fmt5Debug3fmt
0000000000000000 T _RNvXs_NtCslmA7avqN9yA_3std4timeNtB4_7InstantINtNtNtCsgBE78E5FtGs_4core3ops5arith3AddNtNtBN_4time8DurationE3add
0000000000000000 T _RNvXs_NtCslmA7avqN9yA_3std5panicNtB4_13PanicHookInfoNtNtCsgBE78E5FtGs_4core3fmt7Display3fmt
0000000000000000 T _RNvXs_NtCslmA7avqN9yA_3std9backtraceNtB4_14BacktraceFrameNtNtCsgBE78E5FtGs_4core3fmt5Debug3fmt
0000000000000000 T _RNvXs_NtNtCslmA7avqN9yA_3std12backtrace_rs9backtraceNtB4_5FrameNtNtCsgBE78E5FtGs_4core3fmt5Debug3fmt
0000000000000000 T _RNvXs_NtNtCslmA7avqN9yA_3std2io5stdioNtB4_9StdoutRawNtB6_5Write14write_vectored
0000000000000000 T _RNvXs_NtNtCslmA7avqN9yA_3std2io5stdioNtB4_9StdoutRawNtB6_5Write18write_all_vectored
0000000000000000 T _RNvXs_NtNtCslmA7avqN9yA_3std2io5stdioNtB4_9StdoutRawNtB6_5Write5flush
0000000000000000 T _RNvXs_NtNtCslmA7avqN9yA_3std2io5stdioNtB4_9StdoutRawNtB6_5Write5write
0000000000000000 T _RNvXs_NtNtCslmA7avqN9yA_3std2io5stdioNtB4_9StdoutRawNtB6_5Write9write_all
0000000000000000 T _RNvXs_NtNtCslmA7avqN9yA_3std2io5stdioNtB4_9StdoutRawNtB6_5Write9write_fmt
0000000000000000 T _RNvXs_NtNtCslmA7avqN9yA_3std3net3tcpNtB4_9TcpStreamNtNtB8_2io4Read13read_vectored
0000000000000000 T _RNvXs_NtNtCslmA7avqN9yA_3std3net3tcpNtB4_9TcpStreamNtNtB8_2io4Read4read
0000000000000000 T _RNvXs_NtNtCslmA7avqN9yA_3std3net3tcpNtB4_9TcpStreamNtNtB8_2io4Read8read_buf
0000000000000000 T _RNvXs_NtNtCslmA7avqN9yA_3std4sync7barrierNtB4_7BarrierNtNtCsgBE78E5FtGs_4core3fmt5Debug3fmt
0000000000000000 T _RNvXs_NtNtCslmA7avqN9yA_3std4sync9nonpoisonNtB4_10WouldBlockNtNtCsgBE78E5FtGs_4core3fmt7Display3fmt
0000000000000000 T _RNvXs_NtNtCslmA7avqN9yA_3std6thread5localNtB4_11AccessErrorNtNtCsgBE78E5FtGs_4core3fmt5Debug3fmt
0000000000000000 T _RNvXs_NtNtNtCslmA7avqN9yA_3std2os4unix2ioNtNtNtBa_2io5stdio10StdoutLockNtB4_8StdioExt7take_fd
0000000000000000 T _RNvXs_NtNtNtCslmA7avqN9yA_3std3sys2fd4unixRNtB4_8FileDescNtNtBa_2io4Read13read_vectored
0000000000000000 T _RNvXs_NtNtNtCslmA7avqN9yA_3std3sys2fd4unixRNtB4_8FileDescNtNtBa_2io4Read4read
0000000000000000 T _RNvXs_NtNtNtCslmA7avqN9yA_3std3sys2fd4unixRNtB4_8FileDescNtNtBa_2io4Read8read_buf
0000000000000000 T _RNvXs_NtNtNtCslmA7avqN9yA_3std3sys2fs6commonNtB4_3DirNtNtCsgBE78E5FtGs_4core3fmt5Debug3fmt
0000000000000000 T _RNvXs_NtNtNtCslmA7avqN9yA_3std3sys3env6commonNtB4_3EnvNtNtCsgBE78E5FtGs_4core3fmt5Debug3fmt
0000000000000000 T _RNvXs_NtNtNtCslmA7avqN9yA_3std3sys4time4unixNtB4_10SystemTimeNtNtCsgBE78E5FtGs_4core3fmt5Debug3fmt
0000000000000000 T _RNvXs_NtNtNtCslmA7avqN9yA_3std3sys5stdio4unixNtB4_5StdinNtNtBa_2io4Read13read_vectored
0000000000000000 T _RNvXs_NtNtNtCslmA7avqN9yA_3std3sys5stdio4unixNtB4_5StdinNtNtBa_2io4Read4read
0000000000000000 T _RNvXs_NtNtNtCslmA7avqN9yA_3std3sys5stdio4unixNtB4_5StdinNtNtBa_2io4Read8read_buf
0000000000000000 T _RNvXs_NtNtNtCslmA7avqN9yA_3std3sys7helpers4wstrNtB4_9WStrUnitsNtNtNtNtCsgBE78E5FtGs_4core4iter6traits8iterator8Iterator4next
0000000000000000 T _RNvXs_NtNtNtCslmA7avqN9yA_3std4sync4mpmc4zeroNtB4_9ZeroTokenNtNtCsgBE78E5FtGs_4core3fmt5Debug3fmt
0000000000000000 T _RNvXs_NtNtNtCslmA7avqN9yA_3std4sync6poison7condvarNtB4_7CondvarNtNtCsgBE78E5FtGs_4core3fmt5Debug3fmt
0000000000000000 T _RNvXs_NtNtNtCslmA7avqN9yA_3std4sync9nonpoison7condvarNtB4_7CondvarNtNtCsgBE78E5FtGs_4core3fmt5Debug3fmt
0000000000000000 T _RNvXs_NtNtNtNtCslmA7avqN9yA_3std12backtrace_rs9symbolize5gimli19parse_running_mmapsNtB4_9MapsEntryNtNtNtCsgBE78E5FtGs_4core3str6traits7FromStr8from_str
0000000000000000 T _RNvXs_NtNtNtNtCslmA7avqN9yA_3std12backtrace_rs9symbolize5gimli4mmapNtB4_4MmapNtNtNtCsgBE78E5FtGs_4core3ops5deref5Deref5deref
0000000000000000 T _RNvXs_NtNtNtNtCslmA7avqN9yA_3std2os3net9linux_ext3tcpNtNtNtBc_3net3tcp9TcpStreamNtB4_12TcpStreamExt11deferaccept
0000000000000000 T _RNvXs_NtNtNtNtCslmA7avqN9yA_3std2os3net9linux_ext3tcpNtNtNtBc_3net3tcp9TcpStreamNtB4_12TcpStreamExt12set_quickack
0000000000000000 T _RNvXs_NtNtNtNtCslmA7avqN9yA_3std2os3net9linux_ext3tcpNtNtNtBc_3net3tcp9TcpStreamNtB4_12TcpStreamExt15set_deferaccept
0000000000000000 T _RNvXs_NtNtNtNtCslmA7avqN9yA_3std2os3net9linux_ext3tcpNtNtNtBc_3net3tcp9TcpStreamNtB4_12TcpStreamExt8quickack
0000000000000000 T _RNvXs_NtNtNtNtCslmA7avqN9yA_3std2os3net9linux_ext6socketNtNtNtNtBa_4unix3net6stream10UnixStreamNtB4_13UnixSocketExt12set_passcred
0000000000000000 T _RNvXs_NtNtNtNtCslmA7avqN9yA_3std2os3net9linux_ext6socketNtNtNtNtBa_4unix3net6stream10UnixStreamNtB4_13UnixSocketExt8passcred
0000000000000000 T _RNvXs_NtNtNtNtCslmA7avqN9yA_3std2os4unix3net6streamNtB4_10UnixStreamNtNtCsgBE78E5FtGs_4core3fmt5Debug3fmt
0000000000000000 T _RNvXs_NtNtNtNtCslmA7avqN9yA_3std2os4unix3net8datagramNtB4_12UnixDatagramNtNtCsgBE78E5FtGs_4core3fmt5Debug3fmt
0000000000000000 T _RNvXs_NtNtNtNtCslmA7avqN9yA_3std3sys2fs4unix3cfmNtB4_18CachedFileMetadataNtNtBc_2io5Write14write_vectored
0000000000000000 T _RNvXs_NtNtNtNtCslmA7avqN9yA_3std3sys2fs4unix3cfmNtB4_18CachedFileMetadataNtNtBc_2io5Write5write
0000000000000000 T _RNvXs_NtNtNtNtCslmA7avqN9yA_3std3sys2fs4unix3dirNtB4_3DirNtNtCsgBE78E5FtGs_4core3fmt5Debug3fmt
0000000000000000 T _RNvXs_NtNtNtNtCslmA7avqN9yA_3std3sys3net10connection6socketNtB4_10LookupHostNtNtNtNtCsgBE78E5FtGs_4core4iter6traits8iterator8Iterator4next
0000000000000000 T _RNvXs_NtNtNtNtCslmA7avqN9yA_3std3sys3pal4unix14stack_overflowNtB4_7HandlerNtNtNtCsgBE78E5FtGs_4core3ops4drop4Drop4drop
0000000000000000 T _RNvXs_NtNtNtNtCslmA7avqN9yA_3std3sys4sync4once5futexNtB4_15CompletionGuardNtNtNtCsgBE78E5FtGs_4core3ops4drop4Drop4drop
0000000000000000 T _RNvXs_NtNtNtNtNtCslmA7avqN9yA_3std3sys7process4unix6common13cstring_arrayNtB4_12CStringArrayINtNtNtCsgBE78E5FtGs_4core3ops5index5IndexjE5index
0000000000000000 T _RNvXs_NvMNtNtNtNtCslmA7avqN9yA_3std3sys7process4unix4unixNtNtB9_6common7Command11posix_spawnNtB4_14PosixSpawnattrNtNtNtCsgBE78E5FtGs_4core3ops4drop4Drop4drop
0000000000000000 T _RNvXs_NvMs_NtNtNtCslmA7avqN9yA_3std2io8buffered9bufwriterINtB9_9BufWriterpE9flush_bufNtB4_8BufGuardNtNtNtCsgBE78E5FtGs_4core3ops4drop4Drop4drop
0000000000000000 T _RNvXs_NvNtCslmA7avqN9yA_3std9panicking13panic_handlerNtB4_19FormatStringPayloadNtNtCsgBE78E5FtGs_4core5panic12PanicPayload3get
0000000000000000 T _RNvXs_NvNtCslmA7avqN9yA_3std9panicking13panic_handlerNtB4_19FormatStringPayloadNtNtCsgBE78E5FtGs_4core5panic12PanicPayload8take_box
0000000000000000 T _RNvXs_NvNtCslmA7avqN9yA_3std9panicking13resume_unwindNtB4_9RewrapBoxNtNtCsgBE78E5FtGs_4core3fmt7Display3fmt
0000000000000000 T _RNvXsa_NtCslmA7avqN9yA_3std2fsNtB5_4FileNtNtB7_2io4Read11read_to_end
0000000000000000 T _RNvXsa_NtCslmA7avqN9yA_3std2fsNtB5_4FileNtNtB7_2io4Read13read_vectored
0000000000000000 T _RNvXsa_NtCslmA7avqN9yA_3std2fsNtB5_4FileNtNtB7_2io4Read14read_to_string
0000000000000000 T _RNvXsa_NtCslmA7avqN9yA_3std2fsNtB5_4FileNtNtB7_2io4Read4read
0000000000000000 T _RNvXsa_NtCslmA7avqN9yA_3std2fsNtB5_4FileNtNtB7_2io4Read8read_buf
0000000000000000 T _RNvXsa_NtCslmA7avqN9yA_3std3envNtB5_4ArgsNtNtNtNtCsgBE78E5FtGs_4core4iter6traits8iterator8Iterator4next
0000000000000000 T _RNvXsa_NtCslmA7avqN9yA_3std4timeNtB5_10SystemTimeNtNtCsgBE78E5FtGs_4core3fmt5Debug3fmt
0000000000000000 T _RNvXsa_NtNtCslmA7avqN9yA_3std3net3tcpNtB5_12IntoIncomingNtNtNtNtCsgBE78E5FtGs_4core4iter6traits8iterator8Iterator4next
0000000000000000 T _RNvXsa_NtNtNtCslmA7avqN9yA_3std3sys2fs4unixNtB5_7ReadDirNtNtCsgBE78E5FtGs_4core3fmt5Debug3fmt
0000000000000000 T _RNvXsa_NtNtNtNtCslmA7avqN9yA_3std3sys7process4unix6commonNtB5_11CommandArgsNtNtNtNtCsgBE78E5FtGs_4core4iter6traits8iterator8Iterator4next
0000000000000000 T _RNvXsa_NtNtNtNtCslmA7avqN9yA_3std3sys7process4unix6commonNtB5_11CommandArgsNtNtNtNtCsgBE78E5FtGs_4core4iter6traits8iterator8Iterator9size_hint
0000000000000000 T _RNvXsb_NtCslmA7avqN9yA_3std2fsNtB5_4FileNtNtB7_2io5Write14write_vectored
0000000000000000 T _RNvXsb_NtCslmA7avqN9yA_3std2fsNtB5_4FileNtNtB7_2io5Write5write
0000000000000000 T _RNvXsb_NtCslmA7avqN9yA_3std4pathNtB5_4IterNtNtCsgBE78E5FtGs_4core3fmt5Debug3fmt
0000000000000000 T _RNvXsb_NtNtNtCslmA7avqN9yA_3std3sys2fs4unixNtB5_7ReadDirNtNtNtNtCsgBE78E5FtGs_4core4iter6traits8iterator8Iterator4next
0000000000000000 T _RNvXsb_NtNtNtNtCslmA7avqN9yA_3std3sys7process4unix6commonNtB5_11CommandArgsNtNtNtNtCsgBE78E5FtGs_4core4iter6traits10exact_size17ExactSizeIterator3len
0000000000000000 T _RNvXsc_NtCslmA7avqN9yA_3std2fsNtB5_4FileNtNtB7_2io4Seek10stream_len
0000000000000000 T _RNvXsc_NtCslmA7avqN9yA_3std2fsNtB5_4FileNtNtB7_2io4Seek15stream_position
0000000000000000 T _RNvXsc_NtCslmA7avqN9yA_3std2fsNtB5_4FileNtNtB7_2io4Seek4seek
0000000000000000 T _RNvXsc_NtCslmA7avqN9yA_3std3envNtB5_4ArgsNtNtNtNtCsgBE78E5FtGs_4core4iter6traits12double_ended19DoubleEndedIterator9next_back
0000000000000000 T _RNvXsc_NtNtNtCslmA7avqN9yA_3std3sys2fs4unixNtB5_9DirStreamNtNtNtCsgBE78E5FtGs_4core3ops4drop4Drop4drop
0000000000000000 T _RNvXsc_NtNtNtNtCslmA7avqN9yA_3std3sys3net10connection6socketNtB5_9UdpSocketNtNtCsgBE78E5FtGs_4core3fmt5Debug3fmt
0000000000000000 T _RNvXsc_NtNtNtNtCslmA7avqN9yA_3std3sys7process4unix6commonNtB5_11CommandArgsNtNtCsgBE78E5FtGs_4core3fmt5Debug3fmt
0000000000000000 T _RNvXsd_NtCslmA7avqN9yA_3std3envNtB5_4ArgsNtNtCsgBE78E5FtGs_4core3fmt5Debug3fmt
0000000000000000 T _RNvXsd_NtCslmA7avqN9yA_3std4timeNtB5_15SystemTimeErrorNtNtCsgBE78E5FtGs_4core3fmt7Display3fmt
0000000000000000 T _RNvXsd_NtCslmA7avqN9yA_3std7processNtB5_11ChildStdoutNtNtCsgBE78E5FtGs_4core3fmt5Debug3fmt
0000000000000000 T _RNvXsd_NtNtCslmA7avqN9yA_3std2io5stdioNtB5_6StdoutNtNtCsgBE78E5FtGs_4core3fmt5Debug3fmt
0000000000000000 T _RNvXse_NtCslmA7avqN9yA_3std7processNtB5_11ChildStderrNtNtB7_2io4Read11read_to_end
0000000000000000 T _RNvXse_NtCslmA7avqN9yA_3std7processNtB5_11ChildStderrNtNtB7_2io4Read13read_vectored
0000000000000000 T _RNvXse_NtCslmA7avqN9yA_3std7processNtB5_11ChildStderrNtNtB7_2io4Read4read
0000000000000000 T _RNvXse_NtCslmA7avqN9yA_3std7processNtB5_11ChildStderrNtNtB7_2io4Read8read_buf
0000000000000000 T _RNvXse_NtNtCslmA7avqN9yA_3std2io5stdioNtB5_6StdoutNtB7_5Write14write_vectored
0000000000000000 T _RNvXse_NtNtCslmA7avqN9yA_3std2io5stdioNtB5_6StdoutNtB7_5Write18write_all_vectored
0000000000000000 T _RNvXse_NtNtCslmA7avqN9yA_3std2io5stdioNtB5_6StdoutNtB7_5Write5flush
0000000000000000 T _RNvXse_NtNtCslmA7avqN9yA_3std2io5stdioNtB5_6StdoutNtB7_5Write5write
0000000000000000 T _RNvXse_NtNtCslmA7avqN9yA_3std2io5stdioNtB5_6StdoutNtB7_5Write9write_all
0000000000000000 T _RNvXse_NtNtCslmA7avqN9yA_3std2io5stdioNtB5_6StdoutNtB7_5Write9write_fmt
0000000000000000 T _RNvXsf_NtNtCslmA7avqN9yA_3std2io5stdioRNtB5_6StdoutNtB7_5Write14write_vectored
0000000000000000 T _RNvXsf_NtNtCslmA7avqN9yA_3std2io5stdioRNtB5_6StdoutNtB7_5Write18write_all_vectored
0000000000000000 T _RNvXsf_NtNtCslmA7avqN9yA_3std2io5stdioRNtB5_6StdoutNtB7_5Write5flush
0000000000000000 T _RNvXsf_NtNtCslmA7avqN9yA_3std2io5stdioRNtB5_6StdoutNtB7_5Write5write
0000000000000000 T _RNvXsf_NtNtCslmA7avqN9yA_3std2io5stdioRNtB5_6StdoutNtB7_5Write9write_all
0000000000000000 T _RNvXsf_NtNtCslmA7avqN9yA_3std2io5stdioRNtB5_6StdoutNtB7_5Write9write_fmt
0000000000000000 T _RNvXsf_NtNtCslmA7avqN9yA_3std3net3tcpNtB5_11TcpListenerNtNtCsgBE78E5FtGs_4core3fmt5Debug3fmt
0000000000000000 T _RNvXsf_NtNtNtCslmA7avqN9yA_3std2os2fd3rawNtNtNtBb_2io4pipe10PipeReaderNtB5_9FromRawFd11from_raw_fd
0000000000000000 T _RNvXsh_NtNtNtCslmA7avqN9yA_3std3sys2fs4unixNtB5_11OpenOptionsNtNtCsgBE78E5FtGs_4core3fmt5Debug3fmt
0000000000000000 T _RNvXsi_NtCslmA7avqN9yA_3std2fsNtB5_3DirNtNtCsgBE78E5FtGs_4core3fmt5Debug3fmt
0000000000000000 T _RNvXsi_NtCslmA7avqN9yA_3std4pathNtB5_10ComponentsNtNtNtNtCsgBE78E5FtGs_4core4iter6traits8iterator8Iterator4next
0000000000000000 T _RNvXsi_NtCslmA7avqN9yA_3std7processNtB5_11ChildStderrNtNtCsgBE78E5FtGs_4core3fmt5Debug3fmt
0000000000000000 T _RNvXsi_NtNtCslmA7avqN9yA_3std2io5stdioNtB5_10StdoutLockNtB7_5Write14write_vectored
0000000000000000 T _RNvXsi_NtNtCslmA7avqN9yA_3std2io5stdioNtB5_10StdoutLockNtB7_5Write18write_all_vectored
0000000000000000 T _RNvXsi_NtNtCslmA7avqN9yA_3std2io5stdioNtB5_10StdoutLockNtB7_5Write5flush
0000000000000000 T _RNvXsi_NtNtCslmA7avqN9yA_3std2io5stdioNtB5_10StdoutLockNtB7_5Write5write
0000000000000000 T _RNvXsi_NtNtCslmA7avqN9yA_3std2io5stdioNtB5_10StdoutLockNtB7_5Write9write_all
0000000000000000 T _RNvXsi_NtNtNtCslmA7avqN9yA_3std2os2fd3rawNtNtNtBb_2io4pipe10PipeWriterNtB5_9FromRawFd11from_raw_fd
0000000000000000 T _RNvXsj_NtCslmA7avqN9yA_3std3envNtB5_6ArgsOsNtNtCsgBE78E5FtGs_4core3fmt5Debug3fmt
0000000000000000 T _RNvXsj_NtCslmA7avqN9yA_3std4pathNtB5_10ComponentsNtNtNtNtCsgBE78E5FtGs_4core4iter6traits12double_ended19DoubleEndedIterator9next_back
0000000000000000 T _RNvXsj_NtNtCslmA7avqN9yA_3std2io5stdioNtB5_10StdoutLockNtNtCsgBE78E5FtGs_4core3fmt5Debug3fmt
0000000000000000 T _RNvXsk_NtNtCslmA7avqN9yA_3std3ffi6os_strNtB5_8OsStringNtNtCsgBE78E5FtGs_4core3fmt5Write9write_str
0000000000000000 T _RNvXsk_NtNtNtCslmA7avqN9yA_3std3sys2fs4unixNtB5_10DirBuilderNtNtCsgBE78E5FtGs_4core3fmt5Debug3fmt
0000000000000000 T _RNvXsl_NtCslmA7avqN9yA_3std7processNtB5_7CommandNtNtCsgBE78E5FtGs_4core3fmt5Debug3fmt
0000000000000000 T _RNvXsm_NtNtNtNtCslmA7avqN9yA_3std3sys2io11kernel_copy5linuxNtNtNtBd_2io5stdio9StdinLockNtB5_8CopyRead10properties
0000000000000000 T _RNvXsn_NtCslmA7avqN9yA_3std2fsNtB5_8MetadataNtNtCsgBE78E5FtGs_4core3fmt5Debug3fmt
0000000000000000 T _RNvXsn_NtNtCslmA7avqN9yA_3std2io5stdioNtB5_6StderrNtNtCsgBE78E5FtGs_4core3fmt5Debug3fmt
0000000000000000 T _RNvXsn_NtNtCslmA7avqN9yA_3std4sync4mpscNtB5_9RecvErrorNtNtCsgBE78E5FtGs_4core3fmt7Display3fmt
0000000000000000 T _RNvXsn_NtNtNtNtCslmA7avqN9yA_3std3sys2io11kernel_copy5linuxNtNtNtBd_2io5stdio10StdoutLockNtB5_9CopyWrite10properties
0000000000000000 T _RNvXso_NtCslmA7avqN9yA_3std7processNtB5_11CommandArgsNtNtNtNtCsgBE78E5FtGs_4core4iter6traits8iterator8Iterator4next
0000000000000000 T _RNvXso_NtCslmA7avqN9yA_3std7processNtB5_11CommandArgsNtNtNtNtCsgBE78E5FtGs_4core4iter6traits8iterator8Iterator9size_hint
0000000000000000 T _RNvXso_NtNtCslmA7avqN9yA_3std2io5stdioNtB5_6StderrNtB7_5Write14write_vectored
0000000000000000 T _RNvXso_NtNtCslmA7avqN9yA_3std2io5stdioNtB5_6StderrNtB7_5Write18write_all_vectored
0000000000000000 T _RNvXso_NtNtCslmA7avqN9yA_3std2io5stdioNtB5_6StderrNtB7_5Write5flush
0000000000000000 T _RNvXso_NtNtCslmA7avqN9yA_3std2io5stdioNtB5_6StderrNtB7_5Write5write
0000000000000000 T _RNvXso_NtNtCslmA7avqN9yA_3std2io5stdioNtB5_6StderrNtB7_5Write9write_all
0000000000000000 T _RNvXso_NtNtCslmA7avqN9yA_3std2io5stdioNtB5_6StderrNtB7_5Write9write_fmt
0000000000000000 T _RNvXso_NtNtNtNtCslmA7avqN9yA_3std3sys2io11kernel_copy5linuxNtNtNtBd_2io5stdio10StderrLockNtB5_9CopyWrite10properties
0000000000000000 T _RNvXsp_NtCslmA7avqN9yA_3std7processNtB5_11CommandArgsNtNtNtNtCsgBE78E5FtGs_4core4iter6traits10exact_size17ExactSizeIterator3len
0000000000000000 T _RNvXsp_NtNtCslmA7avqN9yA_3std2io5stdioRNtB5_6StderrNtB7_5Write14write_vectored
0000000000000000 T _RNvXsp_NtNtCslmA7avqN9yA_3std2io5stdioRNtB5_6StderrNtB7_5Write18write_all_vectored
0000000000000000 T _RNvXsp_NtNtCslmA7avqN9yA_3std2io5stdioRNtB5_6StderrNtB7_5Write5flush
0000000000000000 T _RNvXsp_NtNtCslmA7avqN9yA_3std2io5stdioRNtB5_6StderrNtB7_5Write5write
0000000000000000 T _RNvXsp_NtNtCslmA7avqN9yA_3std2io5stdioRNtB5_6StderrNtB7_5Write9write_all
0000000000000000 T _RNvXsp_NtNtCslmA7avqN9yA_3std2io5stdioRNtB5_6StderrNtB7_5Write9write_fmt
0000000000000000 T _RNvXsp_NtNtCslmA7avqN9yA_3std4sync4mpscNtB5_12TryRecvErrorNtNtCsgBE78E5FtGs_4core3fmt7Display3fmt
0000000000000000 T _RNvXsq_NtCslmA7avqN9yA_3std7processNtB5_11CommandEnvsNtNtNtNtCsgBE78E5FtGs_4core4iter6traits8iterator8Iterator4next
0000000000000000 T _RNvXss_NtCslmA7avqN9yA_3std7processNtB5_11CommandEnvsNtNtCsgBE78E5FtGs_4core3fmt5Debug3fmt
0000000000000000 T _RNvXss_NtNtCslmA7avqN9yA_3std2io5stdioNtB5_10StderrLockNtB7_5Write14write_vectored
0000000000000000 T _RNvXss_NtNtCslmA7avqN9yA_3std2io5stdioNtB5_10StderrLockNtB7_5Write18write_all_vectored
0000000000000000 T _RNvXss_NtNtCslmA7avqN9yA_3std2io5stdioNtB5_10StderrLockNtB7_5Write5flush
0000000000000000 T _RNvXss_NtNtCslmA7avqN9yA_3std2io5stdioNtB5_10StderrLockNtB7_5Write5write
0000000000000000 T _RNvXss_NtNtCslmA7avqN9yA_3std2io5stdioNtB5_10StderrLockNtB7_5Write9write_all
0000000000000000 T _RNvXss_NtNtCslmA7avqN9yA_3std4sync4mpscNtB5_16RecvTimeoutErrorNtNtCsgBE78E5FtGs_4core3fmt7Display3fmt
0000000000000000 T _RNvXss_NtNtNtCslmA7avqN9yA_3std3sys2fs4unixNtB5_4FileNtNtNtNtBb_2os2fd3raw9FromRawFd11from_raw_fd
0000000000000000 T _RNvXst_NtCslmA7avqN9yA_3std4pathINtNtCss0Uy6Ec3rh_5alloc5boxed3BoxNtB5_4PathEINtNtCsgBE78E5FtGs_4core7convert4FromRB12_E4from
0000000000000000 T _RNvXst_NtNtCslmA7avqN9yA_3std2io5stdioNtB5_10StderrLockNtNtCsgBE78E5FtGs_4core3fmt5Debug3fmt
0000000000000000 T _RNvXst_NtNtNtCslmA7avqN9yA_3std3sys2fs4unixNtB5_4FileNtNtCsgBE78E5FtGs_4core3fmt5Debug3fmt
0000000000000000 T _RNvXsu_NtCslmA7avqN9yA_3std4pathINtNtCss0Uy6Ec3rh_5alloc5boxed3BoxNtB5_4PathEINtNtCsgBE78E5FtGs_4core7convert4FromQB12_E4from
0000000000000000 T _RNvXsu_NtCslmA7avqN9yA_3std7processNtB5_6OutputNtNtCsgBE78E5FtGs_4core3fmt5Debug3fmt
0000000000000000 T _RNvXsu_NtNtNtCslmA7avqN9yA_3std3sys2fs4unixNtB5_4ModeNtNtCsgBE78E5FtGs_4core3fmt5Debug3fmt
0000000000000000 T _RNvXsv_NtCslmA7avqN9yA_3std2fsNtB5_8FileTypeNtNtCsgBE78E5FtGs_4core3fmt5Debug3fmt
0000000000000000 T _RNvXsx_NtCslmA7avqN9yA_3std7processNtB5_5StdioNtNtCsgBE78E5FtGs_4core3fmt5Debug3fmt
0000000000000000 T _RNvXsy_NtNtNtCslmA7avqN9yA_3std2os2fd5ownedNtNtNtBb_2io4pipe10PipeReaderNtB5_4AsFd5as_fd
0000000000000000 T _RNvXsz_NtCslmA7avqN9yA_3std2fsNtB5_7ReadDirNtNtNtNtCsgBE78E5FtGs_4core4iter6traits8iterator8Iterator4next
0000000000000000 T rust_eh_personality

panic_unwind-e49879877ac85503.panic_unwind.49cf53e325191531-cgu.0.rcgu.o:
0000000000000000 V DW.ref.rust_eh_personality
0000000000000000 T _RNvCs9wFQrvczXsK_7___rustc18___rust_start_panic
0000000000000000 T _RNvCs9wFQrvczXsK_7___rustc20___rust_panic_cleanup

object-3f099d1e181ab957.object.db1ff98435154532-cgu.0.rcgu.o:
0000000000000000 V DW.ref.rust_eh_personality
0000000000000000 T _RNvMNtNtNtCsiOoAWikcXO8_6object4read2pe10relocationNtB2_23RelocationBlockIterator4next
0000000000000000 T _RNvMNtNtNtCsiOoAWikcXO8_6object4read2pe14data_directoryNtB2_15DataDirectories3get
0000000000000000 T _RNvMNtNtNtCsiOoAWikcXO8_6object4read2pe14data_directoryNtB2_15DataDirectories5parse
0000000000000000 T _RNvMNtNtNtCsiOoAWikcXO8_6object4read2pe6importNtB2_11ImportTable4name
0000000000000000 T _RNvMNtNtNtCsiOoAWikcXO8_6object4read2pe6importNtB2_11ImportTable9hint_name
0000000000000000 T _RNvMNtNtNtCsiOoAWikcXO8_6object4read2pe8resourceNtB2_17ResourceDirectory4root
0000000000000000 T _RNvMNtNtNtCsiOoAWikcXO8_6object4read3elf10relocationNtB2_18RelocationSections3get
0000000000000000 T _RNvMs0_NtNtNtCsiOoAWikcXO8_6object4read2pe8resourceNtNtBb_2pe27ImageResourceDirectoryEntry4data
0000000000000000 T _RNvMs1_NtNtNtCsiOoAWikcXO8_6object4read2pe6exportNtB5_11ExportTable14forward_string
0000000000000000 T _RNvMs1_NtNtNtCsiOoAWikcXO8_6object4read2pe6exportNtB5_11ExportTable15parse_directory
0000000000000000 T _RNvMs1_NtNtNtCsiOoAWikcXO8_6object4read2pe6exportNtB5_11ExportTable15target_by_index
0000000000000000 T _RNvMs1_NtNtNtCsiOoAWikcXO8_6object4read2pe6exportNtB5_11ExportTable17name_from_pointer
0000000000000000 T _RNvMs1_NtNtNtCsiOoAWikcXO8_6object4read2pe6exportNtB5_11ExportTable17target_by_ordinal
0000000000000000 T _RNvMs1_NtNtNtCsiOoAWikcXO8_6object4read2pe6exportNtB5_11ExportTable18address_by_ordinal
0000000000000000 T _RNvMs1_NtNtNtCsiOoAWikcXO8_6object4read2pe6exportNtB5_11ExportTable19target_from_address
0000000000000000 T _RNvMs1_NtNtNtCsiOoAWikcXO8_6object4read2pe6exportNtB5_11ExportTable5parse
0000000000000000 T _RNvMs1_NtNtNtCsiOoAWikcXO8_6object4read2pe6exportNtB5_11ExportTable7exports
0000000000000000 T _RNvMs1_NtNtNtCsiOoAWikcXO8_6object4read2pe6exportNtB5_11ExportTable9name_iter
0000000000000000 T _RNvMs2_NtNtNtCsiOoAWikcXO8_6object4read2pe8resourceNtB5_12ResourceName15to_string_lossy
0000000000000000 T _RNvMs2_NtNtNtCsiOoAWikcXO8_6object4read2pe8resourceNtB5_12ResourceName4data
0000000000000000 T _RNvMs2_NtNtNtCsiOoAWikcXO8_6object4read2pe8resourceNtB5_12ResourceName8raw_data
0000000000000000 T _RNvMs3_NtCss0Uy6Ec3rh_5alloc7raw_vecINtB5_6RawVecNtNtNtNtCsiOoAWikcXO8_6object4read2pe6export6ExportE8grow_oneBT_
0000000000000000 T _RNvMs4_NtNtNtCsiOoAWikcXO8_6object4read2pe6importNtB5_20DelayLoadImportTable4name
0000000000000000 T _RNvMs4_NtNtNtCsiOoAWikcXO8_6object4read2pe6importNtB5_20DelayLoadImportTable9hint_name
0000000000000000 T _RNvMs5_NtNtNtCsiOoAWikcXO8_6object4read2pe6importNtB5_27DelayLoadDescriptorIterator4next
0000000000000000 T _RNvMs5_NtNtNtCsiOoAWikcXO8_6object4read3elf10attributesNtB5_22AttributeIndexIterator4next
0000000000000000 T _RNvMs6_NtNtNtCsiOoAWikcXO8_6object4read2pe7sectionNtNtNtB9_4coff7section12SectionTable16pe_file_range_at
0000000000000000 T _RNvMs6_NtNtNtCsiOoAWikcXO8_6object4read2pe7sectionNtNtNtB9_4coff7section12SectionTable18section_containing
0000000000000000 T _RNvMs7_NtNtNtCsiOoAWikcXO8_6object4read2pe7sectionNtNtBb_2pe18ImageSectionHeader13pe_file_range
0000000000000000 T _RNvMs7_NtNtNtCsiOoAWikcXO8_6object4read2pe7sectionNtNtBb_2pe18ImageSectionHeader16pe_file_range_at
0000000000000000 T _RNvMs7_NtNtNtCsiOoAWikcXO8_6object4read3elf10attributesNtB5_15AttributeReader11read_string
0000000000000000 T _RNvMs7_NtNtNtCsiOoAWikcXO8_6object4read3elf10attributesNtB5_15AttributeReader12read_integer
0000000000000000 T _RNvMs7_NtNtNtCsiOoAWikcXO8_6object4read3elf10attributesNtB5_15AttributeReader8read_tag
0000000000000000 T _RNvMs8_NtNtNtCsiOoAWikcXO8_6object4read4coff7sectionNtNtBb_2pe18ImageSectionHeader11name_offset
0000000000000000 T _RNvMs8_NtNtNtCsiOoAWikcXO8_6object4read4coff7sectionNtNtBb_2pe18ImageSectionHeader8raw_name
0000000000000000 T _RNvMs_NtNtCsiOoAWikcXO8_6object4read4utilNtB4_5Bytes12read_sleb128
0000000000000000 T _RNvMs_NtNtCsiOoAWikcXO8_6object4read4utilNtB4_5Bytes12read_uleb128
0000000000000000 T _RNvMs_NtNtNtCsiOoAWikcXO8_6object4read2pe14data_directoryNtNtBa_2pe18ImageDataDirectory10file_range
0000000000000000 T _RNvMs_NtNtNtCsiOoAWikcXO8_6object4read2pe6importNtB4_24ImportDescriptorIterator4next
0000000000000000 T _RNvMsa_NtCsiOoAWikcXO8_6object4readNtB5_9ObjectMap3get
0000000000000000 T _RNvMse_NtNtNtCsiOoAWikcXO8_6object4read3elf10relocationNtB5_12CrelIterator3new
0000000000000000 T _RNvMsi_NtCsiOoAWikcXO8_6object4readNtB5_13RelocationMap8relocate
0000000000000000 T _RNvNtNtCsiOoAWikcXO8_6object4read7archive16parse_u64_digits
0000000000000000 T _RNvNtNtCsiOoAWikcXO8_6object4read7archive24parse_sysv_extended_name
0000000000000000 T _RNvNvMNtNtNtCsiOoAWikcXO8_6object4read4coff6importNtB4_10ImportFile5parse12strip_prefix
0000000000000000 T _RNvXNtNtCsiOoAWikcXO8_6object4read4utilNtB2_5BytesNtNtCsgBE78E5FtGs_4core3fmt5Debug3fmt
0000000000000000 T _RNvXNtNtCsiOoAWikcXO8_6object4read8read_refRShNtB2_7ReadRef19read_bytes_at_until
0000000000000000 T _RNvXs0_NtNtCsiOoAWikcXO8_6object4read4utilNtB5_9DebugByteNtNtCsgBE78E5FtGs_4core3fmt5Debug3fmt
0000000000000000 T _RNvXs0_NtNtNtCsiOoAWikcXO8_6object4read2pe6exportNtB5_12ExportTargetNtNtCsgBE78E5FtGs_4core3fmt5Debug3fmt
0000000000000000 T _RNvXs0_NtNtNtCsiOoAWikcXO8_6object4read2pe6importNtB5_24ImportDescriptorIteratorNtNtNtNtCsgBE78E5FtGs_4core4iter6traits8iterator8Iterator4next
0000000000000000 T _RNvXs1_NtNtCsiOoAWikcXO8_6object4read4utilNtB5_8DebugLenNtNtCsgBE78E5FtGs_4core3fmt5Debug3fmt
0000000000000000 T _RNvXs2_NtNtCsiOoAWikcXO8_6object4read4utilNtB5_10ByteStringNtNtCsgBE78E5FtGs_4core3fmt5Debug3fmt
0000000000000000 T _RNvXs2_NtNtCsiOoAWikcXO8_6object4read7archiveNtB5_21ArchiveSymbolIteratorNtNtNtNtCsgBE78E5FtGs_4core4iter6traits8iterator8Iterator4next
0000000000000000 T _RNvXs2_NtNtCsiOoAWikcXO8_6object4read7archiveNtB5_21ArchiveSymbolIteratorNtNtNtNtCsgBE78E5FtGs_4core4iter6traits8iterator8Iterator9size_hint
0000000000000000 T _RNvXs4_NtCsiOoAWikcXO8_6object4readNtB5_12SectionIndexNtNtCsgBE78E5FtGs_4core3fmt7Display3fmt
0000000000000000 T _RNvXs5_NtCsiOoAWikcXO8_6object4readNtB5_11SymbolIndexNtNtCsgBE78E5FtGs_4core3fmt7Display3fmt
0000000000000000 T _RNvXs6_NtNtNtCsiOoAWikcXO8_6object4read2pe6importNtB5_27DelayLoadDescriptorIteratorNtNtNtNtCsgBE78E5FtGs_4core4iter6traits8iterator8Iterator4next
0000000000000000 T _RNvXs6_NtNtNtCsiOoAWikcXO8_6object4read3elf10attributesNtB5_22AttributeIndexIteratorNtNtNtNtCsgBE78E5FtGs_4core4iter6traits8iterator8Iterator4next
0000000000000000 T _RNvXs9_NtNtNtCsiOoAWikcXO8_6object4read5macho10dyld_cacheNtB5_14DyldRelocationNtNtCsgBE78E5FtGs_4core3fmt5Debug3fmt
0000000000000000 T _RNvXs9_NtNtNtCsiOoAWikcXO8_6object4read5xcoff6symbolNtNtBb_5xcoff8Symbol32NtB5_6Symbol11name_offset
0000000000000000 T _RNvXs_NtNtNtCsiOoAWikcXO8_6object4read2pe10relocationNtB4_23RelocationBlockIteratorNtNtNtNtCsgBE78E5FtGs_4core4iter6traits8iterator8Iterator4next
0000000000000000 T _RNvXs_NtNtNtCsiOoAWikcXO8_6object4read2pe6exportNtB4_6ExportNtNtCsgBE78E5FtGs_4core3fmt5Debug3fmt
0000000000000000 T _RNvXsa_NtNtNtCsiOoAWikcXO8_6object4read5macho10dyld_cacheNtB5_18DyldRelocationAuthNtNtCsgBE78E5FtGs_4core3fmt5Debug3fmt
0000000000000000 T _RNvXsf_NtNtNtCsiOoAWikcXO8_6object4read3elf10relocationNtB5_12CrelIteratorNtNtNtNtCsgBE78E5FtGs_4core4iter6traits8iterator8Iterator4next

memchr-b372577acbee32f0.memchr.8274754287343390-cgu.0.rcgu.o:
0000000000000000 T _RNvMs0_NtNtNtCsbcpk4rVyI7c_6memchr4arch3all6twowayNtB5_5Shift7forward
0000000000000000 T _RNvMs0_NtNtNtCsbcpk4rVyI7c_6memchr4arch3all6twowayNtB5_5Shift7reverse
0000000000000000 T _RNvNtNtCsbcpk4rVyI7c_6memchr6memmem8searcher21searcher_kind_two_way
0000000000000000 T _RNvNtNtCsbcpk4rVyI7c_6memchr6memmem8searcher22searcher_kind_one_byte
0000000000000000 T _RNvNtNtCsbcpk4rVyI7c_6memchr6memmem8searcher23prefilter_kind_fallback
0000000000000000 T _RNvNtNtCsbcpk4rVyI7c_6memchr6memmem8searcher36searcher_kind_two_way_with_prefilter
0000000000000000 T _RNvNtNtNtCsbcpk4rVyI7c_6memchr4arch3all9rabinkarp12is_equal_raw
0000000000000000 T _RNvXs1_NtCsbcpk4rVyI7c_6memchr6memmemNtB5_11FindRevIterNtNtNtNtCsgBE78E5FtGs_4core4iter6traits8iterator8Iterator4next
0000000000000000 T _RNvXs4_NtNtCsbcpk4rVyI7c_6memchr6memmem8searcherNtB5_9PrefilterNtNtCsgBE78E5FtGs_4core3fmt5Debug3fmt
0000000000000000 T _RNvXs_NtCsbcpk4rVyI7c_6memchr6memmemNtB4_8FindIterNtNtNtNtCsgBE78E5FtGs_4core4iter6traits8iterator8Iterator4next
0000000000000000 T _RNvXs_NtNtCsbcpk4rVyI7c_6memchr6memmem8searcherNtB4_8SearcherNtNtCsgBE78E5FtGs_4core3fmt5Debug3fmt

addr2line-f0456fa00fe2b10b.addr2line.b167403764028cd5-cgu.0.rcgu.o:
0000000000000000 V DW.ref.rust_eh_personality
0000000000000000 T _RINvNvMs2_NtCss0Uy6Ec3rh_5alloc7raw_vecINtB8_11RawVecInnerpE7reserve21do_reserve_and_handleNtNtBa_5alloc6GlobalECsfejrYmz0RRV_9addr2line
0000000000000000 T _RNvMNtCsgBE78E5FtGs_4core5sliceSh11starts_withCsfejrYmz0RRV_9addr2line
0000000000000000 T _RNvMNtCsgBE78E5FtGs_4core5sliceSh9ends_withCsfejrYmz0RRV_9addr2line
0000000000000000 T _RNvMs_NtCsfejrYmz0RRV_9addr2line4lineNtB4_5Lines13find_location
0000000000000000 T _RNvMs_NtCsfejrYmz0RRV_9addr2line4lineNtB4_5Lines19find_location_range
0000000000000000 T _RNvMs_NtCss0Uy6Ec3rh_5alloc3vecINtB4_3VechE7reserveCsfejrYmz0RRV_9addr2line
0000000000000000 T _RNvNtCsfejrYmz0RRV_9addr2line4line9path_push
0000000000000000 T _RNvNtCsfejrYmz0RRV_9addr2line5frame13demangle_auto
0000000000000000 T _RNvXNvNtCsgBE78E5FtGs_4core4hint20select_unpredictableINtB2_11DropOnPanicjENtNtNtB6_3ops4drop4Drop4dropCsfejrYmz0RRV_9addr2line
0000000000000000 T _RNvXs0_NtCsfejrYmz0RRV_9addr2line4lineNtB5_21LineLocationRangeIterNtNtNtNtCsgBE78E5FtGs_4core4iter6traits8iterator8Iterator4next

gimli-5c3e1c928c877e3b.gimli.d932917442056f84-cgu.0.rcgu.o:
0000000000000000 V DW.ref.rust_eh_personality
0000000000000000 T _RINvMs0_NtNtNtCss0Uy6Ec3rh_5alloc11collections5btree6searchINtNtB8_4node7NodeRefNtNtBY_6marker3MutyNtNtNtCsiE8w2aTzPto_5gimli4read6abbrev12AbbreviationNtB1i_14LeafOrInternalE14find_key_indexyEB1F_
0000000000000000 T _RINvMs0_NtNtNtCss0Uy6Ec3rh_5alloc11collections5btree6searchINtNtB8_4node7NodeRefNtNtBY_6marker5ImmutyNtNtNtCsiE8w2aTzPto_5gimli4read6abbrev12AbbreviationNtB1i_14LeafOrInternalE14find_key_indexyEB1H_
0000000000000000 T _RINvMs5_NtNtCsgBE78E5FtGs_4core3fmt8buildersNtB6_9DebugList7entriesNtNtNtCsiE8w2aTzPto_5gimli4read12endian_slice9DebugByteINtNtNtNtBa_4iter8adapters3map3MapINtNtB21_6copied6CopiedINtNtB21_4take4TakeINtNtNtBa_5slice4iter4IterhEEENcB13_0EEB19_
0000000000000000 T _RINvMs5_NtNtCsgBE78E5FtGs_4core3fmt8buildersNtB6_9DebugList7entriesRNtNtNtCsiE8w2aTzPto_5gimli4read6abbrev22AttributeSpecificationINtNtNtBa_5slice4iter4IterB14_EEB1a_
0000000000000000 T _RINvMs8_NtNtNtCss0Uy6Ec3rh_5alloc11collections5btree4nodeINtB6_7NodeRefNtNtB6_6marker5OwnedyNtNtNtCsiE8w2aTzPto_5gimli4read6abbrev12AbbreviationNtB19_4LeafE13from_new_leafNtNtBc_5alloc6GlobalEB1y_
0000000000000000 T _RINvMs8_NtNtNtCss0Uy6Ec3rh_5alloc11collections5btree4nodeINtB6_7NodeRefNtNtB6_6marker5OwnedyNtNtNtCsiE8w2aTzPto_5gimli4read6abbrev12AbbreviationNtB19_4LeafE8new_leafNtNtBc_5alloc6GlobalEB1y_
0000000000000000 T _RINvMs9_NtNtNtCss0Uy6Ec3rh_5alloc11collections5btree4nodeINtB6_7NodeRefNtNtB6_6marker5OwnedyNtNtNtCsiE8w2aTzPto_5gimli4read6abbrev12AbbreviationNtB19_8InternalE12new_internalNtNtBc_5alloc6GlobalEB1y_
0000000000000000 T _RINvMs9_NtNtNtCss0Uy6Ec3rh_5alloc11collections5btree4nodeINtB6_7NodeRefNtNtB6_6marker5OwnedyNtNtNtCsiE8w2aTzPto_5gimli4read6abbrev12AbbreviationNtB19_8InternalE17from_new_internalNtNtBc_5alloc6GlobalEB1y_
0000000000000000 T _RINvMsK_NtNtNtCss0Uy6Ec3rh_5alloc11collections5btree4nodeINtB6_6HandleINtB6_7NodeRefNtNtB6_6marker3MutyNtNtNtCsiE8w2aTzPto_5gimli4read6abbrev12AbbreviationNtB1m_4LeafENtB1m_4EdgeE6insertNtNtBc_5alloc6GlobalEB1J_
0000000000000000 T _RINvMsM_NtNtNtCss0Uy6Ec3rh_5alloc11collections5btree4nodeINtB6_6HandleINtB6_7NodeRefNtNtB6_6marker3MutyNtNtNtCsiE8w2aTzPto_5gimli4read6abbrev12AbbreviationNtB1m_8InternalENtB1m_4EdgeE6insertNtNtBc_5alloc6GlobalEB1J_
0000000000000000 T _RINvMsN_NtNtNtCss0Uy6Ec3rh_5alloc11collections5btree4nodeINtB6_6HandleINtB6_7NodeRefNtNtB6_6marker3MutyNtNtNtCsiE8w2aTzPto_5gimli4read6abbrev12AbbreviationNtB1m_4LeafENtB1m_4EdgeE16insert_recursingNtNtBc_5alloc6GlobalNCNvMs4_NtNtB8_3map5entryINtB3B_11VacantEntryyB1D_E12insert_entry0EB1J_
0000000000000000 T _RINvMsV_NtNtNtCss0Uy6Ec3rh_5alloc11collections5btree4nodeINtB6_6HandleINtB6_7NodeRefNtNtB6_6marker3MutyNtNtNtCsiE8w2aTzPto_5gimli4read6abbrev12AbbreviationNtB1m_4LeafENtB1m_2KVE5splitNtNtBc_5alloc6GlobalEB1J_
0000000000000000 T _RINvMsW_NtNtNtCss0Uy6Ec3rh_5alloc11collections5btree4nodeINtB6_6HandleINtB6_7NodeRefNtNtB6_6marker3MutyNtNtNtCsiE8w2aTzPto_5gimli4read6abbrev12AbbreviationNtB1m_8InternalENtB1m_2KVE5splitNtNtBc_5alloc6GlobalEB1J_
0000000000000000 T _RINvMs_NtNtNtCss0Uy6Ec3rh_5alloc11collections5btree6searchINtNtB7_4node7NodeRefNtNtBX_6marker3MutyNtNtNtCsiE8w2aTzPto_5gimli4read6abbrev12AbbreviationNtB1h_14LeafOrInternalE11search_treeyEB1E_
0000000000000000 T _RINvMs_NtNtNtCss0Uy6Ec3rh_5alloc11collections5btree6searchINtNtB7_4node7NodeRefNtNtBX_6marker5ImmutyNtNtNtCsiE8w2aTzPto_5gimli4read6abbrev12AbbreviationNtB1h_14LeafOrInternalE11search_treeyEB1G_
0000000000000000 T _RINvMsi_NtNtNtCss0Uy6Ec3rh_5alloc11collections5btree3mapINtB6_8BTreeMapyNtNtNtCsiE8w2aTzPto_5gimli4read6abbrev12AbbreviationE3getyEB1e_
0000000000000000 T _RINvMsp_NtNtNtCss0Uy6Ec3rh_5alloc11collections5btree4nodeINtB6_7NodeRefNtNtB6_6marker3MutyNtNtNtCsiE8w2aTzPto_5gimli4read6abbrev12AbbreviationNtB19_8InternalE30correct_childrens_parent_linksINtNtNtCsgBE78E5FtGs_4core3ops5range14RangeInclusivejEEB1w_
0000000000000000 T _RINvMsp_NtNtNtCss0Uy6Ec3rh_5alloc11collections5btree4nodeINtB6_7NodeRefNtNtB6_6marker3MutyNtNtNtCsiE8w2aTzPto_5gimli4read6abbrev12AbbreviationNtB19_8InternalE30correct_childrens_parent_linksINtNtNtCsgBE78E5FtGs_4core3ops5range5RangejEEB1w_
0000000000000000 T _RINvNtNtNtCss0Uy6Ec3rh_5alloc11collections5btree4node12slice_insertINtNtNtCsgBE78E5FtGs_4core3ptr8non_null7NonNullINtB2_8LeafNodeyNtNtNtCsiE8w2aTzPto_5gimli4read6abbrev12AbbreviationEEEB2a_
0000000000000000 T _RINvNtNtNtCss0Uy6Ec3rh_5alloc11collections5btree4node12slice_insertNtNtNtCsiE8w2aTzPto_5gimli4read6abbrev12AbbreviationEB19_
0000000000000000 T _RINvNtNtNtCss0Uy6Ec3rh_5alloc11collections5btree4node12slice_insertyECsiE8w2aTzPto_5gimli
0000000000000000 T _RINvNtNtNtCss0Uy6Ec3rh_5alloc11collections5btree4node13move_to_sliceINtNtNtCsgBE78E5FtGs_4core3ptr8non_null7NonNullINtB2_8LeafNodeyNtNtNtCsiE8w2aTzPto_5gimli4read6abbrev12AbbreviationEEEB2b_
0000000000000000 T _RINvNtNtNtCss0Uy6Ec3rh_5alloc11collections5btree4node13move_to_sliceNtNtNtCsiE8w2aTzPto_5gimli4read6abbrev12AbbreviationEB1a_
0000000000000000 T _RINvNtNtNtCss0Uy6Ec3rh_5alloc11collections5btree4node13move_to_sliceyECsiE8w2aTzPto_5gimli
0000000000000000 T _RNvMs1b_NtCsiE8w2aTzPto_5gimli9constantsNtB6_4DwAt13static_string
0000000000000000 T _RNvMs1n_NtCsiE8w2aTzPto_5gimli9constantsNtB6_6DwForm13static_string
0000000000000000 T _RNvMs2V_NtCsiE8w2aTzPto_5gimli9constantsNtB6_6DwLang13static_string
0000000000000000 T _RNvMs2_NtCss0Uy6Ec3rh_5alloc7raw_vecNtB5_11RawVecInner10deallocateCsiE8w2aTzPto_5gimli
0000000000000000 T _RNvMs3_NtCsiE8w2aTzPto_5gimli4archNtB5_3Arm13register_name
0000000000000000 T _RNvMs3_NtCsiE8w2aTzPto_5gimli4archNtB5_3Arm16name_to_register
0000000000000000 T _RNvMs3_NtCss0Uy6Ec3rh_5alloc7raw_vecINtB5_6RawVecNtNtNtCsiE8w2aTzPto_5gimli4read6abbrev12AbbreviationE8grow_oneBR_
0000000000000000 T _RNvMs3_NtCss0Uy6Ec3rh_5alloc7raw_vecINtB5_6RawVecNtNtNtCsiE8w2aTzPto_5gimli4read6abbrev22AttributeSpecificationE8grow_oneBR_
0000000000000000 T _RNvMs4_NtCss0Uy6Ec3rh_5alloc7raw_vecNtB5_11RawVecInner11finish_growCsiE8w2aTzPto_5gimli
0000000000000000 T _RNvMs4_NtCss0Uy6Ec3rh_5alloc7raw_vecNtB5_11RawVecInner14grow_amortizedCsiE8w2aTzPto_5gimli
0000000000000000 T _RNvMs4_NtCss0Uy6Ec3rh_5alloc7raw_vecNtB5_11RawVecInner15try_allocate_inCsiE8w2aTzPto_5gimli
0000000000000000 T _RNvMs4_NtNtCsiE8w2aTzPto_5gimli4read6abbrevNtB5_13Abbreviations6insert
0000000000000000 T _RNvMs4_NtNtNtNtCss0Uy6Ec3rh_5alloc11collections5btree3map5entryINtB5_11VacantEntryyNtNtNtCsiE8w2aTzPto_5gimli4read6abbrev12AbbreviationE12insert_entryB1p_
0000000000000000 T _RNvMs5P_NtCsiE8w2aTzPto_5gimli9constantsNtB6_4DwOp13static_string
0000000000000000 T _RNvMs5_NtNtCsiE8w2aTzPto_5gimli4read6abbrevNtB5_12Abbreviation3new
0000000000000000 T _RNvMs5_NtNtNtNtCss0Uy6Ec3rh_5alloc11collections5btree3map5entryINtB5_13OccupiedEntryyNtNtNtCsiE8w2aTzPto_5gimli4read6abbrev12AbbreviationE8into_mutB1r_
0000000000000000 T _RNvMs6_NtNtCsiE8w2aTzPto_5gimli4read6abbrevNtB5_10Attributes4push
0000000000000000 T _RNvMs9_NtCsiE8w2aTzPto_5gimli4archNtB5_7AArch6413register_name
0000000000000000 T _RNvMs9_NtCsiE8w2aTzPto_5gimli4archNtB5_7AArch6416name_to_register
0000000000000000 T _RNvMsD_NtCsiE8w2aTzPto_5gimli4archNtB5_6X86_6413register_name
0000000000000000 T _RNvMsD_NtCsiE8w2aTzPto_5gimli4archNtB5_6X86_6416name_to_register
0000000000000000 T _RNvMsJ_NtCsiE8w2aTzPto_5gimli4archNtB5_9PowerPc6413register_name
0000000000000000 T _RNvMsJ_NtCsiE8w2aTzPto_5gimli4archNtB5_9PowerPc6416name_to_register
0000000000000000 T _RNvMsJ_NtNtNtCss0Uy6Ec3rh_5alloc11collections5btree4nodeINtB5_6HandleINtB5_7NodeRefNtNtB5_6marker3MutyNtNtNtCsiE8w2aTzPto_5gimli4read6abbrev12AbbreviationNtB1l_4LeafENtB1l_4EdgeE10insert_fitB1I_
0000000000000000 T _RNvMsL_NtNtNtCss0Uy6Ec3rh_5alloc11collections5btree4nodeINtB5_6HandleINtB5_7NodeRefNtNtB5_6marker3MutyNtNtNtCsiE8w2aTzPto_5gimli4read6abbrev12AbbreviationNtB1l_8InternalENtB1l_4EdgeE19correct_parent_linkB1I_
0000000000000000 T _RNvMsM_NtNtNtCss0Uy6Ec3rh_5alloc11collections5btree4nodeINtB5_6HandleINtB5_7NodeRefNtNtB5_6marker3MutyNtNtNtCsiE8w2aTzPto_5gimli4read6abbrev12AbbreviationNtB1l_8InternalENtB1l_4EdgeE10insert_fitB1I_
0000000000000000 T _RNvMsP_NtNtNtCss0Uy6Ec3rh_5alloc11collections5btree4nodeINtB5_6HandleINtB5_7NodeRefNtNtB5_6marker5ImmutyNtNtNtCsiE8w2aTzPto_5gimli4read6abbrev12AbbreviationNtB1l_14LeafOrInternalENtB1l_2KVE7into_kvB1K_
0000000000000000 T _RNvMsQ_NtNtNtCss0Uy6Ec3rh_5alloc11collections5btree4nodeINtB5_6HandleINtB5_7NodeRefNtNtB5_6marker3MutyNtNtNtCsiE8w2aTzPto_5gimli4read6abbrev12AbbreviationNtB1l_14LeafOrInternalENtB1l_2KVE12into_val_mutB1I_
0000000000000000 T _RNvMsU_NtNtNtCss0Uy6Ec3rh_5alloc11collections5btree4nodeINtB5_6HandleINtB5_7NodeRefNtNtB5_6marker3MutyNtNtNtCsiE8w2aTzPto_5gimli4read6abbrev12AbbreviationNtB1l_4LeafENtB1l_2KVE15split_leaf_dataB1I_
0000000000000000 T _RNvMsU_NtNtNtCss0Uy6Ec3rh_5alloc11collections5btree4nodeINtB5_6HandleINtB5_7NodeRefNtNtB5_6marker3MutyNtNtNtCsiE8w2aTzPto_5gimli4read6abbrev12AbbreviationNtB1l_8InternalENtB1l_2KVE15split_leaf_dataB1I_
0000000000000000 T _RNvMsZ_NtCsiE8w2aTzPto_5gimli9constantsNtB5_5DwTag13static_string
0000000000000000 T _RNvMs_NtCsiE8w2aTzPto_5gimli4readNtB4_5Error11description
0000000000000000 T _RNvMs_NtCss0Uy6Ec3rh_5alloc5boxedINtB4_3BoxINtNtNtNtB6_11collections5btree4node12InternalNodeyNtNtNtCsiE8w2aTzPto_5gimli4read6abbrev12AbbreviationEE13new_uninit_inB1A_
0000000000000000 T _RNvMs_NtCss0Uy6Ec3rh_5alloc5boxedINtB4_3BoxINtNtNtNtB6_11collections5btree4node12InternalNodeyNtNtNtCsiE8w2aTzPto_5gimli4read6abbrev12AbbreviationEE17try_new_uninit_inB1A_
0000000000000000 T _RNvMs_NtCss0Uy6Ec3rh_5alloc5boxedINtB4_3BoxINtNtNtNtB6_11collections5btree4node8LeafNodeyNtNtNtCsiE8w2aTzPto_5gimli4read6abbrev12AbbreviationEE13new_uninit_inB1v_
0000000000000000 T _RNvMs_NtCss0Uy6Ec3rh_5alloc5boxedINtB4_3BoxINtNtNtNtB6_11collections5btree4node8LeafNodeyNtNtNtCsiE8w2aTzPto_5gimli4read6abbrev12AbbreviationEE17try_new_uninit_inB1v_
0000000000000000 T _RNvMs_NtNtCsiE8w2aTzPto_5gimli4read5valueNtB4_5Value11reinterpret
0000000000000000 T _RNvMs_NtNtCsiE8w2aTzPto_5gimli4read5valueNtB4_5Value2or
0000000000000000 T _RNvMs_NtNtCsiE8w2aTzPto_5gimli4read5valueNtB4_5Value3and
0000000000000000 T _RNvMs_NtNtCsiE8w2aTzPto_5gimli4read5valueNtB4_5Value3div
0000000000000000 T _RNvMs_NtNtCsiE8w2aTzPto_5gimli4read5valueNtB4_5Value3not
0000000000000000 T _RNvMs_NtNtCsiE8w2aTzPto_5gimli4read5valueNtB4_5Value3rem
0000000000000000 T _RNvMs_NtNtCsiE8w2aTzPto_5gimli4read5valueNtB4_5Value3shl
0000000000000000 T _RNvMs_NtNtCsiE8w2aTzPto_5gimli4read5valueNtB4_5Value3shr
0000000000000000 T _RNvMs_NtNtCsiE8w2aTzPto_5gimli4read5valueNtB4_5Value3xor
0000000000000000 T _RNvMs_NtNtCsiE8w2aTzPto_5gimli4read5valueNtB4_5Value4shra
0000000000000000 T _RNvMs_NtNtCsiE8w2aTzPto_5gimli4read5valueNtB4_5Value7convert
0000000000000000 T _RNvMsf_NtCsiE8w2aTzPto_5gimli4archNtB5_9LoongArch13register_name
0000000000000000 T _RNvMsf_NtCsiE8w2aTzPto_5gimli4archNtB5_9LoongArch16name_to_register
0000000000000000 T _RNvMsi_NtNtNtCss0Uy6Ec3rh_5alloc11collections5btree3mapINtB5_8BTreeMapyNtNtNtCsiE8w2aTzPto_5gimli4read6abbrev12AbbreviationE5entryB1d_
0000000000000000 T _RNvMsl_NtCsiE8w2aTzPto_5gimli4archNtB5_4MIPS13register_name
0000000000000000 T _RNvMsl_NtCsiE8w2aTzPto_5gimli4archNtB5_4MIPS16name_to_register
0000000000000000 T _RNvMsr_NtCsiE8w2aTzPto_5gimli4archNtB5_5RiscV13register_name
0000000000000000 T _RNvMsr_NtCsiE8w2aTzPto_5gimli4archNtB5_5RiscV16name_to_register
0000000000000000 T _RNvMsu_NtNtNtCss0Uy6Ec3rh_5alloc11collections5btree4nodeINtB5_7NodeRefNtNtB5_6marker3MutyNtNtNtCsiE8w2aTzPto_5gimli4read6abbrev12AbbreviationNtB18_4LeafE16push_with_handleB1v_
0000000000000000 T _RNvMsv_NtNtNtCss0Uy6Ec3rh_5alloc11collections5btree4nodeINtB5_7NodeRefNtNtB5_6marker3MutyNtNtNtCsiE8w2aTzPto_5gimli4read6abbrev12AbbreviationNtB18_8InternalE4pushB1v_
0000000000000000 T _RNvMsx_NtCsiE8w2aTzPto_5gimli4archNtB5_3X8616name_to_register
0000000000000000 T _RNvXs10_NtCsiE8w2aTzPto_5gimli9constantsNtB6_5DwTagNtNtCsgBE78E5FtGs_4core3fmt7Display3fmt
0000000000000000 T _RNvXs1A_NtCsiE8w2aTzPto_5gimli9constantsNtB6_5DwAteNtNtCsgBE78E5FtGs_4core3fmt7Display3fmt
0000000000000000 T _RNvXs1M_NtCsiE8w2aTzPto_5gimli9constantsNtB6_5DwLleNtNtCsgBE78E5FtGs_4core3fmt7Display3fmt
0000000000000000 T _RNvXs1Y_NtCsiE8w2aTzPto_5gimli9constantsNtB6_4DwDsNtNtCsgBE78E5FtGs_4core3fmt7Display3fmt
0000000000000000 T _RNvXs1_NtCss0Uy6Ec3rh_5alloc7raw_vecINtB5_6RawVecNtNtNtCsiE8w2aTzPto_5gimli4read6abbrev22AttributeSpecificationENtNtNtCsgBE78E5FtGs_4core3ops4drop4Drop4dropBR_
0000000000000000 T _RNvXs1_NtCss0Uy6Ec3rh_5alloc7raw_vecINtB5_6RawVechENtNtNtCsgBE78E5FtGs_4core3ops4drop4Drop4dropCsiE8w2aTzPto_5gimli
0000000000000000 T _RNvXs1c_NtCsiE8w2aTzPto_5gimli9constantsNtB6_4DwAtNtNtCsgBE78E5FtGs_4core3fmt7Display3fmt
0000000000000000 T _RNvXs1g_NtCsgBE78E5FtGs_4core3fmtRNtNtNtCsiE8w2aTzPto_5gimli4read6abbrev22AttributeSpecificationNtB6_5Debug3fmtBC_
0000000000000000 T _RNvXs1g_NtCsgBE78E5FtGs_4core3fmtRtNtB6_5Debug3fmtCsiE8w2aTzPto_5gimli
0000000000000000 T _RNvXs1g_NtCsgBE78E5FtGs_4core3fmtRxNtB6_5Debug3fmtCsiE8w2aTzPto_5gimli
0000000000000000 T _RNvXs1o_NtCsiE8w2aTzPto_5gimli9constantsNtB6_6DwFormNtNtCsgBE78E5FtGs_4core3fmt7Display3fmt
0000000000000000 T _RNvXs2K_NtCsiE8w2aTzPto_5gimli9constantsNtB6_12DwVirtualityNtNtCsgBE78E5FtGs_4core3fmt7Display3fmt
0000000000000000 T _RNvXs2W_NtCsiE8w2aTzPto_5gimli9constantsNtB6_6DwLangNtNtCsgBE78E5FtGs_4core3fmt7Display3fmt
0000000000000000 T _RNvXs2_NtCsiE8w2aTzPto_5gimli9constantsNtB5_6DwSectNtNtCsgBE78E5FtGs_4core3fmt7Display3fmt
0000000000000000 T _RNvXs2_NtNtCsgBE78E5FtGs_4core5slice3cmpNtNtNtCsiE8w2aTzPto_5gimli4read6abbrev22AttributeSpecificationINtB5_14SlicePartialEqBC_E17equal_same_lengthBI_
0000000000000000 T _RNvXs2_NtNtCsiE8w2aTzPto_5gimli4read12endian_sliceNtB5_10DebugBytesNtNtCsgBE78E5FtGs_4core3fmt5Debug3fmt
0000000000000000 T _RNvXs2a_NtCsiE8w2aTzPto_5gimli9constantsNtB6_5DwEndNtNtCsgBE78E5FtGs_4core3fmt7Display3fmt
0000000000000000 T _RNvXs2m_NtCsiE8w2aTzPto_5gimli9constantsNtB6_8DwAccessNtNtCsgBE78E5FtGs_4core3fmt7Display3fmt
0000000000000000 T _RNvXs2y_NtCsiE8w2aTzPto_5gimli9constantsNtB6_5DwVisNtNtCsgBE78E5FtGs_4core3fmt7Display3fmt
0000000000000000 T _RNvXs38_NtCsiE8w2aTzPto_5gimli9constantsNtB6_6DwAddrNtNtCsgBE78E5FtGs_4core3fmt7Display3fmt
0000000000000000 T _RNvXs3I_NtCsiE8w2aTzPto_5gimli9constantsNtB6_5DwInlNtNtCsgBE78E5FtGs_4core3fmt7Display3fmt
0000000000000000 T _RNvXs3U_NtCsiE8w2aTzPto_5gimli9constantsNtB6_5DwOrdNtNtCsgBE78E5FtGs_4core3fmt7Display3fmt
0000000000000000 T _RNvXs3_NtNtCsiE8w2aTzPto_5gimli4read12endian_sliceNtB5_9DebugByteNtNtCsgBE78E5FtGs_4core3fmt5Debug3fmt
0000000000000000 T _RNvXs3k_NtCsiE8w2aTzPto_5gimli9constantsNtB6_4DwIdNtNtCsgBE78E5FtGs_4core3fmt7Display3fmt
0000000000000000 T _RNvXs3w_NtCsiE8w2aTzPto_5gimli9constantsNtB6_4DwCcNtNtCsgBE78E5FtGs_4core3fmt7Display3fmt
0000000000000000 T _RNvXs46_NtCsiE8w2aTzPto_5gimli9constantsNtB6_5DwDscNtNtCsgBE78E5FtGs_4core3fmt7Display3fmt
0000000000000000 T _RNvXs4G_NtCsiE8w2aTzPto_5gimli9constantsNtB6_5DwLnsNtNtCsgBE78E5FtGs_4core3fmt7Display3fmt
0000000000000000 T _RNvXs4S_NtCsiE8w2aTzPto_5gimli9constantsNtB6_5DwLneNtNtCsgBE78E5FtGs_4core3fmt7Display3fmt
0000000000000000 T _RNvXs4_NtNtCsiE8w2aTzPto_5gimli4read12endian_sliceNtB5_8DebugLenNtNtCsgBE78E5FtGs_4core3fmt5Debug3fmt
0000000000000000 T _RNvXs4i_NtCsiE8w2aTzPto_5gimli9constantsNtB6_5DwIdxNtNtCsgBE78E5FtGs_4core3fmt7Display3fmt
0000000000000000 T _RNvXs4u_NtCsiE8w2aTzPto_5gimli9constantsNtB6_11DwDefaultedNtNtCsgBE78E5FtGs_4core3fmt7Display3fmt
0000000000000000 T _RNvXs54_NtCsiE8w2aTzPto_5gimli9constantsNtB6_6DwLnctNtNtCsgBE78E5FtGs_4core3fmt7Display3fmt
0000000000000000 T _RNvXs5E_NtCsiE8w2aTzPto_5gimli9constantsNtB6_5DwRleNtNtCsgBE78E5FtGs_4core3fmt7Display3fmt
0000000000000000 T _RNvXs5Q_NtCsiE8w2aTzPto_5gimli9constantsNtB6_4DwOpNtNtCsgBE78E5FtGs_4core3fmt7Display3fmt
0000000000000000 T _RNvXs5g_NtCsiE8w2aTzPto_5gimli9constantsNtB6_9DwMacinfoNtNtCsgBE78E5FtGs_4core3fmt7Display3fmt
0000000000000000 T _RNvXs5s_NtCsiE8w2aTzPto_5gimli9constantsNtB6_7DwMacroNtNtCsgBE78E5FtGs_4core3fmt7Display3fmt
0000000000000000 T _RNvXs62_NtCsiE8w2aTzPto_5gimli9constantsNtB6_6DwEhPeNtNtCsgBE78E5FtGs_4core3fmt7Display3fmt
0000000000000000 T _RNvXs7_NtNtCsiE8w2aTzPto_5gimli4read6abbrevNtB5_10AttributesNtNtCsgBE78E5FtGs_4core3fmt5Debug3fmt
0000000000000000 T _RNvXs8_NtNtCsiE8w2aTzPto_5gimli4read6abbrevNtB5_10AttributesNtNtCsgBE78E5FtGs_4core3cmp9PartialEq2eq
0000000000000000 T _RNvXsC_NtCsiE8w2aTzPto_5gimli9constantsNtB5_5DwCfaNtNtCsgBE78E5FtGs_4core3fmt7Display3fmt
0000000000000000 T _RNvXsO_NtCsiE8w2aTzPto_5gimli9constantsNtB5_10DwChildrenNtNtCsgBE78E5FtGs_4core3fmt7Display3fmt
0000000000000000 T _RNvXs_NtNtNtCsgBE78E5FtGs_4core4iter8adapters6copiedINtB4_6CopiedINtNtB6_4take4TakeINtNtNtBa_5slice4iter4IterhEEENtNtNtB8_6traits8iterator8Iterator4nextCsiE8w2aTzPto_5gimli
0000000000000000 T _RNvXsa_NtNtCsiE8w2aTzPto_5gimli4read6abbrevNtB5_10AttributesNtNtNtCsgBE78E5FtGs_4core3ops5deref5Deref5deref
0000000000000000 T _RNvXse_NtCsiE8w2aTzPto_5gimli9constantsNtB5_8DwSectV2NtNtCsgBE78E5FtGs_4core3fmt7Display3fmt
0000000000000000 T _RNvXso_NtCss0Uy6Ec3rh_5alloc3vecINtB5_3VecNtNtNtCsiE8w2aTzPto_5gimli4read6abbrev22AttributeSpecificationENtNtNtCsgBE78E5FtGs_4core3ops4drop4Drop4dropBK_
0000000000000000 T _RNvXso_NtCss0Uy6Ec3rh_5alloc3vecINtB5_3VechENtNtNtCsgBE78E5FtGs_4core3ops4drop4Drop4dropCsiE8w2aTzPto_5gimli
0000000000000000 T _RNvXsq_NtCsiE8w2aTzPto_5gimli9constantsNtB5_4DwUtNtNtCsgBE78E5FtGs_4core3fmt7Display3fmt
0000000000000000 T _RNvXsr_NtCsgBE78E5FtGs_4core3fmtSNtNtNtCsiE8w2aTzPto_5gimli4read6abbrev22AttributeSpecificationNtB5_5Debug3fmtBB_

cfg_if-c13ffeebfb9c6f6c.cfg_if.973adcd4f3fc8c7c-cgu.0.rcgu.o:

rustc_demangle-122873f2f14c77a9.rustc_demangle.f38b2f1da3912a9d-cgu.0.rcgu.o:
0000000000000000 T _RINvMNtCsgBE78E5FtGs_4core3stre18trim_start_matchesReECskUnotrgAaUz_14rustc_demangle
0000000000000000 T _RINvMs5_NtNtCsgBE78E5FtGs_4core3fmt8buildersNtB6_9DebugList7entriesRhINtNtNtBa_5slice4iter4IterhEECskUnotrgAaUz_14rustc_demangle
0000000000000000 T _RINvXs0_NtNtNtCsgBE78E5FtGs_4core4iter8adapters6copiedINtB6_6CopiedINtNtNtBc_5slice4iter4IterhEENtNtNtBa_6traits12double_ended19DoubleEndedIterator9try_rfoldjNCINvNvNtNtB1A_8iterator8Iterator9rposition5checkhNCNvMs2_NtCskUnotrgAaUz_14rustc_demangle2v0NtB3s_6Parser5ident0E0INtNtNtBc_3ops12control_flow11ControlFlowjjEEB3u_
0000000000000000 T _RNvCskUnotrgAaUz_14rustc_demangle12try_demangle
0000000000000000 T _RNvCskUnotrgAaUz_14rustc_demangle8demangle
0000000000000000 T _RNvMNtCsgBE78E5FtGs_4core5sliceSh11starts_withCskUnotrgAaUz_14rustc_demangle
0000000000000000 T _RNvMs0_NtCsgBE78E5FtGs_4core6escapeINtB5_15EscapeIterInnerKja_NtB5_12MaybeEscapedE4nextCskUnotrgAaUz_14rustc_demangle
0000000000000000 T _RNvXNtCsgBE78E5FtGs_4core3fmtQNtB2_9FormatterNtB2_5Write9write_strCskUnotrgAaUz_14rustc_demangle
0000000000000000 T _RNvXNtCskUnotrgAaUz_14rustc_demangle2v0NtB2_8DemangleNtNtCsgBE78E5FtGs_4core3fmt7Display3fmt
0000000000000000 T _RNvXNtCskUnotrgAaUz_14rustc_demangle6legacyNtB2_8DemangleNtNtCsgBE78E5FtGs_4core3fmt7Display3fmt
0000000000000000 T _RNvXs0_CskUnotrgAaUz_14rustc_demangleINtB5_21SizeLimitedFmtAdapterQNtNtCsgBE78E5FtGs_4core3fmt9FormatterENtB15_5Write9write_strB5_
0000000000000000 T _RNvXs0_NtCskUnotrgAaUz_14rustc_demangle2v0NtB5_5IdentNtNtCsgBE78E5FtGs_4core3fmt7Display3fmt
0000000000000000 T _RNvXs1_CskUnotrgAaUz_14rustc_demangleNtB5_8DemangleNtNtCsgBE78E5FtGs_4core3fmt7Display3fmt
0000000000000000 T _RNvXs1_NtNtNtCsgBE78E5FtGs_4core4iter8adapters6copiedINtB5_6CopiedINtNtNtBb_5slice4iter4IterhEENtNtNtB9_6traits10exact_size17ExactSizeIterator3lenCskUnotrgAaUz_14rustc_demangle
0000000000000000 T _RNvXs1g_NtCsgBE78E5FtGs_4core3fmtRNtNtNtB8_3num5error12IntErrorKindNtB6_5Debug3fmtCskUnotrgAaUz_14rustc_demangle
0000000000000000 T _RNvXs1g_NtCsgBE78E5FtGs_4core3fmtReNtB6_5Debug3fmtCskUnotrgAaUz_14rustc_demangle
0000000000000000 T _RNvXs1g_NtCsgBE78E5FtGs_4core3fmtRhNtB6_5Debug3fmtCskUnotrgAaUz_14rustc_demangle
0000000000000000 T _RNvXs1h_NtCsgBE78E5FtGs_4core3fmtQShNtB6_5Debug3fmtCskUnotrgAaUz_14rustc_demangle
0000000000000000 T _RNvXs1i_NtCsgBE78E5FtGs_4core3fmtRNtCskUnotrgAaUz_14rustc_demangle13DemangleStyleNtB6_7Display3fmtBy_
0000000000000000 T _RNvXs1i_NtCsgBE78E5FtGs_4core3fmtReNtB6_7Display3fmtCskUnotrgAaUz_14rustc_demangle
0000000000000000 T _RNvXs2_CskUnotrgAaUz_14rustc_demangleNtB5_8DemangleNtNtCsgBE78E5FtGs_4core3fmt5Debug3fmt
0000000000000000 T _RNvXs_CskUnotrgAaUz_14rustc_demangleNtB4_13DemangleStyleNtNtCsgBE78E5FtGs_4core3fmt7Display3fmt
0000000000000000 T _RNvXsr_NtCsgBE78E5FtGs_4core3fmtShNtB5_5Debug3fmtCskUnotrgAaUz_14rustc_demangle
0000000000000000 T _RNvYINtCskUnotrgAaUz_14rustc_demangle21SizeLimitedFmtAdapterQNtNtCsgBE78E5FtGs_4core3fmt9FormatterENtBZ_5Write10write_charB5_
0000000000000000 T _RNvYINtCskUnotrgAaUz_14rustc_demangle21SizeLimitedFmtAdapterQNtNtCsgBE78E5FtGs_4core3fmt9FormatterENtBZ_5Write9write_fmtB5_

std_detect-887ad97f60a0335e.std_detect.ff63e36ddcc4cdf2-cgu.0.rcgu.o:
0000000000000000 V DW.ref.rust_eh_personality
0000000000000000 T _RNvMNtNtNtCslVr1V5mh3ZC_10std_detect6detect4arch9powerpc64NtB2_7Feature6to_str
0000000000000000 T _RNvNtNtCslVr1V5mh3ZC_10std_detect6detect5cache21detect_and_initialize
0000000000000000 B _RNvNtNtCslVr1V5mh3ZC_10std_detect6detect5cache5CACHE

hashbrown-2d8a46ae3bee2027.hashbrown.b154691dfce0af62-cgu.0.rcgu.o:
0000000000000000 T _RNvMNtCsfdVa783zKo0_9hashbrown3rawNtB2_11Fallibility17capacity_overflow
0000000000000000 T _RNvMNtCsfdVa783zKo0_9hashbrown3rawNtB2_11Fallibility9alloc_err
0000000000000000 T _RNvXsR_NtCsfdVa783zKo0_9hashbrown3rawNtB5_18RawIterHashIndicesNtNtCsgBE78E5FtGs_4core7default7Default7default
0000000000000000 T _RNvXs_CsfdVa783zKo0_9hashbrownNtB4_15TryReserveErrorNtNtCsgBE78E5FtGs_4core3fmt7Display3fmt
0000000000000000 T _RNvXs_NtNtCsfdVa783zKo0_9hashbrown7control3tagNtB4_3TagNtNtCsgBE78E5FtGs_4core3fmt5Debug3fmt

rustc_std_workspace_alloc-c44755e516f7e803.rustc_std_workspace_alloc.2141f7199b1ef5d3-cgu.0.rcgu.o:

miniz_oxide-c00550d388126e4e.miniz_oxide.f5c011a55c3d9532-cgu.0.rcgu.o:
0000000000000000 T _RINvMNtCsgBE78E5FtGs_4core5sliceSh11copy_withinINtNtNtB5_3ops5range14RangeInclusivejEECsl67CuuH9IdO_11miniz_oxide
0000000000000000 T _RINvMNtCsgBE78E5FtGs_4core6optionINtB3_6OptionRINtNtB5_4cell4CellhEE3zipBI_ECsl67CuuH9IdO_11miniz_oxide
0000000000000000 T _RINvMNtCsgBE78E5FtGs_4core6optionINtB3_6OptionTRINtNtB5_4cell4CellhEBJ_EE3zipBJ_ECsl67CuuH9IdO_11miniz_oxide
0000000000000000 T _RINvNtCsgBE78E5FtGs_4core5slice20copy_from_slice_implhECsl67CuuH9IdO_11miniz_oxide
0000000000000000 T _RINvNtNtCsgBE78E5FtGs_4core5slice5index5rangeINtNtNtB6_3ops5range14RangeInclusivejEECsl67CuuH9IdO_11miniz_oxide
0000000000000000 T _RNvMNtNtNtCsgBE78E5FtGs_4core4iter8adapters3zipINtB2_3ZipINtNtNtB8_5slice4iter4ItertEINtBW_7IterMutmEE9super_nthCsl67CuuH9IdO_11miniz_oxide
0000000000000000 T _RNvNtCsl67CuuH9IdO_11miniz_oxide6shared14update_adler32
0000000000000000 T _RNvNtNtCsl67CuuH9IdO_11miniz_oxide7inflate4core10decompress
0000000000000000 T _RNvXs3_NtNtNtCsgBE78E5FtGs_4core4iter8adapters3zipINtB5_3ZipINtNtNtBb_5slice4iter4ItertEINtBZ_7IterMutmEEINtB5_7ZipImplBW_B1o_E3newCsl67CuuH9IdO_11miniz_oxide
0000000000000000 T _RNvXsX_NtCsgBE78E5FtGs_4core5arrayAhj4_NtNtB7_7default7Default7defaultCsl67CuuH9IdO_11miniz_oxide
0000000000000000 T _RNvXsZ_NtCsgBE78E5FtGs_4core5arrayAhj2_NtNtB7_7default7Default7defaultCsl67CuuH9IdO_11miniz_oxide
0000000000000000 T _RNvYINtNtNtCsgBE78E5FtGs_4core5slice4iter4ItertENtNtNtNtB9_4iter8adapters3zip27TrustedRandomAccessNoCoerce4sizeCsl67CuuH9IdO_11miniz_oxide
0000000000000000 T _RNvYINtNtNtCsgBE78E5FtGs_4core5slice4iter7IterMutmENtNtNtNtB9_4iter8adapters3zip27TrustedRandomAccessNoCoerce4sizeCsl67CuuH9IdO_11miniz_oxide

adler2-66c69154026cbcd6.adler2.f46e960ccc04b37d-cgu.0.rcgu.o:
0000000000000000 T _RNvCskZ6ye7Casm7_6adler213adler32_slice
0000000000000000 T _RNvMCskZ6ye7Casm7_6adler2NtB2_7Adler3211write_slice
0000000000000000 T _RNvXs0_CskZ6ye7Casm7_6adler2NtB5_7Adler32NtNtCsgBE78E5FtGs_4core4hash6Hasher5write

unwind-9cf08c9016e51d76.unwind.5acefc3f016e3382-cgu.0.rcgu.o:

libc-83a48db1b30e838f.libc.1433c5fc1d74afcd-cgu.0.rcgu.o:
0000000000000000 T _RNvXNtNtNtNtCs1Jxezia8wif_4libc3new10linux_uapi5linux3canNtB2_35___c_anonymous_sockaddr_can_can_addrNtNtCsgBE78E5FtGs_4core3fmt5Debug3fmt
0000000000000000 T _RNvXs1Y_NtNtNtCs1Jxezia8wif_4libc4unix10linux_like17linux_l4re_sharedNtB6_22___c_anonymous_ifr_ifruNtNtCsgBE78E5FtGs_4core3fmt5Debug3fmt
0000000000000000 T _RNvXs24_NtNtNtNtCs1Jxezia8wif_4libc4unix10linux_like5linux3gnuNtB6_8sifieldsNtNtCsgBE78E5FtGs_4core3fmt5Debug3fmt
0000000000000000 T _RNvXs26_NtNtNtCs1Jxezia8wif_4libc4unix10linux_like17linux_l4re_sharedNtB6_22___c_anonymous_ifc_ifcuNtNtCsgBE78E5FtGs_4core3fmt5Debug3fmt
0000000000000000 T _RNvXs2c_NtNtNtNtCs1Jxezia8wif_4libc4unix10linux_like5linux3gnuNtB6_38___c_anonymous_ptrace_syscall_info_dataNtNtCsgBE78E5FtGs_4core3fmt5Debug3fmt
0000000000000000 T _RNvXs8C_NtNtNtCs1Jxezia8wif_4libc4unix10linux_like5linuxNtB6_19___c_anonymous_iwreqNtNtCsgBE78E5FtGs_4core3fmt5Debug3fmt
0000000000000000 T _RNvXs8K_NtNtNtCs1Jxezia8wif_4libc4unix10linux_like5linuxNtB6_34___c_anonymous_ptp_perout_request_1NtNtCsgBE78E5FtGs_4core3fmt5Debug3fmt
0000000000000000 T _RNvXs8O_NtNtNtCs1Jxezia8wif_4libc4unix10linux_like5linuxNtB6_34___c_anonymous_ptp_perout_request_2NtNtCsgBE78E5FtGs_4core3fmt5Debug3fmt
0000000000000000 T _RNvXs8e_NtNtNtCs1Jxezia8wif_4libc4unix10linux_like5linuxNtB6_13tpacket_req_uNtNtCsgBE78E5FtGs_4core3fmt5Debug3fmt
0000000000000000 T _RNvXs8i_NtNtNtCs1Jxezia8wif_4libc4unix10linux_like5linuxNtB6_19tpacket_bd_header_uNtNtCsgBE78E5FtGs_4core3fmt5Debug3fmt
0000000000000000 T _RNvXs8u_NtNtNtCs1Jxezia8wif_4libc4unix10linux_like5linuxNtB6_10iwreq_dataNtNtCsgBE78E5FtGs_4core3fmt5Debug3fmt
0000000000000000 T _RNvXs90_NtNtNtCs1Jxezia8wif_4libc4unix10linux_like5linuxNtB6_35___c_anonymous_xsk_tx_metadata_unionNtNtCsgBE78E5FtGs_4core3fmt5Debug3fmt

rustc_std_workspace_core-97dc7698cf042ce7.rustc_std_workspace_core.3bca9fc4608d368e-cgu.0.rcgu.o:

alloc-92f662b621b23ad8.alloc.543528fc1a7e589-cgu.0.rcgu.o:
0000000000000000 V DW.ref.rust_eh_personality
0000000000000000 T _RNvCs9wFQrvczXsK_7___rustc25___rdl_alloc_error_handler
0000000000000000 T _RNvMNtCss0Uy6Ec3rh_5alloc6stringNtB2_6String10from_utf16
0000000000000000 T _RNvMNtCss0Uy6Ec3rh_5alloc6stringNtB2_6String11try_reserve
0000000000000000 T _RNvMNtCss0Uy6Ec3rh_5alloc6stringNtB2_6String12from_utf16be
0000000000000000 T _RNvMNtCss0Uy6Ec3rh_5alloc6stringNtB2_6String12from_utf16le
0000000000000000 T _RNvMNtCss0Uy6Ec3rh_5alloc6stringNtB2_6String15from_utf8_lossy
0000000000000000 T _RNvMNtCss0Uy6Ec3rh_5alloc6stringNtB2_6String17try_reserve_exact
0000000000000000 T _RNvMNtCss0Uy6Ec3rh_5alloc6stringNtB2_6String18from_utf16be_lossy
0000000000000000 T _RNvMNtCss0Uy6Ec3rh_5alloc6stringNtB2_6String18from_utf16le_lossy
0000000000000000 T _RNvMNtCss0Uy6Ec3rh_5alloc6stringNtB2_6String21from_utf8_lossy_owned
0000000000000000 T _RNvMs19_NtCss0Uy6Ec3rh_5alloc6stringNtB6_5Drain6as_str
0000000000000000 T _RNvMs2_NtCss0Uy6Ec3rh_5alloc4wtf8NtB5_7Wtf8Buf11into_string
0000000000000000 T _RNvMs2_NtCss0Uy6Ec3rh_5alloc4wtf8NtB5_7Wtf8Buf17into_string_lossy
0000000000000000 T _RNvMs2_NtCss0Uy6Ec3rh_5alloc4wtf8NtB5_7Wtf8Buf25push_code_point_unchecked
0000000000000000 T _RNvMs2_NtCss0Uy6Ec3rh_5alloc4wtf8NtB5_7Wtf8Buf8from_box
0000000000000000 T _RNvMs2_NtCss0Uy6Ec3rh_5alloc4wtf8NtB5_7Wtf8Buf9from_wide
0000000000000000 T _RNvMs3_NtCss0Uy6Ec3rh_5alloc3stre12to_lowercase
0000000000000000 T _RNvMs3_NtCss0Uy6Ec3rh_5alloc3stre12to_uppercase
0000000000000000 T _RNvMs3_NtCss0Uy6Ec3rh_5alloc3stre17word_to_titlecase
0000000000000000 T _RNvMs3_NtCss0Uy6Ec3rh_5alloc7raw_vecINtB5_6RawVechE8grow_oneB7_
0000000000000000 T _RNvMs5_NtCss0Uy6Ec3rh_5alloc4wtf8NtNtCsgBE78E5FtGs_4core4wtf84Wtf810clone_into
0000000000000000 T _RNvMs5_NtCss0Uy6Ec3rh_5alloc4wtf8NtNtCsgBE78E5FtGs_4core4wtf84Wtf815to_string_lossy
0000000000000000 T _RNvMs5_NtCss0Uy6Ec3rh_5alloc4wtf8NtNtCsgBE78E5FtGs_4core4wtf84Wtf87into_rc
0000000000000000 T _RNvMs5_NtCss0Uy6Ec3rh_5alloc4wtf8NtNtCsgBE78E5FtGs_4core4wtf84Wtf88into_arc
0000000000000000 T _RNvMs5_NtCss0Uy6Ec3rh_5alloc4wtf8NtNtCsgBE78E5FtGs_4core4wtf84Wtf88into_box
0000000000000000 T _RNvMs5_NtCss0Uy6Ec3rh_5alloc4wtf8NtNtCsgBE78E5FtGs_4core4wtf84Wtf88to_owned
0000000000000000 T _RNvMsD_NtNtCss0Uy6Ec3rh_5alloc3ffi5c_strNtNtNtCsgBE78E5FtGs_4core3ffi5c_str4CStr13into_c_string
0000000000000000 T _RNvMsD_NtNtCss0Uy6Ec3rh_5alloc3ffi5c_strNtNtNtCsgBE78E5FtGs_4core3ffi5c_str4CStr15to_string_lossy
0000000000000000 T _RNvMs_NtCss0Uy6Ec3rh_5alloc6stringNtB4_13FromUtf8Error15into_utf8_lossy
0000000000000000 T _RNvMs_NtNtCss0Uy6Ec3rh_5alloc3ffi5c_strNtB4_7CString10into_bytes
0000000000000000 T _RNvMs_NtNtCss0Uy6Ec3rh_5alloc3ffi5c_strNtB4_7CString11into_string
0000000000000000 T _RNvMs_NtNtCss0Uy6Ec3rh_5alloc3ffi5c_strNtB4_7CString16into_boxed_c_str
0000000000000000 T _RNvMs_NtNtCss0Uy6Ec3rh_5alloc3ffi5c_strNtB4_7CString17from_vec_with_nul
0000000000000000 T _RNvMs_NtNtCss0Uy6Ec3rh_5alloc3ffi5c_strNtB4_7CString18from_vec_unchecked
0000000000000000 T _RNvMs_NtNtCss0Uy6Ec3rh_5alloc3ffi5c_strNtB4_7CString19__from_vec_unchecked
0000000000000000 T _RNvMs_NtNtCss0Uy6Ec3rh_5alloc3ffi5c_strNtB4_7CString19into_bytes_with_nul
0000000000000000 T _RNvMs_NtNtCss0Uy6Ec3rh_5alloc3ffi5c_strNtB4_7CString27from_vec_with_nul_unchecked
0000000000000000 T _RNvMs_NtNtCss0Uy6Ec3rh_5alloc3ffi5c_strNtB4_7CString8from_raw
0000000000000000 T _RNvNtCss0Uy6Ec3rh_5alloc2rc32rc_inner_layout_for_value_layout
0000000000000000 D _RNvNtCss0Uy6Ec3rh_5alloc4sync18STATIC_INNER_SLICE
0000000000000000 T _RNvNtCss0Uy6Ec3rh_5alloc4sync32arcinner_layout_for_value_layout
0000000000000000 T _RNvNtCss0Uy6Ec3rh_5alloc5alloc18handle_alloc_error
0000000000000000 T _RNvNtCss0Uy6Ec3rh_5alloc7raw_vec12handle_error
0000000000000000 T _RNvNtCss0Uy6Ec3rh_5alloc7raw_vec17capacity_overflow
0000000000000000 T _RNvNvMs_NtCss0Uy6Ec3rh_5alloc3vecINtB6_3VecppE10insert_mut13assert_failed
0000000000000000 T _RNvNvMs_NtCss0Uy6Ec3rh_5alloc3vecINtB6_3VecppE11swap_remove13assert_failed
0000000000000000 T _RNvNvMs_NtCss0Uy6Ec3rh_5alloc3vecINtB6_3VecppE6remove13assert_failed
0000000000000000 T _RNvNvMs_NtCss0Uy6Ec3rh_5alloc3vecINtB6_3VecppE9split_off13assert_failed
0000000000000000 T _RNvNvNtCss0Uy6Ec3rh_5alloc3fmt6format12format_inner
0000000000000000 T _RNvNvNtCss0Uy6Ec3rh_5alloc5alloc18handle_alloc_error8ct_error
0000000000000000 T _RNvXNvMNtCss0Uy6Ec3rh_5alloc6stringNtB5_6String6retainNtB2_12SetLenOnDropNtNtNtCsgBE78E5FtGs_4core3ops4drop4Drop4drop
0000000000000000 T _RNvXs0_NtCss0Uy6Ec3rh_5alloc6stringNtB5_13FromUtf8ErrorNtNtCsgBE78E5FtGs_4core3fmt7Display3fmt
0000000000000000 T _RNvXs0_NtNtNtCss0Uy6Ec3rh_5alloc11collections9vec_deque5indexNtB5_12WrappedIndexNtNtCsgBE78E5FtGs_4core3fmt7Display3fmt
0000000000000000 T _RNvXs0_NvMs_NtNtCss0Uy6Ec3rh_5alloc3ffi5c_strNtBa_7CString3newReNtB5_11SpecNewImpl13spec_new_impl
0000000000000000 T _RNvXs0_NvXsf_NtNtCss0Uy6Ec3rh_5alloc5boxed7convertINtBd_3BoxDNtNtCsgBE78E5FtGs_4core5error5ErrorNtNtB11_6marker4SyncNtB1y_4SendEL_EINtNtB11_7convert4FromNtNtBf_6string6StringE4fromNtB5_11StringErrorNtNtB11_3fmt5Debug3fmt
0000000000000000 T _RNvXs10_NtCss0Uy6Ec3rh_5alloc6stringNtB6_9IntoCharsNtNtCsgBE78E5FtGs_4core3fmt5Debug3fmt
0000000000000000 T _RNvXs15_NtCss0Uy6Ec3rh_5alloc6stringNtB6_5DrainNtNtCsgBE78E5FtGs_4core3fmt5Debug3fmt
0000000000000000 T _RNvXs18_NtCss0Uy6Ec3rh_5alloc6stringNtB6_5DrainNtNtNtCsgBE78E5FtGs_4core3ops4drop4Drop4drop
0000000000000000 T _RNvXs1K_NtNtNtCss0Uy6Ec3rh_5alloc11collections5btree3mapNtB6_17UnorderedKeyErrorNtNtCsgBE78E5FtGs_4core3fmt7Display3fmt
0000000000000000 T _RNvXs1_NtCss0Uy6Ec3rh_5alloc4wtf8NtB5_7Wtf8BufNtNtCsgBE78E5FtGs_4core3fmt7Display3fmt
0000000000000000 T _RNvXs1_NtCss0Uy6Ec3rh_5alloc6stringNtB5_14FromUtf16ErrorNtNtCsgBE78E5FtGs_4core3fmt7Display3fmt
0000000000000000 T _RNvXs1_NvMs_NtNtCss0Uy6Ec3rh_5alloc3ffi5c_strNtBa_7CString3newQShNtB5_11SpecNewImpl13spec_new_impl
0000000000000000 T _RNvXs1a_NtCss0Uy6Ec3rh_5alloc6stringNtB6_5DrainINtNtCsgBE78E5FtGs_4core7convert5AsRefeE6as_ref
0000000000000000 T _RNvXs1b_NtCss0Uy6Ec3rh_5alloc6stringNtB6_5DrainINtNtCsgBE78E5FtGs_4core7convert5AsRefShE6as_ref
0000000000000000 T _RNvXs1c_NtCss0Uy6Ec3rh_5alloc6stringNtB6_5DrainNtNtNtNtCsgBE78E5FtGs_4core4iter6traits8iterator8Iterator9size_hint
0000000000000000 T _RNvXs2_NtCss0Uy6Ec3rh_5alloc11collectionsNtB5_15TryReserveErrorNtNtCsgBE78E5FtGs_4core3fmt7Display3fmt
0000000000000000 T _RNvXs2_NtNtCss0Uy6Ec3rh_5alloc3ffi5c_strNtB5_7CStringNtNtCsgBE78E5FtGs_4core3fmt5Debug3fmt
0000000000000000 T _RNvXs4_NtCss0Uy6Ec3rh_5alloc6stringNtB5_6StringNtNtCsgBE78E5FtGs_4core5clone5Clone10clone_from
0000000000000000 T _RNvXs4_NtCss0Uy6Ec3rh_5alloc6stringNtB5_6StringNtNtCsgBE78E5FtGs_4core5clone5Clone5clone
0000000000000000 T _RNvXs4_NtNtCss0Uy6Ec3rh_5alloc3ffi5c_strNtB5_7CStringNtNtCsgBE78E5FtGs_4core7default7Default7default
0000000000000000 T _RNvXs7_NtNtCss0Uy6Ec3rh_5alloc3ffi5c_strINtNtB9_5boxed3BoxNtNtNtCsgBE78E5FtGs_4core3ffi5c_str4CStrEINtNtB10_7convert4FromRBU_E4from
0000000000000000 T _RNvXs8_NtNtCss0Uy6Ec3rh_5alloc3ffi5c_strINtNtB9_5boxed3BoxNtNtNtCsgBE78E5FtGs_4core3ffi5c_str4CStrEINtNtB10_7convert4FromQBU_E4from
0000000000000000 T _RNvXsD_NtCss0Uy6Ec3rh_5alloc3vecINtB5_3VechEINtNtCsgBE78E5FtGs_4core7convert4FromReE4from
0000000000000000 T _RNvXsN_NtCss0Uy6Ec3rh_5alloc6stringNtB5_6StringINtNtCsgBE78E5FtGs_4core7convert4FromINtNtB7_5boxed3BoxeEE4from
0000000000000000 T _RNvXsO_NtCss0Uy6Ec3rh_5alloc6stringINtNtB7_5boxed3BoxeEINtNtCsgBE78E5FtGs_4core7convert4FromNtB5_6StringE4from
0000000000000000 T _RNvXsP_NtCss0Uy6Ec3rh_5alloc6stringNtB5_6StringINtNtCsgBE78E5FtGs_4core7convert4FromINtNtB7_6borrow3CoweEE4from
0000000000000000 T _RNvXsY_NtCss0Uy6Ec3rh_5alloc6stringNtB5_6StringINtNtCsgBE78E5FtGs_4core7convert7TryFromINtNtB7_3vec3VechEE8try_from
0000000000000000 T _RNvXs_NvMs_NtNtCss0Uy6Ec3rh_5alloc3ffi5c_strNtB9_7CString3newRShNtB4_11SpecNewImpl13spec_new_impl
0000000000000000 T _RNvXs_NvXsf_NtNtCss0Uy6Ec3rh_5alloc5boxed7convertINtBc_3BoxDNtNtCsgBE78E5FtGs_4core5error5ErrorNtNtB10_6marker4SyncNtB1x_4SendEL_EINtNtB10_7convert4FromNtNtBe_6string6StringE4fromNtB4_11StringErrorNtNtB10_3fmt7Display3fmt
0000000000000000 T _RNvXsf_NtCss0Uy6Ec3rh_5alloc5boxedINtB5_3BoxeENtNtCsgBE78E5FtGs_4core5clone5Clone5clone
0000000000000000 T _RNvXsg_NtNtCss0Uy6Ec3rh_5alloc5boxed7convertINtB7_3BoxDNtNtCsgBE78E5FtGs_4core5error5ErrorEL_EINtNtBV_7convert4FromNtNtB9_6string6StringE4from
0000000000000000 T _RNvXsh_NtCss0Uy6Ec3rh_5alloc6borrowINtB5_3CoweEINtNtNtCsgBE78E5FtGs_4core3ops5arith9AddAssignReE10add_assign
0000000000000000 T _RNvXsh_NtCss0Uy6Ec3rh_5alloc6stringSReNtB5_13SpecExtendStr16spec_extend_into
0000000000000000 T _RNvXsi_NtCss0Uy6Ec3rh_5alloc6borrowINtB5_3CoweENtNtNtCsgBE78E5FtGs_4core3ops5arith9AddAssign10add_assign
0000000000000000 T _RNvXsi_NtNtCss0Uy6Ec3rh_5alloc5boxed7convertINtB7_3BoxDNtNtCsgBE78E5FtGs_4core5error5ErrorEL_EINtNtBV_7convert4FromReE4from
0000000000000000 T _RNvXsj_NtNtCss0Uy6Ec3rh_5alloc5boxed7convertINtB7_3BoxDNtNtCsgBE78E5FtGs_4core5error5ErrorNtNtBV_6marker4SyncNtB1s_4SendEL_EINtNtBV_7convert4FromINtNtB9_6borrow3CoweEE4from
0000000000000000 T _RNvXsk_NtNtCss0Uy6Ec3rh_5alloc5boxed7convertINtB7_3BoxDNtNtCsgBE78E5FtGs_4core5error5ErrorEL_EINtNtBV_7convert4FromINtNtB9_6borrow3CoweEE4from
0000000000000000 T _RNvXso_NtCss0Uy6Ec3rh_5alloc6stringRNtB5_6StringNtNtNtCsgBE78E5FtGs_4core3str7pattern7Pattern13into_searcher
0000000000000000 T _RNvXsq_NtNtCss0Uy6Ec3rh_5alloc3ffi5c_strINtNtB9_5boxed3BoxNtNtNtCsgBE78E5FtGs_4core3ffi5c_str4CStrENtNtB10_7default7Default7default
0000000000000000 T _RNvXss_NtNtCss0Uy6Ec3rh_5alloc3ffi5c_strNtB5_8NulErrorNtNtCsgBE78E5FtGs_4core3fmt7Display3fmt
0000000000000000 T _RNvXst_NtNtCss0Uy6Ec3rh_5alloc3ffi5c_strNtB5_19FromVecWithNulErrorNtNtCsgBE78E5FtGs_4core3fmt7Display3fmt
0000000000000000 T _RNvXsv_NtNtCss0Uy6Ec3rh_5alloc3ffi5c_strNtB5_15IntoStringErrorNtNtCsgBE78E5FtGs_4core3fmt7Display3fmt
0000000000000000 T _RNvXsw_NtNtCss0Uy6Ec3rh_5alloc3ffi5c_strNtNtNtCsgBE78E5FtGs_4core3ffi5c_str4CStrNtNtB9_6borrow7ToOwned10clone_into
0000000000000000 T _RNvXsw_NtNtCss0Uy6Ec3rh_5alloc3ffi5c_strNtNtNtCsgBE78E5FtGs_4core3ffi5c_str4CStrNtNtB9_6borrow7ToOwned8to_owned
0000000000000000 T _RNvXsx_NtNtCss0Uy6Ec3rh_5alloc3ffi5c_strNtB5_7CStringINtNtCsgBE78E5FtGs_4core7convert4FromRNtNtNtBU_3ffi5c_str4CStrE4from

core-997ed8f608b1d893.core.c16f37df06883746-cgu.0.rcgu.o:
0000000000000000 V DW.ref.rust_eh_personality
0000000000000000 T _RINvNtCsgBE78E5FtGs_4core9panicking13assert_failedINtNtB4_6option6OptionjEBM_EB4_
0000000000000000 T _RINvNtCsgBE78E5FtGs_4core9panicking13assert_failedjjEB4_
0000000000000000 T _RINvNtCsgBE78E5FtGs_4core9panicking13assert_failedyyEB4_
0000000000000000 T _RNvMNtCsgBE78E5FtGs_4core3stre12escape_debug
0000000000000000 T _RNvMNtCsgBE78E5FtGs_4core3stre12substr_range
0000000000000000 T _RNvMNtCsgBE78E5FtGs_4core3stre13from_utf8_mut
0000000000000000 T _RNvMNtCsgBE78E5FtGs_4core3stre22split_at_mut_unchecked
0000000000000000 T _RNvMNtCsgBE78E5FtGs_4core3stre9from_utf8
0000000000000000 T _RNvMNtNtNtCsgBE78E5FtGs_4core3num3imp3fmtNtB2_4Part3len
0000000000000000 T _RNvMNtNtNtCsgBE78E5FtGs_4core3num3imp3fmtNtB2_4Part5write
0000000000000000 T _RNvMNtNtNtCsgBE78E5FtGs_4core3num3imp9diy_floatNtB2_2Fp12normalize_to
0000000000000000 T _RNvMNtNtNtNtCsgBE78E5FtGs_4core3num3imp6bignum5testsNtB2_6Big8x310bit_length
0000000000000000 T _RNvMNtNtNtNtCsgBE78E5FtGs_4core3num3imp6bignum5testsNtB2_6Big8x310mul_digits
0000000000000000 T _RNvMNtNtNtNtCsgBE78E5FtGs_4core3num3imp6bignum5testsNtB2_6Big8x313div_rem_small
0000000000000000 T _RNvMNtNtNtNtCsgBE78E5FtGs_4core3num3imp6bignum5testsNtB2_6Big8x33add
0000000000000000 T _RNvMNtNtNtNtCsgBE78E5FtGs_4core3num3imp6bignum5testsNtB2_6Big8x33sub
0000000000000000 T _RNvMNtNtNtNtCsgBE78E5FtGs_4core3num3imp6bignum5testsNtB2_6Big8x36digits
0000000000000000 T _RNvMNtNtNtNtCsgBE78E5FtGs_4core3num3imp6bignum5testsNtB2_6Big8x37is_zero
0000000000000000 T _RNvMNtNtNtNtCsgBE78E5FtGs_4core3num3imp6bignum5testsNtB2_6Big8x38mul_pow2
0000000000000000 T _RNvMNtNtNtNtCsgBE78E5FtGs_4core3num3imp6bignum5testsNtB2_6Big8x38mul_pow5
0000000000000000 T _RNvMNtNtNtNtCsgBE78E5FtGs_4core3num3imp6bignum5testsNtB2_6Big8x39mul_small
0000000000000000 T _RNvMs0_NtNtCsgBE78E5FtGs_4core3fmt3numo11format_into
0000000000000000 T _RNvMs0_NtNtCsgBE78E5FtGs_4core3fmt3numo4__fmt
0000000000000000 T _RNvMs0_NtNtNtCsgBE78E5FtGs_4core3fmt3num3imph4__fmt
0000000000000000 T _RNvMs1_NtNtCsgBE78E5FtGs_4core3fmt3numn11format_into
0000000000000000 T _RNvMs1_NtNtCsgBE78E5FtGs_4core3fmt8buildersNtB5_11DebugStruct21finish_non_exhaustive
0000000000000000 T _RNvMs1_NtNtCsgBE78E5FtGs_4core3fmt8buildersNtB5_11DebugStruct5field
0000000000000000 T _RNvMs1_NtNtCsgBE78E5FtGs_4core3fmt8buildersNtB5_11DebugStruct6finish
0000000000000000 T _RNvMs1_NtNtCsgBE78E5FtGs_4core3net6parserNtNtB7_7ip_addr8Ipv4Addr11parse_ascii
0000000000000000 T _RNvMs1_NtNtNtCsgBE78E5FtGs_4core3fmt3num3impa11format_into
0000000000000000 T _RNvMs2_NtNtCsgBE78E5FtGs_4core3fmt8buildersNtB5_10DebugTuple21finish_non_exhaustive
0000000000000000 T _RNvMs2_NtNtCsgBE78E5FtGs_4core3fmt8buildersNtB5_10DebugTuple5field
0000000000000000 T _RNvMs2_NtNtCsgBE78E5FtGs_4core3fmt8buildersNtB5_10DebugTuple6finish
0000000000000000 T _RNvMs2_NtNtNtCsgBE78E5FtGs_4core3fmt3num3imph11format_into
0000000000000000 T _RNvMs2_NtNtNtCsgBE78E5FtGs_4core3num3imp6bignumNtB5_8Big32x4010bit_length
0000000000000000 T _RNvMs2_NtNtNtCsgBE78E5FtGs_4core3num3imp6bignumNtB5_8Big32x4010mul_digits
0000000000000000 T _RNvMs2_NtNtNtCsgBE78E5FtGs_4core3num3imp6bignumNtB5_8Big32x4013div_rem_small
0000000000000000 T _RNvMs2_NtNtNtCsgBE78E5FtGs_4core3num3imp6bignumNtB5_8Big32x403add
0000000000000000 T _RNvMs2_NtNtNtCsgBE78E5FtGs_4core3num3imp6bignumNtB5_8Big32x403sub
0000000000000000 T _RNvMs2_NtNtNtCsgBE78E5FtGs_4core3num3imp6bignumNtB5_8Big32x406digits
0000000000000000 T _RNvMs2_NtNtNtCsgBE78E5FtGs_4core3num3imp6bignumNtB5_8Big32x407is_zero
0000000000000000 T _RNvMs2_NtNtNtCsgBE78E5FtGs_4core3num3imp6bignumNtB5_8Big32x408mul_pow2
0000000000000000 T _RNvMs2_NtNtNtCsgBE78E5FtGs_4core3num3imp6bignumNtB5_8Big32x408mul_pow5
0000000000000000 T _RNvMs2_NtNtNtCsgBE78E5FtGs_4core3num3imp6bignumNtB5_8Big32x409mul_small
0000000000000000 T _RNvMs3_NtNtCsgBE78E5FtGs_4core3ffi5c_strNtB5_4CStr19from_bytes_with_nul
0000000000000000 T _RNvMs3_NtNtCsgBE78E5FtGs_4core3ffi5c_strNtB5_4CStr20from_bytes_until_nul
0000000000000000 T _RNvMs3_NtNtCsgBE78E5FtGs_4core3ffi5c_strNtB5_4CStr6to_str
0000000000000000 T _RNvMs3_NtNtCsgBE78E5FtGs_4core3net6parserNtNtB7_7ip_addr8Ipv6Addr11parse_ascii
0000000000000000 T _RNvMs4_NtNtCsgBE78E5FtGs_4core3fmt8buildersNtB5_8DebugSet21finish_non_exhaustive
0000000000000000 T _RNvMs4_NtNtCsgBE78E5FtGs_4core3fmt8buildersNtB5_8DebugSet5entry
0000000000000000 T _RNvMs4_NtNtCsgBE78E5FtGs_4core3fmt8buildersNtB5_8DebugSet6finish
0000000000000000 T _RNvMs5_NtNtCsgBE78E5FtGs_4core3fmt8buildersNtB5_9DebugList21finish_non_exhaustive
0000000000000000 T _RNvMs5_NtNtCsgBE78E5FtGs_4core3fmt8buildersNtB5_9DebugList5entry
0000000000000000 T _RNvMs5_NtNtCsgBE78E5FtGs_4core3fmt8buildersNtB5_9DebugList6finish
0000000000000000 T _RNvMs5_NtNtCsgBE78E5FtGs_4core3net6parserNtNtB7_11socket_addr12SocketAddrV411parse_ascii
0000000000000000 T _RNvMs5_NtNtNtCsgBE78E5FtGs_4core3fmt3num3impt4__fmt
0000000000000000 T _RNvMs6_NtNtCsgBE78E5FtGs_4core3fmt8buildersNtB5_8DebugMap21finish_non_exhaustive
0000000000000000 T _RNvMs6_NtNtCsgBE78E5FtGs_4core3fmt8buildersNtB5_8DebugMap3key
0000000000000000 T _RNvMs6_NtNtCsgBE78E5FtGs_4core3fmt8buildersNtB5_8DebugMap5entry
0000000000000000 T _RNvMs6_NtNtCsgBE78E5FtGs_4core3fmt8buildersNtB5_8DebugMap5value
0000000000000000 T _RNvMs6_NtNtCsgBE78E5FtGs_4core3fmt8buildersNtB5_8DebugMap6finish
0000000000000000 T _RNvMs6_NtNtNtCsgBE78E5FtGs_4core3fmt3num3imps11format_into
0000000000000000 T _RNvMs7_NtNtCsgBE78E5FtGs_4core3net6parserNtNtB7_11socket_addr12SocketAddrV611parse_ascii
0000000000000000 T _RNvMs7_NtNtNtCsgBE78E5FtGs_4core3fmt3num3impt11format_into
0000000000000000 T _RNvMs9_NtNtCsgBE78E5FtGs_4core3net6parserNtNtB7_11socket_addr10SocketAddr11parse_ascii
0000000000000000 T _RNvMs_NtCsgBE78E5FtGs_4core3fmtNtB4_17FormattingOptions8get_fill
0000000000000000 T _RNvMs_NtNtCsgBE78E5FtGs_4core3fmt8buildersNtB4_10PadAdapter4wrap
0000000000000000 T _RNvMs_NtNtCsgBE78E5FtGs_4core3net6parserNtNtB6_7ip_addr6IpAddr11parse_ascii
0000000000000000 T _RNvMs_NtNtNtCsgBE78E5FtGs_4core3num3imp3fmtNtB4_9Formatted3len
0000000000000000 T _RNvMs_NtNtNtCsgBE78E5FtGs_4core3num3imp3fmtNtB4_9Formatted5write
0000000000000000 T _RNvMs_NtNtNtNtCsgBE78E5FtGs_4core3num3imp7dec2flt11decimal_seqNtB4_10DecimalSeq10left_shift
0000000000000000 T _RNvMs_NtNtNtNtCsgBE78E5FtGs_4core3num3imp7dec2flt11decimal_seqNtB4_10DecimalSeq11right_shift
0000000000000000 T _RNvMs_NtNtNtNtCsgBE78E5FtGs_4core3num3imp7dec2flt11decimal_seqNtB4_10DecimalSeq5round
0000000000000000 T _RNvMsa_NtCsgBE78E5FtGs_4core3fmtNtB5_9Formatter10debug_list
0000000000000000 T _RNvMsa_NtCsgBE78E5FtGs_4core3fmtNtB5_9Formatter11debug_tuple
0000000000000000 T _RNvMsa_NtCsgBE78E5FtGs_4core3fmtNtB5_9Formatter12debug_struct
0000000000000000 T _RNvMsa_NtCsgBE78E5FtGs_4core3fmtNtB5_9Formatter12pad_integral
0000000000000000 T _RNvMsa_NtCsgBE78E5FtGs_4core3fmtNtB5_9Formatter25debug_tuple_field1_finish
0000000000000000 T _RNvMsa_NtCsgBE78E5FtGs_4core3fmtNtB5_9Formatter25debug_tuple_field2_finish
0000000000000000 T _RNvMsa_NtCsgBE78E5FtGs_4core3fmtNtB5_9Formatter25debug_tuple_field3_finish
0000000000000000 T _RNvMsa_NtCsgBE78E5FtGs_4core3fmtNtB5_9Formatter25debug_tuple_field4_finish
0000000000000000 T _RNvMsa_NtCsgBE78E5FtGs_4core3fmtNtB5_9Formatter25debug_tuple_field5_finish
0000000000000000 T _RNvMsa_NtCsgBE78E5FtGs_4core3fmtNtB5_9Formatter25debug_tuple_fields_finish
0000000000000000 T _RNvMsa_NtCsgBE78E5FtGs_4core3fmtNtB5_9Formatter26debug_struct_field1_finish
0000000000000000 T _RNvMsa_NtCsgBE78E5FtGs_4core3fmtNtB5_9Formatter26debug_struct_field2_finish
0000000000000000 T _RNvMsa_NtCsgBE78E5FtGs_4core3fmtNtB5_9Formatter26debug_struct_field3_finish
0000000000000000 T _RNvMsa_NtCsgBE78E5FtGs_4core3fmtNtB5_9Formatter26debug_struct_field4_finish
0000000000000000 T _RNvMsa_NtCsgBE78E5FtGs_4core3fmtNtB5_9Formatter26debug_struct_field5_finish
0000000000000000 T _RNvMsa_NtCsgBE78E5FtGs_4core3fmtNtB5_9Formatter26debug_struct_fields_finish
0000000000000000 T _RNvMsa_NtCsgBE78E5FtGs_4core3fmtNtB5_9Formatter3pad
0000000000000000 T _RNvMsa_NtCsgBE78E5FtGs_4core3fmtNtB5_9Formatter4fill
0000000000000000 T _RNvMsa_NtCsgBE78E5FtGs_4core3fmtNtB5_9Formatter9debug_map
0000000000000000 T _RNvMsa_NtCsgBE78E5FtGs_4core3fmtNtB5_9Formatter9debug_set
0000000000000000 T _RNvMsa_NtCsgBE78E5FtGs_4core3fmtNtB5_9Formatter9write_str
0000000000000000 T _RNvMsa_NtNtNtCsgBE78E5FtGs_4core3fmt3num3impm4__fmt
0000000000000000 T _RNvMsb_NtNtNtCsgBE78E5FtGs_4core3fmt3num3impl11format_into
0000000000000000 T _RNvMsc_NtNtNtCsgBE78E5FtGs_4core3fmt3num3impm11format_into
0000000000000000 T _RNvMsf_NtNtNtCsgBE78E5FtGs_4core3fmt3num3impy4__fmt
0000000000000000 T _RNvMsg_NtNtNtCsgBE78E5FtGs_4core3fmt3num3impx11format_into
0000000000000000 T _RNvMsh_NtNtNtCsgBE78E5FtGs_4core3fmt3num3impy11format_into
0000000000000000 T _RNvMsk_NtNtNtCsgBE78E5FtGs_4core3fmt3num3impj4__fmt
0000000000000000 T _RNvMsl_NtNtNtCsgBE78E5FtGs_4core3fmt3num3impi11format_into
0000000000000000 T _RNvMsm_NtNtNtCsgBE78E5FtGs_4core3fmt3num3impj11format_into
0000000000000000 T _RNvMsu_NtNtCsgBE78E5FtGs_4core3str7patternNtB5_11StrSearcher3new
0000000000000000 T _RNvNtCsgBE78E5FtGs_4core3fmt17pointer_fmt_inner
0000000000000000 T _RNvNtCsgBE78E5FtGs_4core3fmt5write
0000000000000000 T _RNvNtCsgBE78E5FtGs_4core3num22from_ascii_radix_panic
0000000000000000 T _RNvNtCsgBE78E5FtGs_4core3str16slice_error_fail
0000000000000000 T _RNvNtCsgBE78E5FtGs_4core3str19slice_error_fail_ct
0000000000000000 T _RNvNtCsgBE78E5FtGs_4core3str19slice_error_fail_rt
0000000000000000 T _RNvNtCsgBE78E5FtGs_4core4cell22panic_already_borrowed
0000000000000000 T _RNvNtCsgBE78E5FtGs_4core4cell30panic_already_mutably_borrowed
0000000000000000 T _RNvNtCsgBE78E5FtGs_4core4wtf816slice_error_fail
0000000000000000 T _RNvNtCsgBE78E5FtGs_4core5ascii14escape_default
0000000000000000 T _RNvNtCsgBE78E5FtGs_4core6option13expect_failed
0000000000000000 T _RNvNtCsgBE78E5FtGs_4core6option13unwrap_failed
0000000000000000 T _RNvNtCsgBE78E5FtGs_4core6result13unwrap_failed
0000000000000000 T _RNvNtCsgBE78E5FtGs_4core9panicking14panic_nounwind
0000000000000000 T _RNvNtCsgBE78E5FtGs_4core9panicking15const_panic_fmt
0000000000000000 T _RNvNtCsgBE78E5FtGs_4core9panicking16panic_in_cleanup
0000000000000000 T _RNvNtCsgBE78E5FtGs_4core9panicking18panic_bounds_check
0000000000000000 T _RNvNtCsgBE78E5FtGs_4core9panicking18panic_nounwind_fmt
0000000000000000 T _RNvNtCsgBE78E5FtGs_4core9panicking19assert_failed_inner
0000000000000000 T _RNvNtCsgBE78E5FtGs_4core9panicking19panic_cannot_unwind
0000000000000000 T _RNvNtCsgBE78E5FtGs_4core9panicking26panic_nounwind_nobacktrace
0000000000000000 T _RNvNtCsgBE78E5FtGs_4core9panicking30panic_null_pointer_dereference
0000000000000000 T _RNvNtCsgBE78E5FtGs_4core9panicking31panic_invalid_enum_construction
0000000000000000 T _RNvNtCsgBE78E5FtGs_4core9panicking36panic_misaligned_pointer_dereference
0000000000000000 T _RNvNtCsgBE78E5FtGs_4core9panicking5panic
0000000000000000 T _RNvNtCsgBE78E5FtGs_4core9panicking9panic_fmt
0000000000000000 T _RNvNtNtCsgBE78E5FtGs_4core3str5count14do_count_chars
0000000000000000 T _RNvNtNtCsgBE78E5FtGs_4core3str5count23char_count_general_case
0000000000000000 T _RNvNtNtCsgBE78E5FtGs_4core3str8converts13from_utf8_mut
0000000000000000 T _RNvNtNtCsgBE78E5FtGs_4core3str8converts9from_utf8
0000000000000000 T _RNvNtNtCsgBE78E5FtGs_4core4cell4lazy14panic_poisoned
0000000000000000 T _RNvNtNtCsgBE78E5FtGs_4core5slice5index16slice_index_fail
0000000000000000 T _RNvNtNtCsgBE78E5FtGs_4core5slice6memchr14memchr_aligned
0000000000000000 T _RNvNtNtCsgBE78E5FtGs_4core5slice6memchr7memrchr
0000000000000000 T _RNvNtNtCsgBE78E5FtGs_4core7unicode9printable12is_printable
0000000000000000 T _RNvNtNtCsgBE78E5FtGs_4core9panicking11panic_const23panic_const_div_by_zero
0000000000000000 T _RNvNtNtCsgBE78E5FtGs_4core9panicking11panic_const23panic_const_gen_fn_none
0000000000000000 T _RNvNtNtCsgBE78E5FtGs_4core9panicking11panic_const23panic_const_rem_by_zero
0000000000000000 T _RNvNtNtCsgBE78E5FtGs_4core9panicking11panic_const24panic_const_add_overflow
0000000000000000 T _RNvNtNtCsgBE78E5FtGs_4core9panicking11panic_const24panic_const_div_overflow
0000000000000000 T _RNvNtNtCsgBE78E5FtGs_4core9panicking11panic_const24panic_const_mul_overflow
0000000000000000 T _RNvNtNtCsgBE78E5FtGs_4core9panicking11panic_const24panic_const_neg_overflow
0000000000000000 T _RNvNtNtCsgBE78E5FtGs_4core9panicking11panic_const24panic_const_rem_overflow
0000000000000000 T _RNvNtNtCsgBE78E5FtGs_4core9panicking11panic_const24panic_const_shl_overflow
0000000000000000 T _RNvNtNtCsgBE78E5FtGs_4core9panicking11panic_const24panic_const_shr_overflow
0000000000000000 T _RNvNtNtCsgBE78E5FtGs_4core9panicking11panic_const24panic_const_sub_overflow
0000000000000000 T _RNvNtNtCsgBE78E5FtGs_4core9panicking11panic_const28panic_const_async_fn_resumed
0000000000000000 T _RNvNtNtCsgBE78E5FtGs_4core9panicking11panic_const28panic_const_gen_fn_none_drop
0000000000000000 T _RNvNtNtCsgBE78E5FtGs_4core9panicking11panic_const29panic_const_coroutine_resumed
0000000000000000 T _RNvNtNtCsgBE78E5FtGs_4core9panicking11panic_const29panic_const_gen_fn_none_panic
0000000000000000 T _RNvNtNtCsgBE78E5FtGs_4core9panicking11panic_const32panic_const_async_gen_fn_resumed
0000000000000000 T _RNvNtNtCsgBE78E5FtGs_4core9panicking11panic_const33panic_const_async_fn_resumed_drop
0000000000000000 T _RNvNtNtCsgBE78E5FtGs_4core9panicking11panic_const34panic_const_async_fn_resumed_panic
0000000000000000 T _RNvNtNtCsgBE78E5FtGs_4core9panicking11panic_const34panic_const_coroutine_resumed_drop
0000000000000000 T _RNvNtNtCsgBE78E5FtGs_4core9panicking11panic_const35panic_const_coroutine_resumed_panic
0000000000000000 T _RNvNtNtCsgBE78E5FtGs_4core9panicking11panic_const37panic_const_async_gen_fn_resumed_drop
0000000000000000 T _RNvNtNtCsgBE78E5FtGs_4core9panicking11panic_const38panic_const_async_gen_fn_resumed_panic
0000000000000000 T _RNvNtNtNtCsgBE78E5FtGs_4core3num3imp14overflow_panic12cast_integer
0000000000000000 T _RNvNtNtNtCsgBE78E5FtGs_4core3num3imp14overflow_panic3add
0000000000000000 T _RNvNtNtNtCsgBE78E5FtGs_4core3num3imp14overflow_panic3div
0000000000000000 T _RNvNtNtNtCsgBE78E5FtGs_4core3num3imp14overflow_panic3mul
0000000000000000 T _RNvNtNtNtCsgBE78E5FtGs_4core3num3imp14overflow_panic3neg
0000000000000000 T _RNvNtNtNtCsgBE78E5FtGs_4core3num3imp14overflow_panic3rem
0000000000000000 T _RNvNtNtNtCsgBE78E5FtGs_4core3num3imp14overflow_panic3shl
0000000000000000 T _RNvNtNtNtCsgBE78E5FtGs_4core3num3imp14overflow_panic3shr
0000000000000000 T _RNvNtNtNtCsgBE78E5FtGs_4core3num3imp14overflow_panic3sub
0000000000000000 T _RNvNtNtNtCsgBE78E5FtGs_4core3num3imp7flt2dec17digits_to_dec_str
0000000000000000 T _RNvNtNtNtCsgBE78E5FtGs_4core3num3imp7flt2dec17digits_to_exp_str
0000000000000000 T _RNvNtNtNtCsgBE78E5FtGs_4core3num3imp7flt2dec8round_up
0000000000000000 T _RNvNtNtNtCsgBE78E5FtGs_4core3num3imp8int_sqrt27panic_for_negative_argument
0000000000000000 T _RNvNtNtNtCsgBE78E5FtGs_4core3num3imp9int_log1030panic_for_nonpositive_argument
0000000000000000 T _RNvNtNtNtCsgBE78E5FtGs_4core7unicode12unicode_data10alphabetic11lookup_slow
0000000000000000 T _RNvNtNtNtCsgBE78E5FtGs_4core7unicode12unicode_data11conversions8to_lower
0000000000000000 T _RNvNtNtNtCsgBE78E5FtGs_4core7unicode12unicode_data11conversions8to_title
0000000000000000 T _RNvNtNtNtCsgBE78E5FtGs_4core7unicode12unicode_data11conversions8to_upper
0000000000000000 R _RNvNtNtNtCsgBE78E5FtGs_4core7unicode12unicode_data11white_space14WHITESPACE_MAP
0000000000000000 T _RNvNtNtNtCsgBE78E5FtGs_4core7unicode12unicode_data14case_ignorable11lookup_slow
0000000000000000 T _RNvNtNtNtCsgBE78E5FtGs_4core7unicode12unicode_data15grapheme_extend11lookup_slow
0000000000000000 T _RNvNtNtNtCsgBE78E5FtGs_4core7unicode12unicode_data1n11lookup_slow
0000000000000000 T _RNvNtNtNtCsgBE78E5FtGs_4core7unicode12unicode_data2lt11lookup_slow
0000000000000000 R _RNvNtNtNtCsgBE78E5FtGs_4core7unicode12unicode_data9lowercase14BITSET_MAPPING
0000000000000000 R _RNvNtNtNtCsgBE78E5FtGs_4core7unicode12unicode_data9lowercase16BITSET_CANONICAL
0000000000000000 R _RNvNtNtNtCsgBE78E5FtGs_4core7unicode12unicode_data9lowercase17BITSET_CHUNKS_MAP
0000000000000000 R _RNvNtNtNtCsgBE78E5FtGs_4core7unicode12unicode_data9lowercase19BITSET_INDEX_CHUNKS
0000000000000000 T _RNvNtNtNtCsgBE78E5FtGs_4core7unicode12unicode_data9lowercase6lookup
0000000000000000 R _RNvNtNtNtCsgBE78E5FtGs_4core7unicode12unicode_data9uppercase14BITSET_MAPPING
0000000000000000 R _RNvNtNtNtCsgBE78E5FtGs_4core7unicode12unicode_data9uppercase16BITSET_CANONICAL
0000000000000000 R _RNvNtNtNtCsgBE78E5FtGs_4core7unicode12unicode_data9uppercase17BITSET_CHUNKS_MAP
0000000000000000 R _RNvNtNtNtCsgBE78E5FtGs_4core7unicode12unicode_data9uppercase19BITSET_INDEX_CHUNKS
0000000000000000 T _RNvNtNtNtCsgBE78E5FtGs_4core7unicode12unicode_data9uppercase6lookup
0000000000000000 T _RNvNtNtNtNtCsgBE78E5FtGs_4core3num3imp7dec2flt11decimal_seq17parse_decimal_seq
0000000000000000 T _RNvNtNtNtNtCsgBE78E5FtGs_4core3num3imp7dec2flt5parse12parse_number
0000000000000000 R _RNvNtNtNtNtCsgBE78E5FtGs_4core3num3imp7dec2flt5table17POWER_OF_FIVE_128
0000000000000000 T _RNvNtNtNtNtCsgBE78E5FtGs_4core5slice4sort6shared9smallsort22panic_on_ord_violation
0000000000000000 T _RNvNtNtNtNtCsgBE78E5FtGs_4core5slice4sort6stable5drift11sqrt_approx
0000000000000000 R _RNvNtNtNtNtNtCsgBE78E5FtGs_4core3num3imp7flt2dec8strategy5grisu12CACHED_POW10
0000000000000000 T _RNvNtNtNtNtNtCsgBE78E5FtGs_4core3num3imp7flt2dec8strategy5grisu12format_exact
0000000000000000 T _RNvNtNtNtNtNtCsgBE78E5FtGs_4core3num3imp7flt2dec8strategy5grisu15format_shortest
0000000000000000 T _RNvNtNtNtNtNtCsgBE78E5FtGs_4core3num3imp7flt2dec8strategy5grisu16format_exact_opt
0000000000000000 T _RNvNtNtNtNtNtCsgBE78E5FtGs_4core3num3imp7flt2dec8strategy5grisu19format_shortest_opt
0000000000000000 T _RNvNtNtNtNtNtCsgBE78E5FtGs_4core3num3imp7flt2dec8strategy6dragon12format_exact
0000000000000000 T _RNvNtNtNtNtNtCsgBE78E5FtGs_4core3num3imp7flt2dec8strategy6dragon15format_shortest
0000000000000000 T _RNvNtNtNtNtNtCsgBE78E5FtGs_4core3num3imp7flt2dec8strategy6dragon9mul_pow10
0000000000000000 T _RNvNvMNtCsgBE78E5FtGs_4core5sliceSp16align_to_offsets3gcd
0000000000000000 D _RNvNvMs6_NtNtCsgBE78E5FtGs_4core4task4wakeNtB7_5Waker11from_fn_ptr6VTABLE
0000000000000000 D _RNvNvMsb_NtNtCsgBE78E5FtGs_4core4task4wakeNtB7_10LocalWaker11from_fn_ptr6VTABLE
0000000000000000 T _RNvNvNtCsgBE78E5FtGs_4core5slice20copy_from_slice_impl17len_mismatch_fail
0000000000000000 T _RNvXNtCsgBE78E5FtGs_4core3ffiNtB2_6c_voidNtNtB4_3fmt5Debug3fmt
0000000000000000 T _RNvXNtCsgBE78E5FtGs_4core3patcNtB2_12RangePattern7sub_one
0000000000000000 T _RNvXNtNtCsgBE78E5FtGs_4core2io12borrowed_bufNtB2_11BorrowedBufNtNtB6_3fmt5Debug3fmt
0000000000000000 T _RNvXNtNtCsgBE78E5FtGs_4core2io4utilNtB2_6RepeatNtNtB6_3fmt5Debug3fmt
0000000000000000 T _RNvXNtNtCsgBE78E5FtGs_4core3ffi5c_strNtB2_21FromBytesWithNulErrorNtNtB6_3fmt7Display3fmt
0000000000000000 T _RNvXNtNtCsgBE78E5FtGs_4core3ffi7va_listNtB2_6VaListNtNtB6_3fmt5Debug3fmt
0000000000000000 T _RNvXNtNtCsgBE78E5FtGs_4core3fmt3numoNtB4_7Display3fmt
0000000000000000 T _RNvXNtNtCsgBE78E5FtGs_4core3ops5rangeNtB2_9RangeFullNtNtB6_3fmt5Debug3fmt
0000000000000000 T _RNvXNtNtNtCsgBE78E5FtGs_4core3fmt3num3imphNtB6_7Display3fmt
0000000000000000 T _RNvXNvNtCsgBE78E5FtGs_4core9panicking21assert_matches_failedNtB2_7PatternNtNtB6_3fmt5Debug3fmt
0000000000000000 T _RNvXNvXNtCsgBE78E5FtGs_4core5fieldINtB5_21FieldRepresentingTypepKpKpENtNtB7_3fmt5Debug3fmtNtB2_6MemberNtB17_7Display3fmt
0000000000000000 T _RNvXNvXsd_NtCsgBE78E5FtGs_4core4wtf8NtB8_10EncodeWideNtNtBa_3fmt5Debug3fmtNtB2_8CodeUnitBP_3fmt
0000000000000000 T _RNvXs0_NtCsgBE78E5FtGs_4core3anyDNtB5_3AnyNtNtB7_6marker4SendEL_NtNtB7_3fmt5Debug3fmt
0000000000000000 T _RNvXs0_NtNtCsgBE78E5FtGs_4core3ffi5c_strNtB5_22FromBytesUntilNulErrorNtNtB9_3fmt7Display3fmt
0000000000000000 T _RNvXs0_NtNtCsgBE78E5FtGs_4core3fmt8buildersNtB5_10PadAdapterNtB7_5Write10write_char
0000000000000000 T _RNvXs0_NtNtCsgBE78E5FtGs_4core3fmt8buildersNtB5_10PadAdapterNtB7_5Write9write_str
0000000000000000 T _RNvXs0_NtNtCsgBE78E5FtGs_4core3net6parserNtNtB7_7ip_addr6IpAddrNtNtNtB9_3str6traits7FromStr8from_str
0000000000000000 T _RNvXs0_NtNtCsgBE78E5FtGs_4core3num11float_parseC3f16NtNtNtB9_3str6traits7FromStr8from_str
0000000000000000 T _RNvXs0_NtNtCsgBE78E5FtGs_4core3str5lossyNtB5_5DebugNtNtB9_3fmt5Debug3fmt
0000000000000000 T _RNvXs0_NtNtCsgBE78E5FtGs_4core5alloc6layoutNtB5_11LayoutErrorNtNtB9_3fmt7Display3fmt
0000000000000000 T _RNvXs0_NtNtCsgBE78E5FtGs_4core5ascii10ascii_charNtB5_9AsciiCharNtNtB9_3fmt7Display3fmt
0000000000000000 T _RNvXs0_NtNtCsgBE78E5FtGs_4core5slice5asciiNtB5_11EscapeAsciiNtNtNtNtB9_4iter6traits12double_ended19DoubleEndedIterator9next_back
0000000000000000 T _RNvXs10_NtNtCsgBE78E5FtGs_4core3fmt3numnNtB8_8LowerExp3fmt
0000000000000000 T _RNvXs11_NtNtCsgBE78E5FtGs_4core3fmt3numoNtB8_8LowerExp3fmt
0000000000000000 T _RNvXs11_NtNtCsgBE78E5FtGs_4core3num7nonzeroINtB6_7NonZerotENtNtNtBa_3str6traits7FromStr8from_str
0000000000000000 T _RNvXs12_NtNtCsgBE78E5FtGs_4core3fmt3numnNtB8_8UpperExp3fmt
0000000000000000 T _RNvXs12_NtNtCsgBE78E5FtGs_4core3num11niche_typesNtB6_14NonZeroI8InnerNtNtBa_3fmt5Debug3fmt
0000000000000000 T _RNvXs13_NtNtCsgBE78E5FtGs_4core3fmt3numoNtB8_8UpperExp3fmt
0000000000000000 T _RNvXs13_NtNtCsgBE78E5FtGs_4core4sync6atomicINtB6_6AtomicmENtNtBa_3fmt5Debug3fmt
0000000000000000 T _RNvXs17_NtNtCsgBE78E5FtGs_4core3net7ip_addrNtB6_8Ipv4AddrINtNtNtBa_3ops3bit12BitAndAssignRBF_E13bitand_assign
0000000000000000 T _RNvXs17_NtNtCsgBE78E5FtGs_4core4sync6atomicINtB6_6AtomicxENtNtBa_3fmt5Debug3fmt
0000000000000000 T _RNvXs18_NtNtCsgBE78E5FtGs_4core3num7nonzeroINtB6_7NonZeromENtNtNtBa_3str6traits7FromStr8from_str
0000000000000000 T _RNvXs1A_NtNtCsgBE78E5FtGs_4core3num7nonzeroINtB6_7NonZeroaENtNtNtBa_3str6traits7FromStr8from_str
0000000000000000 T _RNvXs1E_NtNtCsgBE78E5FtGs_4core3num7nonzeroINtB6_7NonZerosENtNtNtBa_3str6traits7FromStr8from_str
0000000000000000 T _RNvXs1G_NtNtCsgBE78E5FtGs_4core3num11niche_typesNtB6_14UsizeNoHighBitNtNtBa_3fmt5Debug3fmt
0000000000000000 T _RNvXs1I_NtNtCsgBE78E5FtGs_4core3num7nonzeroINtB6_7NonZerolENtNtNtBa_3str6traits7FromStr8from_str
0000000000000000 T _RNvXs1M_NtNtCsgBE78E5FtGs_4core3num7nonzeroINtB6_7NonZeroxENtNtNtBa_3str6traits7FromStr8from_str
0000000000000000 T _RNvXs1O_NtNtCsgBE78E5FtGs_4core3num11niche_typesNtB6_17NonZeroUsizeInnerNtNtBa_3fmt5Debug3fmt
0000000000000000 T _RNvXs1Q_NtNtCsgBE78E5FtGs_4core3num7nonzeroINtB6_7NonZeronENtNtNtBa_3str6traits7FromStr8from_str
0000000000000000 T _RNvXs1U_NtNtCsgBE78E5FtGs_4core3num7nonzeroINtB6_7NonZeroiENtNtNtBa_3str6traits7FromStr8from_str
0000000000000000 T _RNvXs1W_NtNtCsgBE78E5FtGs_4core3num11niche_typesNtB6_17NonZeroIsizeInnerNtNtBa_3fmt5Debug3fmt
0000000000000000 T _RNvXs1_NtCsgBE78E5FtGs_4core3anyDNtB5_3AnyNtNtB7_6marker4SyncNtBG_4SendEL_NtNtB7_3fmt5Debug3fmt
0000000000000000 T _RNvXs1_NtCsgBE78E5FtGs_4core4wtf8NtB5_4Wtf8NtNtB7_3fmt5Debug3fmt
0000000000000000 T _RNvXs1_NtCsgBE78E5FtGs_4core5cloneNtNtNtB7_3ffi5c_str4CStrNtB5_13CloneToUninit15clone_to_uninit
0000000000000000 T _RNvXs1_NtNtCsgBE78E5FtGs_4core3ffi5c_strNtB5_4CStrNtNtB9_3fmt5Debug3fmt
0000000000000000 T _RNvXs1_NtNtCsgBE78E5FtGs_4core3mem15transmutabilityNtB5_6AssumeNtNtNtB9_3ops5arith3Sub3sub
0000000000000000 T _RNvXs1_NtNtCsgBE78E5FtGs_4core3num11float_parsefNtNtNtB9_3str6traits7FromStr8from_str
0000000000000000 T _RNvXs1_NtNtCsgBE78E5FtGs_4core3str5errorNtB5_14ParseBoolErrorNtNtB9_3fmt7Display3fmt
0000000000000000 T _RNvXs1_NtNtCsgBE78E5FtGs_4core4char6decodeNtB5_16DecodeUtf16ErrorNtNtB9_3fmt7Display3fmt
0000000000000000 T _RNvXs1_NtNtCsgBE78E5FtGs_4core4task4wakeNtB5_7ContextNtNtB9_3fmt5Debug3fmt
0000000000000000 T _RNvXs1_NtNtCsgBE78E5FtGs_4core5ascii10ascii_charNtB5_9AsciiCharNtNtB9_3fmt5Debug3fmt
0000000000000000 T _RNvXs1_NtNtCsgBE78E5FtGs_4core5panic8locationNtB5_8LocationNtNtB9_3cmp10PartialOrd11partial_cmp
0000000000000000 T _RNvXs1_NtNtCsgBE78E5FtGs_4core6marker8varianceNtB5_24PhantomCovariantLifetimeNtNtB9_3fmt5Debug3fmt
0000000000000000 T _RNvXs1_NtNtNtNtCsgBE78E5FtGs_4core3num3imp6bignum5testsNtB5_6Big8x3NtNtBd_3cmp10PartialOrd11partial_cmp
0000000000000000 T _RNvXs1a_NtNtCsgBE78E5FtGs_4core3num11niche_typesNtB6_15NonZeroI16InnerNtNtBa_3fmt5Debug3fmt
0000000000000000 T _RNvXs1b_NtNtCsgBE78E5FtGs_4core4sync6atomicINtB6_6AtomicyENtNtBa_3fmt5Debug3fmt
0000000000000000 T _RNvXs1d_NtNtCsgBE78E5FtGs_4core3net7ip_addrNtB6_8Ipv4AddrINtNtNtBa_3ops3bit11BitOrAssignRBF_E12bitor_assign
0000000000000000 T _RNvXs1f_NtNtCsgBE78E5FtGs_4core3num7nonzeroINtB6_7NonZeroyENtNtNtBa_3str6traits7FromStr8from_str
0000000000000000 T _RNvXs1f_NtNtCsgBE78E5FtGs_4core4sync6atomicINtB6_6AtomiciENtNtBa_3fmt5Debug3fmt
0000000000000000 T _RNvXs1i_NtNtCsgBE78E5FtGs_4core3num11niche_typesNtB6_15NonZeroI32InnerNtNtBa_3fmt5Debug3fmt
0000000000000000 T _RNvXs1j_NtNtCsgBE78E5FtGs_4core3net7ip_addrNtB6_8Ipv6AddrINtNtNtBa_3ops3bit12BitAndAssignRBF_E13bitand_assign
0000000000000000 T _RNvXs1j_NtNtCsgBE78E5FtGs_4core4sync6atomicINtB6_6AtomicjENtNtBa_3fmt5Debug3fmt
0000000000000000 T _RNvXs1m_NtNtCsgBE78E5FtGs_4core3num7nonzeroINtB6_7NonZerooENtNtNtBa_3str6traits7FromStr8from_str
0000000000000000 T _RNvXs1p_NtNtCsgBE78E5FtGs_4core3net7ip_addrNtB6_8Ipv6AddrINtNtNtBa_3ops3bit11BitOrAssignRBF_E12bitor_assign
0000000000000000 T _RNvXs1q_NtNtCsgBE78E5FtGs_4core3num11niche_typesNtB6_15NonZeroI64InnerNtNtBa_3fmt5Debug3fmt
0000000000000000 T _RNvXs1t_NtNtCsgBE78E5FtGs_4core3num7nonzeroINtB6_7NonZerojENtNtNtBa_3str6traits7FromStr8from_str
0000000000000000 T _RNvXs1y_NtNtCsgBE78E5FtGs_4core3num11niche_typesNtB6_16NonZeroI128InnerNtNtBa_3fmt5Debug3fmt
0000000000000000 T _RNvXs20_NtNtCsgBE78E5FtGs_4core3str4iterNtB6_11EscapeDebugNtNtBa_3fmt7Display3fmt
0000000000000000 T _RNvXs23_NtNtCsgBE78E5FtGs_4core3str4iterNtB6_13EscapeDefaultNtNtBa_3fmt7Display3fmt
0000000000000000 T _RNvXs24_NtNtCsgBE78E5FtGs_4core3num11niche_typesNtB6_13U32NotAllOnesNtNtBa_3fmt5Debug3fmt
0000000000000000 T _RNvXs26_NtNtCsgBE78E5FtGs_4core3str4iterNtB6_13EscapeUnicodeNtNtBa_3fmt7Display3fmt
0000000000000000 T _RNvXs2A_NtNtCsgBE78E5FtGs_4core3num11niche_typesNtB6_16NonZeroCharInnerNtNtBa_3fmt5Debug3fmt
0000000000000000 T _RNvXs2_NtCsgBE78E5FtGs_4core4bstrNtB5_7ByteStrNtNtB7_3fmt5Debug3fmt
0000000000000000 T _RNvXs2_NtCsgBE78E5FtGs_4core4charNtB5_13EscapeUnicodeNtNtB7_3fmt7Display3fmt
0000000000000000 T _RNvXs2_NtCsgBE78E5FtGs_4core4wtf8NtB5_4Wtf8NtNtB7_3fmt7Display3fmt
0000000000000000 T _RNvXs2_NtNtCsgBE78E5FtGs_4core3fmt3numjNtB7_6Binary3fmt
0000000000000000 T _RNvXs2_NtNtCsgBE78E5FtGs_4core3fmt5floatfNtB7_5Debug3fmt
0000000000000000 T _RNvXs2_NtNtCsgBE78E5FtGs_4core3net6parserNtNtB7_7ip_addr8Ipv4AddrNtNtNtB9_3str6traits7FromStr8from_str
0000000000000000 T _RNvXs2_NtNtCsgBE78E5FtGs_4core3net7ip_addrNtB5_6IpAddrNtNtB9_3fmt7Display3fmt
0000000000000000 T _RNvXs2_NtNtCsgBE78E5FtGs_4core3num11float_parsedNtNtNtB9_3str6traits7FromStr8from_str
0000000000000000 T _RNvXs2_NtNtCsgBE78E5FtGs_4core3str5lossyNtB5_10Utf8ChunksNtNtNtNtB9_4iter6traits8iterator8Iterator4next
0000000000000000 T _RNvXs2_NtNtCsgBE78E5FtGs_4core5slice5asciiNtB5_11EscapeAsciiNtNtB9_3fmt7Display3fmt
0000000000000000 T _RNvXs2_NtNtNtNtCsgBE78E5FtGs_4core3num3imp6bignum5testsNtB5_6Big8x3NtNtBd_3cmp3Ord3cmp
0000000000000000 T _RNvXs2c_NtNtCsgBE78E5FtGs_4core3num11niche_typesNtB6_13I32NotAllOnesNtNtBa_3fmt5Debug3fmt
0000000000000000 T _RNvXs2k_NtNtCsgBE78E5FtGs_4core3num11niche_typesNtB6_13U64NotAllOnesNtNtBa_3fmt5Debug3fmt
0000000000000000 T _RNvXs2s_NtNtCsgBE78E5FtGs_4core3num11niche_typesNtB6_13I64NotAllOnesNtNtBa_3fmt5Debug3fmt
0000000000000000 T _RNvXs3A_NtNtCsgBE78E5FtGs_4core3num11niche_typesNtB6_14CodePointInnerNtNtBa_3fmt5Debug3fmt
0000000000000000 T _RNvXs3_NtCsgBE78E5FtGs_4core4bstrNtB5_7ByteStrNtNtB7_3fmt7Display3fmt
0000000000000000 T _RNvXs3_NtCsgBE78E5FtGs_4core5asciiNtB5_13EscapeDefaultNtNtB7_3fmt7Display3fmt
0000000000000000 T _RNvXs3_NtNtCsgBE78E5FtGs_4core3fmt3numiNtB7_6Binary3fmt
0000000000000000 T _RNvXs3_NtNtCsgBE78E5FtGs_4core3fmt5floatfNtB7_7Display3fmt
0000000000000000 T _RNvXs3_NtNtCsgBE78E5FtGs_4core3net7ip_addrNtB5_6IpAddrNtNtB9_3fmt5Debug3fmt
0000000000000000 T _RNvXs3_NtNtCsgBE78E5FtGs_4core5panic8locationNtB5_8LocationNtNtB9_3fmt5Debug3fmt
0000000000000000 T _RNvXs3_NtNtCsgBE78E5FtGs_4core5slice5asciiNtB5_11EscapeAsciiNtNtB9_3fmt5Debug3fmt
0000000000000000 T _RNvXs3_NtNtNtCsgBE78E5FtGs_4core3fmt3num3imptNtB9_7Display3fmt
0000000000000000 T _RNvXs4_NtCsgBE78E5FtGs_4core3pataNtB5_12RangePattern7sub_one
0000000000000000 T _RNvXs4_NtCsgBE78E5FtGs_4core5asciiNtB5_13EscapeDefaultNtNtB7_3fmt5Debug3fmt
0000000000000000 T _RNvXs4_NtCsgBE78E5FtGs_4core5errorNtB5_7RequestNtNtB7_3fmt5Debug3fmt
0000000000000000 T _RNvXs4_NtNtCsgBE78E5FtGs_4core3fmt3numjNtB7_5Octal3fmt
0000000000000000 T _RNvXs4_NtNtCsgBE78E5FtGs_4core3fmt5floatfNtB7_8LowerExp3fmt
0000000000000000 T _RNvXs4_NtNtCsgBE78E5FtGs_4core3net11socket_addrNtB5_10SocketAddrNtNtB9_3fmt7Display3fmt
0000000000000000 T _RNvXs4_NtNtCsgBE78E5FtGs_4core3net6parserNtNtB7_7ip_addr8Ipv6AddrNtNtNtB9_3str6traits7FromStr8from_str
0000000000000000 T _RNvXs4_NtNtCsgBE78E5FtGs_4core3num5errorNtB5_13ParseIntErrorNtNtB9_3fmt7Display3fmt
0000000000000000 T _RNvXs4_NtNtCsgBE78E5FtGs_4core3str5lossyNtB5_10Utf8ChunksNtNtB9_3fmt5Debug3fmt
0000000000000000 T _RNvXs4_NtNtNtCsgBE78E5FtGs_4core3fmt3num3impsNtB9_7Display3fmt
0000000000000000 T _RNvXs5_NtCsgBE78E5FtGs_4core3patsNtB5_12RangePattern7sub_one
0000000000000000 T _RNvXs5_NtNtCsgBE78E5FtGs_4core3fmt3numiNtB7_5Octal3fmt
0000000000000000 T _RNvXs5_NtNtCsgBE78E5FtGs_4core3fmt5floatfNtB7_8UpperExp3fmt
0000000000000000 T _RNvXs5_NtNtCsgBE78E5FtGs_4core3net11socket_addrNtB5_10SocketAddrNtNtB9_3fmt5Debug3fmt
0000000000000000 T _RNvXs5_NtNtCsgBE78E5FtGs_4core6marker8varianceNtB5_28PhantomContravariantLifetimeNtNtB9_3fmt5Debug3fmt
0000000000000000 T _RNvXs5_NtNtNtCsgBE78E5FtGs_4core3num3imp6bignumNtB5_8Big32x40NtNtBb_3cmp10PartialOrd11partial_cmp
0000000000000000 T _RNvXs5_NtNtNtNtCsgBE78E5FtGs_4core3num3imp6bignum5testsNtB5_6Big8x3NtNtBd_3fmt5Debug3fmt
0000000000000000 T _RNvXs6_NtCsgBE78E5FtGs_4core3patlNtB5_12RangePattern7sub_one
0000000000000000 T _RNvXs6_NtNtCsgBE78E5FtGs_4core3fmt3numjNtB7_8LowerHex3fmt
0000000000000000 T _RNvXs6_NtNtCsgBE78E5FtGs_4core3fmt5floatdNtB7_5Debug3fmt
0000000000000000 T _RNvXs6_NtNtCsgBE78E5FtGs_4core3net11socket_addrNtB5_12SocketAddrV4NtNtB9_3fmt7Display3fmt
0000000000000000 T _RNvXs6_NtNtCsgBE78E5FtGs_4core3net6parserNtNtB7_11socket_addr12SocketAddrV4NtNtNtB9_3str6traits7FromStr8from_str
0000000000000000 T _RNvXs6_NtNtCsgBE78E5FtGs_4core3net7ip_addrNtB5_8Ipv4AddrNtNtB9_3fmt7Display3fmt
0000000000000000 T _RNvXs6_NtNtCsgBE78E5FtGs_4core4char7convertNtB5_14ParseCharErrorNtNtB9_3fmt7Display3fmt
0000000000000000 T _RNvXs6_NtNtCsgBE78E5FtGs_4core4sync6atomicINtB5_6AtomicbENtNtB9_3fmt5Debug3fmt
0000000000000000 T _RNvXs6_NtNtNtCsgBE78E5FtGs_4core3num3imp6bignumNtB5_8Big32x40NtNtBb_3cmp3Ord3cmp
0000000000000000 T _RNvXs7_NtCsgBE78E5FtGs_4core3fmtNtB5_9ArgumentsNtB5_5Debug3fmt
0000000000000000 T _RNvXs7_NtCsgBE78E5FtGs_4core3patxNtB5_12RangePattern7sub_one
0000000000000000 T _RNvXs7_NtNtCsgBE78E5FtGs_4core3fmt3numiNtB7_8LowerHex3fmt
0000000000000000 T _RNvXs7_NtNtCsgBE78E5FtGs_4core3fmt5floatdNtB7_7Display3fmt
0000000000000000 T _RNvXs7_NtNtCsgBE78E5FtGs_4core3net11socket_addrNtB5_12SocketAddrV4NtNtB9_3fmt5Debug3fmt
0000000000000000 T _RNvXs7_NtNtCsgBE78E5FtGs_4core3net7ip_addrNtB5_8Ipv4AddrNtNtB9_3fmt5Debug3fmt
0000000000000000 T _RNvXs8_NtCsgBE78E5FtGs_4core3fmtNtB5_9ArgumentsNtB5_7Display3fmt
0000000000000000 T _RNvXs8_NtCsgBE78E5FtGs_4core3patnNtB5_12RangePattern7sub_one
0000000000000000 T _RNvXs8_NtCsgBE78E5FtGs_4core5errorNtB5_6SourceNtNtNtNtB7_4iter6traits8iterator8Iterator4next
0000000000000000 T _RNvXs8_NtNtCsgBE78E5FtGs_4core3fmt3numjNtB7_8UpperHex3fmt
0000000000000000 T _RNvXs8_NtNtCsgBE78E5FtGs_4core3fmt5floatdNtB7_8LowerExp3fmt
0000000000000000 T _RNvXs8_NtNtCsgBE78E5FtGs_4core3net11socket_addrNtB5_12SocketAddrV6NtNtB9_3fmt7Display3fmt
0000000000000000 T _RNvXs8_NtNtCsgBE78E5FtGs_4core3net6parserNtNtB7_11socket_addr12SocketAddrV6NtNtNtB9_3str6traits7FromStr8from_str
0000000000000000 T _RNvXs8_NtNtNtCsgBE78E5FtGs_4core3fmt3num3impmNtB9_7Display3fmt
0000000000000000 T _RNvXs9_NtCsgBE78E5FtGs_4core3patiNtB5_12RangePattern7sub_one
0000000000000000 T _RNvXs9_NtCsgBE78E5FtGs_4core5sliceNtB5_19GetDisjointMutErrorNtNtB7_3fmt7Display3fmt
0000000000000000 T _RNvXs9_NtNtCsgBE78E5FtGs_4core3fmt3numiNtB7_8UpperHex3fmt
0000000000000000 T _RNvXs9_NtNtCsgBE78E5FtGs_4core3fmt5floatdNtB7_8UpperExp3fmt
0000000000000000 T _RNvXs9_NtNtCsgBE78E5FtGs_4core3net11socket_addrNtB5_12SocketAddrV6NtNtB9_3fmt5Debug3fmt
0000000000000000 T _RNvXs9_NtNtCsgBE78E5FtGs_4core4char7convertNtB5_16CharTryFromErrorNtNtB9_3fmt7Display3fmt
0000000000000000 T _RNvXs9_NtNtCsgBE78E5FtGs_4core4task4wakeNtB5_5WakerNtNtB9_3fmt5Debug3fmt
0000000000000000 T _RNvXs9_NtNtCsgBE78E5FtGs_4core6marker8varianceNtB5_24PhantomInvariantLifetimeNtNtB9_3fmt5Debug3fmt
0000000000000000 T _RNvXs9_NtNtNtCsgBE78E5FtGs_4core3fmt3num3implNtB9_7Display3fmt
0000000000000000 T _RNvXs9_NtNtNtCsgBE78E5FtGs_4core3num3imp6bignumNtB5_8Big32x40NtNtBb_3fmt5Debug3fmt
0000000000000000 T _RNvXsA_NtNtCsgBE78E5FtGs_4core3fmt3numyNtB7_5Octal3fmt
0000000000000000 T _RNvXsA_NtNtNtCsgBE78E5FtGs_4core3fmt3num3impyNtB9_8LowerExp3fmt
0000000000000000 T _RNvXsB_NtNtCsgBE78E5FtGs_4core3fmt3numxNtB7_5Octal3fmt
0000000000000000 T _RNvXsB_NtNtNtCsgBE78E5FtGs_4core3fmt3num3impxNtB9_8UpperExp3fmt
0000000000000000 T _RNvXsC_NtNtCsgBE78E5FtGs_4core3fmt3numyNtB7_8LowerHex3fmt
0000000000000000 T _RNvXsC_NtNtNtCsgBE78E5FtGs_4core3fmt3num3impyNtB9_8UpperExp3fmt
0000000000000000 T _RNvXsD_NtNtCsgBE78E5FtGs_4core3fmt3numxNtB7_8LowerHex3fmt
0000000000000000 T _RNvXsD_NtNtNtCsgBE78E5FtGs_4core3fmt3num3impiNtB9_8LowerExp3fmt
0000000000000000 T _RNvXsE_NtCsgBE78E5FtGs_4core4charNtB5_11ToTitlecaseNtNtNtNtB7_4iter6traits8iterator8Iterator10advance_by
0000000000000000 T _RNvXsE_NtCsgBE78E5FtGs_4core4charNtB5_11ToTitlecaseNtNtNtNtB7_4iter6traits8iterator8Iterator24___iterator_get_unchecked
0000000000000000 T _RNvXsE_NtCsgBE78E5FtGs_4core4charNtB5_11ToTitlecaseNtNtNtNtB7_4iter6traits8iterator8Iterator4last
0000000000000000 T _RNvXsE_NtCsgBE78E5FtGs_4core4charNtB5_11ToTitlecaseNtNtNtNtB7_4iter6traits8iterator8Iterator4next
0000000000000000 T _RNvXsE_NtCsgBE78E5FtGs_4core4charNtB5_11ToTitlecaseNtNtNtNtB7_4iter6traits8iterator8Iterator5count
0000000000000000 T _RNvXsE_NtNtCsgBE78E5FtGs_4core3fmt3numyNtB7_8UpperHex3fmt
0000000000000000 T _RNvXsE_NtNtCsgBE78E5FtGs_4core3num11niche_typesNtB5_15NonZeroU32InnerNtNtB9_3fmt5Debug3fmt
0000000000000000 T _RNvXsE_NtNtNtCsgBE78E5FtGs_4core3fmt3num3impjNtB9_8LowerExp3fmt
0000000000000000 T _RNvXsF_NtCsgBE78E5FtGs_4core4charNtB5_11ToTitlecaseNtNtNtNtB7_4iter6traits12double_ended19DoubleEndedIterator15advance_back_by
0000000000000000 T _RNvXsF_NtCsgBE78E5FtGs_4core4charNtB5_11ToTitlecaseNtNtNtNtB7_4iter6traits12double_ended19DoubleEndedIterator9next_back
0000000000000000 T _RNvXsF_NtNtCsgBE78E5FtGs_4core3fmt3numxNtB7_8UpperHex3fmt
0000000000000000 T _RNvXsF_NtNtNtCsgBE78E5FtGs_4core3fmt3num3impiNtB9_8UpperExp3fmt
0000000000000000 T _RNvXsG_NtNtCsgBE78E5FtGs_4core3fmt3numoNtB7_6Binary3fmt
0000000000000000 T _RNvXsG_NtNtNtCsgBE78E5FtGs_4core3fmt3num3impjNtB9_8UpperExp3fmt
0000000000000000 T _RNvXsH_NtNtCsgBE78E5FtGs_4core3fmt3numnNtB7_6Binary3fmt
0000000000000000 T _RNvXsI_NtNtCsgBE78E5FtGs_4core3fmt3numoNtB7_5Octal3fmt
0000000000000000 T _RNvXsJ_NtNtCsgBE78E5FtGs_4core3fmt3numnNtB7_5Octal3fmt
0000000000000000 T _RNvXsJ_NtNtCsgBE78E5FtGs_4core4sync6atomicINtB5_6AtomicaENtNtB9_3fmt5Debug3fmt
0000000000000000 T _RNvXsK_NtNtCsgBE78E5FtGs_4core3fmt3numoNtB7_8LowerHex3fmt
0000000000000000 T _RNvXsL_NtNtCsgBE78E5FtGs_4core3fmt3numnNtB7_8LowerHex3fmt
0000000000000000 T _RNvXsM_NtNtCsgBE78E5FtGs_4core3fmt3numoNtB7_8UpperHex3fmt
0000000000000000 T _RNvXsM_NtNtCsgBE78E5FtGs_4core3num11niche_typesNtB5_15NonZeroU64InnerNtNtB9_3fmt5Debug3fmt
0000000000000000 T _RNvXsN_NtNtCsgBE78E5FtGs_4core3fmt3numnNtB7_8UpperHex3fmt
0000000000000000 T _RNvXsN_NtNtCsgBE78E5FtGs_4core3str4iterNtB5_11EncodeUtf16NtNtB9_3fmt5Debug3fmt
0000000000000000 T _RNvXsN_NtNtCsgBE78E5FtGs_4core4sync6atomicINtB5_6AtomichENtNtB9_3fmt5Debug3fmt
0000000000000000 T _RNvXsO_NtCsgBE78E5FtGs_4core4charNtB5_11ToLowercaseNtNtNtNtB7_4iter6traits8iterator8Iterator10advance_by
0000000000000000 T _RNvXsO_NtCsgBE78E5FtGs_4core4charNtB5_11ToLowercaseNtNtNtNtB7_4iter6traits8iterator8Iterator24___iterator_get_unchecked
0000000000000000 T _RNvXsO_NtCsgBE78E5FtGs_4core4charNtB5_11ToLowercaseNtNtNtNtB7_4iter6traits8iterator8Iterator4last
0000000000000000 T _RNvXsO_NtCsgBE78E5FtGs_4core4charNtB5_11ToLowercaseNtNtNtNtB7_4iter6traits8iterator8Iterator4next
0000000000000000 T _RNvXsO_NtCsgBE78E5FtGs_4core4charNtB5_11ToLowercaseNtNtNtNtB7_4iter6traits8iterator8Iterator5count
0000000000000000 T _RNvXsP_NtCsgBE78E5FtGs_4core4charNtB5_11ToLowercaseNtNtNtNtB7_4iter6traits12double_ended19DoubleEndedIterator15advance_back_by
0000000000000000 T _RNvXsP_NtCsgBE78E5FtGs_4core4charNtB5_11ToLowercaseNtNtNtNtB7_4iter6traits12double_ended19DoubleEndedIterator9next_back
0000000000000000 T _RNvXsR_NtNtCsgBE78E5FtGs_4core4sync6atomicINtB5_6AtomicsENtNtB9_3fmt5Debug3fmt
0000000000000000 T _RNvXsU_NtNtCsgBE78E5FtGs_4core3num11niche_typesNtB5_16NonZeroU128InnerNtNtB9_3fmt5Debug3fmt
0000000000000000 T _RNvXsU_NtNtCsgBE78E5FtGs_4core3num7nonzeroINtB5_7NonZerohENtNtNtB9_3str6traits7FromStr8from_str
0000000000000000 T _RNvXsV_NtNtCsgBE78E5FtGs_4core4sync6atomicINtB5_6AtomictENtNtB9_3fmt5Debug3fmt
0000000000000000 T _RNvXsZ_NtNtCsgBE78E5FtGs_4core4sync6atomicINtB5_6AtomiclENtNtB9_3fmt5Debug3fmt
0000000000000000 T _RNvXs_NtCsgBE78E5FtGs_4core3anyDNtB4_3AnyEL_NtNtB6_3fmt5Debug3fmt
0000000000000000 T _RNvXs_NtCsgBE78E5FtGs_4core5allocNtB4_10AllocErrorNtNtB6_3fmt7Display3fmt
0000000000000000 T _RNvXs_NtNtCsgBE78E5FtGs_4core2io5errorNtB4_9ErrorKindNtNtB8_3fmt7Display3fmt
0000000000000000 T _RNvXs_NtNtCsgBE78E5FtGs_4core3fmt3numnNtB6_7Display3fmt
0000000000000000 T _RNvXs_NtNtCsgBE78E5FtGs_4core3mem9alignmentNtB4_9AlignmentNtNtB8_3fmt5Debug3fmt
0000000000000000 T _RNvXs_NtNtCsgBE78E5FtGs_4core3num11float_parseNtB4_15ParseFloatErrorNtNtB8_3fmt7Display3fmt
0000000000000000 T _RNvXs_NtNtCsgBE78E5FtGs_4core3num5errorNtB4_15TryFromIntErrorNtNtB8_3fmt7Display3fmt
0000000000000000 T _RNvXs_NtNtCsgBE78E5FtGs_4core3str4iterNtB4_5CharsNtNtB8_3fmt5Debug3fmt
0000000000000000 T _RNvXs_NtNtCsgBE78E5FtGs_4core3str5errorNtB4_9Utf8ErrorNtNtB8_3fmt7Display3fmt
0000000000000000 T _RNvXs_NtNtCsgBE78E5FtGs_4core5panic10panic_infoNtB4_9PanicInfoNtNtB8_3fmt7Display3fmt
0000000000000000 T _RNvXs_NtNtNtCsgBE78E5FtGs_4core3fmt3num3impaNtB8_7Display3fmt
0000000000000000 T _RNvXsa_NtCsgBE78E5FtGs_4core3anyNtB5_6TypeIdNtNtB7_3fmt5Debug3fmt
0000000000000000 T _RNvXsa_NtCsgBE78E5FtGs_4core3pathNtB5_12RangePattern7sub_one
0000000000000000 T _RNvXsa_NtCsgBE78E5FtGs_4core4timeNtB5_8DurationNtNtB7_3fmt5Debug3fmt
0000000000000000 T _RNvXsa_NtCsgBE78E5FtGs_4core4wtf8NtB5_14Wtf8CodePointsNtNtB7_3fmt5Debug3fmt
0000000000000000 T _RNvXsa_NtNtCsgBE78E5FtGs_4core3fmt3numhNtB7_6Binary3fmt
0000000000000000 T _RNvXsa_NtNtCsgBE78E5FtGs_4core3fmt5floatC3f16NtB7_5Debug3fmt
0000000000000000 T _RNvXsa_NtNtCsgBE78E5FtGs_4core3net6parserNtNtB7_11socket_addr10SocketAddrNtNtNtB9_3str6traits7FromStr8from_str
0000000000000000 T _RNvXsb_NtCsgBE78E5FtGs_4core3fmtNtB5_9FormatterNtB5_5Write10write_char
0000000000000000 T _RNvXsb_NtCsgBE78E5FtGs_4core3fmtNtB5_9FormatterNtB5_5Write9write_str
0000000000000000 T _RNvXsb_NtCsgBE78E5FtGs_4core3pattNtB5_12RangePattern7sub_one
0000000000000000 T _RNvXsb_NtCsgBE78E5FtGs_4core4timeNtB5_21TryFromFloatSecsErrorNtNtB7_3fmt7Display3fmt
0000000000000000 T _RNvXsb_NtNtCsgBE78E5FtGs_4core3fmt3numaNtB7_6Binary3fmt
0000000000000000 T _RNvXsb_NtNtCsgBE78E5FtGs_4core3fmt5floatC3f16NtB7_7Display3fmt
0000000000000000 T _RNvXsb_NtNtCsgBE78E5FtGs_4core3net6parserNtB5_14AddrParseErrorNtNtB9_3fmt7Display3fmt
0000000000000000 T _RNvXsc_NtCsgBE78E5FtGs_4core3fmtNtB5_5ErrorNtB5_7Display3fmt
0000000000000000 T _RNvXsc_NtCsgBE78E5FtGs_4core3patmNtB5_12RangePattern7sub_one
0000000000000000 T _RNvXsc_NtNtCsgBE78E5FtGs_4core3fmt3numhNtB7_5Octal3fmt
0000000000000000 T _RNvXsc_NtNtCsgBE78E5FtGs_4core3fmt5floatC3f16NtB7_8LowerExp3fmt
0000000000000000 T _RNvXsd_NtCsgBE78E5FtGs_4core3patyNtB5_12RangePattern7sub_one
0000000000000000 T _RNvXsd_NtCsgBE78E5FtGs_4core4wtf8NtB5_10EncodeWideNtNtB7_3fmt5Debug3fmt
0000000000000000 T _RNvXsd_NtNtCsgBE78E5FtGs_4core3fmt3numaNtB7_5Octal3fmt
0000000000000000 T _RNvXsd_NtNtCsgBE78E5FtGs_4core3fmt5floatC3f16NtB7_8UpperExp3fmt
0000000000000000 T _RNvXsd_NtNtCsgBE78E5FtGs_4core3num11niche_typesNtB5_11NanosecondsNtNtB9_3fmt5Debug3fmt
0000000000000000 T _RNvXsd_NtNtNtCsgBE78E5FtGs_4core3fmt3num3impyNtB9_7Display3fmt
0000000000000000 T _RNvXse_NtCsgBE78E5FtGs_4core3patoNtB5_12RangePattern7sub_one
0000000000000000 T _RNvXse_NtCsgBE78E5FtGs_4core4charNtB5_15CaseMappingIterNtNtNtNtB7_4iter6traits8iterator8Iterator10advance_by
0000000000000000 T _RNvXse_NtCsgBE78E5FtGs_4core4charNtB5_15CaseMappingIterNtNtNtNtB7_4iter6traits8iterator8Iterator24___iterator_get_unchecked
0000000000000000 T _RNvXse_NtCsgBE78E5FtGs_4core4charNtB5_15CaseMappingIterNtNtNtNtB7_4iter6traits8iterator8Iterator4last
0000000000000000 T _RNvXse_NtCsgBE78E5FtGs_4core4charNtB5_15CaseMappingIterNtNtNtNtB7_4iter6traits8iterator8Iterator4next
0000000000000000 T _RNvXse_NtCsgBE78E5FtGs_4core4charNtB5_15CaseMappingIterNtNtNtNtB7_4iter6traits8iterator8Iterator5count
0000000000000000 T _RNvXse_NtNtCsgBE78E5FtGs_4core3fmt3numhNtB7_8LowerHex3fmt
0000000000000000 T _RNvXse_NtNtNtCsgBE78E5FtGs_4core3fmt3num3impxNtB9_7Display3fmt
0000000000000000 T _RNvXsf_NtCsgBE78E5FtGs_4core3patjNtB5_12RangePattern7sub_one
0000000000000000 T _RNvXsf_NtCsgBE78E5FtGs_4core4charNtB5_15CaseMappingIterNtNtNtNtB7_4iter6traits12double_ended19DoubleEndedIterator15advance_back_by
0000000000000000 T _RNvXsf_NtCsgBE78E5FtGs_4core4charNtB5_15CaseMappingIterNtNtNtNtB7_4iter6traits12double_ended19DoubleEndedIterator9next_back
0000000000000000 T _RNvXsf_NtNtCsgBE78E5FtGs_4core3fmt3numaNtB7_8LowerHex3fmt
0000000000000000 T _RNvXsf_NtNtCsgBE78E5FtGs_4core4task4wakeNtB5_10LocalWakerNtNtB9_3fmt5Debug3fmt
0000000000000000 T _RNvXsg_NtCsgBE78E5FtGs_4core3fmtbNtB5_7Display3fmt
0000000000000000 T _RNvXsg_NtNtCsgBE78E5FtGs_4core3fmt3numhNtB7_8UpperHex3fmt
0000000000000000 T _RNvXsh_NtCsgBE78E5FtGs_4core3fmteNtB5_5Debug3fmt
0000000000000000 T _RNvXsh_NtNtCsgBE78E5FtGs_4core3fmt3numaNtB7_8UpperHex3fmt
0000000000000000 T _RNvXsi_NtCsgBE78E5FtGs_4core3fmteNtB5_7Display3fmt
0000000000000000 T _RNvXsi_NtNtCsgBE78E5FtGs_4core3fmt3numtNtB7_6Binary3fmt
0000000000000000 T _RNvXsi_NtNtNtCsgBE78E5FtGs_4core3fmt3num3impjNtB9_7Display3fmt
0000000000000000 T _RNvXsj_NtCsgBE78E5FtGs_4core3fmtcNtB5_5Debug3fmt
0000000000000000 T _RNvXsj_NtNtCsgBE78E5FtGs_4core3fmt3numsNtB7_6Binary3fmt
0000000000000000 T _RNvXsj_NtNtCsgBE78E5FtGs_4core3net7ip_addrNtB5_8Ipv6AddrNtNtB9_3fmt7Display3fmt
0000000000000000 T _RNvXsj_NtNtNtCsgBE78E5FtGs_4core3fmt3num3impiNtB9_7Display3fmt
0000000000000000 T _RNvXsk_NtCsgBE78E5FtGs_4core3fmtcNtB5_7Display3fmt
0000000000000000 T _RNvXsk_NtNtCsgBE78E5FtGs_4core3fmt3numtNtB7_5Octal3fmt
0000000000000000 T _RNvXsk_NtNtCsgBE78E5FtGs_4core3net7ip_addrNtB5_8Ipv6AddrNtNtB9_3fmt5Debug3fmt
0000000000000000 T _RNvXsl_NtNtCsgBE78E5FtGs_4core3fmt3numsNtB7_5Octal3fmt
0000000000000000 T _RNvXsm_NtCsgBE78E5FtGs_4core4charNtB5_16TryFromCharErrorNtNtB7_3fmt7Display3fmt
0000000000000000 T _RNvXsm_NtNtCsgBE78E5FtGs_4core3fmt3numtNtB7_8LowerHex3fmt
0000000000000000 T _RNvXsn_NtNtCsgBE78E5FtGs_4core3fmt3numsNtB7_8LowerHex3fmt
0000000000000000 T _RNvXsn_NtNtNtCsgBE78E5FtGs_4core3fmt3num3impaNtB9_8LowerExp3fmt
0000000000000000 T _RNvXso_NtNtCsgBE78E5FtGs_4core3fmt3numtNtB7_8UpperHex3fmt
0000000000000000 T _RNvXso_NtNtCsgBE78E5FtGs_4core3num11niche_typesNtB5_14NonZeroU8InnerNtNtB9_3fmt5Debug3fmt
0000000000000000 T _RNvXso_NtNtNtCsgBE78E5FtGs_4core3fmt3num3imphNtB9_8LowerExp3fmt
0000000000000000 T _RNvXsp_NtNtCsgBE78E5FtGs_4core3fmt3numsNtB7_8UpperHex3fmt
0000000000000000 T _RNvXsp_NtNtNtCsgBE78E5FtGs_4core3fmt3num3impaNtB9_8UpperExp3fmt
0000000000000000 T _RNvXsq_NtCsgBE78E5FtGs_4core4cellNtB5_11BorrowErrorNtNtB7_3fmt7Display3fmt
0000000000000000 T _RNvXsq_NtNtCsgBE78E5FtGs_4core3fmt3nummNtB7_6Binary3fmt
0000000000000000 T _RNvXsq_NtNtNtCsgBE78E5FtGs_4core3fmt3num3imphNtB9_8UpperExp3fmt
0000000000000000 T _RNvXsr_NtCsgBE78E5FtGs_4core4cellNtB5_14BorrowMutErrorNtNtB7_3fmt7Display3fmt
0000000000000000 T _RNvXsr_NtNtCsgBE78E5FtGs_4core3fmt3numlNtB7_6Binary3fmt
0000000000000000 T _RNvXsr_NtNtNtCsgBE78E5FtGs_4core3fmt3num3impsNtB9_8LowerExp3fmt
0000000000000000 T _RNvXss_NtNtCsgBE78E5FtGs_4core3fmt3nummNtB7_5Octal3fmt
0000000000000000 T _RNvXss_NtNtNtCsgBE78E5FtGs_4core3fmt3num3imptNtB9_8LowerExp3fmt
0000000000000000 T _RNvXst_NtNtCsgBE78E5FtGs_4core3fmt3numlNtB7_5Octal3fmt
0000000000000000 T _RNvXst_NtNtNtCsgBE78E5FtGs_4core3fmt3num3impsNtB9_8UpperExp3fmt
0000000000000000 T _RNvXsu_NtCsgBE78E5FtGs_4core4charNtB5_11ToUppercaseNtNtNtNtB7_4iter6traits8iterator8Iterator10advance_by
0000000000000000 T _RNvXsu_NtCsgBE78E5FtGs_4core4charNtB5_11ToUppercaseNtNtNtNtB7_4iter6traits8iterator8Iterator24___iterator_get_unchecked
0000000000000000 T _RNvXsu_NtCsgBE78E5FtGs_4core4charNtB5_11ToUppercaseNtNtNtNtB7_4iter6traits8iterator8Iterator4last
0000000000000000 T _RNvXsu_NtCsgBE78E5FtGs_4core4charNtB5_11ToUppercaseNtNtNtNtB7_4iter6traits8iterator8Iterator4next
0000000000000000 T _RNvXsu_NtCsgBE78E5FtGs_4core4charNtB5_11ToUppercaseNtNtNtNtB7_4iter6traits8iterator8Iterator5count
0000000000000000 T _RNvXsu_NtNtCsgBE78E5FtGs_4core3fmt3nummNtB7_8LowerHex3fmt
0000000000000000 T _RNvXsu_NtNtNtCsgBE78E5FtGs_4core3fmt3num3imptNtB9_8UpperExp3fmt
0000000000000000 T _RNvXsv_NtCsgBE78E5FtGs_4core4charNtB5_11ToUppercaseNtNtNtNtB7_4iter6traits12double_ended19DoubleEndedIterator15advance_back_by
0000000000000000 T _RNvXsv_NtCsgBE78E5FtGs_4core4charNtB5_11ToUppercaseNtNtNtNtB7_4iter6traits12double_ended19DoubleEndedIterator9next_back
0000000000000000 T _RNvXsv_NtNtCsgBE78E5FtGs_4core3fmt3numlNtB7_8LowerHex3fmt
0000000000000000 T _RNvXsv_NtNtNtCsgBE78E5FtGs_4core3fmt3num3implNtB9_8LowerExp3fmt
0000000000000000 T _RNvXsw_NtNtCsgBE78E5FtGs_4core3fmt3nummNtB7_8UpperHex3fmt
0000000000000000 T _RNvXsw_NtNtCsgBE78E5FtGs_4core3num11niche_typesNtB5_15NonZeroU16InnerNtNtB9_3fmt5Debug3fmt
0000000000000000 T _RNvXsw_NtNtNtCsgBE78E5FtGs_4core3fmt3num3impmNtB9_8LowerExp3fmt
0000000000000000 T _RNvXsx_NtNtCsgBE78E5FtGs_4core3fmt3numlNtB7_8UpperHex3fmt
0000000000000000 T _RNvXsx_NtNtNtCsgBE78E5FtGs_4core3fmt3num3implNtB9_8UpperExp3fmt
0000000000000000 T _RNvXsy_NtNtCsgBE78E5FtGs_4core3fmt3numyNtB7_6Binary3fmt
0000000000000000 T _RNvXsy_NtNtNtCsgBE78E5FtGs_4core3fmt3num3impmNtB9_8UpperExp3fmt
0000000000000000 T _RNvXsz_NtNtCsgBE78E5FtGs_4core3fmt3numxNtB7_6Binary3fmt
0000000000000000 T _RNvXsz_NtNtNtCsgBE78E5FtGs_4core3fmt3num3impxNtB9_8LowerExp3fmt

compiler_builtins-89252fb82509c590.compiler_builtins.aefa6519aa039318-cgu.000.rcgu.o:
0000000000000000 T _RNvNtNtCsf1p4jr4DPbU_17compiler_builtins5float4conv11___floatdidf
0000000000000000 T _RNvNtNtCsf1p4jr4DPbU_17compiler_builtins5float4conv11___floatdisf
0000000000000000 T _RNvNtNtCsf1p4jr4DPbU_17compiler_builtins5float4conv11___floatsidf
0000000000000000 T _RNvNtNtCsf1p4jr4DPbU_17compiler_builtins5float4conv11___floatsisf
0000000000000000 T _RNvNtNtCsf1p4jr4DPbU_17compiler_builtins5float4conv11___floattidf
0000000000000000 T _RNvNtNtCsf1p4jr4DPbU_17compiler_builtins5float4conv11___floattisf
0000000000000000 T _RNvNtNtCsf1p4jr4DPbU_17compiler_builtins5float4conv12___fixunsdfdi
0000000000000000 T _RNvNtNtCsf1p4jr4DPbU_17compiler_builtins5float4conv12___fixunsdfsi
0000000000000000 T _RNvNtNtCsf1p4jr4DPbU_17compiler_builtins5float4conv12___fixunsdfti
0000000000000000 T _RNvNtNtCsf1p4jr4DPbU_17compiler_builtins5float4conv12___fixunssfdi
0000000000000000 T _RNvNtNtCsf1p4jr4DPbU_17compiler_builtins5float4conv12___fixunssfsi
0000000000000000 T _RNvNtNtCsf1p4jr4DPbU_17compiler_builtins5float4conv12___fixunssfti
0000000000000000 T _RNvNtNtCsf1p4jr4DPbU_17compiler_builtins5float4conv13___floatundidf
0000000000000000 T _RNvNtNtCsf1p4jr4DPbU_17compiler_builtins5float4conv13___floatundisf
0000000000000000 T _RNvNtNtCsf1p4jr4DPbU_17compiler_builtins5float4conv13___floatunsisf
0000000000000000 T _RNvNtNtCsf1p4jr4DPbU_17compiler_builtins5float4conv13___floatuntidf
0000000000000000 T _RNvNtNtCsf1p4jr4DPbU_17compiler_builtins5float4conv13___floatuntisf
0000000000000000 T _RNvNtNtCsf1p4jr4DPbU_17compiler_builtins5float4conv9___fixdfdi
0000000000000000 T _RNvNtNtCsf1p4jr4DPbU_17compiler_builtins5float4conv9___fixdfsi
0000000000000000 T _RNvNtNtCsf1p4jr4DPbU_17compiler_builtins5float4conv9___fixdfti
0000000000000000 T _RNvNtNtCsf1p4jr4DPbU_17compiler_builtins5float4conv9___fixsfdi
0000000000000000 T _RNvNtNtCsf1p4jr4DPbU_17compiler_builtins5float4conv9___fixsfsi
0000000000000000 T _RNvNtNtCsf1p4jr4DPbU_17compiler_builtins5float4conv9___fixsfti
0000000000000000 R anon.1a3229458e91938dbf655eaaea4f2707.0.llvm.8991150066899207676
0000000000000000 D anon.1a3229458e91938dbf655eaaea4f2707.1.llvm.8991150066899207676
0000000000000000 D anon.1a3229458e91938dbf655eaaea4f2707.2.llvm.8991150066899207676

compiler_builtins-89252fb82509c590.compiler_builtins.aefa6519aa039318-cgu.001.rcgu.o:
0000000000000000 T _RINvNtNtCsf1p4jr4DPbU_17compiler_builtins5float3add3addC3f16EB6_
0000000000000000 T _RNvNtNtCsf1p4jr4DPbU_17compiler_builtins5float3add8___adddf3
0000000000000000 T _RNvNtNtCsf1p4jr4DPbU_17compiler_builtins5float3add8___addsf3

compiler_builtins-89252fb82509c590.compiler_builtins.aefa6519aa039318-cgu.002.rcgu.o:
0000000000000000 T _RNvNtNtCsf1p4jr4DPbU_17compiler_builtins5float3div8___divdf3
0000000000000000 T _RNvNtNtCsf1p4jr4DPbU_17compiler_builtins5float3div8___divsf3

compiler_builtins-89252fb82509c590.compiler_builtins.aefa6519aa039318-cgu.003.rcgu.o:
0000000000000000 T _RINvNtNtCsf1p4jr4DPbU_17compiler_builtins5float3mul3mulC3f16EB6_
0000000000000000 T _RNvNtNtCsf1p4jr4DPbU_17compiler_builtins5float3mul8___muldf3
0000000000000000 T _RNvNtNtCsf1p4jr4DPbU_17compiler_builtins5float3mul8___mulsf3

compiler_builtins-89252fb82509c590.compiler_builtins.aefa6519aa039318-cgu.004.rcgu.o:
0000000000000000 T _RNvNtNtNtCsf1p4jr4DPbU_17compiler_builtins4math9libm_math3fma3fma
0000000000000000 T _RNvNtNtNtCsf1p4jr4DPbU_17compiler_builtins4math9libm_math3fma4fmaf

compiler_builtins-89252fb82509c590.compiler_builtins.aefa6519aa039318-cgu.005.rcgu.o:
0000000000000000 T _RNvNtNtNtCsf1p4jr4DPbU_17compiler_builtins4math9libm_math4sqrt4sqrt
0000000000000000 T _RNvNtNtNtCsf1p4jr4DPbU_17compiler_builtins4math9libm_math4sqrt5sqrtf
0000000000000000 R anon.6d2f00899826378182eb6d964f095265.0.llvm.9202331018878787104
0000000000000000 D anon.6d2f00899826378182eb6d964f095265.1.llvm.9202331018878787104
0000000000000000 D anon.6d2f00899826378182eb6d964f095265.2.llvm.9202331018878787104

compiler_builtins-89252fb82509c590.compiler_builtins.aefa6519aa039318-cgu.006.rcgu.o:
0000000000000000 T _RINvNtNtNtNtCsf1p4jr4DPbU_17compiler_builtins4math9libm_math7support7modular20linear_mul_reductionmEBa_
0000000000000000 T _RINvNtNtNtNtCsf1p4jr4DPbU_17compiler_builtins4math9libm_math7support7modular20linear_mul_reductionyEBa_

compiler_builtins-89252fb82509c590.compiler_builtins.aefa6519aa039318-cgu.007.rcgu.o:
0000000000000000 T _RINvNtNtCsf1p4jr4DPbU_17compiler_builtins5float5trunc5truncdC3f16EB6_
0000000000000000 T _RINvNtNtCsf1p4jr4DPbU_17compiler_builtins5float5trunc5truncfC3f16EB6_
0000000000000000 T _RNvNtNtCsf1p4jr4DPbU_17compiler_builtins5float5trunc12___truncdfsf2

compiler_builtins-89252fb82509c590.compiler_builtins.aefa6519aa039318-cgu.008.rcgu.o:
0000000000000000 T _RINvNtNtCsf1p4jr4DPbU_17compiler_builtins5float3cmp3cmpC3f16EB6_
0000000000000000 T _RINvNtNtCsf1p4jr4DPbU_17compiler_builtins5float3cmp5unordC3f16EB6_
0000000000000000 T _RNvNtNtCsf1p4jr4DPbU_17compiler_builtins5float3cmp10___unorddf2
0000000000000000 T _RNvNtNtCsf1p4jr4DPbU_17compiler_builtins5float3cmp10___unordsf2
0000000000000000 T _RNvNtNtCsf1p4jr4DPbU_17compiler_builtins5float3cmp7___eqdf2
0000000000000000 T _RNvNtNtCsf1p4jr4DPbU_17compiler_builtins5float3cmp7___eqsf2
0000000000000000 T _RNvNtNtCsf1p4jr4DPbU_17compiler_builtins5float3cmp7___gedf2
0000000000000000 T _RNvNtNtCsf1p4jr4DPbU_17compiler_builtins5float3cmp7___gesf2
0000000000000000 T _RNvNtNtCsf1p4jr4DPbU_17compiler_builtins5float3cmp7___gtdf2
0000000000000000 T _RNvNtNtCsf1p4jr4DPbU_17compiler_builtins5float3cmp7___gtsf2
0000000000000000 T _RNvNtNtCsf1p4jr4DPbU_17compiler_builtins5float3cmp7___ledf2
0000000000000000 T _RNvNtNtCsf1p4jr4DPbU_17compiler_builtins5float3cmp7___lesf2
0000000000000000 T _RNvNtNtCsf1p4jr4DPbU_17compiler_builtins5float3cmp7___ltdf2
0000000000000000 T _RNvNtNtCsf1p4jr4DPbU_17compiler_builtins5float3cmp7___ltsf2
0000000000000000 T _RNvNtNtCsf1p4jr4DPbU_17compiler_builtins5float3cmp7___nedf2
0000000000000000 T _RNvNtNtCsf1p4jr4DPbU_17compiler_builtins5float3cmp7___nesf2

compiler_builtins-89252fb82509c590.compiler_builtins.aefa6519aa039318-cgu.009.rcgu.o:
0000000000000000 T _RNvNtCsf1p4jr4DPbU_17compiler_builtins3mem6memcpy
0000000000000000 T _RNvNtCsf1p4jr4DPbU_17compiler_builtins3mem6memset
0000000000000000 T _RNvNtCsf1p4jr4DPbU_17compiler_builtins3mem7memmove

compiler_builtins-89252fb82509c590.compiler_builtins.aefa6519aa039318-cgu.010.rcgu.o:
0000000000000000 T _RNvNtNtCsf1p4jr4DPbU_17compiler_builtins3int3mul16___rust_i128_mulo
0000000000000000 T _RNvNtNtCsf1p4jr4DPbU_17compiler_builtins3int3mul16___rust_u128_mulo
0000000000000000 T _RNvNtNtCsf1p4jr4DPbU_17compiler_builtins3int3mul8___muldi3
0000000000000000 T _RNvNtNtCsf1p4jr4DPbU_17compiler_builtins3int3mul8___multi3
0000000000000000 T _RNvNtNtCsf1p4jr4DPbU_17compiler_builtins3int3mul9___mulodi4
0000000000000000 T _RNvNtNtCsf1p4jr4DPbU_17compiler_builtins3int3mul9___mulosi4
0000000000000000 T _RNvNtNtCsf1p4jr4DPbU_17compiler_builtins3int3mul9___muloti4

compiler_builtins-89252fb82509c590.compiler_builtins.aefa6519aa039318-cgu.011.rcgu.o:
0000000000000000 T _RINvNtNtNtNtCsf1p4jr4DPbU_17compiler_builtins4math9libm_math7generic4fmod12into_sig_expC3f16EBa_
0000000000000000 T _RINvNtNtNtNtCsf1p4jr4DPbU_17compiler_builtins4math9libm_math7generic4fmod12into_sig_expdEBa_
0000000000000000 T _RINvNtNtNtNtCsf1p4jr4DPbU_17compiler_builtins4math9libm_math7generic4fmod12into_sig_expfEBa_
0000000000000000 T _RINvNtNtNtNtCsf1p4jr4DPbU_17compiler_builtins4math9libm_math7generic4fmod9reductionC3f16EBa_
0000000000000000 T _RINvNtNtNtNtCsf1p4jr4DPbU_17compiler_builtins4math9libm_math7generic4fmod9reductiondEBa_
0000000000000000 T _RINvNtNtNtNtCsf1p4jr4DPbU_17compiler_builtins4math9libm_math7generic4fmod9reductionfEBa_
0000000000000000 R anon.758f264e82377778c99f427b18e05bdd.0.llvm.4236099361846032774
0000000000000000 D anon.758f264e82377778c99f427b18e05bdd.1.llvm.4236099361846032774

compiler_builtins-89252fb82509c590.compiler_builtins.aefa6519aa039318-cgu.012.rcgu.o:
0000000000000000 W sqrtf16

compiler_builtins-89252fb82509c590.compiler_builtins.aefa6519aa039318-cgu.013.rcgu.o:
0000000000000000 T _RINvNtNtCsf1p4jr4DPbU_17compiler_builtins5float6extend6extendC3f16dEB6_
0000000000000000 T _RINvNtNtCsf1p4jr4DPbU_17compiler_builtins5float6extend6extendC3f16fEB6_
0000000000000000 T _RNvNtNtCsf1p4jr4DPbU_17compiler_builtins5float6extend13___extendsfdf2

compiler_builtins-89252fb82509c590.compiler_builtins.aefa6519aa039318-cgu.014.rcgu.o:
0000000000000000 T _RNvNtNtCsf1p4jr4DPbU_17compiler_builtins3int5shift9___ashldi3
0000000000000000 T _RNvNtNtCsf1p4jr4DPbU_17compiler_builtins3int5shift9___ashlsi3
0000000000000000 T _RNvNtNtCsf1p4jr4DPbU_17compiler_builtins3int5shift9___ashlti3
0000000000000000 T _RNvNtNtCsf1p4jr4DPbU_17compiler_builtins3int5shift9___ashrdi3
0000000000000000 T _RNvNtNtCsf1p4jr4DPbU_17compiler_builtins3int5shift9___ashrsi3
0000000000000000 T _RNvNtNtCsf1p4jr4DPbU_17compiler_builtins3int5shift9___ashrti3
0000000000000000 T _RNvNtNtCsf1p4jr4DPbU_17compiler_builtins3int5shift9___lshrdi3
0000000000000000 T _RNvNtNtCsf1p4jr4DPbU_17compiler_builtins3int5shift9___lshrsi3
0000000000000000 T _RNvNtNtCsf1p4jr4DPbU_17compiler_builtins3int5shift9___lshrti3

compiler_builtins-89252fb82509c590.compiler_builtins.aefa6519aa039318-cgu.015.rcgu.o:
0000000000000000 T _RNvNtNtNtCsf1p4jr4DPbU_17compiler_builtins4math9libm_math4cbrt4cbrt

compiler_builtins-89252fb82509c590.compiler_builtins.aefa6519aa039318-cgu.016.rcgu.o:
0000000000000000 T _RINvNtNtNtCsf1p4jr4DPbU_17compiler_builtins5float4conv12int_to_float6signedldNvB2_15u32_to_f64_bitsEB8_
0000000000000000 T _RINvNtNtNtCsf1p4jr4DPbU_17compiler_builtins5float4conv12int_to_float6signedlfNvB2_15u32_to_f32_bitsEB8_
0000000000000000 T _RINvNtNtNtCsf1p4jr4DPbU_17compiler_builtins5float4conv12int_to_float6signedndNvB2_16u128_to_f64_bitsEB8_
0000000000000000 T _RINvNtNtNtCsf1p4jr4DPbU_17compiler_builtins5float4conv12int_to_float6signednfNvB2_16u128_to_f32_bitsEB8_
0000000000000000 T _RINvNtNtNtCsf1p4jr4DPbU_17compiler_builtins5float4conv12int_to_float6signedxdNvB2_15u64_to_f64_bitsEB8_
0000000000000000 T _RINvNtNtNtCsf1p4jr4DPbU_17compiler_builtins5float4conv12int_to_float6signedxfNvB2_15u64_to_f32_bitsEB8_
0000000000000000 T _RNvNtNtNtCsf1p4jr4DPbU_17compiler_builtins5float4conv12int_to_float15u32_to_f32_bits
0000000000000000 T _RNvNtNtNtCsf1p4jr4DPbU_17compiler_builtins5float4conv12int_to_float15u64_to_f32_bits
0000000000000000 T _RNvNtNtNtCsf1p4jr4DPbU_17compiler_builtins5float4conv12int_to_float15u64_to_f64_bits
0000000000000000 T _RNvNtNtNtCsf1p4jr4DPbU_17compiler_builtins5float4conv12int_to_float16u128_to_f32_bits
0000000000000000 T _RNvNtNtNtCsf1p4jr4DPbU_17compiler_builtins5float4conv12int_to_float16u128_to_f64_bits

compiler_builtins-89252fb82509c590.compiler_builtins.aefa6519aa039318-cgu.017.rcgu.o:
0000000000000000 T _RNvXNtNtNtNtCsf1p4jr4DPbU_17compiler_builtins4math9libm_math7support10int_traitsdINtB2_8CastFromaE9cast_fromBa_
0000000000000000 T _RNvXNtNtNtNtCsf1p4jr4DPbU_17compiler_builtins4math9libm_math7support10int_traitsdINtB2_8CastFromxE15cast_from_lossyBa_
0000000000000000 T _RNvXNtNtNtNtCsf1p4jr4DPbU_17compiler_builtins4math9libm_math7support10int_traitshINtB2_8CastFrommE15cast_from_lossyBa_
0000000000000000 T _RNvXNtNtNtNtCsf1p4jr4DPbU_17compiler_builtins4math9libm_math7support10int_traitshINtB2_8CastFromyE15cast_from_lossyBa_
0000000000000000 T _RNvXNtNtNtNtCsf1p4jr4DPbU_17compiler_builtins4math9libm_math7support10int_traitsjINtB2_8CastFrommE9cast_fromBa_
0000000000000000 T _RNvXNtNtNtNtCsf1p4jr4DPbU_17compiler_builtins4math9libm_math7support10int_traitsjINtB2_8CastFromyE9cast_fromBa_
0000000000000000 T _RNvXNtNtNtNtCsf1p4jr4DPbU_17compiler_builtins4math9libm_math7support10int_traitsmINtB2_8CastFromlE15cast_from_lossyBa_
0000000000000000 T _RNvXNtNtNtNtCsf1p4jr4DPbU_17compiler_builtins4math9libm_math7support10int_traitsmINtB2_8CastFrommE9cast_fromBa_
0000000000000000 T _RNvXNtNtNtNtCsf1p4jr4DPbU_17compiler_builtins4math9libm_math7support10int_traitsmINtB2_8CastFromnE15cast_from_lossyBa_
0000000000000000 T _RNvXNtNtNtNtCsf1p4jr4DPbU_17compiler_builtins4math9libm_math7support10int_traitsmINtB2_8CastFromtE9cast_fromBa_
0000000000000000 T _RNvXNtNtNtNtCsf1p4jr4DPbU_17compiler_builtins4math9libm_math7support10int_traitsmINtB2_8CastFromxE15cast_from_lossyBa_
0000000000000000 T _RNvXNtNtNtNtCsf1p4jr4DPbU_17compiler_builtins4math9libm_math7support10int_traitsmINtB2_8CastFromyE15cast_from_lossyBa_
0000000000000000 T _RNvXNtNtNtNtCsf1p4jr4DPbU_17compiler_builtins4math9libm_math7support10int_traitsmINtB2_8CastFromyE9cast_fromBa_
0000000000000000 T _RNvXNtNtNtNtCsf1p4jr4DPbU_17compiler_builtins4math9libm_math7support10int_traitstINtB2_8CastFrommE15cast_from_lossyBa_
0000000000000000 T _RNvXNtNtNtNtCsf1p4jr4DPbU_17compiler_builtins4math9libm_math7support10int_traitstINtB2_8CastFrommE9cast_fromBa_
0000000000000000 T _RNvXNtNtNtNtCsf1p4jr4DPbU_17compiler_builtins4math9libm_math7support10int_traitstINtB2_8CastFromtE9cast_fromBa_
0000000000000000 T _RNvXNtNtNtNtCsf1p4jr4DPbU_17compiler_builtins4math9libm_math7support10int_traitstINtB2_8CastFromyE15cast_from_lossyBa_
0000000000000000 T _RNvXNtNtNtNtCsf1p4jr4DPbU_17compiler_builtins4math9libm_math7support10int_traitsyINtB2_8CastFromlE15cast_from_lossyBa_
0000000000000000 T _RNvXNtNtNtNtCsf1p4jr4DPbU_17compiler_builtins4math9libm_math7support10int_traitsyINtB2_8CastFrommE9cast_fromBa_
0000000000000000 T _RNvXNtNtNtNtCsf1p4jr4DPbU_17compiler_builtins4math9libm_math7support10int_traitsyINtB2_8CastFromnE15cast_from_lossyBa_
0000000000000000 T _RNvXNtNtNtNtCsf1p4jr4DPbU_17compiler_builtins4math9libm_math7support10int_traitsyINtB2_8CastFromxE15cast_from_lossyBa_
0000000000000000 T _RNvXs0_NtNtNtNtCsf1p4jr4DPbU_17compiler_builtins4math9libm_math7support10int_traitsjNtB5_3Int12unsigned_abs
0000000000000000 T _RNvXs0_NtNtNtNtCsf1p4jr4DPbU_17compiler_builtins4math9libm_math7support10int_traitsjNtB5_3Int3abs
0000000000000000 T _RNvXs0_NtNtNtNtCsf1p4jr4DPbU_17compiler_builtins4math9libm_math7support10int_traitsjNtB5_3Int5ilog2
0000000000000000 T _RNvXs2_NtNtNtNtCsf1p4jr4DPbU_17compiler_builtins4math9libm_math7support10int_traitsiNtB5_3Int5ilog2
0000000000000000 T _RNvXs4_NtNtNtNtCsf1p4jr4DPbU_17compiler_builtins4math9libm_math7support10int_traitshNtB5_3Int12unsigned_abs
0000000000000000 T _RNvXs4_NtNtNtNtCsf1p4jr4DPbU_17compiler_builtins4math9libm_math7support10int_traitshNtB5_3Int3abs
0000000000000000 T _RNvXs4_NtNtNtNtCsf1p4jr4DPbU_17compiler_builtins4math9libm_math7support10int_traitshNtB5_3Int5ilog2
0000000000000000 T _RNvXs6_NtNtNtNtCsf1p4jr4DPbU_17compiler_builtins4math9libm_math7support10int_traitsaNtB5_3Int5ilog2
0000000000000000 T _RNvXs8_NtNtNtNtCsf1p4jr4DPbU_17compiler_builtins4math9libm_math7support10int_traitstNtB5_3Int12unsigned_abs
0000000000000000 T _RNvXs8_NtNtNtNtCsf1p4jr4DPbU_17compiler_builtins4math9libm_math7support10int_traitstNtB5_3Int3abs
0000000000000000 T _RNvXs8_NtNtNtNtCsf1p4jr4DPbU_17compiler_builtins4math9libm_math7support10int_traitstNtB5_3Int5ilog2
0000000000000000 T _RNvXsa_NtNtNtNtCsf1p4jr4DPbU_17compiler_builtins4math9libm_math7support10int_traitssNtB5_3Int5ilog2
0000000000000000 T _RNvXsc_NtNtNtNtCsf1p4jr4DPbU_17compiler_builtins4math9libm_math7support10int_traitsmNtB5_3Int12unsigned_abs
0000000000000000 T _RNvXsc_NtNtNtNtCsf1p4jr4DPbU_17compiler_builtins4math9libm_math7support10int_traitsmNtB5_3Int3abs
0000000000000000 T _RNvXsc_NtNtNtNtCsf1p4jr4DPbU_17compiler_builtins4math9libm_math7support10int_traitsmNtB5_3Int5ilog2
0000000000000000 T _RNvXse_NtNtNtNtCsf1p4jr4DPbU_17compiler_builtins4math9libm_math7support10int_traitslNtB5_3Int5ilog2
0000000000000000 T _RNvXsg_NtNtNtNtCsf1p4jr4DPbU_17compiler_builtins4math9libm_math7support10int_traitsyNtB5_3Int12unsigned_abs
0000000000000000 T _RNvXsg_NtNtNtNtCsf1p4jr4DPbU_17compiler_builtins4math9libm_math7support10int_traitsyNtB5_3Int3abs
0000000000000000 T _RNvXsg_NtNtNtNtCsf1p4jr4DPbU_17compiler_builtins4math9libm_math7support10int_traitsyNtB5_3Int5ilog2
0000000000000000 T _RNvXsi_NtNtNtNtCsf1p4jr4DPbU_17compiler_builtins4math9libm_math7support10int_traitsxNtB5_3Int5ilog2
0000000000000000 T _RNvXsk_NtNtNtNtCsf1p4jr4DPbU_17compiler_builtins4math9libm_math7support10int_traitsoNtB5_3Int12unsigned_abs
0000000000000000 T _RNvXsk_NtNtNtNtCsf1p4jr4DPbU_17compiler_builtins4math9libm_math7support10int_traitsoNtB5_3Int3abs
0000000000000000 T _RNvXsk_NtNtNtNtCsf1p4jr4DPbU_17compiler_builtins4math9libm_math7support10int_traitsoNtB5_3Int5ilog2
0000000000000000 T _RNvXsm_NtNtNtNtCsf1p4jr4DPbU_17compiler_builtins4math9libm_math7support10int_traitsnNtB5_3Int5ilog2
0000000000000000 T _RNvYlNtNtNtNtNtCsf1p4jr4DPbU_17compiler_builtins4math9libm_math7support10int_traits4DInt10from_lo_hiBd_
0000000000000000 T _RNvYmNtNtNtNtNtCsf1p4jr4DPbU_17compiler_builtins4math9libm_math7support10int_traits4DInt10from_lo_hiBd_
0000000000000000 T _RNvYmNtNtNtNtNtCsf1p4jr4DPbU_17compiler_builtins4math9libm_math7support10int_traits4DInt5lo_hiBd_
0000000000000000 T _RNvYnNtNtNtNtNtCsf1p4jr4DPbU_17compiler_builtins4math9libm_math7support10int_traits4DInt10from_lo_hiBd_
0000000000000000 T _RNvYoNtNtNtNtNtCsf1p4jr4DPbU_17compiler_builtins4math9libm_math7support10int_traits4DInt10from_lo_hiBd_
0000000000000000 T _RNvYoNtNtNtNtNtCsf1p4jr4DPbU_17compiler_builtins4math9libm_math7support10int_traits4DInt5lo_hiBd_
0000000000000000 T _RNvYxNtNtNtNtNtCsf1p4jr4DPbU_17compiler_builtins4math9libm_math7support10int_traits4DInt10from_lo_hiBd_
0000000000000000 T _RNvYyNtNtNtNtNtCsf1p4jr4DPbU_17compiler_builtins4math9libm_math7support10int_traits4DInt10from_lo_hiBd_
0000000000000000 T _RNvYyNtNtNtNtNtCsf1p4jr4DPbU_17compiler_builtins4math9libm_math7support10int_traits4DInt5lo_hiBd_

compiler_builtins-89252fb82509c590.compiler_builtins.aefa6519aa039318-cgu.018.rcgu.o:
0000000000000000 T _RNvNtNtCsf1p4jr4DPbU_17compiler_builtins3int19specialized_div_rem12u128_div_rem

compiler_builtins-89252fb82509c590.compiler_builtins.aefa6519aa039318-cgu.019.rcgu.o:
0000000000000000 V DW.ref.rust_eh_personality
0000000000000000 T _RNvNtNtCsf1p4jr4DPbU_17compiler_builtins3int4udiv12___udivmoddi4
0000000000000000 T _RNvNtNtCsf1p4jr4DPbU_17compiler_builtins3int4udiv12___udivmodsi4
0000000000000000 T _RNvNtNtCsf1p4jr4DPbU_17compiler_builtins3int4udiv12___udivmodti4
0000000000000000 T _RNvNtNtCsf1p4jr4DPbU_17compiler_builtins3int4udiv9___udivdi3
0000000000000000 T _RNvNtNtCsf1p4jr4DPbU_17compiler_builtins3int4udiv9___udivsi3
0000000000000000 T _RNvNtNtCsf1p4jr4DPbU_17compiler_builtins3int4udiv9___udivti3
0000000000000000 T _RNvNtNtCsf1p4jr4DPbU_17compiler_builtins3int4udiv9___umoddi3
0000000000000000 T _RNvNtNtCsf1p4jr4DPbU_17compiler_builtins3int4udiv9___umodsi3
0000000000000000 T _RNvNtNtCsf1p4jr4DPbU_17compiler_builtins3int4udiv9___umodti3

compiler_builtins-89252fb82509c590.compiler_builtins.aefa6519aa039318-cgu.020.rcgu.o:
0000000000000000 V DW.ref.rust_eh_personality
0000000000000000 T _RNvNtNtCsf1p4jr4DPbU_17compiler_builtins3int4sdiv11___divmoddi4
0000000000000000 T _RNvNtNtCsf1p4jr4DPbU_17compiler_builtins3int4sdiv11___divmodsi4
0000000000000000 T _RNvNtNtCsf1p4jr4DPbU_17compiler_builtins3int4sdiv11___divmodti4
0000000000000000 T _RNvNtNtCsf1p4jr4DPbU_17compiler_builtins3int4sdiv8___divdi3
0000000000000000 T _RNvNtNtCsf1p4jr4DPbU_17compiler_builtins3int4sdiv8___divsi3
0000000000000000 T _RNvNtNtCsf1p4jr4DPbU_17compiler_builtins3int4sdiv8___divti3
0000000000000000 T _RNvNtNtCsf1p4jr4DPbU_17compiler_builtins3int4sdiv8___moddi3
0000000000000000 T _RNvNtNtCsf1p4jr4DPbU_17compiler_builtins3int4sdiv8___modsi3
0000000000000000 T _RNvNtNtCsf1p4jr4DPbU_17compiler_builtins3int4sdiv8___modti3

compiler_builtins-89252fb82509c590.compiler_builtins.aefa6519aa039318-cgu.021.rcgu.o:
0000000000000000 T _RNvYC3f16NtNtNtNtNtCsf1p4jr4DPbU_17compiler_builtins4math9libm_math7support12float_traits5Float10from_partsBh_
0000000000000000 T _RNvYC3f16NtNtNtNtNtCsf1p4jr4DPbU_17compiler_builtins4math9libm_math7support12float_traits5Float12canonicalizeBh_
0000000000000000 T _RNvYC3f16NtNtNtNtNtCsf1p4jr4DPbU_17compiler_builtins4math9libm_math7support12float_traits5Float12exp_unbiasedBh_
0000000000000000 T _RNvYC3f16NtNtNtNtNtCsf1p4jr4DPbU_17compiler_builtins4math9libm_math7support12float_traits5Float14to_bits_signedBh_
0000000000000000 T _RNvYC3f16NtNtNtNtNtCsf1p4jr4DPbU_17compiler_builtins4math9libm_math7support12float_traits5Float16is_sign_positiveBh_
0000000000000000 T _RNvYC3f16NtNtNtNtNtCsf1p4jr4DPbU_17compiler_builtins4math9libm_math7support12float_traits5Float2exBh_
0000000000000000 T _RNvYC3f16NtNtNtNtNtCsf1p4jr4DPbU_17compiler_builtins4math9libm_math7support12float_traits5Float5biteqBh_
0000000000000000 T _RNvYdNtNtNtNtNtCsf1p4jr4DPbU_17compiler_builtins4math9libm_math7support12float_traits5Float10from_partsBd_
0000000000000000 T _RNvYdNtNtNtNtNtCsf1p4jr4DPbU_17compiler_builtins4math9libm_math7support12float_traits5Float12canonicalizeBd_
0000000000000000 T _RNvYdNtNtNtNtNtCsf1p4jr4DPbU_17compiler_builtins4math9libm_math7support12float_traits5Float12exp_unbiasedBd_
0000000000000000 T _RNvYdNtNtNtNtNtCsf1p4jr4DPbU_17compiler_builtins4math9libm_math7support12float_traits5Float14to_bits_signedBd_
0000000000000000 T _RNvYdNtNtNtNtNtCsf1p4jr4DPbU_17compiler_builtins4math9libm_math7support12float_traits5Float16is_sign_positiveBd_
0000000000000000 T _RNvYdNtNtNtNtNtCsf1p4jr4DPbU_17compiler_builtins4math9libm_math7support12float_traits5Float2exBd_
0000000000000000 T _RNvYdNtNtNtNtNtCsf1p4jr4DPbU_17compiler_builtins4math9libm_math7support12float_traits5Float5biteqBd_
0000000000000000 T _RNvYfNtNtNtNtNtCsf1p4jr4DPbU_17compiler_builtins4math9libm_math7support12float_traits5Float10from_partsBd_
0000000000000000 T _RNvYfNtNtNtNtNtCsf1p4jr4DPbU_17compiler_builtins4math9libm_math7support12float_traits5Float12canonicalizeBd_
0000000000000000 T _RNvYfNtNtNtNtNtCsf1p4jr4DPbU_17compiler_builtins4math9libm_math7support12float_traits5Float12exp_unbiasedBd_
0000000000000000 T _RNvYfNtNtNtNtNtCsf1p4jr4DPbU_17compiler_builtins4math9libm_math7support12float_traits5Float14to_bits_signedBd_
0000000000000000 T _RNvYfNtNtNtNtNtCsf1p4jr4DPbU_17compiler_builtins4math9libm_math7support12float_traits5Float16is_sign_positiveBd_
0000000000000000 T _RNvYfNtNtNtNtNtCsf1p4jr4DPbU_17compiler_builtins4math9libm_math7support12float_traits5Float2exBd_
0000000000000000 T _RNvYfNtNtNtNtNtCsf1p4jr4DPbU_17compiler_builtins4math9libm_math7support12float_traits5Float5biteqBd_
0000000000000000 R anon.97358788b963d460dc327fafb3b3b86f.0.llvm.16595795154934918128
0000000000000000 D anon.97358788b963d460dc327fafb3b3b86f.1.llvm.16595795154934918128

compiler_builtins-89252fb82509c590.compiler_builtins.aefa6519aa039318-cgu.022.rcgu.o:
0000000000000000 T _RNvNtNtNtCsf1p4jr4DPbU_17compiler_builtins4math9libm_math4fmod4fmod
0000000000000000 T _RNvNtNtNtCsf1p4jr4DPbU_17compiler_builtins4math9libm_math4fmod5fmodf
0000000000000000 R anon.cfe4e8b997ad0a6e7ff397aece30e21b.0.llvm.8381171230338894495
0000000000000000 D anon.cfe4e8b997ad0a6e7ff397aece30e21b.1.llvm.8381171230338894495

compiler_builtins-89252fb82509c590.compiler_builtins.aefa6519aa039318-cgu.023.rcgu.o:
0000000000000000 T _RNvNtNtNtCsf1p4jr4DPbU_17compiler_builtins4math9libm_math4ceil4ceil
0000000000000000 T _RNvNtNtNtCsf1p4jr4DPbU_17compiler_builtins4math9libm_math4ceil5ceilf

compiler_builtins-89252fb82509c590.compiler_builtins.aefa6519aa039318-cgu.024.rcgu.o:
0000000000000000 T _RINvNtNtNtNtNtCsf1p4jr4DPbU_17compiler_builtins4math9libm_math7support10int_traits13narrowing_div23div_three_digits_by_twoyEBc_
0000000000000000 T _RNvYoNtNtNtNtNtNtCsf1p4jr4DPbU_17compiler_builtins4math9libm_math7support10int_traits13narrowing_div12NarrowingDiv25checked_narrowing_div_remBf_
0000000000000000 T _RNvYyNtNtNtNtNtNtCsf1p4jr4DPbU_17compiler_builtins4math9libm_math7support10int_traits13narrowing_div12NarrowingDiv25checked_narrowing_div_remBf_

compiler_builtins-89252fb82509c590.compiler_builtins.aefa6519aa039318-cgu.025.rcgu.o:
0000000000000000 T _RINvNtNtNtCsf1p4jr4DPbU_17compiler_builtins3int13leading_zeros14implementation21leading_zeros_defaultmEB8_
0000000000000000 T _RINvNtNtNtCsf1p4jr4DPbU_17compiler_builtins3int13leading_zeros14implementation21leading_zeros_defaultyEB8_
0000000000000000 R anon.d17d56bf2fe6df0df5e18b83497569b1.0.llvm.5663048375814264074
0000000000000000 D anon.d17d56bf2fe6df0df5e18b83497569b1.1.llvm.5663048375814264074

compiler_builtins-89252fb82509c590.compiler_builtins.aefa6519aa039318-cgu.026.rcgu.o:
0000000000000000 T _RNvNtNtCsf1p4jr4DPbU_17compiler_builtins3int6addsub15___rust_i128_add
0000000000000000 T _RNvNtNtCsf1p4jr4DPbU_17compiler_builtins3int6addsub15___rust_i128_sub
0000000000000000 T _RNvNtNtCsf1p4jr4DPbU_17compiler_builtins3int6addsub15___rust_u128_add
0000000000000000 T _RNvNtNtCsf1p4jr4DPbU_17compiler_builtins3int6addsub15___rust_u128_sub
0000000000000000 T _RNvNtNtCsf1p4jr4DPbU_17compiler_builtins3int6addsub16___rust_i128_addo
0000000000000000 T _RNvNtNtCsf1p4jr4DPbU_17compiler_builtins3int6addsub16___rust_i128_subo
0000000000000000 T _RNvNtNtCsf1p4jr4DPbU_17compiler_builtins3int6addsub16___rust_u128_addo
0000000000000000 T _RNvNtNtCsf1p4jr4DPbU_17compiler_builtins3int6addsub16___rust_u128_subo

compiler_builtins-89252fb82509c590.compiler_builtins.aefa6519aa039318-cgu.027.rcgu.o:
0000000000000000 T _RNvNtNtNtCsf1p4jr4DPbU_17compiler_builtins4math9libm_math5floor5floor
0000000000000000 T _RNvNtNtNtCsf1p4jr4DPbU_17compiler_builtins4math9libm_math5floor6floorf

compiler_builtins-89252fb82509c590.compiler_builtins.aefa6519aa039318-cgu.028.rcgu.o:
0000000000000000 T _RNvNtNtNtCsf1p4jr4DPbU_17compiler_builtins4math9libm_math5round5round
0000000000000000 T _RNvNtNtNtCsf1p4jr4DPbU_17compiler_builtins4math9libm_math5round6roundf

compiler_builtins-89252fb82509c590.compiler_builtins.aefa6519aa039318-cgu.029.rcgu.o:
0000000000000000 T _RNvNtNtNtCsf1p4jr4DPbU_17compiler_builtins4math9libm_math17fminimum_fmaximum8fmaximum
0000000000000000 T _RNvNtNtNtCsf1p4jr4DPbU_17compiler_builtins4math9libm_math17fminimum_fmaximum8fminimum
0000000000000000 T _RNvNtNtNtCsf1p4jr4DPbU_17compiler_builtins4math9libm_math17fminimum_fmaximum9fmaximumf
0000000000000000 T _RNvNtNtNtCsf1p4jr4DPbU_17compiler_builtins4math9libm_math17fminimum_fmaximum9fminimumf

compiler_builtins-89252fb82509c590.compiler_builtins.aefa6519aa039318-cgu.030.rcgu.o:
0000000000000000 T _RNvNtNtNtCsf1p4jr4DPbU_17compiler_builtins4math9libm_math21fminimum_fmaximum_num12fmaximum_num
0000000000000000 T _RNvNtNtNtCsf1p4jr4DPbU_17compiler_builtins4math9libm_math21fminimum_fmaximum_num12fminimum_num
0000000000000000 T _RNvNtNtNtCsf1p4jr4DPbU_17compiler_builtins4math9libm_math21fminimum_fmaximum_num13fmaximum_numf
0000000000000000 T _RNvNtNtNtCsf1p4jr4DPbU_17compiler_builtins4math9libm_math21fminimum_fmaximum_num13fminimum_numf

compiler_builtins-89252fb82509c590.compiler_builtins.aefa6519aa039318-cgu.031.rcgu.o:
0000000000000000 T _RINvNtNtNtCsf1p4jr4DPbU_17compiler_builtins3int14trailing_zeros14implementation14trailing_zerosmEB8_
0000000000000000 T _RINvNtNtNtCsf1p4jr4DPbU_17compiler_builtins3int14trailing_zeros14implementation14trailing_zerosyEB8_

compiler_builtins-89252fb82509c590.compiler_builtins.aefa6519aa039318-cgu.032.rcgu.o:
0000000000000000 V DW.ref.rust_eh_personality
0000000000000000 T _RNvNtNtCsf1p4jr4DPbU_17compiler_builtins4math17full_availability10roundevenf
0000000000000000 T _RNvNtNtCsf1p4jr4DPbU_17compiler_builtins4math17full_availability12fmaximum_num
0000000000000000 T _RNvNtNtCsf1p4jr4DPbU_17compiler_builtins4math17full_availability12fminimum_num
0000000000000000 T _RNvNtNtCsf1p4jr4DPbU_17compiler_builtins4math17full_availability13fmaximum_numf
0000000000000000 T _RNvNtNtCsf1p4jr4DPbU_17compiler_builtins4math17full_availability13fminimum_numf
0000000000000000 T _RNvNtNtCsf1p4jr4DPbU_17compiler_builtins4math17full_availability3fma
0000000000000000 T _RNvNtNtCsf1p4jr4DPbU_17compiler_builtins4math17full_availability4cbrt
0000000000000000 T _RNvNtNtCsf1p4jr4DPbU_17compiler_builtins4math17full_availability4ceil
0000000000000000 T _RNvNtNtCsf1p4jr4DPbU_17compiler_builtins4math17full_availability4fmaf
0000000000000000 T _RNvNtNtCsf1p4jr4DPbU_17compiler_builtins4math17full_availability4fmax
0000000000000000 T _RNvNtNtCsf1p4jr4DPbU_17compiler_builtins4math17full_availability4fmin
0000000000000000 T _RNvNtNtCsf1p4jr4DPbU_17compiler_builtins4math17full_availability4fmod
0000000000000000 T _RNvNtNtCsf1p4jr4DPbU_17compiler_builtins4math17full_availability4rint
0000000000000000 T _RNvNtNtCsf1p4jr4DPbU_17compiler_builtins4math17full_availability4sqrt
0000000000000000 T _RNvNtNtCsf1p4jr4DPbU_17compiler_builtins4math17full_availability5cbrtf
0000000000000000 T _RNvNtNtCsf1p4jr4DPbU_17compiler_builtins4math17full_availability5ceilf
0000000000000000 T _RNvNtNtCsf1p4jr4DPbU_17compiler_builtins4math17full_availability5floor
0000000000000000 T _RNvNtNtCsf1p4jr4DPbU_17compiler_builtins4math17full_availability5fmaxf
0000000000000000 T _RNvNtNtCsf1p4jr4DPbU_17compiler_builtins4math17full_availability5fminf
0000000000000000 T _RNvNtNtCsf1p4jr4DPbU_17compiler_builtins4math17full_availability5fmodf
0000000000000000 T _RNvNtNtCsf1p4jr4DPbU_17compiler_builtins4math17full_availability5rintf
0000000000000000 T _RNvNtNtCsf1p4jr4DPbU_17compiler_builtins4math17full_availability5round
0000000000000000 T _RNvNtNtCsf1p4jr4DPbU_17compiler_builtins4math17full_availability5sqrtf
0000000000000000 T _RNvNtNtCsf1p4jr4DPbU_17compiler_builtins4math17full_availability5trunc
0000000000000000 T _RNvNtNtCsf1p4jr4DPbU_17compiler_builtins4math17full_availability6floorf
0000000000000000 T _RNvNtNtCsf1p4jr4DPbU_17compiler_builtins4math17full_availability6roundf
0000000000000000 T _RNvNtNtCsf1p4jr4DPbU_17compiler_builtins4math17full_availability6truncf
0000000000000000 T _RNvNtNtCsf1p4jr4DPbU_17compiler_builtins4math17full_availability8copysign
0000000000000000 T _RNvNtNtCsf1p4jr4DPbU_17compiler_builtins4math17full_availability8fmaximum
0000000000000000 T _RNvNtNtCsf1p4jr4DPbU_17compiler_builtins4math17full_availability8fminimum
0000000000000000 T _RNvNtNtCsf1p4jr4DPbU_17compiler_builtins4math17full_availability9copysignf
0000000000000000 T _RNvNtNtCsf1p4jr4DPbU_17compiler_builtins4math17full_availability9fmaximumf
0000000000000000 T _RNvNtNtCsf1p4jr4DPbU_17compiler_builtins4math17full_availability9fminimumf
0000000000000000 T _RNvNtNtCsf1p4jr4DPbU_17compiler_builtins4math17full_availability9roundeven

compiler_builtins-89252fb82509c590.compiler_builtins.aefa6519aa039318-cgu.033.rcgu.o:
0000000000000000 T _RNvNtNtNtCsf1p4jr4DPbU_17compiler_builtins4math9libm_math4rint4rint
0000000000000000 T _RNvNtNtNtCsf1p4jr4DPbU_17compiler_builtins4math9libm_math4rint5rintf

compiler_builtins-89252fb82509c590.compiler_builtins.aefa6519aa039318-cgu.034.rcgu.o:
0000000000000000 W fmodf16

compiler_builtins-89252fb82509c590.compiler_builtins.aefa6519aa039318-cgu.035.rcgu.o:
0000000000000000 W ceilf16

compiler_builtins-89252fb82509c590.compiler_builtins.aefa6519aa039318-cgu.036.rcgu.o:
0000000000000000 T _RNvNtNtNtCsf1p4jr4DPbU_17compiler_builtins4math9libm_math5trunc5trunc
0000000000000000 T _RNvNtNtNtCsf1p4jr4DPbU_17compiler_builtins4math9libm_math5trunc6truncf

compiler_builtins-89252fb82509c590.compiler_builtins.aefa6519aa039318-cgu.037.rcgu.o:
0000000000000000 T _RNvXs2_NtNtNtNtCsf1p4jr4DPbU_17compiler_builtins4math9libm_math7support3bigoNtNtB7_10int_traits4HInt9widen_mul
0000000000000000 T _RNvXs2_NtNtNtNtNtCsf1p4jr4DPbU_17compiler_builtins4math9libm_math7support10int_traits13narrowing_divNtNtB9_3big4u256NtB5_12NarrowingDiv27unchecked_narrowing_div_rem
0000000000000000 T _RNvXs3_NtNtNtNtCsf1p4jr4DPbU_17compiler_builtins4math9libm_math7support3bignNtNtB7_10int_traits4HInt14zero_widen_mul
0000000000000000 T _RNvXs3_NtNtNtNtCsf1p4jr4DPbU_17compiler_builtins4math9libm_math7support3bignNtNtB7_10int_traits4HInt9widen_mul
0000000000000000 T _RNvXs6_NtNtNtNtCsf1p4jr4DPbU_17compiler_builtins4math9libm_math7support3bigNtB5_4u256NtNtCsgBE78E5FtGs_4core3fmt5Debug3fmt
0000000000000000 T _RNvXs7_NtNtNtNtCsf1p4jr4DPbU_17compiler_builtins4math9libm_math7support3bigNtB5_4i256NtNtCsgBE78E5FtGs_4core3fmt5Debug3fmt
0000000000000000 T _RNvXs8_NtNtNtNtCsf1p4jr4DPbU_17compiler_builtins4math9libm_math7support3bigNtB5_4u256NtNtCsgBE78E5FtGs_4core3fmt8LowerHex3fmt
0000000000000000 T _RNvXs9_NtNtNtNtCsf1p4jr4DPbU_17compiler_builtins4math9libm_math7support3bigNtB5_4i256NtNtCsgBE78E5FtGs_4core3fmt8LowerHex3fmt

compiler_builtins-89252fb82509c590.compiler_builtins.aefa6519aa039318-cgu.038.rcgu.o:
0000000000000000 W floorf16

compiler_builtins-89252fb82509c590.compiler_builtins.aefa6519aa039318-cgu.039.rcgu.o:
0000000000000000 W roundf16

compiler_builtins-89252fb82509c590.compiler_builtins.aefa6519aa039318-cgu.040.rcgu.o:
0000000000000000 T _RNvNtNtNtCsf1p4jr4DPbU_17compiler_builtins4math9libm_math9fmin_fmax4fmax
0000000000000000 T _RNvNtNtNtCsf1p4jr4DPbU_17compiler_builtins4math9libm_math9fmin_fmax4fmin
0000000000000000 T _RNvNtNtNtCsf1p4jr4DPbU_17compiler_builtins4math9libm_math9fmin_fmax5fmaxf
0000000000000000 T _RNvNtNtNtCsf1p4jr4DPbU_17compiler_builtins4math9libm_math9fmin_fmax5fminf

compiler_builtins-89252fb82509c590.compiler_builtins.aefa6519aa039318-cgu.041.rcgu.o:
0000000000000000 T _RNvNtNtCsf1p4jr4DPbU_17compiler_builtins5float3pow9___powidf2
0000000000000000 T _RNvNtNtCsf1p4jr4DPbU_17compiler_builtins5float3pow9___powisf2

compiler_builtins-89252fb82509c590.compiler_builtins.aefa6519aa039318-cgu.042.rcgu.o:
0000000000000000 W rintf16

compiler_builtins-89252fb82509c590.compiler_builtins.aefa6519aa039318-cgu.043.rcgu.o:
0000000000000000 W roundevenf16

compiler_builtins-89252fb82509c590.compiler_builtins.aefa6519aa039318-cgu.044.rcgu.o:
0000000000000000 T _RNvMNtNtNtNtCsf1p4jr4DPbU_17compiler_builtins4math9libm_math7generic3fmaINtB2_4NormdE10from_floatBa_

compiler_builtins-89252fb82509c590.compiler_builtins.aefa6519aa039318-cgu.045.rcgu.o:
0000000000000000 W truncf16

compiler_builtins-89252fb82509c590.compiler_builtins.aefa6519aa039318-cgu.046.rcgu.o:
0000000000000000 T _RNvNtNtNtCsf1p4jr4DPbU_17compiler_builtins4math9libm_math8copysign8copysign
0000000000000000 T _RNvNtNtNtCsf1p4jr4DPbU_17compiler_builtins4math9libm_math8copysign9copysignf

compiler_builtins-89252fb82509c590.compiler_builtins.aefa6519aa039318-cgu.047.rcgu.o:
0000000000000000 W fminimum_numf16

compiler_builtins-89252fb82509c590.compiler_builtins.aefa6519aa039318-cgu.048.rcgu.o:
0000000000000000 W fmaximum_numf16

compiler_builtins-89252fb82509c590.compiler_builtins.aefa6519aa039318-cgu.049.rcgu.o:
0000000000000000 W fminimumf16

compiler_builtins-89252fb82509c590.compiler_builtins.aefa6519aa039318-cgu.050.rcgu.o:
0000000000000000 W fmaximumf16

compiler_builtins-89252fb82509c590.compiler_builtins.aefa6519aa039318-cgu.051.rcgu.o:
0000000000000000 W copysignf16

compiler_builtins-89252fb82509c590.compiler_builtins.aefa6519aa039318-cgu.052.rcgu.o:
0000000000000000 W fminf16

compiler_builtins-89252fb82509c590.compiler_builtins.aefa6519aa039318-cgu.053.rcgu.o:
0000000000000000 W fmaxf16

compiler_builtins-89252fb82509c590.compiler_builtins.aefa6519aa039318-cgu.054.rcgu.o:
0000000000000000 W __floatunsidf

compiler_builtins-89252fb82509c590.compiler_builtins.aefa6519aa039318-cgu.055.rcgu.o:
0000000000000000 W __gehf2

compiler_builtins-89252fb82509c590.compiler_builtins.aefa6519aa039318-cgu.056.rcgu.o:
0000000000000000 T _RNvNtNtCsf1p4jr4DPbU_17compiler_builtins3int14trailing_zeros8___ctzdi2
0000000000000000 T _RNvNtNtCsf1p4jr4DPbU_17compiler_builtins3int14trailing_zeros8___ctzsi2
0000000000000000 T _RNvNtNtCsf1p4jr4DPbU_17compiler_builtins3int14trailing_zeros8___ctzti2

compiler_builtins-89252fb82509c590.compiler_builtins.aefa6519aa039318-cgu.057.rcgu.o:
0000000000000000 W __eqhf2

compiler_builtins-89252fb82509c590.compiler_builtins.aefa6519aa039318-cgu.058.rcgu.o:
0000000000000000 W __gthf2

compiler_builtins-89252fb82509c590.compiler_builtins.aefa6519aa039318-cgu.059.rcgu.o:
0000000000000000 W __lehf2

compiler_builtins-89252fb82509c590.compiler_builtins.aefa6519aa039318-cgu.060.rcgu.o:
0000000000000000 W __lthf2

compiler_builtins-89252fb82509c590.compiler_builtins.aefa6519aa039318-cgu.061.rcgu.o:
0000000000000000 T _RNvNtNtCsf1p4jr4DPbU_17compiler_builtins3int13leading_zeros8___clzdi2
0000000000000000 T _RNvNtNtCsf1p4jr4DPbU_17compiler_builtins3int13leading_zeros8___clzsi2
0000000000000000 T _RNvNtNtCsf1p4jr4DPbU_17compiler_builtins3int13leading_zeros8___clzti2

compiler_builtins-89252fb82509c590.compiler_builtins.aefa6519aa039318-cgu.062.rcgu.o:
0000000000000000 W __nehf2

compiler_builtins-89252fb82509c590.compiler_builtins.aefa6519aa039318-cgu.063.rcgu.o:
0000000000000000 T _RNvNtNtCsf1p4jr4DPbU_17compiler_builtins5float3sub8___subdf3
0000000000000000 T _RNvNtNtCsf1p4jr4DPbU_17compiler_builtins5float3sub8___subsf3

compiler_builtins-89252fb82509c590.compiler_builtins.aefa6519aa039318-cgu.064.rcgu.o:
0000000000000000 W fdimf16

compiler_builtins-89252fb82509c590.compiler_builtins.aefa6519aa039318-cgu.065.rcgu.o:
0000000000000000 W fdim

compiler_builtins-89252fb82509c590.compiler_builtins.aefa6519aa039318-cgu.066.rcgu.o:
0000000000000000 W fdimf

compiler_builtins-89252fb82509c590.compiler_builtins.aefa6519aa039318-cgu.067.rcgu.o:
0000000000000000 V DW.ref.rust_eh_personality
0000000000000000 W __subhf3

compiler_builtins-89252fb82509c590.compiler_builtins.aefa6519aa039318-cgu.068.rcgu.o:
0000000000000000 W fabsf

compiler_builtins-89252fb82509c590.compiler_builtins.aefa6519aa039318-cgu.069.rcgu.o:
0000000000000000 W fabs

compiler_builtins-89252fb82509c590.compiler_builtins.aefa6519aa039318-cgu.070.rcgu.o:
0000000000000000 T _RNvNtNtNtCsf1p4jr4DPbU_17compiler_builtins4math9libm_math9roundeven10roundevenf
0000000000000000 T _RNvNtNtNtCsf1p4jr4DPbU_17compiler_builtins4math9libm_math9roundeven9roundeven

compiler_builtins-89252fb82509c590.compiler_builtins.aefa6519aa039318-cgu.071.rcgu.o:
0000000000000000 W fabsf16

compiler_builtins-89252fb82509c590.compiler_builtins.aefa6519aa039318-cgu.072.rcgu.o:
0000000000000000 W __unordhf2

compiler_builtins-89252fb82509c590.compiler_builtins.aefa6519aa039318-cgu.073.rcgu.o:
0000000000000000 W __muldi3

compiler_builtins-89252fb82509c590.compiler_builtins.aefa6519aa039318-cgu.074.rcgu.o:
0000000000000000 W __powidf2

compiler_builtins-89252fb82509c590.compiler_builtins.aefa6519aa039318-cgu.075.rcgu.o:
0000000000000000 W __gedf2

compiler_builtins-89252fb82509c590.compiler_builtins.aefa6519aa039318-cgu.076.rcgu.o:
0000000000000000 W __lshrsi3

compiler_builtins-89252fb82509c590.compiler_builtins.aefa6519aa039318-cgu.077.rcgu.o:
0000000000000000 V DW.ref.rust_eh_personality
0000000000000000 W __divmodti4

compiler_builtins-89252fb82509c590.compiler_builtins.aefa6519aa039318-cgu.078.rcgu.o:
0000000000000000 W __fixunsdfdi

compiler_builtins-89252fb82509c590.compiler_builtins.aefa6519aa039318-cgu.079.rcgu.o:
0000000000000000 W __divdi3

compiler_builtins-89252fb82509c590.compiler_builtins.aefa6519aa039318-cgu.080.rcgu.o:
0000000000000000 V DW.ref.rust_eh_personality
0000000000000000 W cbrt

compiler_builtins-89252fb82509c590.compiler_builtins.aefa6519aa039318-cgu.081.rcgu.o:
0000000000000000 W __umoddi3

compiler_builtins-89252fb82509c590.compiler_builtins.aefa6519aa039318-cgu.082.rcgu.o:
0000000000000000 W ceilf

compiler_builtins-89252fb82509c590.compiler_builtins.aefa6519aa039318-cgu.083.rcgu.o:
0000000000000000 W __muloti4

compiler_builtins-89252fb82509c590.compiler_builtins.aefa6519aa039318-cgu.084.rcgu.o:
0000000000000000 W __unorddf2

compiler_builtins-89252fb82509c590.compiler_builtins.aefa6519aa039318-cgu.085.rcgu.o:
0000000000000000 W __ctzsi2

compiler_builtins-89252fb82509c590.compiler_builtins.aefa6519aa039318-cgu.086.rcgu.o:
0000000000000000 W fmaf

compiler_builtins-89252fb82509c590.compiler_builtins.aefa6519aa039318-cgu.087.rcgu.o:
0000000000000000 W __udivsi3

compiler_builtins-89252fb82509c590.compiler_builtins.aefa6519aa039318-cgu.088.rcgu.o:
0000000000000000 W __ashrsi3

compiler_builtins-89252fb82509c590.compiler_builtins.aefa6519aa039318-cgu.089.rcgu.o:
0000000000000000 W __multi3

compiler_builtins-89252fb82509c590.compiler_builtins.aefa6519aa039318-cgu.090.rcgu.o:
0000000000000000 W fmin

compiler_builtins-89252fb82509c590.compiler_builtins.aefa6519aa039318-cgu.091.rcgu.o:
0000000000000000 V DW.ref.rust_eh_personality
0000000000000000 W fmodf

compiler_builtins-89252fb82509c590.compiler_builtins.aefa6519aa039318-cgu.092.rcgu.o:
0000000000000000 W cbrtf

compiler_builtins-89252fb82509c590.compiler_builtins.aefa6519aa039318-cgu.093.rcgu.o:
0000000000000000 W __umodsi3

compiler_builtins-89252fb82509c590.compiler_builtins.aefa6519aa039318-cgu.094.rcgu.o:
0000000000000000 V DW.ref.rust_eh_personality
0000000000000000 W sqrt

compiler_builtins-89252fb82509c590.compiler_builtins.aefa6519aa039318-cgu.095.rcgu.o:
0000000000000000 V DW.ref.rust_eh_personality
0000000000000000 W __modti3

compiler_builtins-89252fb82509c590.compiler_builtins.aefa6519aa039318-cgu.096.rcgu.o:
0000000000000000 W __ashlsi3

compiler_builtins-89252fb82509c590.compiler_builtins.aefa6519aa039318-cgu.097.rcgu.o:
0000000000000000 W __floattisf

compiler_builtins-89252fb82509c590.compiler_builtins.aefa6519aa039318-cgu.098.rcgu.o:
0000000000000000 W __clzdi2

compiler_builtins-89252fb82509c590.compiler_builtins.aefa6519aa039318-cgu.099.rcgu.o:
0000000000000000 W __ledf2

compiler_builtins-89252fb82509c590.compiler_builtins.aefa6519aa039318-cgu.100.rcgu.o:
0000000000000000 W __powisf2

compiler_builtins-89252fb82509c590.compiler_builtins.aefa6519aa039318-cgu.101.rcgu.o:
0000000000000000 W __rust_u128_subo

compiler_builtins-89252fb82509c590.compiler_builtins.aefa6519aa039318-cgu.102.rcgu.o:
0000000000000000 W roundf

compiler_builtins-89252fb82509c590.compiler_builtins.aefa6519aa039318-cgu.103.rcgu.o:
0000000000000000 W __clzti2

compiler_builtins-89252fb82509c590.compiler_builtins.aefa6519aa039318-cgu.104.rcgu.o:
0000000000000000 W __floatundidf

compiler_builtins-89252fb82509c590.compiler_builtins.aefa6519aa039318-cgu.105.rcgu.o:
0000000000000000 W __fixdfti

compiler_builtins-89252fb82509c590.compiler_builtins.aefa6519aa039318-cgu.106.rcgu.o:
0000000000000000 W fminimum

compiler_builtins-89252fb82509c590.compiler_builtins.aefa6519aa039318-cgu.107.rcgu.o:
0000000000000000 W __ltdf2

compiler_builtins-89252fb82509c590.compiler_builtins.aefa6519aa039318-cgu.108.rcgu.o:
0000000000000000 W fminimumf

compiler_builtins-89252fb82509c590.compiler_builtins.aefa6519aa039318-cgu.109.rcgu.o:
0000000000000000 W __ashldi3

compiler_builtins-89252fb82509c590.compiler_builtins.aefa6519aa039318-cgu.110.rcgu.o:
0000000000000000 W __divdf3

compiler_builtins-89252fb82509c590.compiler_builtins.aefa6519aa039318-cgu.111.rcgu.o:
0000000000000000 W __ltsf2

compiler_builtins-89252fb82509c590.compiler_builtins.aefa6519aa039318-cgu.112.rcgu.o:
0000000000000000 W __fixunsdfti

compiler_builtins-89252fb82509c590.compiler_builtins.aefa6519aa039318-cgu.113.rcgu.o:
0000000000000000 W __rust_i128_sub

compiler_builtins-89252fb82509c590.compiler_builtins.aefa6519aa039318-cgu.114.rcgu.o:
0000000000000000 W __floatuntidf

compiler_builtins-89252fb82509c590.compiler_builtins.aefa6519aa039318-cgu.115.rcgu.o:
0000000000000000 W fmax

compiler_builtins-89252fb82509c590.compiler_builtins.aefa6519aa039318-cgu.116.rcgu.o:
0000000000000000 V DW.ref.rust_eh_personality
0000000000000000 W __addhf3

compiler_builtins-89252fb82509c590.compiler_builtins.aefa6519aa039318-cgu.117.rcgu.o:
0000000000000000 W ceil

compiler_builtins-89252fb82509c590.compiler_builtins.aefa6519aa039318-cgu.118.rcgu.o:
0000000000000000 W __rust_u128_sub

compiler_builtins-89252fb82509c590.compiler_builtins.aefa6519aa039318-cgu.119.rcgu.o:
0000000000000000 W __ctzdi2

compiler_builtins-89252fb82509c590.compiler_builtins.aefa6519aa039318-cgu.120.rcgu.o:
0000000000000000 W __floatsisf

compiler_builtins-89252fb82509c590.compiler_builtins.aefa6519aa039318-cgu.121.rcgu.o:
0000000000000000 W __gtdf2

compiler_builtins-89252fb82509c590.compiler_builtins.aefa6519aa039318-cgu.122.rcgu.o:
0000000000000000 W __gesf2

compiler_builtins-89252fb82509c590.compiler_builtins.aefa6519aa039318-cgu.123.rcgu.o:
0000000000000000 W __extendhfdf2

compiler_builtins-89252fb82509c590.compiler_builtins.aefa6519aa039318-cgu.124.rcgu.o:
0000000000000000 W __fixunssfdi

compiler_builtins-89252fb82509c590.compiler_builtins.aefa6519aa039318-cgu.125.rcgu.o:
0000000000000000 W __nedf2

compiler_builtins-89252fb82509c590.compiler_builtins.aefa6519aa039318-cgu.126.rcgu.o:
0000000000000000 V DW.ref.rust_eh_personality
0000000000000000 W fmod

compiler_builtins-89252fb82509c590.compiler_builtins.aefa6519aa039318-cgu.127.rcgu.o:
0000000000000000 W __lesf2

compiler_builtins-89252fb82509c590.compiler_builtins.aefa6519aa039318-cgu.128.rcgu.o:
0000000000000000 W __rust_u128_add

compiler_builtins-89252fb82509c590.compiler_builtins.aefa6519aa039318-cgu.129.rcgu.o:
0000000000000000 W __addsf3

compiler_builtins-89252fb82509c590.compiler_builtins.aefa6519aa039318-cgu.130.rcgu.o:
0000000000000000 W __rust_i128_mulo

compiler_builtins-89252fb82509c590.compiler_builtins.aefa6519aa039318-cgu.131.rcgu.o:
0000000000000000 W __fixdfdi

compiler_builtins-89252fb82509c590.compiler_builtins.aefa6519aa039318-cgu.132.rcgu.o:
0000000000000000 W fmaxf

compiler_builtins-89252fb82509c590.compiler_builtins.aefa6519aa039318-cgu.133.rcgu.o:
0000000000000000 W fmaximumf

compiler_builtins-89252fb82509c590.compiler_builtins.aefa6519aa039318-cgu.134.rcgu.o:
0000000000000000 W __ashrti3

compiler_builtins-89252fb82509c590.compiler_builtins.aefa6519aa039318-cgu.135.rcgu.o:
0000000000000000 W __floatundisf

compiler_builtins-89252fb82509c590.compiler_builtins.aefa6519aa039318-cgu.136.rcgu.o:
0000000000000000 W fmaximum_num

compiler_builtins-89252fb82509c590.compiler_builtins.aefa6519aa039318-cgu.137.rcgu.o:
0000000000000000 W roundevenf

compiler_builtins-89252fb82509c590.compiler_builtins.aefa6519aa039318-cgu.138.rcgu.o:
0000000000000000 W __adddf3

compiler_builtins-89252fb82509c590.compiler_builtins.aefa6519aa039318-cgu.139.rcgu.o:
0000000000000000 W __extendsfdf2

compiler_builtins-89252fb82509c590.compiler_builtins.aefa6519aa039318-cgu.140.rcgu.o:
0000000000000000 W __truncdfhf2

compiler_builtins-89252fb82509c590.compiler_builtins.aefa6519aa039318-cgu.141.rcgu.o:
0000000000000000 W __floatuntisf

compiler_builtins-89252fb82509c590.compiler_builtins.aefa6519aa039318-cgu.142.rcgu.o:
0000000000000000 W __truncdfsf2

compiler_builtins-89252fb82509c590.compiler_builtins.aefa6519aa039318-cgu.143.rcgu.o:
0000000000000000 W floor

compiler_builtins-89252fb82509c590.compiler_builtins.aefa6519aa039318-cgu.144.rcgu.o:
0000000000000000 V DW.ref.rust_eh_personality
0000000000000000 W sqrtf

compiler_builtins-89252fb82509c590.compiler_builtins.aefa6519aa039318-cgu.145.rcgu.o:
0000000000000000 W round

compiler_builtins-89252fb82509c590.compiler_builtins.aefa6519aa039318-cgu.146.rcgu.o:
0000000000000000 W __rust_i128_subo

compiler_builtins-89252fb82509c590.compiler_builtins.aefa6519aa039318-cgu.147.rcgu.o:
0000000000000000 W __udivmodsi4

compiler_builtins-89252fb82509c590.compiler_builtins.aefa6519aa039318-cgu.148.rcgu.o:
0000000000000000 V DW.ref.rust_eh_personality
0000000000000000 W __udivmodti4

compiler_builtins-89252fb82509c590.compiler_builtins.aefa6519aa039318-cgu.149.rcgu.o:
0000000000000000 W __mulosi4

compiler_builtins-89252fb82509c590.compiler_builtins.aefa6519aa039318-cgu.150.rcgu.o:
0000000000000000 W __gnu_h2f_ieee

compiler_builtins-89252fb82509c590.compiler_builtins.aefa6519aa039318-cgu.151.rcgu.o:
0000000000000000 V DW.ref.rust_eh_personality
0000000000000000 W fma

compiler_builtins-89252fb82509c590.compiler_builtins.aefa6519aa039318-cgu.152.rcgu.o:
0000000000000000 W fminf

compiler_builtins-89252fb82509c590.compiler_builtins.aefa6519aa039318-cgu.153.rcgu.o:
0000000000000000 W __bswapsi2

compiler_builtins-89252fb82509c590.compiler_builtins.aefa6519aa039318-cgu.154.rcgu.o:
0000000000000000 W __rust_i128_addo

compiler_builtins-89252fb82509c590.compiler_builtins.aefa6519aa039318-cgu.155.rcgu.o:
0000000000000000 W __mulodi4

compiler_builtins-89252fb82509c590.compiler_builtins.aefa6519aa039318-cgu.156.rcgu.o:
0000000000000000 W __muldf3

compiler_builtins-89252fb82509c590.compiler_builtins.aefa6519aa039318-cgu.157.rcgu.o:
0000000000000000 W __eqsf2

compiler_builtins-89252fb82509c590.compiler_builtins.aefa6519aa039318-cgu.158.rcgu.o:
0000000000000000 W __lshrdi3

compiler_builtins-89252fb82509c590.compiler_builtins.aefa6519aa039318-cgu.159.rcgu.o:
0000000000000000 W __fixunssfsi

compiler_builtins-89252fb82509c590.compiler_builtins.aefa6519aa039318-cgu.160.rcgu.o:
0000000000000000 W __eqdf2

compiler_builtins-89252fb82509c590.compiler_builtins.aefa6519aa039318-cgu.161.rcgu.o:
0000000000000000 W __bswapdi2

compiler_builtins-89252fb82509c590.compiler_builtins.aefa6519aa039318-cgu.162.rcgu.o:
0000000000000000 W fmaximum_numf

compiler_builtins-89252fb82509c590.compiler_builtins.aefa6519aa039318-cgu.163.rcgu.o:
0000000000000000 W __gnu_f2h_ieee

compiler_builtins-89252fb82509c590.compiler_builtins.aefa6519aa039318-cgu.164.rcgu.o:
0000000000000000 W __bswapti2

compiler_builtins-89252fb82509c590.compiler_builtins.aefa6519aa039318-cgu.165.rcgu.o:
0000000000000000 W __floattidf

compiler_builtins-89252fb82509c590.compiler_builtins.aefa6519aa039318-cgu.166.rcgu.o:
0000000000000000 W __modsi3

compiler_builtins-89252fb82509c590.compiler_builtins.aefa6519aa039318-cgu.167.rcgu.o:
0000000000000000 W __fixunsdfsi

compiler_builtins-89252fb82509c590.compiler_builtins.aefa6519aa039318-cgu.168.rcgu.o:
0000000000000000 W __unordsf2

compiler_builtins-89252fb82509c590.compiler_builtins.aefa6519aa039318-cgu.169.rcgu.o:
0000000000000000 W __divmoddi4

compiler_builtins-89252fb82509c590.compiler_builtins.aefa6519aa039318-cgu.170.rcgu.o:
0000000000000000 V DW.ref.rust_eh_personality
0000000000000000 W __mulhf3

compiler_builtins-89252fb82509c590.compiler_builtins.aefa6519aa039318-cgu.171.rcgu.o:
0000000000000000 V DW.ref.rust_eh_personality
0000000000000000 W __divti3

compiler_builtins-89252fb82509c590.compiler_builtins.aefa6519aa039318-cgu.172.rcgu.o:
0000000000000000 W __ashrdi3

compiler_builtins-89252fb82509c590.compiler_builtins.aefa6519aa039318-cgu.173.rcgu.o:
0000000000000000 W __floatsidf

compiler_builtins-89252fb82509c590.compiler_builtins.aefa6519aa039318-cgu.174.rcgu.o:
0000000000000000 W __mulsf3

compiler_builtins-89252fb82509c590.compiler_builtins.aefa6519aa039318-cgu.175.rcgu.o:
0000000000000000 W __fixdfsi

compiler_builtins-89252fb82509c590.compiler_builtins.aefa6519aa039318-cgu.176.rcgu.o:
0000000000000000 W __fixsfti

compiler_builtins-89252fb82509c590.compiler_builtins.aefa6519aa039318-cgu.177.rcgu.o:
0000000000000000 W __rust_i128_add

compiler_builtins-89252fb82509c590.compiler_builtins.aefa6519aa039318-cgu.178.rcgu.o:
0000000000000000 W __fixunssfti

compiler_builtins-89252fb82509c590.compiler_builtins.aefa6519aa039318-cgu.179.rcgu.o:
0000000000000000 W rintf

compiler_builtins-89252fb82509c590.compiler_builtins.aefa6519aa039318-cgu.180.rcgu.o:
0000000000000000 W __floatdisf

compiler_builtins-89252fb82509c590.compiler_builtins.aefa6519aa039318-cgu.181.rcgu.o:
0000000000000000 W roundeven

compiler_builtins-89252fb82509c590.compiler_builtins.aefa6519aa039318-cgu.182.rcgu.o:
0000000000000000 W __fixsfdi

compiler_builtins-89252fb82509c590.compiler_builtins.aefa6519aa039318-cgu.183.rcgu.o:
0000000000000000 W __floatunsisf

compiler_builtins-89252fb82509c590.compiler_builtins.aefa6519aa039318-cgu.184.rcgu.o:
0000000000000000 W copysignf

compiler_builtins-89252fb82509c590.compiler_builtins.aefa6519aa039318-cgu.185.rcgu.o:
0000000000000000 V DW.ref.rust_eh_personality
0000000000000000 W __umodti3

compiler_builtins-89252fb82509c590.compiler_builtins.aefa6519aa039318-cgu.186.rcgu.o:
0000000000000000 W __extendhfsf2

compiler_builtins-89252fb82509c590.compiler_builtins.aefa6519aa039318-cgu.187.rcgu.o:
0000000000000000 W __rust_u128_mulo

compiler_builtins-89252fb82509c590.compiler_builtins.aefa6519aa039318-cgu.188.rcgu.o:
0000000000000000 W __udivdi3

compiler_builtins-89252fb82509c590.compiler_builtins.aefa6519aa039318-cgu.189.rcgu.o:
0000000000000000 W copysign

compiler_builtins-89252fb82509c590.compiler_builtins.aefa6519aa039318-cgu.190.rcgu.o:
0000000000000000 W __lshrti3

compiler_builtins-89252fb82509c590.compiler_builtins.aefa6519aa039318-cgu.191.rcgu.o:
0000000000000000 W __clzsi2

compiler_builtins-89252fb82509c590.compiler_builtins.aefa6519aa039318-cgu.192.rcgu.o:
0000000000000000 W fminimum_numf

compiler_builtins-89252fb82509c590.compiler_builtins.aefa6519aa039318-cgu.193.rcgu.o:
0000000000000000 W __moddi3

compiler_builtins-89252fb82509c590.compiler_builtins.aefa6519aa039318-cgu.194.rcgu.o:
0000000000000000 W __nesf2

compiler_builtins-89252fb82509c590.compiler_builtins.aefa6519aa039318-cgu.195.rcgu.o:
0000000000000000 W __udivmoddi4

compiler_builtins-89252fb82509c590.compiler_builtins.aefa6519aa039318-cgu.196.rcgu.o:
0000000000000000 W truncf

compiler_builtins-89252fb82509c590.compiler_builtins.aefa6519aa039318-cgu.197.rcgu.o:
0000000000000000 W fminimum_num

compiler_builtins-89252fb82509c590.compiler_builtins.aefa6519aa039318-cgu.198.rcgu.o:
0000000000000000 W __divsi3

compiler_builtins-89252fb82509c590.compiler_builtins.aefa6519aa039318-cgu.199.rcgu.o:
0000000000000000 W floorf

compiler_builtins-89252fb82509c590.compiler_builtins.aefa6519aa039318-cgu.200.rcgu.o:
0000000000000000 W fmaximum

compiler_builtins-89252fb82509c590.compiler_builtins.aefa6519aa039318-cgu.201.rcgu.o:
0000000000000000 W __gtsf2

compiler_builtins-89252fb82509c590.compiler_builtins.aefa6519aa039318-cgu.202.rcgu.o:
0000000000000000 W trunc

compiler_builtins-89252fb82509c590.compiler_builtins.aefa6519aa039318-cgu.203.rcgu.o:
0000000000000000 W __truncsfhf2

compiler_builtins-89252fb82509c590.compiler_builtins.aefa6519aa039318-cgu.204.rcgu.o:
0000000000000000 W __subdf3

compiler_builtins-89252fb82509c590.compiler_builtins.aefa6519aa039318-cgu.205.rcgu.o:
0000000000000000 W __divsf3

compiler_builtins-89252fb82509c590.compiler_builtins.aefa6519aa039318-cgu.206.rcgu.o:
0000000000000000 W __ctzti2

compiler_builtins-89252fb82509c590.compiler_builtins.aefa6519aa039318-cgu.207.rcgu.o:
0000000000000000 W __fixsfsi

compiler_builtins-89252fb82509c590.compiler_builtins.aefa6519aa039318-cgu.208.rcgu.o:
0000000000000000 W __subsf3

compiler_builtins-89252fb82509c590.compiler_builtins.aefa6519aa039318-cgu.209.rcgu.o:
0000000000000000 W __floatdidf

compiler_builtins-89252fb82509c590.compiler_builtins.aefa6519aa039318-cgu.210.rcgu.o:
0000000000000000 W __rust_u128_addo

compiler_builtins-89252fb82509c590.compiler_builtins.aefa6519aa039318-cgu.211.rcgu.o:
0000000000000000 V DW.ref.rust_eh_personality
0000000000000000 W __udivti3

compiler_builtins-89252fb82509c590.compiler_builtins.aefa6519aa039318-cgu.212.rcgu.o:
0000000000000000 W __divmodsi4

compiler_builtins-89252fb82509c590.compiler_builtins.aefa6519aa039318-cgu.213.rcgu.o:
0000000000000000 W __ashlti3

compiler_builtins-89252fb82509c590.compiler_builtins.aefa6519aa039318-cgu.214.rcgu.o:
0000000000000000 W rint

compiler_builtins-89252fb82509c590.compiler_builtins.aefa6519aa039318-cgu.215.rcgu.o:
0000000000000000 T _RNvXs2_NtNtNtNtNtCsf1p4jr4DPbU_17compiler_builtins4math9libm_math7support9hex_float7hex_fmtbNtB5_10DisplayHex3fmt

compiler_builtins-89252fb82509c590.compiler_builtins.aefa6519aa039318-cgu.216.rcgu.o:
0000000000000000 R _RNvNtNtNtNtCsf1p4jr4DPbU_17compiler_builtins4math9libm_math7generic4sqrt9RSQRT_TAB

compiler_builtins-89252fb82509c590.compiler_builtins.aefa6519aa039318-cgu.217.rcgu.o:

compiler_builtins-89252fb82509c590.compiler_builtins.aefa6519aa039318-cgu.218.rcgu.o:

compiler_builtins-89252fb82509c590.compiler_builtins.aefa6519aa039318-cgu.219.rcgu.o:

45c91108d938afe8-absvdi2.o:
0000000000000000 T __absvdi2

45c91108d938afe8-absvsi2.o:
0000000000000000 T __absvsi2

45c91108d938afe8-absvti2.o:
0000000000000000 T __absvti2

45c91108d938afe8-addvdi3.o:
0000000000000000 T __addvdi3

45c91108d938afe8-addvsi3.o:
0000000000000000 T __addvsi3

45c91108d938afe8-addvti3.o:
0000000000000000 T __addvti3

45c91108d938afe8-cmpdi2.o:
0000000000000000 T __cmpdi2

45c91108d938afe8-cmpti2.o:
0000000000000000 T __cmpti2

45c91108d938afe8-divdc3.o:
0000000000000000 T __divdc3

45c91108d938afe8-divsc3.o:
0000000000000000 T __divsc3

45c91108d938afe8-ffsti2.o:
0000000000000000 T __ffsti2

45c91108d938afe8-int_util.o:
0000000000000000 W __compilerrt_abort_impl

45c91108d938afe8-muldc3.o:
0000000000000000 T __muldc3

45c91108d938afe8-mulsc3.o:
0000000000000000 T __mulsc3

45c91108d938afe8-mulvdi3.o:
0000000000000000 T __mulvdi3

45c91108d938afe8-mulvsi3.o:
0000000000000000 T __mulvsi3

45c91108d938afe8-mulvti3.o:
0000000000000000 T __mulvti3

45c91108d938afe8-negdf2.o:
0000000000000000 T __negdf2

45c91108d938afe8-negdi2.o:
0000000000000000 T __negdi2

45c91108d938afe8-negsf2.o:
0000000000000000 T __negsf2

45c91108d938afe8-negti2.o:
0000000000000000 T __negti2

45c91108d938afe8-negvdi2.o:
0000000000000000 T __negvdi2

45c91108d938afe8-negvsi2.o:
0000000000000000 T __negvsi2

45c91108d938afe8-negvti2.o:
0000000000000000 T __negvti2

45c91108d938afe8-paritydi2.o:
0000000000000000 T __paritydi2

45c91108d938afe8-paritysi2.o:
0000000000000000 T __paritysi2

45c91108d938afe8-parityti2.o:
0000000000000000 T __parityti2

45c91108d938afe8-popcountdi2.o:
0000000000000000 T __popcountdi2

45c91108d938afe8-popcountsi2.o:
0000000000000000 T __popcountsi2

45c91108d938afe8-popcountti2.o:
0000000000000000 T __popcountti2

45c91108d938afe8-subvdi3.o:
0000000000000000 T __subvdi3

45c91108d938afe8-subvsi3.o:
0000000000000000 T __subvsi3

45c91108d938afe8-subvti3.o:
0000000000000000 T __subvti3

45c91108d938afe8-ucmpdi2.o:
0000000000000000 T __ucmpdi2

45c91108d938afe8-ucmpti2.o:
0000000000000000 T __ucmpti2
